subscriber_type,xBillId_pk,xSubscriptionId_fk,xStartReadId_fk,xEndReadId_fk,xSubscriptionLogId_fk,xTariffValueId_fk,xBillStartDate,xBillEndDate,xBillDayNum,xBillIdentity,xPayIdentity,xPrintNum,xBillTypeId_fk,xIsDuration,xDuration,xBillChangingReasonId_fk,xDistributionDate,xMinusUnit,xPaymentSpaceDate,xBillRescissionDate,xBillRescissionTime,xReadPower,xLowKw,xMeduimKw,xHighKw,xReactiveLowKw,xReactiveMeduimKw,xReactiveHighKw,xFridayLowKw,xFridayMeduimKw,xFridayHighKw,xLowValue,xMeduimValue,xHighValue,xReactiveLowValue,xReactiveMeduimValue,xReactiveHighValue,xFridayLowValue,xFridayMeduimValue,xFridayHighValue,xMaintainValue,xFixValue,x44Value,xSeasonValue,xDebitValue,xMinusValue,xTollValue,xSurplusValue,xDurationValue,xEmissionDate,xEmissionTime,xBillLastUpdaterId_fk,xBillStartDateInt,xBillEndDateInt,xEmissionDateInt,xBillRescissionDateInt,xDiscountValue,xHighPenaltyValue,xMeduimDiscountValue,xLowDiscountValue,xYaranehPrevUsageValue,xYaranehNextUsageValue,xInsuranceValue,xEnergyTollValue,xSeasonDayNum,xHotDayNum,xCalcPower,xPowerCoef,xCalcCoef,xTropicalCoef,xFreeValue,xBillTypeName,xBillTypeCode,xBillChangingReasonName,xBillChangingReasonCode,xTariffCode,xTariffOldCode,xTariffId_pk,xTariffName,xPresureGroupId_fk,xPressureGroupCode,xPressureGroupName,xUsageSubGroupId_fk,xUsageGroupCode,xUsageGroupName,xUsageSubGroupCode,xUsageSubGroupName,xReadTypeName,lastInsertTime,lastUpdateTime
NON_FAHAM,226631983,115298,184592704,188313355,1132215,,1405/01/26,1405/05/30,128,7011529802223,403950329,0,5,1,1405031,,,,1405/06/05,,,0.0,0,768,0,0,0,0,0,0,0,0,1573977,0,0,0,0,0,0,0,70218,0,0,0,1155709,143,170005,0,2883434,1405/05/31,12:46:28,462435,14050126,14050530,14050531,,0,0,0,0,0,,25600,162983,0,0,0.0,1.0,0.0,1.0,0,علی الحساب,4,,,1004101,1010,72,خانگی معمولی,14,4,ضعيف باديماندزير سي كيلووات,28,1,خانگي,00,خانگی معمولی,قرائت مامور,2026-08-23 02:55:33,
NON_FAHAM,224536254,128436,184288973,186236302,1177241,,1405/01/19,1405/03/12,55,7012843602227,763150278,0,1,1,1405021,5,,,1405/03/24,1405/03/20,14:32:26,0.0,0,464,0,0,0,0,0,0,0,0,4964512,0,0,0,0,0,0,0,29797,0,0,0,501,546,628085,0,7631045,1405/03/19,11:41:47,462249,14050119,14050312,14050319,14050320,0,0,0,0,0,,97000,625106,0,0,0.0,1.0,0.0,1.0,0,قطعی ,1,تغییر در ایین نامه ها و دستورالعمل ها,05,5014101,5110,99,سایر موارد1 -کمتر از سی کیلو وات,14,4,ضعيف باديماندزير سي كيلووات,22,5,ساير مصارف,01,سایرمصارف 1,قرائت مامور,2026-06-10 20:21:40,2026-06-11 02:38:07
NON_FAHAM,224684600,128436,184288973,186236302,1177241,,1405/01/19,1405/03/12,55,7012843602227,737050290,0,1,1,1405021,,,,1405/03/24,,,0.0,0,464,0,0,0,0,0,0,0,0,4746738,0,0,0,0,0,0,0,29797,0,0,0,501,217,606308,0,7369716,1405/03/20,14:32:26,3,14050119,14050312,14050320,,0,0,0,0,0,,97000,603328,0,0,0.0,1.0,0.0,1.0,0,قطعی ,1,,,5014101,5110,99,سایر موارد1 -کمتر از سی کیلو وات,14,4,ضعيف باديماندزير سي كيلووات,22,5,ساير مصارف,01,سایرمصارف 1,قرائت مامور,2026-06-11 02:22:47,
NON_FAHAM,226375895,128436,186236302,188053280,1177241,,1405/03/12,1405/05/17,67,7012843602227,1854050363,0,1,1,1405031,,,,1405/05/29,,,0.0,0,584,0,0,0,0,0,0,0,0,6601350,0,0,0,0,0,0,0,36868,0,0,942790,7370217,867,920028,0,11170650,1405/05/24,13:36:58,462249,14050312,14050517,14050524,,0,0,0,0,0,,134000,916341,47,0,0.0,1.0,0.0,1.0,0,قطعی ,1,,,5014101,5110,99,سایر موارد1 -کمتر از سی کیلو وات,14,4,ضعيف باديماندزير سي كيلووات,22,5,ساير مصارف,01,سایرمصارف 1,قرائت مامور,2026-08-16 03:41:17,
NON_FAHAM,224827189,151094,184732654,186521949,8315019,,1405/01/28,1405/03/25,59,7015109402225,,0,1,1,1405021,5,,,1405/04/01,1405/06/04,17:17:17,0.0,0,240,0,0,0,0,0,0,0,0,469124,0,0,0,0,0,0,0,32322,0,0,0,-957998,0,0,0,11401,1405/03/27,13:11:17,462249,14050128,14050325,14050327,14050604,518900,0,0,0,0,,11400,0,0,0,0.0,1.0,0.0,1.0,0,قطعی ,1,تغییر در ایین نامه ها و دستورالعمل ها,05,1004101,1010,72,خانگی معمولی,14,4,ضعيف باديماندزير سي كيلووات,28,1,خانگي,00,خانگی معمولی,قرائت مامور,2026-06-18 03:14:36,2026-08-27 11:38:20
NON_FAHAM,226800713,151094,184732654,186521949,8315019,,1405/01/28,1405/03/25,59,7015109402225,,0,1,1,1405021,,,,1405/04/01,,,0.0,0,240,0,0,0,0,0,0,0,0,469124,0,0,0,0,0,0,0,32322,0,0,0,-957998,0,0,0,11801,1405/06/04,17:17:17,3,14050128,14050325,14050604,,518900,0,0,0,0,,11800,0,0,0,0.0,1.0,0.0,1.0,0,قطعی ,1,,,1004101,1010,72,خانگی معمولی,14,4,ضعيف باديماندزير سي كيلووات,28,1,خانگي,00,خانگی معمولی,قرائت مامور,2026-08-27 05:56:48,
NON_FAHAM,226630514,151094,186521949,188311886,8315019,,1405/03/25,1405/05/29,66,7015109402225,,0,1,1,1405031,5,,,1405/06/05,1405/06/04,17:17:18,0.0,0,403,0,0,0,0,0,0,0,0,838182,0,0,0,0,0,0,0,36318,0,0,0,-946597,0,0,0,13200,1405/05/31,12:45:31,462435,14050325,14050529,14050531,14050604,903809,0,0,0,0,,13200,0,0,0,0.0,1.0,0.0,1.0,0,قطعی ,1,تغییر در ایین نامه ها و دستورالعمل ها,05,1004101,1010,72,خانگی معمولی,14,4,ضعيف باديماندزير سي كيلووات,28,1,خانگي,00,خانگی معمولی,قرائت مامور,2026-08-23 02:55:20,2026-08-27 20:36:18
NON_FAHAM,226800718,151094,186521949,188311886,8315019,,1405/03/25,1405/05/29,66,7015109402225,,0,1,1,1405031,,,,1405/06/05,,,0.0,0,403,0,0,0,0,0,0,0,0,838182,0,0,0,0,0,0,0,36318,0,0,0,-946597,0,0,0,13200,1405/06/04,17:17:18,3,14050325,14050529,14050604,,903809,0,0,0,0,,13200,0,0,0,0.0,1.0,0.0,1.0,0,قطعی ,1,,,1004101,1010,72,خانگی معمولی,14,4,ضعيف باديماندزير سي كيلووات,28,1,خانگي,00,خانگی معمولی,قرائت مامور,2026-08-27 06:13:22,
NON_FAHAM,225732195,160725,185451722,187400326,1242979,,1405/02/23,1405/04/25,64,7016072502220,48250208,0,1,1,1405021,,,,1405/05/04,,,0.0,1,5,1,0,0,0,0,0,0,0,13545,0,0,0,0,0,0,0,35217,0,0,0,382,344,5024,0,481962,1405/04/30,13:46:06,462249,14050223,14050425,14050430,,0,1935,0,968,0,,12800,1502,0,0,0.0,1.0,0.0,1.0,0,قطعی ,1,,,1004103,1010,245,خانگی معمولی-سه زمانه,14,4,ضعيف باديماندزير سي كيلووات,28,1,خانگي,00,خانگی معمولی,قرائت مامور,2026-07-22 02:47:52,
NON_FAHAM,228995260,160725,187400326,189305794,1242979,,1405/04/25,1405/06/28,65,7016072502220,52650377,0,1,1,1405031,,,,1405/07/04,,,0.0,3,11,4,0,0,0,0,0,0,0,34830,0,0,0,0,0,0,0,35767,0,0,0,12552,464,7674,0,513912,1405/06/30,12:21:26,462435,14050425,14050628,14050630,,0,7740,0,2904,0,,13000,4098,0,0,0.0,1.0,0.0,1.0,0,قطعی ,1,,,1004103,1010,245,خانگی معمولی-سه زمانه,14,4,ضعيف باديماندزير سي كيلووات,28,1,خانگي,00,خانگی معمولی,قرائت مامور,2026-09-22 02:44:42,
NON_FAHAM,226008934,185499,185843627,187680899,1280666,,1405/03/02,1405/05/04,64,7018549902229,219250391,0,1,1,1405031,,,,1405/05/11,,,0.0,134,265,114,0,0,0,0,0,0,0,1311334,0,0,0,0,0,0,0,35217,0,0,0,819,181,147474,0,2191362,1405/05/06,13:41:58,462249,14050302,14050504,14050506,,0,220590,0,129712,0,,12800,143952,0,0,0.0,1.0,0.0,1.0,0,قطعی ,1,,,1004103,1010,245,خانگی معمولی-سه زمانه,14,4,ضعيف باديماندزير سي كيلووات,28,1,خانگي,00,خانگی معمولی,قرائت مامور,2026-07-29 03:03:04,
FAHAM,224437342,187919,184996086,186135234,7528744,,1405/02/01,1405/03/01,31,7018791902225,52750241,0,1,1,1405021,,,,1405/03/19,,,8.169,45,244,77,0,148,0,0,0,0,17910,194224,122584,0,0,0,0,0,0,17058,0,0,0,47089,934,24960,0,480845,1405/03/13,17:32:27,461969,14050201,14050301,14050313,,0,0,0,0,0,,0,39893,0,0,8.169,0.927073,0.0,1.0,0,قطعی ,1,,,3014103,3110,309,کشاورزی1 - کمتر از سی کیلووات-سه زمانه,14,4,ضعيف باديماندزير سي كيلووات,11,3,كشاورزي,01,کشاورزی 1,قرائت مامور,2026-06-04 02:23:31,
FAHAM,225203244,187919,186135234,186906385,7528744,,1405/03/01,1405/04/01,31,7018791902225,47950321,0,1,1,1405031,,,,1405/04/16,,,6.176,45,304,43,0,183,0,0,0,0,17910,241984,68456,0,0,0,0,0,0,17058,0,0,0,934,684,24851,0,478750,1405/04/11,12:08:25,461969,14050301,14050401,14050411,,0,0,0,0,0,,0,39713,0,0,6.176,0.906124,0.00427747,1.0,0,قطعی ,1,,,3014103,3110,309,کشاورزی1 - کمتر از سی کیلووات-سه زمانه,14,4,ضعيف باديماندزير سي كيلووات,11,3,كشاورزي,01,کشاورزی 1,قرائت مامور,2026-07-03 09:31:48,
FAHAM,226097312,187919,186906385,187770464,7528744,,1405/04/01,1405/05/01,31,7018791902225,89850491,0,1,1,1405041,,,,1405/05/17,,,5.643,51,246,37,0,178,0,0,0,0,20298,195816,58904,0,0,0,0,0,0,17058,0,0,0,479684,792,35068,0,419108,1405/05/11,12:14:31,461969,14050401,14050501,14050511,,0,0,0,0,0,,0,33362,0,0,5.643,0.882499,0.0311624,1.0,0,قطعی ,1,,,3014103,3110,309,کشاورزی1 - کمتر از سی کیلووات-سه زمانه,14,4,ضعيف باديماندزير سي كيلووات,11,3,كشاورزي,01,کشاورزی 1,قرائت مامور,2026-08-03 02:26:39,
FAHAM,227584296,187919,187770464,188737327,7528744,,1405/05/01,1405/06/01,31,7018791902225,130350597,0,1,1,1405051,,,,1405/06/17,,,5.124,43,249,31,0,162,0,0,0,0,17114,198204,49352,0,0,0,0,0,0,17058,0,0,0,898792,166,33840,0,404374,1405/06/10,14:19:11,461969,14050501,14050601,14050610,,0,0,0,0,0,,0,32134,0,0,5.124,0.893873,0.0180417,1.0,0,قطعی ,1,,,3014103,3110,309,کشاورزی1 - کمتر از سی کیلووات-سه زمانه,14,4,ضعيف باديماندزير سي كيلووات,11,3,كشاورزي,01,کشاورزی 1,قرائت مامور,2026-09-02 04:04:58,
NON_FAHAM,225548044,194813,185280643,187212375,7981964,,1405/02/16,1405/04/19,65,7019481302224,256150261,0,1,1,1405021,5,,,1405/04/28,1405/06/07,16:46:48,0.0,990,425,212,0,0,0,0,0,0,685964,588959,587573,0,0,0,0,0,0,35767,0,0,0,413,959,232868,0,2561546,1405/04/23,12:06:49,462249,14050216,14050419,14050423,14050607,0,0,0,0,0,,0,0,0,0,0.0,1.0,0.0,1.0,0,قطعی ,1,تغییر در ایین نامه ها و دستورالعمل ها,05,3044103,3410,331,کشاورزی4 - کمتر از سی کیلووات(گزینه1)-سه زمانه,14,4,ضعيف باديماندزير سي كيلووات,14,3,كشاورزي,04,کشاورزی 4,قرائت مامور,2026-07-15 02:47:18,2026-08-30 22:44:53
NON_FAHAM,227323184,194813,185280643,187212375,7981964,,1405/02/16,1405/04/19,65,7019481302224,169050200,0,1,1,1405021,,,,1405/04/28,,,0.0,990,425,212,0,0,0,0,0,0,394020,338300,337504,0,0,0,0,0,0,35767,0,0,0,413,20,153601,0,1689607,1405/06/07,16:46:48,3,14050216,14050419,14050607,,0,0,0,0,0,,0,0,0,0,0.0,1.0,0.0,1.0,0,قطعی ,1,,,3044103,3410,331,کشاورزی4 - کمتر از سی کیلووات(گزینه1)-سه زمانه,14,4,ضعيف باديماندزير سي كيلووات,14,3,كشاورزي,04,کشاورزی 4,قرائت مامور,2026-08-30 03:06:35,
NON_FAHAM,228678277,194813,187212375,189157821,7981964,,1405/04/19,1405/06/22,65,7019481302224,,0,1,1,1405031,,,,1405/06/28,,,0.0,161,246,82,0,0,0,0,0,0,64078,195816,130544,0,0,0,0,0,0,35767,0,0,0,-1043278,0,55557,0,611125,1405/06/23,12:56:18,462249,14050419,14050622,14050623,,0,0,0,0,0,,0,0,0,0,0.0,1.0,0.0,1.0,0,قطعی ,1,,,3044103,3410,331,کشاورزی4 - کمتر از سی کیلووات(گزینه1)-سه زمانه,14,4,ضعيف باديماندزير سي كيلووات,14,3,كشاورزي,04,کشاورزی 4,قرائت مامور,2026-09-15 03:32:23,
NON_FAHAM,226284762,197854,185970900,187962089,7567370,,1405/02/29,1405/05/05,69,7019785402225,124050309,0,1,1,1405031,,,,1405/05/29,,,0.0,0,39,19,0,0,0,0,0,0,0,112230,0,0,0,0,0,0,0,37968,0,0,0,176085,301,19118,0,1064216,1405/05/24,12:00:46,462249,14050229,14050505,14050524,,0,36765,0,0,0,,13800,15321,0,0,0.0,1.0,0.0,1.0,0,قطعی ,1,,,1004103,1010,245,خانگی معمولی-سه زمانه,14,4,ضعيف باديماندزير سي كيلووات,28,1,خانگي,00,خانگی معمولی,قرائت مامور,2026-08-16 03:32:21,
NON_FAHAM,224767287,201209,184626672,186461999,9045035,,1405/01/21,1405/03/23,64,7020120902225,294250272,0,1,1,1405021,,,,1405/04/01,,,0.0,0,0,0,0,0,0,0,0,0,0,0,0,0,0,0,0,0,0,34821,0,0,0,2480449,850,3482,0,462401,1405/03/27,11:40:15,462249,14050121,14050323,14050327,,0,0,0,0,0,,11700,0,0,0,0.0,0.0,0.0,1.0,0,قطعی ,1,,,1004103,1010,245,خانگی معمولی-سه زمانه,14,4,ضعيف باديماندزير سي كيلووات,28,1,خانگي,00,خانگی معمولی,قرائت مامور,2026-06-18 03:08:19,
NON_FAHAM,226713988,201209,186461999,188395369,9045035,,1405/03/23,1405/05/25,64,7020120902225,340650396,0,1,1,1405031,,,,1405/06/05,,,0.0,0,0,0,0,0,0,0,0,0,0,0,0,0,0,0,0,0,0,35217,0,0,0,2942850,787,3522,0,463937,1405/05/31,13:30:50,462435,14050323,14050525,14050531,,0,0,0,0,0,,12800,0,0,0,0.0,0.0,0.0,1.0,0,قطعی ,1,,,1004103,1010,245,خانگی معمولی-سه زمانه,14,4,ضعيف باديماندزير سي كيلووات,28,1,خانگي,00,خانگی معمولی,قرائت مامور,2026-08-23 03:04:21,
NON_FAHAM,224842960,207929,184653331,186537740,6146745,,1405/01/29,1405/03/21,54,7020792902223,877950200,0,5,1,1405021,,,,1405/04/01,,,0.0,174,292,133,0,0,0,0,0,0,0,6623625,0,0,0,0,0,0,0,29606,0,0,0,184,920,696650,0,8779736,1405/03/27,13:23:45,462249,14050129,14050321,14050327,,0,691711,0,452477,0,,10500,693689,0,0,0.0,1.0,0.0,1.0,0,علی الحساب,4,,,1004103,1010,245,خانگی معمولی-سه زمانه,14,4,ضعيف باديماندزير سي كيلووات,28,1,خانگي,00,خانگی معمولی,قرائت مامور,2026-06-18 03:16:14,
NON_FAHAM,226610673,207929,184653331,188292031,6146745,,1405/01/29,1405/05/30,125,7020792902223,,0,5,1,1405031,,,,1405/06/05,,,0.0,318,564,231,0,0,0,0,0,0,0,4868877,0,0,0,0,0,0,0,68675,0,0,0,-8778816,0,523156,0,7120795,1405/05/31,12:34:54,462435,14050129,14050530,14050531,,0,648445,0,446452,0,,25000,516288,0,0,0.0,1.0,0.0,1.0,0,علی الحساب,4,,,1004103,1010,245,خانگی معمولی-سه زمانه,14,4,ضعيف باديماندزير سي كيلووات,28,1,خانگي,00,خانگی معمولی,قرائت مامور,2026-08-23 02:53:22,
NON_FAHAM,225526838,223141,185362973,187191454,8046892,,1405/02/15,1405/04/17,64,7022314102222,428550226,0,1,1,1405021,,,,1405/04/28,,,0.0,1,129,65,0,0,0,0,0,0,0,2067975,0,0,0,0,0,0,0,35217,0,0,139361,608,796,346726,0,4285188,1405/04/23,11:49:21,462249,14050215,14050417,14050423,,0,689325,0,5302,0,,128000,343204,16,0,0.0,1.0,0.0,1.0,0,قطعی ,1,,,5014103,5110,371,سایر موارد1 -کمتر از سی کیلو وات-سه زمانه,14,4,ضعيف باديماندزير سي كيلووات,22,5,ساير مصارف,01,سایرمصارف 1,قرائت مامور,2026-07-15 02:45:19,
NON_FAHAM,228696363,223141,187191454,189175911,8046892,,1405/04/17,1405/06/22,67,7022314102222,605450300,0,1,1,1405031,,,,1405/06/28,,,0.0,2,152,83,0,0,0,0,0,0,0,2518811,0,0,0,0,0,0,0,36868,0,0,685058,203315,609,476748,0,5851294,1405/06/23,13:00:42,462249,14050417,14050622,14050623,,0,880215,0,10604,0,,134000,473062,67,0,0.0,1.0,0.0,1.0,0,قطعی ,1,,,5014103,5110,371,سایر موارد1 -کمتر از سی کیلو وات-سه زمانه,14,4,ضعيف باديماندزير سي كيلووات,22,5,ساير مصارف,01,سایرمصارف 1,قرائت مامور,2026-09-15 03:34:55,
NON_FAHAM,226007291,241361,185782675,187679253,8225175,,1405/02/31,1405/05/01,63,7024136102224,852550370,0,1,1,1405031,,,,1405/05/11,,,0.0,204,393,143,0,0,0,0,0,0,0,6430212,0,0,0,0,0,0,0,34667,0,0,0,401,314,675282,0,8524913,1405/05/06,13:40:01,462249,14050231,14050501,14050506,,0,758186,0,540804,0,,12600,671815,0,0,0.0,1.0,0.0,1.0,0,قطعی ,1,,,1004103,1010,245,خانگی معمولی-سه زمانه,14,4,ضعيف باديماندزير سي كيلووات,28,1,خانگي,00,خانگی معمولی,قرائت مامور,2026-07-29 03:02:49,
NON_FAHAM,225222148,244750,185083770,186927343,1353115,,1405/02/09,1405/03/31,53,7024475002220,,0,1,1,1405021,,,,1405/04/21,,,0.0,113,127,66,0,0,0,0,0,0,0,633367,0,0,0,0,0,0,0,29164,0,0,0,-976812,0,0,0,10600,1405/04/16,09:36:45,462249,14050209,14050331,14050416,,703112,127710,0,109384,0,,10600,0,0,0,0.0,1.0,0.0,1.0,0,قطعی ,1,,,1004103,1010,245,خانگی معمولی-سه زمانه,14,4,ضعيف باديماندزير سي كيلووات,28,1,خانگي,00,خانگی معمولی,قرائت مامور,2026-07-08 02:58:34,
NON_FAHAM,228215446,244750,186927343,188901309,1353115,,1405/03/31,1405/06/10,72,7024475002220,,0,1,1,1405031,,,,1405/06/21,,,0.0,167,257,96,0,0,0,0,0,0,0,1198880,0,0,0,0,0,0,0,39619,0,0,0,-962313,0,0,0,14400,1405/06/16,12:25:41,462249,14050331,14050610,14050616,,1300421,185760,0,161656,0,,14400,0,0,0,0.0,1.0,0.0,1.0,0,قطعی ,1,,,1004103,1010,245,خانگی معمولی-سه زمانه,14,4,ضعيف باديماندزير سي كيلووات,28,1,خانگي,00,خانگی معمولی,قرائت مامور,2026-09-08 02:46:54,
NON_FAHAM,225066464,252328,184755004,186767127,1361149,,1405/02/05,1405/04/06,63,7025232802225,142350275,0,1,1,1405021,,,,1405/04/12,,,0.0,104,191,66,0,0,0,0,0,0,0,746704,0,0,0,0,0,0,0,34667,0,0,0,381,509,83466,0,1423128,1405/04/08,13:01:49,462249,14050205,14050406,14050408,,0,127710,0,100672,0,,12600,80000,0,0,0.0,1.0,0.0,1.0,0,قطعی ,1,,,1004103,1010,245,خانگی معمولی-سه زمانه,14,4,ضعيف باديماندزير سي كيلووات,28,1,خانگي,00,خانگی معمولی,قرائت مامور,2026-06-30 02:50:51,
NON_FAHAM,227356132,252328,186767127,188508460,1361149,,1405/04/06,1405/06/02,58,7025232802225,297950376,0,1,1,1405031,,,,1405/06/14,,,0.0,118,203,73,0,0,0,0,0,0,0,845352,0,0,0,0,0,0,0,31915,0,0,0,1439372,722,93295,0,1540350,1405/06/09,13:33:29,462249,14050406,14050602,14050609,,0,141255,0,114224,0,,11600,90104,0,0,0.0,1.0,0.0,1.0,0,قطعی ,1,,,1004103,1010,245,خانگی معمولی-سه زمانه,14,4,ضعيف باديماندزير سي كيلووات,28,1,خانگي,00,خانگی معمولی,قرائت مامور,2026-09-01 03:04:42,
NON_FAHAM,225883115,256246,185755526,187555042,1365331,,1405/02/26,1405/04/29,65,7025624602224,114350337,0,1,1,1405031,,,,1405/05/11,,,0.0,93,169,61,0,0,0,0,0,0,0,527261,0,0,0,0,0,0,0,35767,0,0,0,707,972,60120,0,1143265,1405/05/06,11:49:51,462249,14050226,14050429,14050506,,0,80594,0,61439,0,,13000,56544,0,59,0.0,1.0,0.0,2.0,0,قطعی ,1,,,1004103,1010,245,خانگی معمولی-سه زمانه,14,4,ضعيف باديماندزير سي كيلووات,28,1,خانگي,00,خانگی معمولی,قرائت مامور,2026-07-29 02:48:36,
NON_FAHAM,226379708,413490,186359207,188057093,7035907,,1405/03/17,1405/05/24,69,7041349002225,274550344,0,1,1,1405031,,,,1405/05/29,,,0.0,158,380,98,0,0,0,0,0,0,0,1814958,0,0,0,0,0,0,0,37968,0,0,0,259,701,193587,0,2745442,1405/05/24,13:38:12,462249,14050317,14050524,14050524,,0,189630,0,152944,0,,13800,189790,0,0,0.0,1.0,0.0,1.0,0,قطعی ,1,,,1004103,1010,245,خانگی معمولی-سه زمانه,14,4,ضعيف باديماندزير سي كيلووات,28,1,خانگي,00,خانگی معمولی,قرائت مامور,2026-08-16 03:41:39,
NON_FAHAM,225096712,414859,184783979,186797396,7259935,,1405/02/01,1405/04/06,67,7041485902221,158750205,0,1,1,1405021,,,,1405/04/12,,,0.0,0,432,0,0,0,0,0,0,0,0,902485,0,0,0,0,0,0,0,36868,0,0,0,415,451,97077,0,1587036,1405/04/08,14:36:14,462249,14050201,14050406,14050408,,0,0,0,0,0,,13400,93390,0,0,0.0,1.0,0.0,1.0,0,قطعی ,1,,,1004103,1010,245,خانگی معمولی-سه زمانه,14,4,ضعيف باديماندزير سي كيلووات,28,1,خانگي,00,خانگی معمولی,قرائت مامور,2026-06-30 02:54:23,
NON_FAHAM,227522045,414859,186797396,188674388,7259935,,1405/04/06,1405/06/04,60,7041485902221,601250318,0,1,1,1405031,,,,1405/06/14,,,0.0,0,630,0,0,0,0,0,0,0,0,4573320,0,0,0,0,0,0,0,33016,0,0,0,3551,469,465652,0,6008918,1405/06/09,14:39:46,462249,14050406,14050604,14050609,,0,0,0,0,0,,12000,462350,0,0,0.0,1.0,0.0,1.0,0,قطعی ,1,,,1004103,1010,245,خانگی معمولی-سه زمانه,14,4,ضعيف باديماندزير سي كيلووات,28,1,خانگي,00,خانگی معمولی,قرائت مامور,2026-09-01 04:42:18,
NON_FAHAM,224759396,418431,184549345,186454087,7906177,,1405/01/29,1405/03/25,58,7041843102224,337250279,0,1,1,1405021,,,,1405/04/01,,,0.0,0,594,0,0,0,0,0,0,0,0,2101152,0,0,0,0,426592,0,0,31807,0,0,0,535,79,281227,0,3371544,1405/03/27,11:31:19,462249,14050129,14050325,14050327,,0,0,0,0,0,,0,278046,0,0,0.0,0.0,0.0,1.0,0,قطعی ,1,,,4044111,4410,524,صنعتی 4410 - کمتر از سی کیلو وات,14,4,ضعيف باديماندزير سي كيلووات,18,4,صنعتي,04,صنعت ومعدن 4,قرائت مامور,2026-06-18 03:07:31,
NON_FAHAM,226675188,418431,186454087,188356572,7906177,,1405/03/25,1405/05/26,63,7041843102224,592550375,0,1,1,1405031,,,,1405/06/05,,,0.0,0,1031,0,0,0,0,0,0,0,0,3716755,0,0,0,0,750284,0,0,34667,0,0,0,79,32,494035,0,5924953,1405/05/31,13:14:03,462435,14050325,14050526,14050531,,0,0,0,0,0,,0,490568,0,0,0.0,0.0,0.0,1.0,0,قطعی ,1,,,4044111,4410,524,صنعتی 4410 - کمتر از سی کیلو وات,14,4,ضعيف باديماندزير سي كيلووات,18,4,صنعتي,04,صنعت ومعدن 4,قرائت مامور,2026-08-23 03:00:00,
NON_FAHAM,225270690,636694,185063859,186975916,8894137,,1405/02/08,1405/04/11,65,7063669402225,,0,1,1,1405021,5,,,1405/04/21,1405/06/04,18:27:56,0.0,0,314,0,0,0,0,0,0,0,0,638639,0,0,0,0,0,0,0,35767,0,0,0,-1028538,0,0,0,12999,1405/04/16,10:06:16,462249,14050208,14050411,14050416,14050604,697243,0,0,0,0,,13000,0,0,0,0.0,1.0,0.0,1.0,0,قطعی ,1,تغییر در ایین نامه ها و دستورالعمل ها,05,1004103,1010,245,خانگی معمولی-سه زمانه,14,4,ضعيف باديماندزير سي كيلووات,28,1,خانگي,00,خانگی معمولی,قرائت مامور,2026-07-08 03:04:11,2026-08-27 12:55:59
NON_FAHAM,226831755,636694,185063859,186975916,8894137,,1405/02/08,1405/04/11,65,7063669402225,,0,1,1,1405021,,,,1405/04/21,,,0.0,0,314,0,0,0,0,0,0,0,0,638639,0,0,0,0,0,0,0,35767,0,0,0,-1028538,0,0,0,12999,1405/06/04,18:27:56,3,14050208,14050411,14050604,,697243,0,0,0,0,,13000,0,0,0,0.0,1.0,0.0,1.0,0,قطعی ,1,,,1004103,1010,245,خانگی معمولی-سه زمانه,14,4,ضعيف باديماندزير سي كيلووات,28,1,خانگي,00,خانگی معمولی,قرائت مامور,2026-08-27 05:59:17,
NON_FAHAM,228334998,636694,186975916,189020902,8894137,,1405/04/11,1405/06/15,66,7063669402225,,0,1,1,1405031,,,,1405/06/21,,,0.0,0,417,0,0,0,0,0,0,0,0,869738,0,0,0,0,0,0,0,36318,0,0,0,-1011738,0,0,0,13200,1405/06/16,13:09:55,462249,14050411,14050615,14050616,,936383,0,0,0,0,,13200,0,0,0,0.0,1.0,0.0,1.0,0,قطعی ,1,,,1004103,1010,245,خانگی معمولی-سه زمانه,14,4,ضعيف باديماندزير سي كيلووات,28,1,خانگي,00,خانگی معمولی,قرائت مامور,2026-09-08 02:54:48,
NON_FAHAM,226546528,646434,185994461,188223962,8688675,,1405/03/11,1405/05/22,73,7064643402223,4397250360,0,1,1,1405031,,,,1405/05/29,,,0.0,0,1812,0,0,0,0,0,0,0,0,35857480,0,0,0,0,0,0,0,40169,0,0,0,18,323,3629110,0,43972305,1405/05/24,16:10:20,462435,14050311,14050522,14050524,,0,0,0,0,0,,14600,3625093,0,0,0.0,1.0,0.0,1.0,0,قطعی ,1,,,1004101,1010,72,خانگی معمولی,14,4,ضعيف باديماندزير سي كيلووات,28,1,خانگي,00,خانگی معمولی,قرائت مامور,2026-08-16 03:55:27,
NON_FAHAM,225056515,651101,184914767,186756879,8227807,,1405/02/06,1405/03/27,52,7065110102224,128550285,0,3,1,1405021,,,,1405/04/12,,,0.0,0,0,0,0,0,0,0,0,0,0,0,0,0,0,0,0,0,0,28614,0,0,0,831675,948,2861,0,454273,1405/04/08,08:32:56,462249,14050206,14050327,14050408,,0,0,0,0,0,,10400,0,0,0,0.0,0.0,0.0,1.0,0,قطعی(حداقل),2,,,1004101,1010,72,خانگی معمولی,14,4,ضعيف باديماندزير سي كيلووات,28,1,خانگي,00,خانگی معمولی,قرائت مامور,2026-06-30 02:49:45,
NON_FAHAM,227539812,651101,186756879,188692155,8227807,,1405/03/27,1405/06/03,69,7065110102224,175750314,0,3,1,1405031,,,,1405/06/14,,,0.0,0,0,0,0,0,0,0,0,0,0,0,0,0,0,0,0,0,0,37968,0,0,0,1289746,709,3797,0,467963,1405/06/09,15:13:03,462249,14050327,14050603,14050609,,0,0,0,0,0,,13800,0,0,0,0.0,0.0,0.0,1.0,0,قطعی(حداقل),2,,,1004101,1010,72,خانگی معمولی,14,4,ضعيف باديماندزير سي كيلووات,28,1,خانگي,00,خانگی معمولی,قرائت مامور,2026-09-01 04:49:00,
NON_FAHAM,226114827,693999,187787953,187787954,8134384,,1405/02/07,1405/04/07,62,7069399902229,57750272,0,1,1,1405021,4,,,1405/05/16,1405/06/04,16:46:01,0.0,0,3,0,0,0,0,0,0,0,0,18294,0,0,0,0,0,0,0,34117,0,0,1014,470167,651,9771,0,107484,1405/05/11,14:09:13,461969,14050207,14050407,14050511,14050604,0,0,0,0,0,,0,0,6,0,0.0,1.0,0.0,1.0,0,قطعی ,1,اشتباه شرکت توزیع در ارائه اطلاعات مشترک,04,2034101,2310,85,عمومی3 - کمتر از سی کیلووات,14,4,ضعيف باديماندزير سي كيلووات,6,2,عمومي,03,عمومی 3,قرائت مامور,2026-08-03 02:28:02,2026-08-27 17:22:16
NON_FAHAM,226792525,693999,187787953,187787954,9451653,,1405/02/07,1405/04/07,62,7069399902229,57750272,0,1,1,1405021,,,,1405/05/16,,,0.0,0,3,0,0,0,0,0,0,0,0,18294,0,0,0,0,0,0,0,34117,0,0,1014,470167,651,9771,0,107484,1405/06/04,16:46:01,3,14050207,14050407,14050604,,0,0,0,0,0,,0,0,6,0,0.0,1.0,0.0,1.0,0,قطعی ,1,,,2034133,2330,612,مراکز فرهنگی,14,4,ضعيف باديماندزير سي كيلووات,6,2,عمومي,03,عمومی 3,قرائت مامور,2026-08-27 06:08:25,
NON_FAHAM,225757844,703397,185469437,187425975,1599137,,1405/02/23,1405/04/23,62,7070339702229,23350265,0,3,1,1405021,29,,,1405/05/04,1405/06/29,09:20:28,0.0,0,0,0,0,0,0,0,0,0,0,0,0,0,0,0,0,0,0,34117,0,0,0,-144772,710,2047,0,378482,1405/04/30,14:02:28,462249,14050223,14050423,14050430,14050629,0,0,0,0,0,,12400,0,0,0,0.0,0.0,0.0,1.0,0,قطعی(حداقل),2,اعمال نرخ های جدید,29,1004101,1010,72,خانگی معمولی,14,4,ضعيف باديماندزير سي كيلووات,28,1,خانگي,00,خانگی معمولی,قرائت مامور,2026-07-22 02:49:58,2026-09-21 15:22:15
NON_FAHAM,228935826,703397,185469437,187425975,1599137,,1405/02/23,1405/04/23,62,7070339702229,23550272,0,3,1,1405021,,,,1405/05/04,,,0.0,0,0,0,0,0,0,0,0,0,0,0,0,0,0,0,0,0,0,34117,0,0,0,-144772,75,3412,0,379847,1405/06/29,09:20:28,461969,14050223,14050423,14050629,,0,0,0,0,0,,12400,0,0,0,0.0,0.0,0.0,1.0,0,قطعی(حداقل),2,,,1004101,1010,72,خانگی معمولی,14,4,ضعيف باديماندزير سي كيلووات,28,1,خانگي,00,خانگی معمولی,قرائت مامور,2026-09-21 02:56:05,
NON_FAHAM,229028266,703397,187425975,189338801,1599137,,1405/04/23,1405/06/25,64,7070339702229,62550352,0,3,1,1405031,,,,1405/07/04,,,0.0,0,0,0,0,0,0,0,0,0,0,0,0,0,0,0,0,0,0,35217,0,0,0,243858,315,3522,0,381457,1405/06/30,12:28:41,462435,14050423,14050625,14050630,,0,0,0,0,0,,12800,0,0,0,0.0,0.0,0.0,1.0,0,قطعی(حداقل),2,,,1004101,1010,72,خانگی معمولی,14,4,ضعيف باديماندزير سي كيلووات,28,1,خانگي,00,خانگی معمولی,قرائت مامور,2026-09-22 02:46:56,
NON_FAHAM,225878061,752491,185725311,187549988,1649331,,1405/03/02,1405/05/06,66,7075249102224,292950347,0,1,1,1405031,,,,1405/05/11,,,0.0,0,701,0,0,0,0,0,0,0,0,2007613,0,0,0,0,0,0,0,36318,0,0,0,772,177,208870,0,2928405,1405/05/06,11:46:22,462249,14050302,14050506,14050506,,0,0,0,0,0,,13200,205238,0,36,0.0,1.0,0.0,1.3,0,قطعی ,1,,,1004101,1010,72,خانگی معمولی,14,4,ضعيف باديماندزير سي كيلووات,28,1,خانگي,00,خانگی معمولی,قرائت مامور,2026-07-29 02:47:57,
NON_FAHAM,224505038,752608,184183886,186205080,1650152,,1405/01/23,1405/03/19,58,7075260802220,28950213,0,1,1,1405021,,,,1405/03/24,,,0.0,0,0,0,0,0,0,0,0,0,0,0,0,0,0,0,0,0,0,31591,0,0,0,-84916,188,1895,0,374104,1405/03/19,11:28:56,462249,14050123,14050319,14050319,,0,0,0,0,0,,10700,0,0,0,0.0,0.0,0.0,1.0,0,قطعی ,1,,,1004101,1010,72,خانگی معمولی,14,4,ضعيف باديماندزير سي كيلووات,28,1,خانگي,00,خانگی معمولی,قرائت مامور,2026-06-10 20:19:35,
NON_FAHAM,226302697,752608,186205080,187980041,1650152,,1405/03/19,1405/05/24,67,7075260802220,38450367,0,3,1,1405031,,,,1405/05/29,,,0.0,0,0,0,0,0,0,0,0,0,0,0,0,0,0,0,0,0,0,36868,0,0,0,188,61,3687,0,383873,1405/05/24,12:23:50,462249,14050319,14050524,14050524,,0,0,0,0,0,,13400,0,0,54,0.0,0.0,0.0,1.3,0,قطعی(حداقل),2,,,1004101,1010,72,خانگی معمولی,14,4,ضعيف باديماندزير سي كيلووات,28,1,خانگي,00,خانگی معمولی,قرائت مامور,2026-08-16 03:34:04,
NON_FAHAM,225840500,777227,185449357,187508635,6508435,,1405/02/20,1405/04/23,65,7077722702229,298650272,0,1,1,1405021,,,,1405/05/04,,,0.0,0,552,0,0,0,0,0,0,0,0,2057389,0,0,0,0,0,0,0,35767,0,0,0,832,439,213649,0,2985607,1405/04/30,18:43:38,462509,14050220,14050423,14050430,,0,0,0,0,0,,13000,210072,0,0,0.0,1.0,0.0,1.0,0,قطعی ,1,,,1004101,1010,72,خانگی معمولی,14,4,ضعيف باديماندزير سي كيلووات,28,1,خانگي,00,خانگی معمولی,قرائت مامور,2026-07-22 02:56:25,
NON_FAHAM,229066285,777227,187508635,189376820,6508435,,1405/04/23,1405/06/25,64,7077722702229,581050311,0,1,1,1405031,,,,1405/07/04,,,0.0,0,623,0,0,0,0,0,0,0,0,1843514,0,0,0,0,0,0,0,35217,0,0,0,3079529,53,192404,0,2730524,1405/06/30,12:38:00,462435,14050423,14050625,14050630,,0,0,0,0,0,,12800,188882,0,0,0.0,1.0,0.0,1.0,0,قطعی ,1,,,1004101,1010,72,خانگی معمولی,14,4,ضعيف باديماندزير سي كيلووات,28,1,خانگي,00,خانگی معمولی,قرائت مامور,2026-09-22 02:49:28,
NON_FAHAM,224643673,810228,184251715,186343763,6150568,,1405/01/17,1405/03/10,55,7081022802220,127450288,0,1,1,1405021,,,,1405/03/24,,,0.0,0,342,0,0,0,0,0,0,0,0,657843,0,0,0,0,0,0,0,29725,0,0,0,704,559,71244,0,1273855,1405/03/19,12:55:08,462249,14050117,14050310,14050319,,0,0,0,0,0,,9500,68272,0,0,0.0,1.0,0.0,1.0,0,قطعی ,1,,,1004101,1010,72,خانگی معمولی,14,4,ضعيف باديماندزير سي كيلووات,28,1,خانگي,00,خانگی معمولی,قرائت مامور,2026-06-10 20:29:04,
NON_FAHAM,226500183,810228,186343763,188177613,6150568,,1405/03/10,1405/05/12,64,7081022802220,366950306,0,1,1,1405031,,,,1405/05/29,,,0.0,0,566,0,0,0,0,0,0,0,0,1567748,0,0,0,0,0,0,0,35217,0,0,0,1274559,190,164413,0,2394631,1405/05/24,15:08:19,462249,14050310,14050512,14050524,,0,0,0,0,0,,12800,160891,0,0,0.0,1.0,0.0,1.0,0,قطعی ,1,,,1004101,1010,72,خانگی معمولی,14,4,ضعيف باديماندزير سي كيلووات,28,1,خانگي,00,خانگی معمولی,قرائت مامور,2026-08-16 03:51:57,
NON_FAHAM,226514333,818198,185888821,188191767,6156027,,1405/03/06,1405/05/08,64,7081819802225,631050310,0,1,1,1405031,,,,1405/05/29,,,0.0,0,669,0,0,0,0,0,0,0,0,4818556,0,0,0,0,0,0,0,35217,0,0,0,560,212,490665,0,6309652,1405/05/24,15:13:29,462249,14050306,14050508,14050524,,0,0,0,0,0,,12800,487143,0,0,0.0,1.0,0.0,1.0,0,قطعی ,1,,,1004101,1010,72,خانگی معمولی,14,4,ضعيف باديماندزير سي كيلووات,28,1,خانگي,00,خانگی معمولی,قرائت مامور,2026-08-16 03:53:00,
NON_FAHAM,225593308,846071,185586506,187257613,9042678,,1405/02/20,1405/04/18,60,7084607102222,1239550210,0,1,1,1405021,,,,1405/04/28,,,0.0,275,400,157,0,0,0,0,0,0,0,9735206,0,0,0,0,0,0,0,33016,0,0,0,583,799,997843,0,12395216,1405/04/23,14:29:16,151031,14050220,14050418,14050423,,0,832414,0,729025,0,,12000,994542,0,0,0.0,1.0,0.0,1.0,0,قطعی ,1,,,1004103,1010,245,خانگی معمولی-سه زمانه,14,4,ضعيف باديماندزير سي كيلووات,28,1,خانگي,00,خانگی معمولی,قرائت مامور,2026-07-15 02:51:55,
NON_FAHAM,228638600,846071,187257613,189118138,9042678,,1405/04/18,1405/06/21,65,7084607102222,2493650337,0,1,1,1405031,,,,1405/06/28,,,0.0,425,569,256,0,0,0,0,0,0,0,19884000,0,0,0,0,0,0,0,35767,0,0,0,72863,988,2036859,0,24864125,1405/06/23,12:47:58,462249,14050418,14050621,14050623,,0,1357312,0,1126675,0,,13000,2033282,0,0,0.0,1.0,0.0,1.0,0,قطعی ,1,,,1004103,1010,245,خانگی معمولی-سه زمانه,14,4,ضعيف باديماندزير سي كيلووات,28,1,خانگي,00,خانگی معمولی,قرائت مامور,2026-09-15 03:26:50,
NON_FAHAM,224847149,846697,184611562,186541931,6176078,,1405/01/25,1405/03/27,64,7084669702226,199350275,0,1,1,1405021,,,,1405/04/01,,,0.0,0,418,0,0,0,0,0,0,0,0,847279,0,0,0,0,0,0,0,34965,0,0,0,683790,211,54759,0,1309421,1405/03/27,13:31:22,462249,14050125,14050327,14050327,,0,0,0,0,0,,12100,0,0,0,0.0,1.0,0.0,1.0,0,قطعی ,1,,,1004101,1010,72,خانگی معمولی,14,4,ضعيف باديماندزير سي كيلووات,28,1,خانگي,00,خانگی معمولی,قرائت مامور,2026-06-18 03:16:41,
NON_FAHAM,226672818,846697,186541931,188354202,6176078,,1405/03/27,1405/05/30,65,7084669702226,247250300,0,1,1,1405031,,,,1405/06/05,,,0.0,0,629,0,0,0,0,0,0,0,0,1854252,0,0,0,0,0,0,0,35767,0,0,0,211,469,193576,0,2472258,1405/05/31,13:13:01,462435,14050327,14050530,14050531,,0,0,0,0,0,,13000,0,0,0,0.0,1.0,0.0,1.0,0,قطعی ,1,,,1004101,1010,72,خانگی معمولی,14,4,ضعيف باديماندزير سي كيلووات,28,1,خانگي,00,خانگی معمولی,قرائت مامور,2026-08-23 02:59:45,
NON_FAHAM,226505854,848775,186325294,188183287,2132109,,1405/03/16,1405/05/15,61,7084877502222,226250395,0,1,1,1405031,5,,,1405/05/29,1405/06/04,19:54:38,0.0,164,263,99,0,0,0,0,0,0,0,1429098,0,0,0,0,0,0,0,33566,0,0,0,456,176,153373,0,2261720,1405/05/24,15:10:35,462249,14050316,14050515,14050524,14050604,0,191565,0,158752,0,,12200,150017,0,0,0.0,1.0,0.0,1.0,0,قطعی ,1,تغییر در ایین نامه ها و دستورالعمل ها,05,1004103,1010,245,خانگی معمولی-سه زمانه,14,4,ضعيف باديماندزير سي كيلووات,28,1,خانگي,00,خانگی معمولی,قرائت مامور,2026-08-16 03:52:21,2026-08-27 19:46:23
NON_FAHAM,226860680,848775,186325294,188183287,2132109,,1405/03/16,1405/05/15,61,7084877502222,171050359,0,1,1,1405031,5,,,1405/05/29,1405/06/10,18:36:32,0.0,164,263,99,0,0,0,0,0,0,0,1429098,0,0,0,0,0,0,0,33566,0,0,0,456,32,107361,0,1709576,1405/06/04,19:54:38,3,14050316,14050515,14050604,14050610,460120,191565,0,158752,0,,12200,104005,0,0,0.0,1.0,0.0,1.0,0,قطعی ,1,تغییر در ایین نامه ها و دستورالعمل ها,05,1004103,1010,245,خانگی معمولی-سه زمانه,14,4,ضعيف باديماندزير سي كيلووات,28,1,خانگي,00,خانگی معمولی,قرائت مامور,2026-08-27 06:12:04,2026-09-02 19:07:39
NON_FAHAM,227669747,848775,186325294,188183287,2132109,,1405/03/16,1405/05/15,61,7084877502222,226250395,0,1,1,1405031,,,,1405/05/29,,,0.0,164,263,99,0,0,0,0,0,0,0,1429098,0,0,0,0,0,0,0,33566,0,0,0,456,176,153373,0,2261720,1405/06/10,18:36:32,3,14050316,14050515,14050610,,0,191565,0,158752,0,,12200,150017,0,0,0.0,1.0,0.0,1.0,0,قطعی ,1,,,1004103,1010,245,خانگی معمولی-سه زمانه,14,4,ضعيف باديماندزير سي كيلووات,28,1,خانگي,00,خانگی معمولی,قرائت مامور,2026-09-02 03:43:47,
NON_FAHAM,225221213,859159,185032706,186926408,9137826,,1405/01/24,1405/03/26,64,7085915902228,146550266,0,1,1,1405021,5,,,1405/04/21,1405/06/04,19:59:22,3.016,122,194,74,0,0,0,0,0,0,0,782548,0,0,0,0,0,0,0,34929,0,0,0,460,437,87006,0,1464977,1405/04/16,09:36:11,462249,14050124,14050326,14050416,14050604,0,138167,0,113948,0,,12000,83513,0,0,3.016,1.0,0.0,1.0,0,قطعی ,1,تغییر در ایین نامه ها و دستورالعمل ها,05,1004103,1010,245,خانگی معمولی-سه زمانه,14,4,ضعيف باديماندزير سي كيلووات,28,1,خانگي,00,خانگی معمولی,قرائت مامور,2026-07-08 02:58:22,2026-08-27 13:20:59
NON_FAHAM,226862336,859159,185032706,186926408,9137826,,1405/01/24,1405/03/26,64,7085915902228,133950206,0,1,1,1405021,5,,,1405/04/21,1405/06/10,18:36:52,3.016,122,194,74,0,0,0,0,0,0,0,782548,0,0,0,0,0,0,0,34929,0,0,0,460,720,76463,0,1339260,1405/06/04,19:59:22,3,14050124,14050326,14050604,14050610,105431,138167,0,113948,0,,12800,72970,0,0,3.016,1.0,0.0,1.0,0,قطعی ,1,تغییر در ایین نامه ها و دستورالعمل ها,05,1004103,1010,245,خانگی معمولی-سه زمانه,14,4,ضعيف باديماندزير سي كيلووات,28,1,خانگي,00,خانگی معمولی,قرائت مامور,2026-08-27 05:58:43,2026-09-02 11:50:13
NON_FAHAM,227671368,859159,185032706,186926408,9137826,,1405/01/24,1405/03/26,64,7085915902228,146650210,0,1,1,1405021,,,,1405/04/21,,,3.016,122,194,74,0,0,0,0,0,0,0,782548,0,0,0,0,0,0,0,34929,0,0,0,460,237,87006,0,1465777,1405/06/10,18:36:52,3,14050124,14050326,14050610,,0,138167,0,113948,0,,12800,83513,0,0,3.016,1.0,0.0,1.0,0,قطعی ,1,,,1004103,1010,245,خانگی معمولی-سه زمانه,14,4,ضعيف باديماندزير سي كيلووات,28,1,خانگي,00,خانگی معمولی,قرائت مامور,2026-09-02 03:12:16,
NON_FAHAM,228231757,859159,186926408,188917618,9137826,,1405/03/26,1405/05/31,67,7085915902228,2255450300,0,1,1,1405031,,,,1405/06/21,,,3.672,461,628,144,0,0,0,0,0,0,0,18657820,0,0,0,0,0,0,0,36868,0,0,0,3537,598,1844079,0,22551061,1405/06/16,12:31:53,462249,14050326,14050531,14050616,,0,763488,0,1222111,0,,13400,1840392,0,0,3.672,1.0,0.0,1.0,0,قطعی ,1,,,1004103,1010,245,خانگی معمولی-سه زمانه,14,4,ضعيف باديماندزير سي كيلووات,28,1,خانگي,00,خانگی معمولی,قرائت مامور,2026-09-08 02:47:59,
NON_FAHAM,226063808,877787,185679939,187735772,2272344,,1405/02/26,1405/04/30,66,7087778702227,129350309,0,1,1,1405031,5,,,1405/05/11,1405/06/04,20:06:17,0.0,0,279,0,0,0,0,0,0,0,0,558686,0,0,0,0,0,0,0,36318,0,0,0,132753,73,61529,0,1160320,1405/05/06,17:03:37,462249,14050226,14050430,14050506,14050604,0,0,0,0,0,,13200,57898,0,0,0.0,1.0,0.0,1.0,0,قطعی ,1,تغییر در ایین نامه ها و دستورالعمل ها,05,1004101,1010,72,خانگی معمولی,14,4,ضعيف باديماندزير سي كيلووات,28,1,خانگي,00,خانگی معمولی,قرائت مامور,2026-07-29 03:07:29,2026-08-27 17:16:15
NON_FAHAM,226864690,877787,185679939,187735772,2272344,,1405/02/26,1405/04/30,66,7087778702227,109150311,0,1,1,1405031,5,,,1405/05/11,1405/06/10,18:37:03,0.0,0,279,0,0,0,0,0,0,0,0,558686,0,0,0,0,0,0,0,36318,0,0,0,132753,704,44749,0,958951,1405/06/04,20:06:17,3,14050226,14050430,14050604,14050610,167808,0,0,0,0,,13200,41117,0,0,0.0,1.0,0.0,1.0,0,قطعی ,1,تغییر در ایین نامه ها و دستورالعمل ها,05,1004101,1010,72,خانگی معمولی,14,4,ضعيف باديماندزير سي كيلووات,28,1,خانگي,00,خانگی معمولی,قرائت مامور,2026-08-27 06:08:12,2026-09-02 17:00:41
NON_FAHAM,227672305,877787,185679939,187735772,2272344,,1405/02/26,1405/04/30,66,7087778702227,129350309,0,1,1,1405031,,,,1405/05/11,,,0.0,0,279,0,0,0,0,0,0,0,0,558686,0,0,0,0,0,0,0,36318,0,0,0,132753,73,61529,0,1160320,1405/06/10,18:37:03,3,14050226,14050430,14050610,,0,0,0,0,0,,13200,57898,0,0,0.0,1.0,0.0,1.0,0,قطعی ,1,,,1004101,1010,72,خانگی معمولی,14,4,ضعيف باديماندزير سي كيلووات,28,1,خانگي,00,خانگی معمولی,قرائت مامور,2026-09-02 03:35:05,
NON_FAHAM,225837336,919710,185571719,187505472,8079932,,1405/02/21,1405/04/24,65,7091971002221,232650282,0,1,1,1405021,,,,1405/05/04,,,0.0,0,485,0,0,0,0,0,0,0,0,1514673,0,0,0,0,0,0,0,35767,0,0,0,307,510,158698,0,2326203,1405/04/30,18:38:29,462509,14050221,14050424,14050430,,0,0,0,0,0,,13000,155122,0,0,0.0,1.0,0.0,1.0,0,قطعی ,1,,,1004101,1010,72,خانگی معمولی,14,4,ضعيف باديماندزير سي كيلووات,28,1,خانگي,00,خانگی معمولی,قرائت مامور,2026-07-22 02:56:10,
NON_FAHAM,229057850,919710,187505472,189368385,8079932,,1405/04/24,1405/06/24,62,7091971002221,232150395,0,1,1,1405031,,,,1405/07/04,,,0.0,0,499,0,0,0,0,0,0,0,0,1280182,0,0,0,0,0,0,0,34117,0,0,0,279223,317,135059,0,2042094,1405/06/30,12:36:05,462435,14050424,14050624,14050630,,0,0,0,0,0,,12400,131647,0,0,0.0,1.0,0.0,1.0,0,قطعی ,1,,,1004101,1010,72,خانگی معمولی,14,4,ضعيف باديماندزير سي كيلووات,28,1,خانگي,00,خانگی معمولی,قرائت مامور,2026-09-22 02:48:52,
NON_FAHAM,224817693,921778,184582862,186512451,8081849,,1405/01/26,1405/03/24,60,7092177802228,50050270,0,1,1,1405021,,,,1405/04/01,,,0.0,0,17,0,0,0,0,0,0,0,0,31972,0,0,0,0,0,0,0,32800,0,0,0,740,468,6601,0,499728,1405/03/27,13:04:28,462249,14050126,14050324,14050327,,0,0,0,0,0,,11400,3321,0,0,0.0,1.0,0.0,1.0,0,قطعی ,1,,,1004101,1010,72,خانگی معمولی,14,4,ضعيف باديماندزير سي كيلووات,28,1,خانگي,00,خانگی معمولی,قرائت مامور,2026-06-18 03:13:41,
NON_FAHAM,226785047,921778,186512451,188466444,8081849,,1405/03/24,1405/05/31,69,7092177802228,100250364,0,5,1,1405031,,,,1405/06/05,,,0.0,0,14,0,0,0,0,0,0,0,0,27090,0,0,0,0,0,0,0,37968,0,0,0,500468,161,6608,0,501693,1405/05/31,14:46:18,462435,14050324,14050531,14050531,,0,0,0,0,0,,13800,2811,0,0,0.0,1.0,0.0,1.0,0,علی الحساب,4,,,1004101,1010,72,خانگی معمولی,14,4,ضعيف باديماندزير سي كيلووات,28,1,خانگي,00,خانگی معمولی,قرائت مامور,2026-08-23 03:09:28,
NON_FAHAM,226014158,925818,185762961,187686123,8084457,,1405/03/03,1405/05/01,60,7092581802223,5350360,0,1,1,1405031,,,,1405/05/11,,,0.0,0,2,0,0,0,0,0,0,0,0,3870,0,0,0,0,0,0,0,33016,0,0,0,481,617,3703,0,53136,1405/05/06,13:48:14,151031,14050303,14050501,14050506,,0,0,0,0,0,,12000,402,0,0,0.0,1.0,0.0,1.0,0,قطعی ,1,,,1004101,1010,72,خانگی معمولی,14,4,ضعيف باديماندزير سي كيلووات,28,1,خانگي,00,خانگی معمولی,قرائت مامور,2026-07-29 03:03:35,
NON_FAHAM,225910770,992873,185663911,187582687,9169822,,1405/02/31,1405/05/04,66,7099287302225,1373350340,0,1,1,1405031,,,,1405/05/11,,,0.0,327,455,181,0,0,0,0,0,0,0,10504376,0,0,0,0,0,0,0,36318,0,0,0,712,565,1074874,0,13732853,1405/05/06,12:12:27,462249,14050231,14050504,14050506,,0,959662,0,866877,0,,13200,1071242,0,0,0.0,1.0,0.0,1.0,0,قطعی ,1,,,1004103,1010,245,خانگی معمولی-سه زمانه,14,4,ضعيف باديماندزير سي كيلووات,28,1,خانگي,00,خانگی معمولی,قرائت مامور,2026-07-29 02:51:55,
NON_FAHAM,224767647,993616,184544843,186462358,2480574,,1405/01/22,1405/03/16,56,7099361602228,96750273,0,1,1,1405021,,,,1405/04/01,,,0.0,0,54,0,0,0,0,0,0,0,0,543983,0,0,0,0,0,0,0,30455,0,0,0,47,999,72416,0,967952,1405/03/27,11:40:26,462249,14050122,14050316,14050327,,0,0,0,0,0,,102000,69371,0,0,0.0,1.0,0.0,1.0,0,قطعی ,1,,,5014101,5110,99,سایر موارد1 -کمتر از سی کیلو وات,14,4,ضعيف باديماندزير سي كيلووات,22,5,ساير مصارف,01,سایرمصارف 1,قرائت مامور,2026-06-18 03:08:24,
NON_FAHAM,226590118,993616,186462358,188271471,2480574,,1405/03/16,1405/05/18,64,7099361602228,194950352,0,1,1,1405031,,,,1405/06/05,,,0.0,0,45,0,0,0,0,0,0,0,0,477225,0,0,0,0,0,0,0,35217,0,0,76866,967999,374,71408,0,981375,1405/05/31,12:25:55,462435,14050316,14050518,14050531,,0,0,0,0,0,,128000,67886,48,0,0.0,1.0,0.0,1.0,0,قطعی ,1,,,5014101,5110,99,سایر موارد1 -کمتر از سی کیلو وات,14,4,ضعيف باديماندزير سي كيلووات,22,5,ساير مصارف,01,سایرمصارف 1,قرائت مامور,2026-08-23 02:51:20,
NON_FAHAM,227060277,993616,188271471,188477788,2480574,,1405/05/18,1405/06/05,18,7099361602228,225950321,0,1,0,1405032,,,,1405/06/10,,,0.0,0,14,0,0,0,0,0,0,0,0,148470,0,0,0,0,0,0,0,9905,0,0,31675,1949374,25,22887,0,309651,1405/06/05,18:38:56,-6,14050518,14050605,14050605,,0,0,0,0,0,,36000,21896,18,0,0.0,1.0,0.0,1.0,0,قطعی ,1,,,5014101,5110,99,سایر موارد1 -کمتر از سی کیلو وات,14,4,ضعيف باديماندزير سي كيلووات,22,5,ساير مصارف,01,سایرمصارف 1,قرائت مامور,2026-08-28 02:30:20,
NON_FAHAM,224971134,1034599,184779471,186671315,8894996,,1405/01/31,1405/04/01,63,7103459902227,,0,1,1,1405021,5,,,1405/04/12,1405/06/04,20:49:46,0.0,0,170,0,0,0,0,0,0,0,0,327485,0,0,0,0,0,0,0,34631,0,0,0,-560797,0,0,0,12501,1405/04/07,11:32:42,462249,14050131,14050401,14050407,14050604,374479,0,0,0,0,,12500,0,0,0,0.0,1.0,0.0,1.0,0,قطعی ,1,تغییر در ایین نامه ها و دستورالعمل ها,05,1004103,1010,245,خانگی معمولی-سه زمانه,14,4,ضعيف باديماندزير سي كيلووات,28,1,خانگي,00,خانگی معمولی,قرائت مامور,2026-06-29 02:51:11,2026-08-27 12:28:07
NON_FAHAM,226878947,1034599,184779471,186671315,8894996,,1405/01/31,1405/04/01,63,7103459902227,,0,1,1,1405021,,,,1405/04/12,,,0.0,0,170,0,0,0,0,0,0,0,0,327485,0,0,0,0,0,0,0,34631,0,0,0,-560797,0,0,0,12601,1405/06/04,20:49:46,3,14050131,14050401,14050604,,374479,0,0,0,0,,12600,0,0,0,0.0,1.0,0.0,1.0,0,قطعی ,1,,,1004103,1010,245,خانگی معمولی-سه زمانه,14,4,ضعيف باديماندزير سي كيلووات,28,1,خانگي,00,خانگی معمولی,قرائت مامور,2026-08-27 05:58:20,
NON_FAHAM,227385769,1034599,186671315,188538099,8894996,,1405/04/01,1405/06/04,65,7103459902227,,0,1,1,1405031,,,,1405/06/14,,,0.0,0,218,0,0,0,0,0,0,0,0,422255,0,0,0,0,0,0,0,35767,0,0,0,-545196,0,0,0,13000,1405/06/09,13:42:00,462249,14050401,14050604,14050609,,473877,0,0,0,0,,13000,0,0,0,0.0,1.0,0.0,1.0,0,قطعی ,1,,,1004103,1010,245,خانگی معمولی-سه زمانه,14,4,ضعيف باديماندزير سي كيلووات,28,1,خانگي,00,خانگی معمولی,قرائت مامور,2026-09-01 03:27:36,
NON_FAHAM,225560416,1092820,185274953,187224669,2704305,,1405/02/19,1405/04/22,65,7109282002229,,0,5,1,1405021,,,,1405/04/28,,,0.0,0,337,0,0,0,0,0,0,0,0,690481,0,0,0,0,0,0,0,35767,0,0,0,-3715596,0,75076,0,1322730,1405/04/23,12:20:58,462249,14050219,14050422,14050423,,0,0,0,0,0,,13000,71499,0,0,0.0,1.0,0.0,1.0,0,علی الحساب,4,,,1004101,1010,72,خانگی معمولی,14,4,ضعيف باديماندزير سي كيلووات,28,1,خانگي,00,خانگی معمولی,قرائت مامور,2026-07-15 02:48:33,
NON_FAHAM,228764450,1092820,185274953,189244045,2704305,,1405/02/19,1405/06/22,127,7109282002229,35550385,0,1,1,1405031,,,,1405/06/28,,,0.0,0,920,0,0,0,0,0,0,0,0,2507617,0,0,0,0,0,0,0,69884,0,0,0,-3662752,58,264550,0,4017810,1405/06/23,13:32:47,462249,14050219,14050622,14050623,,0,0,0,0,0,,25400,257562,0,0,0.0,1.0,0.0,1.0,0,قطعی ,1,,,1004101,1010,72,خانگی معمولی,14,4,ضعيف باديماندزير سي كيلووات,28,1,خانگي,00,خانگی معمولی,قرائت مامور,2026-09-15 03:44:19,
NON_FAHAM,226274588,1104436,185999159,187951896,7570545,,1405/03/07,1405/05/13,68,7110443602220,281850300,0,1,1,1405031,,,,1405/05/29,,,0.0,49,114,39,0,0,0,0,0,0,0,390870,0,0,0,0,0,0,0,37418,0,0,0,1956894,525,47101,0,861631,1405/05/24,11:48:41,462249,14050307,14050513,14050524,,0,75465,0,47432,0,,13600,0,0,0,0.0,1.0,0.0,1.0,0,قطعی ,1,,,1004103,1010,245,خانگی معمولی-سه زمانه,14,4,ضعيف باديماندزير سي كيلووات,28,1,خانگي,00,خانگی معمولی,قرائت مامور,2026-08-16 03:31:18,
NON_FAHAM,226031147,1130443,185675221,187703111,2761938,,1405/02/29,1405/04/31,64,7113044302220,429250398,0,1,1,1405031,,,,1405/05/11,,,0.0,0,145,0,0,0,0,0,0,0,0,280575,0,0,0,0,0,0,0,35217,0,0,0,3590694,383,32634,0,701689,1405/05/06,14:40:09,462249,14050229,14050431,14050506,,0,0,0,0,0,,12800,0,0,0,0.0,1.0,0.0,1.0,0,قطعی ,1,,,1004101,1010,72,خانگی معمولی,14,4,ضعيف باديماندزير سي كيلووات,28,1,خانگي,00,خانگی معمولی,قرائت مامور,2026-07-29 03:04:52,
NON_FAHAM,225981824,1130758,185629462,187653761,2762700,,1405/02/29,1405/05/06,70,7113075802220,144250393,0,1,1,1405031,5,,,1405/05/11,1405/06/04,20:51:00,0.0,0,233,0,0,0,0,0,0,0,0,450855,0,0,0,0,0,0,0,38519,0,0,0,359,886,50632,0,1442527,1405/05/06,13:11:10,462249,14050229,14050506,14050506,14050604,0,0,0,0,0,,14000,46780,0,0,0.0,1.0,0.0,1.0,0,قطعی ,1,تغییر در ایین نامه ها و دستورالعمل ها,05,1004101,1010,72,خانگی معمولی,14,4,ضعيف باديماندزير سي كيلووات,28,1,خانگي,00,خانگی معمولی,قرائت مامور,2026-07-29 03:00:13,2026-08-27 17:32:15
NON_FAHAM,226879305,1130758,185629462,187653761,2762700,,1405/02/29,1405/05/06,70,7113075802220,126850332,0,1,1,1405031,5,,,1405/05/11,1405/06/10,18:41:41,0.0,0,233,0,0,0,0,0,0,0,0,450855,0,0,0,0,0,0,0,38519,0,0,0,359,422,36093,0,1268063,1405/06/04,20:51:00,3,14050229,14050506,14050604,14050610,145386,0,0,0,0,,14000,32241,0,0,0.0,1.0,0.0,1.0,0,قطعی ,1,تغییر در ایین نامه ها و دستورالعمل ها,05,1004101,1010,72,خانگی معمولی,14,4,ضعيف باديماندزير سي كيلووات,28,1,خانگي,00,خانگی معمولی,قرائت مامور,2026-08-27 06:07:16,2026-09-02 17:11:10
NON_FAHAM,227694913,1130758,185629462,187653761,2762700,,1405/02/29,1405/05/06,70,7113075802220,144250393,0,1,1,1405031,,,,1405/05/11,,,0.0,0,233,0,0,0,0,0,0,0,0,450855,0,0,0,0,0,0,0,38519,0,0,0,359,886,50632,0,1442527,1405/06/10,18:41:41,3,14050229,14050506,14050610,,0,0,0,0,0,,14000,46780,0,0,0.0,1.0,0.0,1.0,0,قطعی ,1,,,1004101,1010,72,خانگی معمولی,14,4,ضعيف باديماندزير سي كيلووات,28,1,خانگي,00,خانگی معمولی,قرائت مامور,2026-09-02 03:33:53,
NON_FAHAM,226309473,1150946,186053240,187986858,2798786,,1405/03/03,1405/05/07,66,7115094602227,189950347,0,1,1,1405031,,,,1405/05/29,,,0.0,0,489,0,0,0,0,0,0,0,0,1158642,0,0,0,0,0,0,0,36318,0,0,0,522,117,123052,0,1898595,1405/05/24,12:51:15,151031,14050303,14050507,14050524,,0,0,0,0,0,,13200,119421,0,0,0.0,1.0,0.0,1.0,0,قطعی ,1,,,1004101,1010,72,خانگی معمولی,14,4,ضعيف باديماندزير سي كيلووات,28,1,خانگي,00,خانگی معمولی,قرائت مامور,2026-08-16 03:34:46,
NON_FAHAM,226639619,1173934,186469757,188320991,7930100,,1405/03/19,1405/05/27,70,7117393402229,465350300,0,1,1,1405031,,,,1405/06/05,,,0.0,0,312,0,0,0,0,0,0,0,0,504504,0,0,0,0,0,0,0,38519,0,0,0,3692073,285,56118,0,961212,1405/05/31,12:51:20,462435,14050319,14050527,14050531,,0,0,0,0,0,,14000,0,0,70,0.0,1.0,0.0,2.0,0,قطعی ,1,,,1004101,1010,72,خانگی معمولی,14,4,ضعيف باديماندزير سي كيلووات,28,1,خانگي,00,خانگی معمولی,قرائت مامور,2026-08-23 02:56:26,
NON_FAHAM,226011320,1179858,185835283,187683285,6972056,,1405/02/29,1405/04/30,63,7117985802220,91850388,0,1,1,1405031,,,,1405/05/11,,,0.0,0,652,0,0,0,0,0,0,0,0,1061224,0,0,0,0,0,0,0,34667,0,0,0,-864062,338,113406,0,1782400,1405/05/06,13:44:40,151031,14050229,14050430,14050506,,0,0,0,0,0,,12600,109939,0,60,0.0,1.0,0.0,2.0,0,قطعی ,1,,,1004101,1010,72,خانگی معمولی,14,4,ضعيف باديماندزير سي كيلووات,28,1,خانگي,00,خانگی معمولی,قرائت مامور,2026-07-29 03:03:09,
NON_FAHAM,224775195,1187809,184726850,186469906,6625682,,1405/01/26,1405/03/25,61,7118780902228,153050293,0,1,1,1405021,,,,1405/04/01,,,0.0,0,485,0,0,0,0,0,0,0,0,859513,0,0,0,0,0,0,0,33350,0,0,0,721,366,92415,0,1529645,1405/03/27,11:46:56,462249,14050126,14050325,14050327,,0,0,0,0,0,,11600,89080,0,24,0.0,1.0,0.0,2.0,0,قطعی ,1,,,1004101,1010,72,خانگی معمولی,14,4,ضعيف باديماندزير سي كيلووات,28,1,خانگي,00,خانگی معمولی,قرائت مامور,2026-06-18 03:09:03,
NON_FAHAM,226755158,1187809,186469906,188436541,6625682,,1405/03/25,1405/05/26,63,7118780902228,326750342,0,1,1,1405031,,,,1405/06/05,,,0.0,0,634,0,0,0,0,0,0,0,0,1025178,0,0,0,0,0,0,0,34667,0,0,0,1530366,976,109673,0,1737610,1405/05/31,13:57:17,462435,14050325,14050526,14050531,,0,0,0,0,0,,12600,106207,0,63,0.0,1.0,0.0,2.0,0,قطعی ,1,,,1004101,1010,72,خانگی معمولی,14,4,ضعيف باديماندزير سي كيلووات,28,1,خانگي,00,خانگی معمولی,قرائت مامور,2026-08-23 03:07:22,
NON_FAHAM,228252924,1200184,187104262,188938786,2916423,,1405/04/06,1405/06/09,65,7120018402220,1734950302,0,1,1,1405031,,,,1405/06/21,,,0.0,0,372,0,0,0,0,0,0,0,0,2120400,0,0,0,0,0,0,0,35767,0,0,431233,13144060,327,339904,0,4205267,1405/06/16,12:40:06,462249,14050406,14050609,14050616,,0,0,0,0,0,,130000,336327,65,65,0.0,1.0,0.0,2.0,0,قطعی ,1,,,5014101,5110,99,سایر موارد1 -کمتر از سی کیلو وات,14,4,ضعيف باديماندزير سي كيلووات,22,5,ساير مصارف,01,سایرمصارف 1,قرائت مامور,2026-09-08 02:49:25,
NON_FAHAM,224719447,1213331,184556529,186414056,2954150,,1405/01/29,1405/03/21,54,7121333102223,694450207,0,1,1,1405021,,,,1405/04/01,,,0.0,0,781,0,0,0,0,0,0,0,0,5331990,0,0,0,0,0,0,0,29606,0,0,0,791,887,543680,0,6944096,1405/03/27,10:33:40,462249,14050129,14050321,14050327,,0,0,0,0,0,,10500,540719,0,20,0.0,1.0,0.0,2.0,0,قطعی ,1,,,1004101,1010,72,خانگی معمولی,14,4,ضعيف باديماندزير سي كيلووات,28,1,خانگي,00,خانگی معمولی,قرائت مامور,2026-06-18 03:03:29,
NON_FAHAM,226771059,1213331,186414056,188452443,2954150,,1405/03/21,1405/05/26,67,7121333102223,266850365,0,1,1,1405031,,,,1405/06/05,,,0.0,0,1095,0,0,0,0,0,0,0,0,1770615,0,0,0,0,0,0,0,36868,0,0,0,887,428,187119,0,2667541,1405/05/31,14:14:13,462435,14050321,14050526,14050531,,0,0,0,0,0,,13400,183432,0,67,0.0,1.0,0.0,2.0,0,قطعی ,1,,,1004101,1010,72,خانگی معمولی,14,4,ضعيف باديماندزير سي كيلووات,28,1,خانگي,00,خانگی معمولی,قرائت مامور,2026-08-23 03:08:36,
NON_FAHAM,226003246,1236849,185828801,187675205,6991023,,1405/02/30,1405/04/29,61,7123684902229,229650349,0,1,1,1405031,,,,1405/05/11,,,0.0,0,871,0,0,0,0,0,0,0,0,1477396,0,0,0,0,0,0,0,33566,0,0,0,813,481,156202,0,2295668,1405/05/06,13:35:15,151031,14050230,14050429,14050506,,0,0,0,0,0,,12200,152846,0,59,0.0,1.0,0.0,2.0,0,قطعی ,1,,,1004101,1010,72,خانگی معمولی,14,4,ضعيف باديماندزير سي كيلووات,28,1,خانگي,00,خانگی معمولی,قرائت مامور,2026-07-29 03:02:30,
NON_FAHAM,225769765,1253154,185620558,187437896,3037081,,1405/02/23,1405/04/22,61,7125315402223,1523950278,0,1,1,1405021,,,,1405/05/04,,,0.0,179,567,191,0,0,0,0,0,0,955939,6056058,4080096,0,0,0,0,0,0,33566,0,0,744129,219,457,1270216,0,15239238,1405/04/30,14:09:38,462249,14050223,14050422,14050430,,0,0,0,0,0,,0,1266860,21,0,0.0,1.0,0.0,1.0,0,قطعی ,1,,,2024103,2210,263,عمومی2 - کمتر از سی کیلووات-سه زمانه,14,4,ضعيف باديماندزير سي كيلووات,5,2,عمومي,02,عمومی 2,قرائت مامور,2026-07-22 02:50:57,
NON_FAHAM,229012191,1253154,187437896,189322726,3037081,,1405/04/22,1405/06/23,63,7125315402223,2771950388,0,5,1,1405031,,,,1405/07/04,,,0.0,367,928,294,0,0,0,0,0,0,1920255,9711155,6153188,0,0,0,0,0,0,34667,0,0,3563853,270573,568,2287705,0,27448995,1405/06/30,12:24:59,462435,14050422,14050623,14050630,,0,0,0,0,0,,0,2284238,63,0,0.0,1.0,0.0,1.0,0,علی الحساب,4,,,2024103,2210,263,عمومی2 - کمتر از سی کیلووات-سه زمانه,14,4,ضعيف باديماندزير سي كيلووات,5,2,عمومي,02,عمومی 2,قرائت مامور,2026-09-22 02:45:50,
NON_FAHAM,226433772,1256831,186006775,188111157,7264448,,1405/03/11,1405/05/17,68,7125683102221,268850357,0,1,1,1405031,,,,1405/05/29,,,0.0,0,1250,0,0,0,0,0,0,0,0,2021250,0,0,0,0,0,0,0,37418,0,0,0,846,899,213140,0,2688053,1405/05/24,14:13:56,462249,14050311,14050517,14050524,,0,0,0,0,0,,13600,0,0,68,0.0,1.0,0.0,2.0,0,قطعی ,1,,,1004101,1010,72,خانگی معمولی,14,4,ضعيف باديماندزير سي كيلووات,28,1,خانگي,00,خانگی معمولی,قرائت مامور,2026-08-16 03:46:49,
NON_FAHAM,225025115,1257011,184789687,186725303,3047937,,1405/02/01,1405/03/30,60,7125701102226,85250212,0,1,1,1405021,,,,1405/04/12,,,0.0,0,182,0,0,0,0,0,0,0,0,314453,0,0,0,0,0,0,0,33016,0,0,0,297,169,35898,0,851872,1405/04/07,14:49:31,462435,14050201,14050330,14050407,,0,0,0,0,0,,12000,32596,0,29,0.0,1.0,0.0,2.0,0,قطعی ,1,,,1004101,1010,72,خانگی معمولی,14,4,ضعيف باديماندزير سي كيلووات,28,1,خانگي,00,خانگی معمولی,قرائت مامور,2026-06-29 02:57:36,
NON_FAHAM,227410643,1257011,186725303,188562976,3047937,,1405/03/30,1405/06/02,65,7125701102226,143850371,0,1,1,1405031,,,,1405/06/14,,,0.0,0,483,0,0,0,0,0,0,0,0,781011,0,0,0,0,0,0,0,35767,0,0,0,3269,946,84488,0,1435677,1405/06/09,13:48:53,462249,14050330,14050602,14050609,,0,0,0,0,0,,13000,80911,0,65,0.0,1.0,0.0,2.0,0,قطعی ,1,,,1004101,1010,72,خانگی معمولی,14,4,ضعيف باديماندزير سي كيلووات,28,1,خانگي,00,خانگی معمولی,قرائت مامور,2026-09-01 03:43:26,
NON_FAHAM,224626434,1264169,184282432,186326520,7622689,,1405/01/20,1405/03/13,55,7126416902223,147150290,0,1,1,1405021,,,,1405/03/24,,,0.0,132,175,108,0,0,0,0,0,0,0,751542,0,0,0,0,0,0,0,29833,0,0,0,236,666,87685,0,1471430,1405/03/19,12:34:35,462249,14050120,14050313,14050319,,0,173524,0,106073,0,,9800,84701,0,12,0.0,1.0,0.0,2.0,0,قطعی ,1,,,1004103,1010,245,خانگی معمولی-سه زمانه,14,4,ضعيف باديماندزير سي كيلووات,28,1,خانگي,00,خانگی معمولی,قرائت مامور,2026-06-10 20:27:52,
NON_FAHAM,226357160,1264169,186326520,188034544,7622689,,1405/03/13,1405/05/15,64,7126416902223,248650374,0,1,1,1405031,,,,1405/05/29,,,0.0,374,505,153,0,0,0,0,0,0,0,1668744,0,0,0,0,0,0,0,35217,0,0,0,666,516,172014,0,2485850,1405/05/24,13:29:59,462249,14050313,14050515,14050524,,0,197370,0,241230,0,,12800,168493,0,64,0.0,1.0,0.0,2.0,0,قطعی ,1,,,1004103,1010,245,خانگی معمولی-سه زمانه,14,4,ضعيف باديماندزير سي كيلووات,28,1,خانگي,00,خانگی معمولی,قرائت مامور,2026-08-16 03:39:24,
NON_FAHAM,225074154,1274254,184814240,186774833,3099521,,1405/02/03,1405/03/31,59,7127425402221,264450273,0,1,1,1405021,,,,1405/04/12,,,0.0,0,611,0,0,0,0,0,0,0,0,1780055,0,0,0,0,0,0,0,32466,0,0,0,915,30,185180,0,2643115,1405/04/08,13:22:54,462249,14050203,14050331,14050408,,0,0,0,0,0,,11800,181934,0,30,0.0,1.0,0.0,2.0,0,قطعی ,1,,,1004101,1010,72,خانگی معمولی,14,4,ضعيف باديماندزير سي كيلووات,28,1,خانگي,00,خانگی معمولی,قرائت مامور,2026-06-30 02:51:40,
NON_FAHAM,227340014,1274254,186774833,188492340,3099521,,1405/03/31,1405/06/07,69,7127425402221,286050309,0,1,1,1405031,,,,1405/06/14,,,0.0,0,1164,0,0,0,0,0,0,0,0,1882188,0,0,0,0,0,0,0,37968,0,0,0,53032,889,198788,0,2807857,1405/06/09,13:27:17,462249,14050331,14050607,14050609,,0,0,0,0,0,,13800,194991,0,69,0.0,1.0,0.0,2.0,0,قطعی ,1,,,1004101,1010,72,خانگی معمولی,14,4,ضعيف باديماندزير سي كيلووات,28,1,خانگي,00,خانگی معمولی,قرائت مامور,2026-09-01 02:54:36,
NON_FAHAM,225551116,1282483,185311229,187215401,3124604,,1405/02/19,1405/04/18,61,7128248302226,525650223,0,1,1,1405021,,,,1405/04/28,,,0.0,0,396,0,0,0,0,0,0,0,0,656594,0,0,0,0,0,0,0,33566,0,0,0,3978321,227,71389,0,1277906,1405/04/23,12:09:19,462249,14050219,14050418,14050423,,0,0,0,0,0,,12200,68032,0,48,0.0,1.0,0.0,2.0,0,قطعی ,1,,,1004101,1010,72,خانگی معمولی,14,4,ضعيف باديماندزير سي كيلووات,28,1,خانگي,00,خانگی معمولی,قرائت مامور,2026-07-15 02:47:42,
NON_FAHAM,228579591,1282483,187215401,189059125,3124604,,1405/04/18,1405/06/22,66,7128248302226,151450306,0,1,1,1405031,,,,1405/06/28,,,0.0,0,493,0,0,0,0,0,0,0,0,797181,0,0,0,0,0,0,0,36318,0,0,0,57990,575,86218,0,1456585,1405/06/23,12:35:17,462249,14050418,14050622,14050623,,0,0,0,0,0,,13200,82586,0,66,0.0,1.0,0.0,2.0,0,قطعی ,1,,,1004101,1010,72,خانگی معمولی,14,4,ضعيف باديماندزير سي كيلووات,28,1,خانگي,00,خانگی معمولی,قرائت مامور,2026-09-15 03:18:26,
NON_FAHAM,224553105,1312708,184182259,186253156,7640692,,1405/01/19,1405/03/18,61,7131270802225,104650281,0,1,1,1405021,,,,1405/03/24,,,0.0,0,251,0,0,0,0,0,0,0,0,470930,0,0,0,0,0,0,0,33098,0,0,0,189,916,52228,0,1046727,1405/03/19,11:49:08,462249,14050119,14050318,14050319,,0,0,0,0,0,,10900,48918,0,0,0.0,1.0,0.0,1.0,0,قطعی ,1,,,1004101,1010,72,خانگی معمولی,14,4,ضعيف باديماندزير سي كيلووات,28,1,خانگي,00,خانگی معمولی,قرائت مامور,2026-06-10 20:22:50,
NON_FAHAM,226356765,1312708,186253156,188034150,7640692,,1405/03/18,1405/05/20,64,7131270802225,145850368,0,1,1,1405031,,,,1405/05/29,,,0.0,0,385,0,0,0,0,0,0,0,0,799737,0,0,0,0,0,0,0,35217,0,0,0,916,137,86295,0,1457221,1405/05/24,13:29:51,462249,14050318,14050520,14050524,,0,0,0,0,0,,12800,82774,0,0,0.0,1.0,0.0,1.0,0,قطعی ,1,,,1004101,1010,72,خانگی معمولی,14,4,ضعيف باديماندزير سي كيلووات,28,1,خانگي,00,خانگی معمولی,قرائت مامور,2026-08-16 03:39:21,
NON_FAHAM,225080967,1318068,184852068,186781646,7297252,,1405/02/03,1405/04/01,60,7131806802223,403850291,0,1,1,1405021,,,,1405/04/12,,,0.0,0,524,0,0,0,0,0,0,0,0,2934066,0,0,0,0,0,0,0,33016,0,0,0,810,597,301391,0,4037787,1405/04/08,13:49:06,462249,14050203,14050401,14050408,,0,0,0,0,0,,12000,298089,0,0,0.0,1.0,0.0,1.0,0,قطعی ,1,,,1004101,1010,72,خانگی معمولی,14,4,ضعيف باديماندزير سي كيلووات,28,1,خانگي,00,خانگی معمولی,قرائت مامور,2026-06-30 02:52:33,
NON_FAHAM,227352887,1318068,186781646,188505213,7297252,,1405/04/01,1405/06/05,66,7131806802223,268650341,0,1,1,1405031,,,,1405/06/14,,,0.0,0,688,0,0,0,0,0,0,0,0,1758557,0,0,0,0,0,0,0,36318,0,0,0,62443,862,183538,0,2624419,1405/06/09,13:32:36,462249,14050401,14050605,14050609,,0,0,0,0,0,,13200,179906,0,62,0.0,1.0,0.0,1.3,0,قطعی ,1,,,1004101,1010,72,خانگی معمولی,14,4,ضعيف باديماندزير سي كيلووات,28,1,خانگي,00,خانگی معمولی,قرائت مامور,2026-09-01 03:03:59,
NON_FAHAM,225926487,1324416,185790943,187598406,7775646,,1405/02/19,1405/04/27,70,7132441602226,384150348,0,1,1,1405031,,,,1405/05/11,,,0.0,0,513,0,0,0,0,0,0,0,0,3128274,0,0,0,0,0,0,0,38519,0,0,235247,98,351,349205,0,3841253,1405/05/06,12:24:10,151031,14050219,14050427,14050506,,0,0,0,0,0,,0,0,26,0,0.0,1.0,0.0,1.0,0,قطعی ,1,,,2074101,2710,89,عمومی7 - کمتر از سی کیلووات,14,4,ضعيف باديماندزير سي كيلووات,10,2,عمومي,07,عمومی 7,قرائت مامور,2026-07-29 02:53:42,
NON_FAHAM,225128645,1868494,184903257,186829329,3221498,,1405/02/06,1405/04/07,63,7186849402228,125950266,0,5,1,1405021,,,,1405/04/12,,,0.0,0,314,0,0,0,0,0,0,0,0,640766,0,0,0,0,0,0,0,34667,0,0,0,359,813,69827,0,1259454,1405/04/08,16:26:37,462249,14050206,14050407,14050408,,0,0,0,0,0,,12600,66360,0,0,0.0,1.0,0.0,1.0,0,علی الحساب,4,,,1004101,1010,72,خانگی معمولی,14,4,ضعيف باديماندزير سي كيلووات,28,1,خانگي,00,خانگی معمولی,قرائت مامور,2026-06-30 02:57:54,
NON_FAHAM,227420666,1868494,184903257,188573000,3221498,,1405/02/06,1405/06/04,122,7186849402228,1999550394,0,1,1,1405031,,,,1405/06/14,,,0.0,0,1500,0,0,0,0,0,0,0,0,15593547,0,0,0,0,0,0,0,67133,0,0,0,154590,213,1583178,0,19840623,1405/06/09,13:51:37,462249,14050206,14050604,14050609,,0,0,0,0,0,,24400,1576465,0,0,0.0,1.0,0.0,1.0,0,قطعی ,1,,,1004101,1010,72,خانگی معمولی,14,4,ضعيف باديماندزير سي كيلووات,28,1,خانگي,00,خانگی معمولی,قرائت مامور,2026-09-01 03:49:48,
FAHAM,224485729,1890552,184197166,186185770,8755003,,1405/01/10,1405/03/03,55,7189055202223,12050214,0,1,1,1405021,,,,1405/03/24,,,0.813,0,0,0,0,0,0,0,0,0,0,0,0,0,0,0,0,0,0,29473,0,0,0,463,883,2947,0,120420,1405/03/19,11:21:22,462249,14050110,14050303,14050319,,0,0,0,0,0,,88000,0,0,0,0.813,0.0,0.0,1.0,0,قطعی ,1,,,5014103,5110,371,سایر موارد1 -کمتر از سی کیلو وات-سه زمانه,14,4,ضعيف باديماندزير سي كيلووات,22,5,ساير مصارف,01,سایرمصارف 1,قرائت مامور,2026-06-10 20:18:20,
FAHAM,226402134,1890552,186185770,188079519,8755003,,1405/03/03,1405/05/14,73,7189055202223,80950355,0,5,1,1405031,,,,1405/05/29,,,0.0,1,22,3,0,0,0,0,0,0,0,275730,0,0,0,0,0,0,0,40169,0,0,41277,120883,802,45578,0,688919,1405/05/24,13:48:09,462249,14050303,14050514,14050524,,0,31815,0,5302,0,,146000,41561,44,0,0.0,1.0,0.0,1.0,0,علی الحساب,4,,,5014103,5110,371,سایر موارد1 -کمتر از سی کیلو وات-سه زمانه,14,4,ضعيف باديماندزير سي كيلووات,22,5,ساير مصارف,01,سایرمصارف 1,قرائت مامور,2026-08-16 03:43:46,
NON_FAHAM,224451320,1894585,183910222,186149248,6652097,,1405/01/17,1405/03/14,59,7189458502227,54750230,0,1,0,1405022,,,,1405/03/19,,,0.0,0,40,0,0,0,0,0,0,0,0,71878,0,0,0,0,0,0,0,31926,0,0,0,401,962,10671,0,547561,1405/03/14,13:04:21,-6,14050117,14050314,14050314,,0,0,0,0,0,,10300,7479,0,0,0.0,1.0,0.0,1.0,0,قطعی ,1,,,1004101,1010,72,خانگی معمولی,14,4,ضعيف باديماندزير سي كيلووات,28,1,خانگي,00,خانگی معمولی,قرائت مامور,2026-06-05 02:23:18,
NON_FAHAM,226380594,1894585,186149248,188057980,6652097,,1405/03/14,1405/05/19,67,7189458502227,53450305,0,1,1,1405031,,,,1405/05/29,,,0.0,0,28,0,0,0,0,0,0,0,0,54180,0,0,0,0,0,0,0,36868,0,0,0,962,774,9308,0,533812,1405/05/24,13:38:31,462249,14050314,14050519,14050524,,0,0,0,0,0,,13400,5622,0,0,0.0,1.0,0.0,1.0,0,قطعی ,1,,,1004101,1010,72,خانگی معمولی,14,4,ضعيف باديماندزير سي كيلووات,28,1,خانگي,00,خانگی معمولی,قرائت مامور,2026-08-16 03:41:43,
NON_FAHAM,224916097,1914957,184608324,186610901,6722390,,1405/01/31,1405/03/26,57,7191495702222,,0,1,1,1405021,,,,1405/04/01,,,0.0,2,1,2,0,0,0,0,0,0,6061,6061,24245,0,0,0,0,0,0,31329,0,0,0,-156662,0,0,0,-1,1405/03/27,15:42:03,462249,14050131,14050326,14050327,,68574,0,0,0,0,,0,0,0,0,0.0,1.0,0.0,1.0,0,قطعی ,1,,,2034103,2310,269,عمومی3 - کمتر از سی کیلووات-سه زمانه,14,4,ضعيف باديماندزير سي كيلووات,6,2,عمومي,03,عمومی 3,قرائت مامور,2026-06-18 03:22:37,
NON_FAHAM,226716327,1914957,186610901,188397709,6722390,,1405/03/26,1405/05/30,66,7191495702222,,0,3,1,1405031,,,,1405/06/05,,,0.0,0,0,0,0,0,0,0,0,0,0,0,0,0,0,0,0,0,0,36318,0,0,6603,-156663,0,0,0,0,1405/05/31,13:31:59,462435,14050326,14050530,14050531,,42921,0,0,0,0,,0,0,60,0,0.0,0.0,0.0,1.0,0,قطعی(حداقل),2,,,2034103,2310,269,عمومی3 - کمتر از سی کیلووات-سه زمانه,14,4,ضعيف باديماندزير سي كيلووات,6,2,عمومي,03,عمومی 3,قرائت مامور,2026-08-23 03:04:32,
NON_FAHAM,224752745,1916037,184641792,186447412,6483640,,1405/01/24,1405/03/25,63,7191603702226,307550220,0,1,1,1405021,5,,,1405/04/01,1405/06/04,22:23:02,0.0,0,287,0,0,0,0,0,0,0,0,559239,0,0,0,0,0,0,0,34379,0,0,0,1917136,285,61449,0,1158149,1405/03/27,11:16:55,462249,14050124,14050325,14050327,14050604,0,0,0,0,0,,11800,58011,0,0,0.0,1.0,0.0,1.0,0,قطعی ,1,تغییر در ایین نامه ها و دستورالعمل ها,05,1004101,1010,72,خانگی معمولی,14,4,ضعيف باديماندزير سي كيلووات,28,1,خانگي,00,خانگی معمولی,قرائت مامور,2026-06-18 03:06:51,2026-08-27 11:49:45
NON_FAHAM,226910045,1916037,184641792,186447412,6483640,,1405/01/24,1405/03/25,63,7191603702226,298850283,0,1,1,1405021,5,,,1405/04/01,1405/06/10,18:46:54,0.0,0,287,0,0,0,0,0,0,0,0,559239,0,0,0,0,0,0,0,34379,0,0,0,1917136,938,54187,0,1071802,1405/06/04,22:23:02,3,14050124,14050325,14050604,14050610,72623,0,0,0,0,,12600,50749,0,0,0.0,1.0,0.0,1.0,0,قطعی ,1,تغییر در ایین نامه ها و دستورالعمل ها,05,1004101,1010,72,خانگی معمولی,14,4,ضعيف باديماندزير سي كيلووات,28,1,خانگي,00,خانگی معمولی,قرائت مامور,2026-08-27 05:55:53,2026-09-02 09:54:03
NON_FAHAM,227719672,1916037,184641792,186447412,6483640,,1405/01/24,1405/03/25,63,7191603702226,307650284,0,1,1,1405021,,,,1405/04/01,,,0.0,0,287,0,0,0,0,0,0,0,0,559239,0,0,0,0,0,0,0,34379,0,0,0,1917136,85,61449,0,1158949,1405/06/10,18:46:54,3,14050124,14050325,14050610,,0,0,0,0,0,,12600,58011,0,0,0.0,1.0,0.0,1.0,0,قطعی ,1,,,1004101,1010,72,خانگی معمولی,14,4,ضعيف باديماندزير سي كيلووات,28,1,خانگي,00,خانگی معمولی,قرائت مامور,2026-09-02 03:06:20,
NON_FAHAM,226720251,1916037,186447412,188401632,6483640,,1405/03/25,1405/05/27,64,7191603702226,138250336,0,1,1,1405031,5,,,1405/06/05,1405/06/04,22:23:03,0.0,0,358,0,0,0,0,0,0,0,0,738879,0,0,0,0,0,0,0,35217,0,0,0,285,120,80013,0,1381835,1405/05/31,13:34:49,462435,14050325,14050527,14050531,14050604,0,0,0,0,0,,12800,76492,0,0,0.0,1.0,0.0,1.0,0,قطعی ,1,تغییر در ایین نامه ها و دستورالعمل ها,05,1004101,1010,72,خانگی معمولی,14,4,ضعيف باديماندزير سي كيلووات,28,1,خانگي,00,خانگی معمولی,قرائت مامور,2026-08-23 03:04:54,2026-08-27 21:50:16
NON_FAHAM,226910049,1916037,186447412,188401632,6483640,,1405/03/25,1405/05/27,64,7191603702226,109450385,0,1,1,1405031,5,,,1405/06/05,1405/06/10,18:46:54,0.0,0,358,0,0,0,0,0,0,0,0,738879,0,0,0,0,0,0,0,35217,0,0,0,285,72,56009,0,1093787,1405/06/04,22:23:03,3,14050325,14050527,14050604,14050610,240040,0,0,0,0,,12800,52488,0,0,0.0,1.0,0.0,1.0,0,قطعی ,1,تغییر در ایین نامه ها و دستورالعمل ها,05,1004101,1010,72,خانگی معمولی,14,4,ضعيف باديماندزير سي كيلووات,28,1,خانگي,00,خانگی معمولی,قرائت مامور,2026-08-27 06:14:13,2026-09-02 21:12:21
NON_FAHAM,227719682,1916037,186447412,188401632,6483640,,1405/03/25,1405/05/27,64,7191603702226,138250336,0,1,1,1405031,,,,1405/06/05,,,0.0,0,358,0,0,0,0,0,0,0,0,738879,0,0,0,0,0,0,0,35217,0,0,0,285,120,80013,0,1381835,1405/06/10,18:46:54,3,14050325,14050527,14050610,,0,0,0,0,0,,12800,76492,0,0,0.0,1.0,0.0,1.0,0,قطعی ,1,,,1004101,1010,72,خانگی معمولی,14,4,ضعيف باديماندزير سي كيلووات,28,1,خانگي,00,خانگی معمولی,قرائت مامور,2026-09-02 03:49:14,
NON_FAHAM,224532225,1963266,184261413,186232272,6905542,,1405/01/22,1405/03/18,58,7196326602229,7850248,0,3,1,1405021,,,,1405/03/24,,,0.0,0,0,0,0,0,0,0,0,0,0,0,0,0,0,0,0,0,0,31555,0,0,0,67963,563,0,0,10600,1405/03/19,11:39:57,462249,14050122,14050318,14050319,,31555,0,0,0,0,,10600,0,0,0,0.0,0.0,0.0,1.0,0,قطعی(حداقل),2,,,1004101,1010,72,خانگی معمولی,14,4,ضعيف باديماندزير سي كيلووات,28,1,خانگي,00,خانگی معمولی,قرائت مامور,2026-06-10 20:21:22,
NON_FAHAM,226184577,1963266,186232272,187861732,6905542,,1405/03/18,1405/05/23,67,7196326602229,9150332,0,5,1,1405031,,,,1405/05/29,,,0.0,0,0,0,0,0,0,0,0,0,0,0,0,0,0,0,0,0,0,36868,0,0,0,78563,963,0,0,13400,1405/05/24,10:14:21,462249,14050318,14050523,14050524,,36868,0,0,0,0,,13400,0,0,0,0.0,0.0,0.0,1.0,0,علی الحساب,4,,,1004101,1010,72,خانگی معمولی,14,4,ضعيف باديماندزير سي كيلووات,28,1,خانگي,00,خانگی معمولی,قرائت مامور,2026-08-16 03:23:07,
NON_FAHAM,225532982,1967176,185281265,187197523,6623782,,1405/02/15,1405/04/16,63,7196717602223,52450282,0,1,1,1405021,29,,,1405/04/28,1405/06/23,10:20:06,0.0,0,68,0,0,0,0,0,0,0,0,131580,0,0,0,0,0,0,0,34667,0,0,0,735,717,10272,0,523982,1405/04/23,11:53:49,462249,14050215,14050416,14050423,14050623,0,0,0,0,0,,12600,0,0,0,0.0,1.0,0.0,1.0,0,قطعی ,1,اعمال نرخ های جدید,29,1004101,1010,72,خانگی معمولی,14,4,ضعيف باديماندزير سي كيلووات,28,1,خانگي,00,خانگی معمولی,قرائت مامور,2026-07-15 02:45:56,2026-09-15 18:35:58
NON_FAHAM,228540078,1967176,185281265,187197523,6623782,,1405/02/15,1405/04/16,63,7196717602223,53150266,0,1,1,1405021,,,,1405/04/28,,,0.0,0,68,0,0,0,0,0,0,0,0,131580,0,0,0,0,0,0,0,34667,0,0,0,735,564,17119,0,530829,1405/06/23,10:20:06,461969,14050215,14050416,14050623,,0,0,0,0,0,,12600,0,0,0,0.0,1.0,0.0,1.0,0,قطعی ,1,,,1004101,1010,72,خانگی معمولی,14,4,ضعيف باديماندزير سي كيلووات,28,1,خانگي,00,خانگی معمولی,قرائت مامور,2026-09-15 03:14:14,
NON_FAHAM,228592071,1967176,187197523,189071605,6623782,,1405/04/16,1405/06/16,62,7196717602223,70050321,0,1,1,1405031,,,,1405/06/28,,,0.0,0,124,0,0,0,0,0,0,0,0,239940,0,0,0,0,0,0,0,34117,0,0,0,46895,595,28307,0,653700,1405/06/23,12:38:21,462249,14050416,14050616,14050623,,0,0,0,0,0,,12400,0,0,0,0.0,1.0,0.0,1.0,0,قطعی ,1,,,1004101,1010,72,خانگی معمولی,14,4,ضعيف باديماندزير سي كيلووات,28,1,خانگي,00,خانگی معمولی,قرائت مامور,2026-09-15 03:20:23,
NON_FAHAM,225351828,2109085,185138075,187057105,6066914,,1405/02/09,1405/04/12,65,7210908502221,56250254,0,1,1,1405021,29,,,1405/04/21,1405/06/15,14:01:16,0.0,0,85,0,0,0,0,0,0,0,0,164475,0,0,0,0,0,0,0,35767,0,0,0,733,460,12385,0,561727,1405/04/16,12:18:10,462249,14050209,14050412,14050416,14050615,0,0,0,0,0,,13000,0,0,0,0.0,1.0,0.0,1.0,0,قطعی ,1,اعمال نرخ های جدید,29,1004101,1010,72,خانگی معمولی,14,4,ضعيف باديماندزير سي كيلووات,28,1,خانگي,00,خانگی معمولی,قرائت مامور,2026-07-08 03:13:15,2026-09-07 20:40:29
NON_FAHAM,228084256,2109085,185138075,187057105,6066914,,1405/02/09,1405/04/12,65,7210908502221,57050291,0,1,1,1405021,,,,1405/04/21,,,0.0,0,85,0,0,0,0,0,0,0,0,164475,0,0,0,0,0,0,0,35767,0,0,0,733,717,20642,0,569984,1405/06/15,14:01:16,461969,14050209,14050412,14050615,,0,0,0,0,0,,13000,0,0,0,0.0,1.0,0.0,1.0,0,قطعی ,1,,,1004101,1010,72,خانگی معمولی,14,4,ضعيف باديماندزير سي كيلووات,28,1,خانگي,00,خانگی معمولی,قرائت مامور,2026-09-07 03:01:39,
NON_FAHAM,228154698,2109085,187057105,188840559,6066914,,1405/04/12,1405/06/11,61,7210908502221,67750399,0,1,1,1405031,,,,1405/06/21,,,0.0,0,123,0,0,0,0,0,0,0,0,238005,0,0,0,0,0,0,0,33566,0,0,0,26979,665,28052,0,650686,1405/06/16,12:09:53,462249,14050412,14050611,14050616,,0,0,0,0,0,,12200,0,0,0,0.0,1.0,0.0,1.0,0,قطعی ,1,,,1004101,1010,72,خانگی معمولی,14,4,ضعيف باديماندزير سي كيلووات,28,1,خانگي,00,خانگی معمولی,قرائت مامور,2026-09-08 02:42:46,
NON_FAHAM,229087770,2110064,187476623,189398305,8769052,,1405/04/20,1405/06/23,65,7211006402220,1347950347,0,5,1,1405031,,,,1405/07/04,,,0.0,257,497,173,0,0,0,0,0,0,0,9816068,0,0,0,0,0,0,0,35767,0,0,0,1921522,471,1019548,0,11557949,1405/06/30,12:43:56,462435,14050420,14050623,14050630,,0,917246,0,681307,0,,13000,0,0,0,0.0,1.0,0.0,1.0,0,علی الحساب,4,,,1004103,1010,245,خانگی معمولی-سه زمانه,14,4,ضعيف باديماندزير سي كيلووات,28,1,خانگي,00,خانگی معمولی,قرائت مامور,2026-09-22 02:50:51,
NON_FAHAM,225314174,2110624,185112852,187019442,3467506,,1405/02/08,1405/04/08,62,7211062402225,625350241,0,1,1,1405021,,,,1405/04/21,,,0.0,0,485,0,0,0,0,0,0,0,0,2121935,0,0,0,0,0,0,0,34117,0,0,0,3197198,16,219536,0,3055818,1405/04/16,11:38:20,462249,14050208,14050408,14050416,,0,0,0,0,0,,12400,216124,0,0,0.0,1.0,0.0,1.0,0,قطعی ,1,,,1004101,1010,72,خانگی معمولی,14,4,ضعيف باديماندزير سي كيلووات,28,1,خانگي,00,خانگی معمولی,قرائت مامور,2026-07-08 03:09:19,
NON_FAHAM,228210066,2110624,187019442,188895928,3467506,,1405/04/08,1405/06/12,66,7211062402225,1042750367,0,1,1,1405031,,,,1405/06/21,,,0.0,0,852,0,0,0,0,0,0,0,0,8192208,0,0,0,0,0,0,0,36318,0,0,0,23064,131,831842,0,10404067,1405/06/16,12:23:57,462249,14050408,14050612,14050616,,0,0,0,0,0,,13200,828210,0,0,0.0,1.0,0.0,1.0,0,قطعی ,1,,,1004101,1010,72,خانگی معمولی,14,4,ضعيف باديماندزير سي كيلووات,28,1,خانگي,00,خانگی معمولی,قرائت مامور,2026-09-08 02:46:33,
NON_FAHAM,224494341,2217013,184373027,186194383,3589742,,1405/01/19,1405/03/12,55,7221701302224,90950208,0,1,1,1405021,,,,1405/03/24,,,0.0,0,199,0,0,0,0,0,0,0,0,364189,0,0,0,0,0,0,0,29797,0,0,0,271,540,40846,0,909269,1405/03/19,11:24:49,462249,14050119,14050312,14050319,,0,0,0,0,0,,9700,37866,0,0,0.0,1.0,0.0,1.0,0,قطعی ,1,,,1004101,1010,72,خانگی معمولی,14,4,ضعيف باديماندزير سي كيلووات,28,1,خانگي,00,خانگی معمولی,قرائت مامور,2026-06-10 20:18:48,
NON_FAHAM,226491617,2217013,186194383,188169045,3589742,,1405/03/12,1405/05/19,69,7221701302224,278050353,0,1,1,1405031,,,,1405/05/29,,,0.0,0,495,0,0,0,0,0,0,0,0,1132800,0,0,0,0,0,0,0,37968,0,0,0,909540,63,120677,0,1870523,1405/05/24,15:04:43,462249,14050312,14050519,14050524,,0,0,0,0,0,,13800,116880,0,0,0.0,1.0,0.0,1.0,0,قطعی ,1,,,1004101,1010,72,خانگی معمولی,14,4,ضعيف باديماندزير سي كيلووات,28,1,خانگي,00,خانگی معمولی,قرائت مامور,2026-08-16 03:51:15,
NON_FAHAM,224529290,2401759,184310945,186229338,3626131,,1405/01/17,1405/03/15,60,7240175902224,265850230,0,1,1,1405021,5,,,1405/03/24,1405/06/05,00:26:24,0.0,0,286,0,0,0,0,0,0,0,0,540085,0,0,0,0,0,0,0,32476,0,0,0,1526655,338,59336,0,1131683,1405/03/19,11:38:56,462249,14050117,14050315,14050319,14050605,0,0,0,0,0,,10500,56088,0,0,0.0,1.0,0.0,1.0,0,قطعی ,1,تغییر در ایین نامه ها و دستورالعمل ها,05,1004101,1010,72,خانگی معمولی,14,4,ضعيف باديماندزير سي كيلووات,28,1,خانگي,00,خانگی معمولی,قرائت مامور,2026-06-10 20:21:08,2026-08-27 10:21:03
NON_FAHAM,226931753,2401759,184310945,186229338,3626131,,1405/01/17,1405/03/15,60,7240175902224,260650208,0,1,1,1405021,5,,,1405/03/24,1405/06/10,18:50:27,0.0,0,286,0,0,0,0,0,0,0,0,540085,0,0,0,0,0,0,0,32476,0,0,0,1526655,527,54893,0,1079872,1405/06/05,00:26:24,3,14050117,14050315,14050605,14050610,44426,0,0,0,0,,12000,51646,0,0,0.0,1.0,0.0,1.0,0,قطعی ,1,تغییر در ایین نامه ها و دستورالعمل ها,05,1004101,1010,72,خانگی معمولی,14,4,ضعيف باديماندزير سي كيلووات,28,1,خانگي,00,خانگی معمولی,قرائت مامور,2026-08-27 05:52:50,2026-09-02 07:59:11
NON_FAHAM,227736447,2401759,184310945,186229338,3626131,,1405/01/17,1405/03/15,60,7240175902224,265950293,0,1,1,1405021,,,,1405/03/24,,,0.0,0,286,0,0,0,0,0,0,0,0,540085,0,0,0,0,0,0,0,32476,0,0,0,1526655,838,59336,0,1133183,1405/06/10,18:50:27,3,14050117,14050315,14050610,,0,0,0,0,0,,12000,56088,0,0,0.0,1.0,0.0,1.0,0,قطعی ,1,,,1004101,1010,72,خانگی معمولی,14,4,ضعيف باديماندزير سي كيلووات,28,1,خانگي,00,خانگی معمولی,قرائت مامور,2026-09-02 02:56:08,
NON_FAHAM,226481785,2401759,186229338,188159207,3626131,,1405/03/15,1405/05/16,63,7240175902224,366350378,0,1,1,1405031,5,,,1405/05/29,1405/06/05,00:26:24,0.0,0,223,0,0,0,0,0,0,0,0,435652,0,0,0,0,0,0,0,34667,0,0,0,2658338,714,48654,0,1005376,1405/05/24,15:01:25,462249,14050315,14050516,14050524,14050605,0,0,0,0,0,,12600,45187,0,0,0.0,1.0,0.0,1.0,0,قطعی ,1,تغییر در ایین نامه ها و دستورالعمل ها,05,1004101,1010,72,خانگی معمولی,14,4,ضعيف باديماندزير سي كيلووات,28,1,خانگي,00,خانگی معمولی,قرائت مامور,2026-08-16 03:50:30,2026-08-27 20:19:54
NON_FAHAM,226931757,2401759,186229338,188159207,3626131,,1405/03/15,1405/05/16,63,7240175902224,348850363,0,1,1,1405031,5,,,1405/05/29,1405/06/10,18:50:27,0.0,0,223,0,0,0,0,0,0,0,0,435652,0,0,0,0,0,0,0,34667,0,0,0,2658338,561,34058,0,830223,1405/06/05,00:26:24,3,14050315,14050516,14050605,14050610,145961,0,0,0,0,,12600,30591,0,0,0.0,1.0,0.0,1.0,0,قطعی ,1,تغییر در ایین نامه ها و دستورالعمل ها,05,1004101,1010,72,خانگی معمولی,14,4,ضعيف باديماندزير سي كيلووات,28,1,خانگي,00,خانگی معمولی,قرائت مامور,2026-08-27 06:11:50,2026-09-02 19:48:44
NON_FAHAM,227736457,2401759,186229338,188159207,3626131,,1405/03/15,1405/05/16,63,7240175902224,366350378,0,1,1,1405031,,,,1405/05/29,,,0.0,0,223,0,0,0,0,0,0,0,0,435652,0,0,0,0,0,0,0,34667,0,0,0,2658338,714,48654,0,1005376,1405/06/10,18:50:27,3,14050315,14050516,14050610,,0,0,0,0,0,,12600,45187,0,0,0.0,1.0,0.0,1.0,0,قطعی ,1,,,1004101,1010,72,خانگی معمولی,14,4,ضعيف باديماندزير سي كيلووات,28,1,خانگي,00,خانگی معمولی,قرائت مامور,2026-09-02 03:43:01,
NON_FAHAM,225313538,2405181,185037375,187018806,3643810,,1405/02/13,1405/04/10,59,7240518102229,101650246,0,1,1,1405021,5,,,1405/04/21,1405/06/05,00:11:47,0.0,0,226,0,0,0,0,0,0,0,0,446667,0,0,0,0,0,0,0,32466,0,0,0,858,492,49557,0,1015634,1405/04/16,11:37:59,462249,14050213,14050410,14050416,14050605,0,0,0,0,0,,11800,46310,0,0,0.0,1.0,0.0,1.0,0,قطعی ,1,تغییر در ایین نامه ها و دستورالعمل ها,05,1004101,1010,72,خانگی معمولی,14,4,ضعيف باديماندزير سي كيلووات,28,1,خانگي,00,خانگی معمولی,قرائت مامور,2026-07-08 03:09:08,2026-08-27 13:07:54
NON_FAHAM,226926738,2405181,185037375,187018806,3643810,,1405/02/13,1405/04/10,59,7240518102229,89550262,0,1,1,1405021,5,,,1405/04/21,1405/06/10,18:50:02,0.0,0,226,0,0,0,0,0,0,0,0,446667,0,0,0,0,0,0,0,32466,0,0,0,858,540,39478,0,894682,1405/06/05,00:11:47,3,14050213,14050410,14050605,14050610,100794,0,0,0,0,,11800,36231,0,0,0.0,1.0,0.0,1.0,0,قطعی ,1,تغییر در ایین نامه ها و دستورالعمل ها,05,1004101,1010,72,خانگی معمولی,14,4,ضعيف باديماندزير سي كيلووات,28,1,خانگي,00,خانگی معمولی,قرائت مامور,2026-08-27 05:59:45,2026-09-02 11:46:26
NON_FAHAM,227734498,2405181,185037375,187018806,3643810,,1405/02/13,1405/04/10,59,7240518102229,101650246,0,1,1,1405021,,,,1405/04/21,,,0.0,0,226,0,0,0,0,0,0,0,0,446667,0,0,0,0,0,0,0,32466,0,0,0,858,492,49557,0,1015634,1405/06/10,18:50:02,3,14050213,14050410,14050610,,0,0,0,0,0,,11800,46310,0,0,0.0,1.0,0.0,1.0,0,قطعی ,1,,,1004101,1010,72,خانگی معمولی,14,4,ضعيف باديماندزير سي كيلووات,28,1,خانگي,00,خانگی معمولی,قرائت مامور,2026-09-02 03:14:46,
NON_FAHAM,228264153,2405181,187018806,188950019,3643810,,1405/04/10,1405/06/08,60,7240518102229,201850315,0,1,1,1405031,,,,1405/06/21,,,0.0,0,481,0,0,0,0,0,0,0,0,1229678,0,0,0,0,0,0,0,33016,0,0,0,39861,169,129768,0,1978308,1405/06/16,12:45:47,462249,14050410,14050608,14050616,,0,0,0,0,0,,12000,126466,0,0,0.0,1.0,0.0,1.0,0,قطعی ,1,,,1004101,1010,72,خانگی معمولی,14,4,ضعيف باديماندزير سي كيلووات,28,1,خانگي,00,خانگی معمولی,قرائت مامور,2026-09-08 02:50:01,
NON_FAHAM,225593726,2408326,185386581,187258033,6716136,,1405/02/16,1405/04/16,62,7240832602228,142250216,0,1,1,1405021,,,,1405/04/28,,,0.0,0,372,0,0,0,0,0,0,0,0,772561,0,0,0,0,0,0,0,34117,0,0,0,967,833,83373,0,1421866,1405/04/23,14:29:36,151031,14050216,14050416,14050423,,0,0,0,0,0,,12400,79962,0,0,0.0,1.0,0.0,1.0,0,قطعی ,1,,,1004101,1010,72,خانگی معمولی,14,4,ضعيف باديماندزير سي كيلووات,28,1,خانگي,00,خانگی معمولی,قرائت مامور,2026-07-15 02:51:53,
NON_FAHAM,228675152,2408326,187258033,189154696,6716136,,1405/04/16,1405/06/14,60,7240832602228,182050333,0,1,1,1405031,,,,1405/06/28,,,0.0,0,403,0,0,0,0,0,0,0,0,852314,0,0,0,0,0,0,0,33016,0,0,0,301401,64,91464,0,1518663,1405/06/23,12:55:36,462249,14050416,14050614,14050623,,0,0,0,0,0,,12000,88162,0,0,0.0,1.0,0.0,1.0,0,قطعی ,1,,,1004101,1010,72,خانگی معمولی,14,4,ضعيف باديماندزير سي كيلووات,28,1,خانگي,00,خانگی معمولی,قرائت مامور,2026-09-15 03:31:49,
NON_FAHAM,225034257,7009860,184806272,186734524,9053375,,1405/01/23,1405/03/18,57,7700986002224,3319250202,0,1,1,1405021,29,,,1405/04/12,1405/06/07,14:09:02,3.961,208,645,597,0,99,0,0,0,0,0,18526958,0,0,0,0,0,0,0,31041,0,0,0,111,279,2757523,0,33192168,1405/04/08,07:29:35,462249,14050123,14050318,14050408,14050607,0,6050752,0,1053980,0,,105000,2754419,0,0,3.961,0.997677,0.0,1.0,0,قطعی ,1,اعمال نرخ های جدید,29,5014103,5110,371,سایر موارد1 -کمتر از سی کیلو وات-سه زمانه,14,4,ضعيف باديماندزير سي كيلووات,22,5,ساير مصارف,01,سایرمصارف 1,قرائت مامور,2026-06-30 02:47:25,2026-08-30 19:52:31
NON_FAHAM,227260425,7009860,184806272,186734524,9053375,,1405/01/23,1405/03/18,57,7700986002224,3320150289,0,1,1,1405021,,,,1405/04/12,,,3.961,208,645,597,0,99,0,0,0,0,0,18526958,0,0,0,0,0,0,0,31041,0,0,0,111,279,2757523,0,33201168,1405/06/07,14:09:02,461969,14050123,14050318,14050607,,0,6050752,0,1053980,0,,114000,2754419,0,0,3.961,0.997677,0.0,1.0,0,قطعی ,1,,,5014103,5110,371,سایر موارد1 -کمتر از سی کیلو وات-سه زمانه,14,4,ضعيف باديماندزير سي كيلووات,22,5,ساير مصارف,01,سایرمصارف 1,قرائت مامور,2026-08-30 03:02:23,
NON_FAHAM,227350432,7009860,186734524,188502759,9053375,,1405/03/18,1405/05/24,68,7700986002224,4128450305,0,1,1,1405031,,,,1405/06/14,,,7.777,288,1080,361,0,220,0,0,0,0,0,23095137,0,0,0,0,0,0,0,37418,0,0,4039515,31279,590,3426754,0,41253311,1405/06/09,13:31:53,462249,14050318,14050524,14050609,,0,3828405,0,1526976,0,,136000,3423013,54,0,7.777,0.992002,0.0,1.0,0,قطعی ,1,,,5014103,5110,371,سایر موارد1 -کمتر از سی کیلو وات-سه زمانه,14,4,ضعيف باديماندزير سي كيلووات,22,5,ساير مصارف,01,سایرمصارف 1,قرائت مامور,2026-09-01 03:01:47,
NON_FAHAM,226059080,7026159,185655176,187731044,9180391,,1405/02/18,1405/04/24,68,7702615902225,262650377,0,1,1,1405031,,,,1405/05/11,,,2.412,53,67,18,0,0,0,0,0,0,0,1463490,0,0,0,0,0,0,0,37418,0,0,95436,214500,192,189953,0,2411692,1405/05/06,16:39:48,462249,14050218,14050424,14050506,,0,190890,0,281006,0,,136000,186211,23,0,2.412,1.0,0.0,1.0,0,قطعی ,1,,,5014103,5110,371,سایر موارد1 -کمتر از سی کیلو وات-سه زمانه,14,4,ضعيف باديماندزير سي كيلووات,22,5,ساير مصارف,01,سایرمصارف 1,قرائت مامور,2026-07-29 03:06:59,
NON_FAHAM,226154642,7036040,185865902,187831762,9291253,,1405/03/09,1405/05/03,56,7703604002229,16750362,0,1,1,1405031,,,,1405/05/29,,,0.897,0,1,0,0,0,0,0,0,0,0,10605,0,0,0,0,0,0,0,30815,0,0,4882,0,808,4907,0,167808,1405/05/24,09:51:17,462249,14050309,14050503,14050524,,0,0,0,0,0,,112000,1826,33,0,0.897,1.0,0.0,1.0,0,قطعی ,1,,,5014103,5110,371,سایر موارد1 -کمتر از سی کیلو وات-سه زمانه,14,4,ضعيف باديماندزير سي كيلووات,22,5,ساير مصارف,01,سایرمصارف 1,قرائت مامور,2026-08-16 03:20:11,
NON_FAHAM,226500811,7041644,187347230,188178244,9406983,,1405/03/12,1405/05/16,66,7704164402226,46550364,0,5,1,1405031,,,,1405/05/29,,,0.0,0,0,0,0,0,0,0,0,0,0,0,0,0,0,0,0,0,0,36318,0,0,0,0,548,3632,0,465548,1405/05/24,15:08:31,462249,14050312,14050516,14050524,,0,0,0,0,0,,13200,0,0,0,0.0,0.0,0.0,1.0,0,علی الحساب,4,,,1004103,1010,245,خانگی معمولی-سه زمانه,14,4,ضعيف باديماندزير سي كيلووات,28,1,خانگي,00,خانگی معمولی,قرائت مامور,2026-08-16 03:51:55,
FAHAM,227611180,8013584,187810456,188764215,9436362,,1405/05/01,1405/05/23,22,7801358402222,5706950538,0,5,1,1405051,,,,1405/06/17,,,0.0,0,0,0,0,0,0,0,0,0,0,0,0,0,0,0,21791,0,0,108954,0,0,0,56923471,469,13074,0,145998,1405/06/10,15:13:45,461969,14050501,14050523,14050610,,0,0,0,0,0,,0,2179,0,0,207.0,0.0,0.0,1.0,0,علی الحساب,4,,,4043303,4413,675,صنعتي4 - سی کیلو وات و بالاتر(گزینه3)-سه زمانه,13,3,ضعيف باديماند سي كيلووات وبالاتر,18,4,صنعتي,04,صنعت ومعدن 4,قرائت مامور,2026-09-02 04:06:40,
FAHAM,224429765,8039265,184973689,186127657,6890583,,1405/02/01,1405/03/01,31,7803926502221,13190150232,0,1,1,1405021,,,,1405/03/19,,,53.8,7315,17635,6280,0,8590,0,0,0,0,4848382,23376956,16649536,0,0,0,0,0,0,153525,0,0,0,71306976,36,5050784,0,60594060,1405/03/13,16:56:30,461969,14050201,14050301,14050313,,0,0,0,0,0,,0,5035432,0,0,53.8,0.964192,0.0,1.0,0,قطعی ,1,,,3053133,3520,477,کشاورزی3520 - سی کیلووات و بالاتر-سه زمانه,13,3,ضعيف باديماند سي كيلووات وبالاتر,34,3,كشاورزي,05,کشاورزی5,قرائت مامور,2026-06-04 02:23:05,
FAHAM,225168888,8039265,186127657,186872012,6890583,,1405/03/01,1405/04/01,31,7803926502221,19565750320,0,1,1,1405031,,,,1405/04/16,,,51.6,11430,16970,6345,0,14250,0,0,0,0,7575804,22495432,16821864,0,0,0,0,0,0,153525,0,0,0,131901036,35,5314279,0,63755999,1405/04/11,11:21:58,461969,14050301,14050401,14050411,,0,0,0,0,0,,0,5298927,0,0,51.6,0.925209,0.0,1.0,0,قطعی ,1,,,3053133,3520,477,کشاورزی3520 - سی کیلووات و بالاتر-سه زمانه,13,3,ضعيف باديماند سي كيلووات وبالاتر,34,3,كشاورزي,05,کشاورزی5,قرائت مامور,2026-07-03 09:29:03,
FAHAM,226088890,8039265,186872012,187762029,6890583,,1405/04/01,1405/05/01,31,7803926502221,29138450400,0,1,1,1405041,,,,1405/05/17,,,51.75,12535,18595,6345,0,21720,0,0,0,0,8308198,24649532,16821864,0,23277203,0,0,0,0,153525,0,0,0,195657035,260,7978548,0,95727225,1405/05/11,12:05:55,461969,14050401,14050501,14050511,,0,0,0,0,0,,0,7963196,0,0,51.75,0.865186,0.0517964,1.0,0,قطعی ,1,,,3053133,3520,477,کشاورزی3520 - سی کیلووات و بالاتر-سه زمانه,13,3,ضعيف باديماند سي كيلووات وبالاتر,34,3,كشاورزي,05,کشاورزی5,قرائت مامور,2026-08-03 02:26:00,
FAHAM,227565924,8039265,187762029,188718939,6890583,,1405/05/01,1405/06/01,31,7803926502221,39862250558,0,1,1,1405051,,,,1405/06/17,,,51.6,11900,17910,6335,0,23015,0,0,0,0,7887320,23741496,16795352,0,34458307,0,0,0,0,153525,0,0,0,291384260,273,8937780,0,107238013,1405/06/10,14:05:31,461969,14050501,14050601,14050610,,0,0,0,0,0,,0,8922428,0,0,51.6,0.843517,0.078816,1.0,0,قطعی ,1,,,3053133,3520,477,کشاورزی3520 - سی کیلووات و بالاتر-سه زمانه,13,3,ضعيف باديماند سي كيلووات وبالاتر,34,3,كشاورزي,05,کشاورزی5,قرائت مامور,2026-09-02 04:00:22,
FAHAM,224431291,8084565,185002826,186129183,6703340,,1405/02/01,1405/02/23,22,7808456502221,1749350254,0,1,1,1405021,4,,,1405/03/19,1405/06/04,17:10:04,5.88,60,258,297,0,9,0,0,0,0,149340,1284324,2956932,0,0,0,0,0,0,108954,2613600,0,0,633,502,1460308,0,17492869,1405/03/13,16:57:56,461969,14050201,14050223,14050313,14050604,0,0,0,0,0,,0,1429476,0,0,27.0,0.999893,0.0,1.0,0,قطعی ,1,اشتباه شرکت توزیع در ارائه اطلاعات مشترک,04,2033103,2310,267,عمومی3 -  سی کیلووات و بالاتر-سه زمانه,13,3,ضعيف باديماند سي كيلووات وبالاتر,6,2,عمومي,03,عمومی 3,قرائت مامور,2026-06-04 02:23:04,2026-08-27 09:19:11
FAHAM,226797459,8084565,185002826,186129183,9452841,,1405/02/01,1405/02/23,22,7808456502221,1749350254,0,1,1,1405021,,,,1405/03/19,,,5.88,60,258,297,0,9,0,0,0,0,149340,1284324,2956932,0,0,0,0,0,0,108954,2613600,0,0,633,502,1460308,0,17492869,1405/06/04,17:10:04,3,14050201,14050223,14050604,,0,0,0,0,0,,0,1429476,0,0,27.0,0.999893,0.0,1.0,0,قطعی ,1,,,2033133,2330,610,مراکز فرهنگی,13,3,ضعيف باديماند سي كيلووات وبالاتر,6,2,عمومي,03,عمومی 3,قرائت مامور,2026-08-27 05:52:03,
FAHAM,225179120,8084565,186129183,186882244,6703340,,1405/02/23,1405/04/01,40,7808456502221,6450650342,0,1,1,1405031,4,,,1405/04/16,1405/06/04,17:10:04,16.32,129,1497,855,0,888,0,0,0,0,321081,7452066,9831799,0,0,0,0,0,0,198097,4752000,0,0,-3046113,143,5637574,0,67552256,1405/04/11,11:31:14,461969,14050223,14050401,14050411,14050604,0,0,0,0,0,,0,5538946,0,0,27.0,0.94151,0.0,1.0,0,قطعی ,1,اشتباه شرکت توزیع در ارائه اطلاعات مشترک,04,2033103,2310,267,عمومی3 -  سی کیلووات و بالاتر-سه زمانه,13,3,ضعيف باديماند سي كيلووات وبالاتر,6,2,عمومي,03,عمومی 3,قرائت مامور,2026-07-03 09:29:59,2026-08-27 12:41:20
FAHAM,226797463,8084565,186129183,186882244,9452841,,1405/02/23,1405/04/01,40,7808456502221,6717750317,0,1,1,1405031,,,,1405/04/16,,,16.32,129,1497,855,0,888,0,0,0,0,367405,8527217,11213071,0,0,0,0,0,0,198097,4752000,0,0,-3046113,890,5861120,0,70224003,1405/06/04,17:10:04,3,14050223,14050401,14050604,,0,0,0,0,0,,0,5751679,0,0,27.0,0.94151,0.0,1.0,0,قطعی ,1,,,2033133,2330,610,مراکز فرهنگی,13,3,ضعيف باديماند سي كيلووات وبالاتر,6,2,عمومي,03,عمومی 3,قرائت مامور,2026-08-27 05:58:39,
FAHAM,226078466,8084565,186882244,187751595,6703340,,1405/04/01,1405/05/01,31,7808456502221,12506050448,0,1,1,1405041,4,,,1405/05/17,1405/06/04,17:10:04,20.16,183,1503,840,0,987,0,0,0,0,455487,7481934,10035648,0,0,0,0,0,0,153525,3682800,0,4361879,143,580,10429731,0,125060437,1405/05/11,11:54:53,461969,14050401,14050501,14050511,14050604,0,0,0,0,0,,0,10333399,31,0,27.0,0.931422,0.0,1.0,0,قطعی ,1,اشتباه شرکت توزیع در ارائه اطلاعات مشترک,04,2033103,2310,267,عمومی3 -  سی کیلووات و بالاتر-سه زمانه,13,3,ضعيف باديماند سي كيلووات وبالاتر,6,2,عمومي,03,عمومی 3,قرائت مامور,2026-08-03 02:25:01,2026-08-27 17:23:15
FAHAM,226797465,8084565,186882244,187751595,9452841,,1405/04/01,1405/05/01,31,7808456502221,12997650476,0,1,1,1405041,,,,1405/05/17,,,20.16,183,1503,840,0,987,0,0,0,0,550613,9044489,12131530,0,0,0,0,0,0,153525,3682800,0,5112591,143,101,10840767,0,129975958,1405/06/04,17:10:04,3,14050401,14050501,14050604,,0,0,0,0,0,,0,10727523,31,0,27.0,0.931422,0.0,1.0,0,قطعی ,1,,,2033133,2330,610,مراکز فرهنگی,13,3,ضعيف باديماند سي كيلووات وبالاتر,6,2,عمومي,03,عمومی 3,قرائت مامور,2026-08-27 06:08:21,
FAHAM,227548346,8084565,187751595,188701326,9452841,,1405/05/01,1405/06/01,31,7808456502221,12656650516,0,1,1,1405051,,,,1405/06/17,,,20.4,276,1629,774,0,1050,0,0,0,0,910733,10750608,12259257,0,0,0,0,0,0,153525,3682800,0,5551385,7587848,781,9923991,0,118978933,1405/06/10,13:49:46,461969,14050501,14050601,14050610,,0,0,0,0,0,,0,9815031,31,0,27.0,0.931043,0.0,1.0,0,قطعی ,1,,,2033133,2330,610,مراکز فرهنگی,13,3,ضعيف باديماند سي كيلووات وبالاتر,6,2,عمومي,03,عمومی 3,قرائت مامور,2026-09-02 03:56:16,
FAHAM,224411110,8093095,184999905,186109002,8004601,,1405/02/01,1405/03/01,31,7809309502220,6990950283,0,1,1,1405021,29,,,1405/03/19,1405/04/16,17:22:22,46.8,1800,4632,3096,0,4848,0,0,0,0,3244500,16698360,22322160,0,8026265,0,0,0,0,153525,0,0,0,466,486,8322994,0,99860570,1405/03/13,16:39:28,461969,14050201,14050301,14050313,14050416,0,0,0,0,0,,0,8307641,0,0,450.0,0.891262,0.021024,1.0,0,قطعی ,1,اعمال نرخ های جدید,29,4032303,4313,666,صنعتي3 - فشار متوسط و بالاتر(گزینه 3)-سه زمانه,12,2,متوسط,17,4,صنعتي,03,صنعت ومعدن 3,قرائت مامور,2026-06-04 02:21:51,2026-07-08 04:11:18
FAHAM,225426448,8093095,184999905,186109002,8004601,,1405/02/01,1405/03/01,31,7809309502220,6990950283,0,1,1,1405021,29,,,1405/03/19,1405/04/20,13:20:00,46.8,1800,4632,3096,0,4848,0,0,0,0,3244500,16698360,22322160,0,8026265,0,0,0,0,153525,0,0,0,466,486,8322994,0,99860570,1405/04/16,17:22:22,3,14050201,14050301,14050416,14050420,0,0,0,0,0,,0,8307641,0,0,450.0,0.891262,0.021024,1.0,0,قطعی ,1,اعمال نرخ های جدید,29,4032303,4313,666,صنعتي3 - فشار متوسط و بالاتر(گزینه 3)-سه زمانه,12,2,متوسط,17,4,صنعتي,03,صنعت ومعدن 3,قرائت مامور,2026-07-08 02:56:17,2026-07-12 02:55:14
FAHAM,225448009,8093095,184999905,186109002,8004601,,1405/02/01,1405/03/01,31,7809309502220,7232550238,0,1,1,1405021,,,,1405/03/19,,,46.8,1800,4632,3096,0,4848,0,0,0,0,3244500,16698360,22322160,0,8026265,0,0,0,0,153525,0,0,0,466,937,10739446,0,128857999,1405/04/20,13:20:00,3,14050201,14050301,14050420,,0,0,0,0,0,,0,10724093,0,0,450.0,0.891262,0.021024,1.0,0,قطعی ,1,,,4032303,4313,666,صنعتي3 - فشار متوسط و بالاتر(گزینه 3)-سه زمانه,12,2,متوسط,17,4,صنعتي,03,صنعت ومعدن 3,قرائت مامور,2026-07-12 02:27:57,
FAHAM,225197296,8093095,186109002,186900440,8004601,,1405/03/01,1405/04/01,31,7809309502220,31980850301,0,1,1,1405031,,,,1405/04/16,,,60.0,1980,5280,3900,0,8016,0,0,0,0,3568950,19034400,28119000,0,55137636,0,0,0,0,153525,0,0,0,99861036,921,18330270,0,219947885,1405/04/11,11:51:55,461969,14050301,14050401,14050411,,0,0,0,0,0,,0,18314917,0,0,450.0,0.812196,0.120419,1.0,0,قطعی ,1,,,4032303,4313,666,صنعتي3 - فشار متوسط و بالاتر(گزینه 3)-سه زمانه,12,2,متوسط,17,4,صنعتي,03,صنعت ومعدن 3,قرائت مامور,2026-07-03 09:31:23,
FAHAM,226078305,8093095,186900440,187751434,8004601,,1405/04/01,1405/05/01,31,7809309502220,36124450434,0,1,1,1405041,,,,1405/05/17,,,106.8,1800,4776,3240,0,8364,0,0,0,0,3244500,17217480,23360400,0,77394022,0,0,0,0,153525,0,0,0,46135824,230,26260313,0,315108406,1405/05/11,11:54:45,461969,14050401,14050501,14050511,,0,0,0,0,0,,0,26244961,0,0,450.0,0.761158,0.195547,1.0,0,قطعی ,1,,,4032303,4313,666,صنعتي3 - فشار متوسط و بالاتر(گزینه 3)-سه زمانه,12,2,متوسط,17,4,صنعتي,03,صنعت ومعدن 3,قرائت مامور,2026-08-03 02:24:58,
FAHAM,227551262,8093095,187751434,188704251,8004601,,1405/05/01,1405/06/01,31,7809309502220,29681150501,0,1,1,1405051,,,,1405/06/17,,,90.0,2040,5544,3816,0,8820,0,0,0,0,3677100,19986120,27513360,0,69554706,0,0,0,0,153525,0,0,0,230,695,24735568,0,296811465,1405/06/10,13:52:06,461969,14050501,14050601,14050610,,0,0,0,0,0,,0,24720216,0,0,450.0,0.790919,0.150561,1.0,0,قطعی ,1,,,4032303,4313,666,صنعتي3 - فشار متوسط و بالاتر(گزینه 3)-سه زمانه,12,2,متوسط,17,4,صنعتي,03,صنعت ومعدن 3,قرائت مامور,2026-09-02 03:57:20,
NON_FAHAM,225542826,8662268,185546885,187207234,8315167,,1405/02/19,1405/04/22,65,7866226802226,,0,1,1,1405021,,,,1405/04/28,,,0.0,0,188,0,0,0,0,0,0,0,0,363780,0,0,0,0,0,0,0,35767,0,0,0,-318695,0,0,0,13000,1405/04/23,12:02:10,462249,14050219,14050422,14050423,,413220,0,0,0,0,,13000,0,0,0,0.0,1.0,0.0,1.0,0,قطعی ,1,,,1004101,1010,72,خانگی معمولی,14,4,ضعيف باديماندزير سي كيلووات,28,1,خانگي,00,خانگی معمولی,قرائت مامور,2026-07-15 02:46:52,
NON_FAHAM,228770481,8662268,187207234,189250101,8315167,,1405/04/22,1405/06/23,63,7866226802226,,0,1,1,1405031,,,,1405/06/28,,,0.0,0,249,0,0,0,0,0,0,0,0,494256,0,0,0,0,0,0,0,34667,0,0,0,-300795,0,0,0,12600,1405/06/23,14:13:01,462249,14050422,14050623,14050623,,547032,0,0,0,0,,12600,0,0,0,0.0,1.0,0.0,1.0,0,قطعی ,1,,,1004101,1010,72,خانگی معمولی,14,4,ضعيف باديماندزير سي كيلووات,28,1,خانگي,00,خانگی معمولی,قرائت مامور,2026-09-15 03:45:14,
NON_FAHAM,224625920,8672054,184307720,186326002,8057430,,1405/01/16,1405/03/12,58,7867205402224,670550206,0,1,1,1405021,5,,,1405/03/24,1405/03/20,14:43:30,0.0,0,371,0,0,0,0,0,0,0,0,4446845,0,0,0,0,0,0,0,31339,0,0,0,513,619,550687,0,6705106,1405/03/19,12:33:57,462249,14050116,14050312,14050319,14050320,0,0,0,0,0,,100000,547553,0,0,0.0,1.0,0.0,1.0,0,قطعی ,1,تغییر در ایین نامه ها و دستورالعمل ها,05,5014101,5110,99,سایر موارد1 -کمتر از سی کیلو وات,14,4,ضعيف باديماندزير سي كيلووات,22,5,ساير مصارف,01,سایرمصارف 1,قرائت مامور,2026-06-10 20:27:49,2026-06-11 02:41:07
NON_FAHAM,224690285,8672054,184307720,186326002,8057430,,1405/01/16,1405/03/12,58,7867205402224,580350259,0,1,1,1405021,,,,1405/03/24,,,0.0,0,371,0,0,0,0,0,0,0,0,3695073,0,0,0,0,0,0,0,31339,0,0,0,513,491,475509,0,5802978,1405/03/20,14:43:30,3,14050116,14050312,14050320,,0,0,0,0,0,,100000,472375,0,0,0.0,1.0,0.0,1.0,0,قطعی ,1,,,5014101,5110,99,سایر موارد1 -کمتر از سی کیلو وات,14,4,ضعيف باديماندزير سي كيلووات,22,5,ساير مصارف,01,سایرمصارف 1,قرائت مامور,2026-06-11 02:23:07,
NON_FAHAM,226555816,8672054,186326002,188233250,8057430,,1405/03/12,1405/05/08,58,7867205402224,1147950382,0,1,1,1405031,,,,1405/05/29,,,0.0,0,583,0,0,0,0,0,0,0,0,6886464,0,0,0,0,0,0,0,31915,0,0,937140,491,722,947202,0,11479231,1405/05/24,16:31:44,462435,14050312,14050508,14050524,,0,0,0,0,0,,116000,944010,38,0,0.0,1.0,0.0,1.0,0,قطعی ,1,,,5014101,5110,99,سایر موارد1 -کمتر از سی کیلو وات,14,4,ضعيف باديماندزير سي كيلووات,22,5,ساير مصارف,01,سایرمصارف 1,قرائت مامور,2026-08-16 03:56:04,
NON_FAHAM,224604266,8689039,184253592,186304343,7694497,,1405/01/18,1405/03/12,56,7868903902227,84950257,0,1,1,1405021,,,,1405/03/24,,,0.0,0,184,0,0,0,0,0,0,0,0,315950,0,0,0,0,0,0,0,30311,0,0,0,142,825,35876,0,849683,1405/03/19,12:15:16,462249,14050118,14050312,14050319,,0,0,0,0,0,,9800,32845,0,11,0.0,1.0,0.0,2.0,0,قطعی ,1,,,1004101,1010,72,خانگی معمولی,14,4,ضعيف باديماندزير سي كيلووات,28,1,خانگي,00,خانگی معمولی,قرائت مامور,2026-06-10 20:26:19,
NON_FAHAM,226401577,8689039,186304343,188078963,7694497,,1405/03/12,1405/05/15,65,7868903902227,121350333,0,1,1,1405031,,,,1405/05/29,,,0.0,0,372,0,0,0,0,0,0,0,0,601524,0,0,0,0,0,0,0,35767,0,0,0,825,368,65893,0,1212543,1405/05/24,13:47:58,462249,14050312,14050515,14050524,,0,0,0,0,0,,13000,62317,0,65,0.0,1.0,0.0,2.0,0,قطعی ,1,,,1004101,1010,72,خانگی معمولی,14,4,ضعيف باديماندزير سي كيلووات,28,1,خانگي,00,خانگی معمولی,قرائت مامور,2026-08-16 03:43:35,
NON_FAHAM,226416553,8715229,186052650,188093937,6999354,,1405/03/11,1405/05/17,68,7871522902221,113150385,0,1,1,1405031,,,,1405/05/29,,,0.0,0,330,0,0,0,0,0,0,0,0,533610,0,0,0,0,0,0,0,37418,0,0,0,949,479,59023,0,1130530,1405/05/24,13:57:48,462249,14050311,14050517,14050524,,0,0,0,0,0,,13600,55281,0,68,0.0,1.0,0.0,2.0,0,قطعی ,1,,,1004101,1010,72,خانگی معمولی,14,4,ضعيف باديماندزير سي كيلووات,28,1,خانگي,00,خانگی معمولی,قرائت مامور,2026-08-16 03:45:09,
FAHAM,224495911,8722703,184216894,186195953,8723982,,1405/01/10,1405/03/02,54,7872270302222,241550210,0,1,1,1405021,5,,,1405/03/24,1405/03/20,14:43:29,1.393,6,43,4,0,25,0,0,0,0,0,561902,0,0,0,0,0,0,0,28922,0,0,0,1437839,546,74550,0,977707,1405/03/19,11:25:26,462249,14050110,14050302,14050319,14050320,0,30875,0,23155,0,,86000,71658,0,0,1.393,0.904432,0.0061568,1.0,0,قطعی ,1,تغییر در ایین نامه ها و دستورالعمل ها,05,5014103,5110,371,سایر موارد1 -کمتر از سی کیلو وات-سه زمانه,14,4,ضعيف باديماندزير سي كيلووات,22,5,ساير مصارف,01,سایرمصارف 1,قرائت مامور,2026-06-10 20:18:53,2026-06-11 02:35:37
FAHAM,224690284,8722703,184216894,186195953,8723982,,1405/01/10,1405/03/02,54,7872270302222,234050245,0,1,1,1405021,,,,1405/03/24,,,1.393,6,43,4,0,25,0,0,0,0,0,497827,0,0,0,0,0,0,0,28922,0,0,0,1437839,666,68310,0,902827,1405/03/20,14:43:29,3,14050110,14050302,14050320,,0,37572,0,28177,0,,86000,65418,0,0,1.393,0.904432,0.0061568,1.0,0,قطعی ,1,,,5014103,5110,371,سایر موارد1 -کمتر از سی کیلو وات-سه زمانه,14,4,ضعيف باديماندزير سي كيلووات,22,5,ساير مصارف,01,سایرمصارف 1,قرائت مامور,2026-06-11 02:22:37,
FAHAM,226191809,8722703,186195953,187868963,8723982,,1405/03/02,1405/05/09,69,7872270302222,129550305,0,1,1,1405031,,,,1405/05/29,,,1.213,8,37,12,0,27,0,0,0,0,0,604485,0,0,0,0,0,0,0,37968,0,0,82216,666,939,96756,0,1295273,1405/05/24,10:18:04,462249,14050302,14050509,14050524,,0,127260,0,42416,0,,138000,92959,39,0,1.213,0.903738,0.00692918,1.0,0,قطعی ,1,,,5014103,5110,371,سایر موارد1 -کمتر از سی کیلو وات-سه زمانه,14,4,ضعيف باديماندزير سي كيلووات,22,5,ساير مصارف,01,سایرمصارف 1,قرائت مامور,2026-08-16 03:23:45,
FAHAM,225968988,8736524,185699695,187640919,8456522,,1405/02/18,1405/04/22,66,7873652402223,11668250398,0,1,1,1405031,,,,1405/05/11,,,8.795,1450,2693,764,0,2917,0,0,0,0,0,78096307,0,0,0,0,0,0,0,36318,0,0,4998927,283,757,9712842,0,116682474,1405/05/06,12:58:33,462249,14050218,14050422,14050506,,0,7648081,0,7256984,0,,132000,9709210,21,0,8.795,0.859588,0.0586469,1.0,0,قطعی ,1,,,5014103,5110,371,سایر موارد1 -کمتر از سی کیلو وات-سه زمانه,14,4,ضعيف باديماندزير سي كيلووات,22,5,ساير مصارف,01,سایرمصارف 1,قرائت مامور,2026-07-29 02:58:39,
NON_FAHAM,225999991,8787351,185818507,187671948,8306065,,1405/03/02,1405/05/03,63,7878735102223,46350353,0,1,1,1405031,,,,1405/05/11,,,0.0,0,0,0,0,0,0,0,0,0,0,0,0,0,0,0,0,0,0,34667,0,0,3632,295232,724,3830,0,168492,1405/05/06,13:31:34,151031,14050302,14050503,14050506,,0,0,0,0,0,,126000,363,33,0,0.0,0.0,0.0,1.0,0,قطعی ,1,,,5014101,5110,99,سایر موارد1 -کمتر از سی کیلو وات,14,4,ضعيف باديماندزير سي كيلووات,22,5,ساير مصارف,01,سایرمصارف 1,قرائت مامور,2026-07-29 03:02:21,
FAHAM,224408766,8792286,184998490,186106658,7242581,,1405/02/01,1405/03/01,31,7879228602229,8726750275,0,1,1,1405021,,,,1405/03/19,,,36.08,810,2620,772,0,3804,0,0,0,0,1460025,9445100,5566120,0,47667061,0,3880083,0,0,153525,0,2775642,0,134,161,7273532,0,87267027,1405/03/13,16:37:28,461969,14050201,14050301,14050313,,0,0,0,0,0,,0,7258179,0,0,36.08,0.741343,0.227501,1.0,0,قطعی ,1,,,4044113,4410,531,صنعتی 4410 - کمتر از سی کیلو وات-سه زمانه,14,4,ضعيف باديماندزير سي كيلووات,18,4,صنعتي,04,صنعت ومعدن 4,قرائت مامور,2026-06-04 02:21:47,
FAHAM,225201031,8792286,186106658,186904172,7242581,,1405/03/01,1405/04/01,31,7879228602229,19874750360,0,1,1,1405031,,,,1405/04/16,,,40.48,784,2568,702,0,4210,0,0,0,0,1413160,9257640,5061420,0,67237564,0,3991742,0,0,153525,0,4072966,0,87267161,181,9291281,0,111480020,1405/04/11,11:58:17,461969,14050301,14050401,14050411,,0,0,0,0,0,,0,9275929,0,0,40.48,0.693635,0.311929,1.0,0,قطعی ,1,,,4044113,4410,531,صنعتی 4410 - کمتر از سی کیلو وات-سه زمانه,14,4,ضعيف باديماندزير سي كيلووات,18,4,صنعتي,04,صنعت ومعدن 4,قرائت مامور,2026-07-03 09:31:42,
FAHAM,226074651,8792286,186904172,187747776,7242581,,1405/04/01,1405/05/01,31,7879228602229,29917250435,0,1,1,1405041,,,,1405/05/17,,,35.76,988,2256,800,0,4140,0,0,0,0,1780870,8132880,5768000,0,59946188,0,3672239,0,0,153525,0,2525919,0,198747181,19,8370016,0,100424838,1405/05/11,11:51:01,461969,14050401,14050501,14050511,,0,0,0,0,0,,0,8354663,0,0,35.76,0.698764,0.302299,1.0,0,قطعی ,1,,,4044113,4410,531,صنعتی 4410 - کمتر از سی کیلو وات-سه زمانه,14,4,ضعيف باديماندزير سي كيلووات,18,4,صنعتي,04,صنعت ومعدن 4,قرائت مامور,2026-08-03 02:24:39,
FAHAM,227584651,8792286,187747776,188737682,7242581,,1405/05/01,1405/06/01,31,7879228602229,8596250534,0,1,1,1405051,,,,1405/06/17,,,43.44,1064,2130,620,0,3518,0,0,0,0,1917860,7678650,4470200,0,47739063,0,3714473,0,0,153525,0,4352131,0,19,970,7164859,0,85962951,1405/06/10,14:19:28,461969,14050501,14050601,14050610,,0,0,0,0,0,,0,7149506,0,0,43.44,0.735055,0.238003,1.0,0,قطعی ,1,,,4044113,4410,531,صنعتی 4410 - کمتر از سی کیلو وات-سه زمانه,14,4,ضعيف باديماندزير سي كيلووات,18,4,صنعتي,04,صنعت ومعدن 4,قرائت مامور,2026-09-02 04:04:27,
FAHAM,224416740,8832934,184978607,186114632,7288738,,1405/02/01,1405/03/01,31,7883293402226,795750208,0,1,1,1405021,29,,,1405/03/19,1405/04/16,17:25:38,12.12,270,765,141,0,324,0,0,0,0,486675,2757825,1016610,0,0,0,882927,0,0,153525,0,0,0,26081928,562,1595208,0,19127145,1405/03/13,16:44:31,461969,14050201,14050301,14050313,14050416,0,0,0,0,0,,0,1579856,0,0,54.0,0.964079,0.0,1.0,0,قطعی ,1,اعمال نرخ های جدید,29,4043303,4413,675,صنعتي4 - سی کیلو وات و بالاتر(گزینه3)-سه زمانه,13,3,ضعيف باديماند سي كيلووات وبالاتر,18,4,صنعتي,04,صنعت ومعدن 4,قرائت مامور,2026-06-04 02:22:16,2026-07-08 04:18:47
FAHAM,225428698,8832934,184978607,186114632,7288738,,1405/02/01,1405/03/01,31,7883293402226,795750208,0,1,1,1405021,29,,,1405/03/19,1405/04/20,13:38:29,12.12,270,765,141,0,324,0,0,0,0,486675,2757825,1016610,0,0,0,882927,0,0,153525,0,0,0,26081928,562,1595208,0,19127145,1405/04/16,17:25:38,3,14050201,14050301,14050416,14050420,0,0,0,0,0,,0,1579856,0,0,54.0,0.964079,0.0,1.0,0,قطعی ,1,اعمال نرخ های جدید,29,4043303,4413,675,صنعتي4 - سی کیلو وات و بالاتر(گزینه3)-سه زمانه,13,3,ضعيف باديماند سي كيلووات وبالاتر,18,4,صنعتي,04,صنعت ومعدن 4,قرائت مامور,2026-07-08 02:56:27,2026-07-12 02:50:07
FAHAM,225453453,8832934,184978607,186114632,7288738,,1405/02/01,1405/03/01,31,7883293402226,885850201,0,1,1,1405021,,,,1405/03/19,,,12.12,270,765,141,0,324,0,0,0,0,486675,2757825,1016610,0,0,0,882927,0,0,153525,0,0,0,26081928,712,2496359,0,29940952,1405/04/20,13:38:29,3,14050201,14050301,14050420,,0,0,0,0,0,,0,2481006,0,0,54.0,0.964079,0.0,1.0,0,قطعی ,1,,,4043303,4413,675,صنعتي4 - سی کیلو وات و بالاتر(گزینه3)-سه زمانه,13,3,ضعيف باديماند سي كيلووات وبالاتر,18,4,صنعتي,04,صنعت ومعدن 4,قرائت مامور,2026-07-12 02:28:05,
FAHAM,225169547,8832934,186114632,186872671,7288738,,1405/03/01,1405/04/01,31,7883293402226,3570450375,0,1,1,1405031,,,,1405/04/16,,,11.88,462,1020,375,0,312,0,0,0,0,832755,3677100,2703750,0,0,0,1473426,0,0,153525,0,0,0,1073,850,2976594,0,35703777,1405/04/11,11:22:31,461969,14050301,14050401,14050411,,0,0,0,0,0,,0,2961242,0,0,54.0,0.986178,0.0,1.0,0,قطعی ,1,,,4043303,4413,675,صنعتي4 - سی کیلو وات و بالاتر(گزینه3)-سه زمانه,13,3,ضعيف باديماند سي كيلووات وبالاتر,18,4,صنعتي,04,صنعت ومعدن 4,قرائت مامور,2026-07-03 09:29:02,
FAHAM,226084650,8832934,186872671,187757788,7288738,,1405/04/01,1405/05/01,31,7883293402226,7015850460,0,1,1,1405041,,,,1405/05/17,,,22.44,720,1716,894,0,609,0,0,0,0,1297800,6186180,6445740,0,0,0,2816649,0,0,153525,0,0,0,429,282,5847767,0,70157853,1405/05/11,12:01:29,461969,14050401,14050501,14050511,,0,0,0,0,0,,0,5832415,0,0,54.0,0.983685,0.0,1.0,0,قطعی ,1,,,4043303,4413,675,صنعتي4 - سی کیلو وات و بالاتر(گزینه3)-سه زمانه,13,3,ضعيف باديماند سي كيلووات وبالاتر,18,4,صنعتي,04,صنعت ومعدن 4,قرائت مامور,2026-08-03 02:25:39,
FAHAM,227549727,8832934,187757788,188702709,7288738,,1405/05/01,1405/06/01,31,7883293402226,7474150560,0,1,1,1405051,,,,1405/06/17,,,23.52,765,1758,906,0,756,0,0,0,0,1378913,6337590,6532260,0,0,0,2880458,0,0,153525,0,0,0,282,386,6229705,0,74741104,1405/06/10,13:50:58,461969,14050501,14050601,14050610,,0,0,0,0,0,,0,6214352,0,0,54.0,0.976548,0.0,1.0,0,قطعی ,1,,,4043303,4413,675,صنعتي4 - سی کیلو وات و بالاتر(گزینه3)-سه زمانه,13,3,ضعيف باديماند سي كيلووات وبالاتر,18,4,صنعتي,04,صنعت ومعدن 4,قرائت مامور,2026-09-02 03:56:29,
FAHAM,224419713,8900352,184979488,186117605,8855141,,1405/02/01,1405/03/01,31,7890035202227,,0,1,1,1405021,,,,1405/03/19,,,33.783,1763,4618,1928,0,2374,0,0,0,0,701674,3675928,3069376,0,0,0,0,0,0,153525,0,0,0,-20268561,0,543501,0,10492339,1405/03/13,16:47:21,461969,14050201,14050301,14050313,,0,0,0,0,0,,0,890483,0,0,33.783,0.961524,0.0,1.0,0,قطعی ,1,,,3013103,3110,307,کشاورزی1 -سی کیلووات و بالاتر-سه زمانه,13,3,ضعيف باديماند سي كيلووات وبالاتر,11,3,كشاورزي,01,کشاورزی 1,قرائت مامور,2026-06-04 02:22:29,
FAHAM,225199663,8900352,186117605,186902807,8855141,,1405/03/01,1405/04/01,31,7890035202227,,0,1,1,1405031,,,,1405/04/16,,,32.899,2270,5270,24,0,2503,0,0,0,0,903460,4194920,38208,0,0,0,0,0,0,153525,0,0,0,-9776222,0,397035,0,7660659,1405/04/11,11:55:42,461969,14050301,14050401,14050411,,0,0,0,0,0,,0,646373,0,0,32.899,0.949371,0.0,1.0,0,قطعی ,1,,,3013103,3110,307,کشاورزی1 -سی کیلووات و بالاتر-سه زمانه,13,3,ضعيف باديماند سي كيلووات وبالاتر,11,3,كشاورزي,01,کشاورزی 1,قرائت مامور,2026-07-03 09:31:29,
FAHAM,226088982,8900352,186902807,187762121,8855141,,1405/04/01,1405/05/01,31,7890035202227,369250435,0,1,1,1405041,,,,1405/05/17,,,31.984,1363,4000,18,0,1858,0,0,0,0,542474,3184000,28656,0,0,0,0,0,0,153525,0,0,0,-2115563,416,485278,0,5807979,1405/05/11,12:05:59,461969,14050401,14050501,14050511,,0,0,0,0,0,,0,469925,0,0,32.4,0.945238,0.0,1.0,0,قطعی ,1,,,3013103,3110,307,کشاورزی1 -سی کیلووات و بالاتر-سه زمانه,13,3,ضعيف باديماند سي كيلووات وبالاتر,11,3,كشاورزي,01,کشاورزی 1,قرائت مامور,2026-08-03 02:26:01,
FAHAM,227574050,8900352,187762121,188727073,8855141,,1405/05/01,1405/06/01,31,7890035202227,582950513,0,1,1,1405051,,,,1405/06/17,,,30.703,959,4224,36,0,1849,0,0,0,0,381682,3362304,57312,0,0,0,0,0,0,153525,0,0,0,416,688,487052,0,5829272,1405/06/10,14:11:30,461969,14050501,14050601,14050610,,0,0,0,0,0,,0,471700,0,0,32.4,0.942593,0.0,1.0,0,قطعی ,1,,,3013103,3110,307,کشاورزی1 -سی کیلووات و بالاتر-سه زمانه,13,3,ضعيف باديماند سي كيلووات وبالاتر,11,3,كشاورزي,01,کشاورزی 1,قرائت مامور,2026-09-02 04:02:13,
FAHAM,224408851,8903053,184998576,186106743,9315302,,1405/01/31,1405/03/01,32,7890305302229,90450233,0,1,1,1405021,,,,1405/03/19,,,3.221,245,273,135,0,106,0,0,0,0,95274,212326,209993,0,0,0,1807,0,0,158154,0,0,0,971,22,47528,0,903051,1405/03/13,16:37:32,461969,14050131,14050301,14050313,,0,0,0,0,0,,0,63397,0,0,27.0,0.98708,0.0,1.0,0,قطعی ,1,,,3014103,3110,309,کشاورزی1 - کمتر از سی کیلووات-سه زمانه,14,4,ضعيف باديماندزير سي كيلووات,11,3,كشاورزي,01,کشاورزی 1,قرائت مامور,2026-06-04 02:21:48,
FAHAM,225201067,8903053,186106743,186904208,9315302,,1405/03/01,1405/04/01,31,7890305302229,92250304,0,1,1,1405031,,,,1405/04/16,,,3.805,179,321,136,0,261,0,0,0,0,71242,255516,216512,0,0,0,0,0,0,153525,0,0,0,22,395,48503,0,922373,1405/04/11,11:58:22,461969,14050301,14050401,14050411,,0,0,0,0,0,,0,65486,0,0,27.0,0.925129,0.0,1.0,0,قطعی ,1,,,3014103,3110,309,کشاورزی1 - کمتر از سی کیلووات-سه زمانه,14,4,ضعيف باديماندزير سي كيلووات,11,3,كشاورزي,01,کشاورزی 1,قرائت مامور,2026-07-03 09:31:37,
FAHAM,226074775,8903053,186904208,187747900,9414467,,1405/04/01,1405/05/01,31,7890305302229,154050408,0,1,1,1405041,,,,1405/05/17,,,3.558,240,450,157,0,464,0,0,0,0,95520,358200,249944,0,290076,0,0,0,0,153525,0,0,0,395,93,129588,0,1539698,1405/05/11,11:51:06,461969,14050401,14050501,14050511,,0,0,0,0,0,,0,114235,0,0,27.0,0.877024,0.0376004,1.0,0,قطعی ,1,,,3014103,3110,309,کشاورزی1 - کمتر از سی کیلووات-سه زمانه,14,4,ضعيف باديماندزير سي كيلووات,11,3,كشاورزي,01,کشاورزی 1,قرائت مامور,2026-08-03 02:24:40,
FAHAM,227547189,8903053,187747900,188700168,9414467,,1405/05/01,1405/06/01,31,7890305302229,288150506,0,1,1,1405051,,,,1405/06/17,,,2.93,232,363,124,0,400,0,0,0,0,92336,288948,197408,0,272457,0,0,0,0,153525,0,0,0,1540093,732,113083,0,1341639,1405/06/10,13:48:43,461969,14050501,14050601,14050610,,0,0,0,0,0,,0,97730,0,0,27.0,0.87387,0.0413443,1.0,0,قطعی ,1,,,3014103,3110,309,کشاورزی1 - کمتر از سی کیلووات-سه زمانه,14,4,ضعيف باديماندزير سي كيلووات,11,3,كشاورزي,01,کشاورزی 1,قرائت مامور,2026-09-02 03:56:09,
FAHAM,224434366,8930799,184986594,186132258,7392194,,1405/02/01,1405/03/01,31,7893079902225,236550203,0,1,1,1405021,29,,,1405/03/19,1405/04/16,17:26:02,1.6,184,76,76,0,60,0,0,0,0,331660,273980,547960,0,0,0,261425,0,0,153525,0,0,0,-394664,362,305199,0,3647034,1405/03/13,17:02:58,461969,14050201,14050301,14050313,14050416,0,0,0,0,0,,0,289846,0,0,45.0,0.984428,0.0,1.0,0,قطعی ,1,اعمال نرخ های جدید,29,4063303,4613,733,صنعتي6 - سی کیلو وات و بالاتر(گزینه3)-سه زمانه,13,3,ضعيف باديماند سي كيلووات وبالاتر,20,4,صنعتي,06,صنعت ومعدن 6,قرائت مامور,2026-06-04 02:23:23,2026-07-08 04:27:46
FAHAM,225428977,8930799,184986594,186132258,7392194,,1405/02/01,1405/03/01,31,7893079902225,236550203,0,1,1,1405021,29,,,1405/03/19,1405/04/20,13:32:11,1.6,184,76,76,0,60,0,0,0,0,331660,273980,547960,0,0,0,261425,0,0,153525,0,0,0,-394664,362,305199,0,3647034,1405/04/16,17:26:02,3,14050201,14050301,14050416,14050420,0,0,0,0,0,,0,289846,0,0,45.0,0.984428,0.0,1.0,0,قطعی ,1,اعمال نرخ های جدید,29,4063303,4613,733,صنعتي6 - سی کیلو وات و بالاتر(گزینه3)-سه زمانه,13,3,ضعيف باديماند سي كيلووات وبالاتر,20,4,صنعتي,06,صنعت ومعدن 6,قرائت مامور,2026-07-08 02:56:57,2026-07-12 02:57:27
FAHAM,225451037,8930799,184986594,186132258,7392194,,1405/02/01,1405/03/01,31,7893079902225,248450280,0,1,1,1405021,,,,1405/03/19,,,1.6,184,76,76,0,60,0,0,0,0,331660,273980,547960,0,0,0,261425,0,0,153525,0,0,0,-394664,327,424163,0,5074600,1405/04/20,13:32:11,3,14050201,14050301,14050420,,0,0,0,0,0,,0,408810,0,0,45.0,0.984428,0.0,1.0,0,قطعی ,1,,,4063303,4613,733,صنعتي6 - سی کیلو وات و بالاتر(گزینه3)-سه زمانه,13,3,ضعيف باديماند سي كيلووات وبالاتر,20,4,صنعتي,06,صنعت ومعدن 6,قرائت مامور,2026-07-12 02:28:27,
FAHAM,225191782,8930799,186132258,186894926,7392194,,1405/03/01,1405/04/01,31,7893079902225,887650362,0,1,1,1405031,,,,1405/04/16,,,1.76,160,136,52,0,116,0,0,0,0,288400,490280,374920,0,0,0,261425,0,0,153525,0,0,0,3252370,559,469962,0,5624189,1405/04/11,11:46:09,461969,14050301,14050401,14050411,,0,0,0,0,0,,0,454609,0,0,45.0,0.948683,0.0,1.0,0,قطعی ,1,,,4063303,4613,733,صنعتي6 - سی کیلو وات و بالاتر(گزینه3)-سه زمانه,13,3,ضعيف باديماند سي كيلووات وبالاتر,20,4,صنعتي,06,صنعت ومعدن 6,قرائت مامور,2026-07-03 09:31:00,
FAHAM,226073184,8930799,186894926,187746309,7392194,,1405/04/01,1405/05/01,31,7893079902225,732450448,0,1,1,1405041,,,,1405/05/17,,,1.92,128,144,32,0,128,0,0,0,0,230720,519120,230720,0,0,0,226817,0,0,153525,0,0,0,1428125,544,492648,0,5896419,1405/05/11,11:49:46,461969,14050401,14050501,14050511,,0,0,0,0,0,,0,477295,0,0,45.0,0.921635,0.0,1.0,0,قطعی ,1,,,4063303,4613,733,صنعتي6 - سی کیلو وات و بالاتر(گزینه3)-سه زمانه,13,3,ضعيف باديماند سي كيلووات وبالاتر,20,4,صنعتي,06,صنعت ومعدن 6,قرائت مامور,2026-08-03 02:24:26,
FAHAM,227577282,8930799,187746309,188730309,7392194,,1405/05/01,1405/06/01,31,7893079902225,598450550,0,1,1,1405051,,,,1405/06/17,,,1.92,112,148,28,0,132,0,0,0,0,201880,533540,201880,0,12119,0,218165,0,0,153525,0,0,0,544,212,499918,0,5983668,1405/06/10,14:13:50,461969,14050501,14050601,14050610,,0,0,0,0,0,,0,484566,0,0,45.0,0.909065,0.00102872,1.0,0,قطعی ,1,,,4063303,4613,733,صنعتي6 - سی کیلو وات و بالاتر(گزینه3)-سه زمانه,13,3,ضعيف باديماند سي كيلووات وبالاتر,20,4,صنعتي,06,صنعت ومعدن 6,قرائت مامور,2026-09-02 04:03:19,
FAHAM,224425048,8931839,185003483,186122940,9315478,,1405/02/01,1405/03/01,31,7893183902229,,0,1,1,1405021,,,,1405/03/19,,,55.35,9063,14055,4674,0,25911,0,0,0,0,3607074,11187780,7441008,0,49196532,0,0,0,0,153525,0,0,0,-362232225,0,4587729,0,88680744,1405/03/13,16:51:56,461969,14050201,14050301,14050313,,0,0,0,0,0,,0,7630863,0,0,55.35,0.731425,0.244146,1.0,0,قطعی ,1,,,3013103,3110,307,کشاورزی1 -سی کیلووات و بالاتر-سه زمانه,13,3,ضعيف باديماند سي كيلووات وبالاتر,11,3,كشاورزي,01,کشاورزی 1,قرائت مامور,2026-06-04 02:22:41,
FAHAM,225180061,8931839,186122940,186883185,9315478,,1405/03/01,1405/04/01,31,7893183902229,,0,1,1,1405031,,,,1405/04/16,,,43.32,8961,14412,1734,0,25050,0,0,0,0,3566478,11471952,2760528,0,46124757,0,0,0,0,153525,0,0,0,-273551481,0,4108943,0,79424205,1405/04/11,11:32:08,461969,14050301,14050401,14050411,,0,0,0,0,0,,0,6832885,0,0,43.32,0.70791,0.285474,1.0,0,قطعی ,1,,,3013103,3110,307,کشاورزی1 -سی کیلووات و بالاتر-سه زمانه,13,3,ضعيف باديماند سي كيلووات وبالاتر,11,3,كشاورزي,01,کشاورزی 1,قرائت مامور,2026-07-03 09:30:00,
FAHAM,226079455,8931839,186883185,187752584,9415144,,1405/04/01,1405/05/01,31,7893183902229,,0,1,1,1405041,,,,1405/05/17,,,54.12,8301,13662,0,0,22779,0,0,0,0,3303798,10874952,0,0,40123691,0,0,0,0,153525,0,0,0,-194127276,0,5830947,0,69956016,1405/05/11,11:55:43,461969,14050401,14050501,14050511,,0,0,0,0,0,,0,5815595,0,0,54.12,0.694095,0.311059,1.0,0,قطعی ,1,,,3013103,3110,307,کشاورزی1 -سی کیلووات و بالاتر-سه زمانه,13,3,ضعيف باديماند سي كيلووات وبالاتر,11,3,كشاورزي,01,کشاورزی 1,قرائت مامور,2026-08-03 02:25:02,
FAHAM,227580580,8931839,187752584,188733611,9415144,,1405/05/01,1405/06/01,31,7893183902229,,0,1,1,1405051,,,,1405/06/17,,,62.04,8316,13902,0,0,21675,0,0,0,0,3309768,11065992,0,0,35476876,0,0,0,0,153525,0,0,0,-124171260,0,5390441,0,64669939,1405/06/10,14:16:28,461969,14050501,14050601,14050610,,0,0,0,0,0,,0,5375088,0,0,62.04,0.7158,0.271306,1.0,0,قطعی ,1,,,3013103,3110,307,کشاورزی1 -سی کیلووات و بالاتر-سه زمانه,13,3,ضعيف باديماند سي كيلووات وبالاتر,11,3,كشاورزي,01,کشاورزی 1,قرائت مامور,2026-09-02 04:04:06,
NON_FAHAM,225004290,8970324,184909431,186704476,6090977,,1405/02/07,1405/04/01,56,7897032402220,770950209,0,1,1,1405021,,,,1405/04/12,,,0.0,0,605,0,0,0,0,0,0,0,0,5977430,0,0,0,0,0,0,0,30815,0,0,0,700,817,607383,0,7709117,1405/04/07,11:47:50,462249,14050207,14050401,14050407,,0,0,0,0,0,,11200,604302,0,0,0.0,1.0,0.0,1.0,0,قطعی ,1,,,1004101,1010,72,خانگی معمولی,14,4,ضعيف باديماندزير سي كيلووات,28,1,خانگي,00,خانگی معمولی,قرائت مامور,2026-06-29 02:56:16,
NON_FAHAM,227347296,8970324,186704476,188499623,6090977,,1405/04/01,1405/06/08,69,7897032402220,683450305,0,1,1,1405031,,,,1405/06/14,,,0.0,0,720,0,0,0,0,0,0,0,0,5169840,0,0,0,0,0,0,0,37968,0,0,0,94557,401,526454,0,6739844,1405/06/09,13:30:46,462249,14050401,14050608,14050609,,0,0,0,0,0,,13800,522657,0,0,0.0,1.0,0.0,1.0,0,قطعی ,1,,,1004101,1010,72,خانگی معمولی,14,4,ضعيف باديماندزير سي كيلووات,28,1,خانگي,00,خانگی معمولی,قرائت مامور,2026-09-01 02:57:34,
NON_FAHAM,225133385,8977372,184827634,186834070,9225454,,1405/01/23,1405/03/17,56,7897737202220,1008050229,0,1,1,1405021,29,,,1405/04/12,1405/06/07,14:30:00,3.72,163,361,126,0,0,0,0,0,0,0,7707524,0,0,0,0,0,0,0,30491,0,0,0,991,671,805003,0,10079680,1405/04/08,16:51:01,462249,14050123,14050317,14050408,14050607,0,631177,0,408274,0,,10300,801953,0,0,3.72,1.0,0.0,1.0,0,قطعی ,1,اعمال نرخ های جدید,29,1004103,1010,245,خانگی معمولی-سه زمانه,14,4,ضعيف باديماندزير سي كيلووات,28,1,خانگي,00,خانگی معمولی,قرائت مامور,2026-06-30 02:58:30,2026-08-30 22:11:09
NON_FAHAM,227298198,8977372,184827634,186834070,9225454,,1405/01/23,1405/03/17,56,7897737202220,1008150282,0,1,1,1405021,,,,1405/04/12,,,3.72,163,361,126,0,0,0,0,0,0,0,7707524,0,0,0,0,0,0,0,30491,0,0,0,991,571,805003,0,10080580,1405/06/07,14:30:00,461969,14050123,14050317,14050607,,0,631177,0,408274,0,,11200,801953,0,0,3.72,1.0,0.0,1.0,0,قطعی ,1,,,1004103,1010,245,خانگی معمولی-سه زمانه,14,4,ضعيف باديماندزير سي كيلووات,28,1,خانگي,00,خانگی معمولی,قرائت مامور,2026-08-30 03:05:43,
NON_FAHAM,227514280,8977372,186834070,188666623,9225454,,1405/03/17,1405/05/31,76,7897737202220,2350850381,0,1,1,1405031,,,,1405/06/14,,,3.876,392,680,252,0,0,0,0,0,0,0,18690960,0,0,0,0,0,0,0,41820,0,0,0,3771,926,1923478,0,23505155,1405/06/09,14:32:24,462249,14050317,14050531,14050609,,0,1336104,0,1039192,0,,15200,1919296,0,0,3.876,1.0,0.0,1.0,0,قطعی ,1,,,1004103,1010,245,خانگی معمولی-سه زمانه,14,4,ضعيف باديماندزير سي كيلووات,28,1,خانگي,00,خانگی معمولی,قرائت مامور,2026-09-01 04:38:57,
NON_FAHAM,224773785,8990418,184564494,186468496,4356115,,1405/01/22,1405/03/19,59,7899041802225,416150286,0,1,1,1405021,,,,1405/04/01,,,0.0,0,497,0,0,0,0,0,0,0,0,3039311,0,0,0,0,0,0,0,32106,0,0,0,61,697,311804,0,4161636,1405/03/27,11:45:56,462249,14050122,14050319,14050327,,0,0,0,0,0,,10800,308593,0,0,0.0,1.0,0.0,1.0,0,قطعی ,1,,,1004101,1010,72,خانگی معمولی,14,4,ضعيف باديماندزير سي كيلووات,28,1,خانگي,00,خانگی معمولی,قرائت مامور,2026-06-18 03:09:04,
NON_FAHAM,226634105,8990418,186468496,188315477,4356115,,1405/03/19,1405/05/20,63,7899041802225,716950349,0,1,1,1405031,,,,1405/06/05,,,0.0,0,698,0,0,0,0,0,0,0,0,5527752,0,0,0,0,0,0,0,34667,0,0,0,697,917,562307,0,7169220,1405/05/31,12:47:41,462435,14050319,14050520,14050531,,0,0,0,0,0,,12600,558841,0,0,0.0,1.0,0.0,1.0,0,قطعی ,1,,,1004101,1010,72,خانگی معمولی,14,4,ضعيف باديماندزير سي كيلووات,28,1,خانگي,00,خانگی معمولی,قرائت مامور,2026-08-23 02:55:51,
NON_FAHAM,227401691,9001957,186641278,188554026,7296202,,1405/04/07,1405/06/08,63,7900195702221,104250343,0,5,1,1405031,,,,1405/06/14,,,0.0,0,272,0,0,0,0,0,0,0,0,546098,0,0,0,0,0,0,0,34667,0,0,0,39671,791,60055,0,1003120,1405/06/09,13:46:40,462249,14050407,14050608,14050609,,0,0,0,0,0,,12600,0,0,0,0.0,1.0,0.0,1.0,0,علی الحساب,4,,,1004101,1010,72,خانگی معمولی,14,4,ضعيف باديماندزير سي كيلووات,28,1,خانگي,00,خانگی معمولی,قرائت مامور,2026-09-01 03:38:16,
NON_FAHAM,225730234,9013957,185455073,187398366,4390378,,1405/02/26,1405/04/29,65,7901395702222,211050232,0,5,1,1405021,,,,1405/05/04,,,0.0,0,137,0,0,0,0,0,0,0,0,265095,0,0,0,0,0,0,0,35767,0,0,0,1438509,903,18650,0,672394,1405/04/30,13:44:44,462249,14050226,14050429,14050430,,0,0,0,0,0,,13000,0,0,0,0.0,1.0,0.0,1.0,0,علی الحساب,4,,,1004101,1010,72,خانگی معمولی,14,4,ضعيف باديماندزير سي كيلووات,28,1,خانگي,00,خانگی معمولی,قرائت مامور,2026-07-22 02:47:42,
NON_FAHAM,229112667,9013957,185455073,189423205,4390378,,1405/02/26,1405/06/26,124,7901395702222,75150303,0,5,1,1405031,,,,1405/07/04,,,0.0,0,262,0,0,0,0,0,0,0,0,506970,0,0,0,0,0,0,0,68233,0,0,0,-586902,418,59426,0,1338320,1405/06/30,12:55:56,462435,14050226,14050626,14050630,,0,0,0,0,0,,24800,0,0,0,0.0,1.0,0.0,1.0,0,علی الحساب,4,,,1004101,1010,72,خانگی معمولی,14,4,ضعيف باديماندزير سي كيلووات,28,1,خانگي,00,خانگی معمولی,قرائت مامور,2026-09-22 02:52:29,
NON_FAHAM,224919712,9047511,184649579,186614536,6525441,,1405/01/24,1405/03/17,55,7904751102226,315950298,0,1,1,1405021,,,,1405/04/01,,,0.0,0,417,0,0,0,0,0,0,0,0,2217214,0,0,0,0,0,0,0,29977,0,0,0,924,776,228271,0,3158852,1405/03/27,15:54:07,462249,14050124,14050317,14050327,,0,0,0,0,0,,10200,225273,0,0,0.0,1.0,0.0,1.0,0,قطعی ,1,,,1004101,1010,72,خانگی معمولی,14,4,ضعيف باديماندزير سي كيلووات,28,1,خانگي,00,خانگی معمولی,قرائت مامور,2026-06-18 03:22:53,
NON_FAHAM,226781620,9047511,186614536,188463014,6525441,,1405/03/17,1405/05/24,69,7904751102226,958650380,0,1,1,1405031,,,,1405/06/05,,,0.0,0,707,0,0,0,0,0,0,0,0,4911348,0,0,0,0,0,0,0,37968,0,0,0,3159776,26,500321,0,6426250,1405/05/31,14:30:15,462435,14050317,14050524,14050531,,0,0,0,0,0,,13800,496524,0,0,0.0,1.0,0.0,1.0,0,قطعی ,1,,,1004101,1010,72,خانگی معمولی,14,4,ضعيف باديماندزير سي كيلووات,28,1,خانگي,00,خانگی معمولی,قرائت مامور,2026-08-23 03:09:22,
NON_FAHAM,229041354,9091131,187488853,189351889,6525923,,1405/04/28,1405/06/28,62,7909113102229,668850387,0,1,1,1405031,,,,1405/07/04,,,0.0,188,305,99,0,0,0,0,0,0,0,1730116,0,0,0,0,0,0,0,34117,0,0,0,4086896,525,181687,0,2601629,1405/06/30,12:32:02,462435,14050428,14050628,14050630,,0,191565,0,181984,0,,12400,178275,0,0,0.0,1.0,0.0,1.0,0,قطعی ,1,,,1004103,1010,245,خانگی معمولی-سه زمانه,14,4,ضعيف باديماندزير سي كيلووات,28,1,خانگي,00,خانگی معمولی,قرائت مامور,2026-09-22 02:47:51,
FAHAM,226163015,9099614,185879488,187840155,8031876,,1405/02/25,1405/04/30,67,7909961402224,131450324,0,1,1,1405031,,,,1405/05/29,,,1.912,82,160,69,0,162,0,0,0,0,0,629751,0,0,0,0,0,0,0,36868,0,0,0,598,761,74338,0,1314163,1405/05/24,09:58:31,462249,14050225,14050430,14050524,,0,133515,0,79376,0,,13400,70651,0,0,1.912,0.88689,0.0260576,1.0,0,قطعی ,1,,,1004103,1010,245,خانگی معمولی-سه زمانه,14,4,ضعيف باديماندزير سي كيلووات,28,1,خانگي,00,خانگی معمولی,قرائت مامور,2026-08-16 03:21:00,
NON_FAHAM,224764558,9102428,184636419,186459269,9133988,,1405/01/30,1405/03/25,57,7910242802227,2279350220,0,5,1,1405021,,,,1405/04/01,,,0.0,223,342,129,0,0,0,0,0,0,0,8550954,0,0,0,0,0,0,0,31293,0,0,0,11850779,881,876886,0,10943102,1405/03/27,11:38:31,462249,14050130,14050325,14050327,,0,675716,0,584053,0,,11200,873757,0,0,0.0,1.0,0.0,1.0,0,علی الحساب,4,,,1004103,1010,245,خانگی معمولی-سه زمانه,14,4,ضعيف باديماندزير سي كيلووات,28,1,خانگي,00,خانگی معمولی,قرائت مامور,2026-06-18 03:08:06,
NON_FAHAM,226578371,9102428,184636419,188259720,9133988,,1405/01/30,1405/05/31,125,7910242802227,,0,5,1,1405031,,,,1405/06/05,,,0.0,167,190,129,0,0,0,0,0,0,0,958205,0,0,0,0,0,0,0,68711,0,0,0,-10942221,0,114983,0,2222717,1405/05/31,12:21:07,462435,14050130,14050531,14050531,,0,248494,0,160929,0,,25000,108112,0,0,0.0,1.0,0.0,1.0,0,علی الحساب,4,,,1004103,1010,245,خانگی معمولی-سه زمانه,14,4,ضعيف باديماندزير سي كيلووات,28,1,خانگي,00,خانگی معمولی,قرائت مامور,2026-08-23 02:50:00,
NON_FAHAM,227497056,9160719,186693854,188649395,7648510,,1405/04/06,1405/06/09,65,7916071902226,84150301,0,5,1,1405031,,,,1405/06/14,,,0.0,56,79,24,0,0,0,0,0,0,0,307665,0,0,0,0,0,0,0,35767,0,0,0,3319,814,34723,0,838495,1405/06/09,14:20:28,462249,14050406,14050609,14050609,,0,46440,0,54208,0,,13000,31146,0,0,0.0,1.0,0.0,1.0,0,علی الحساب,4,,,1004103,1010,245,خانگی معمولی-سه زمانه,14,4,ضعيف باديماندزير سي كيلووات,28,1,خانگي,00,خانگی معمولی,قرائت مامور,2026-09-01 04:28:58,
NON_FAHAM,225913596,9176806,185679049,187585515,4639680,,1405/02/29,1405/04/27,60,7917680602227,290450381,0,1,1,1405031,,,,1405/05/11,,,0.0,283,166,145,0,0,0,0,0,0,0,1983828,0,0,0,0,0,0,0,33016,0,0,0,790,306,206868,0,2903516,1405/05/06,12:14:39,462249,14050229,14050427,14050506,,0,304986,0,297758,0,,12000,203567,0,0,0.0,1.0,0.0,1.0,0,قطعی ,1,,,1004103,1010,245,خانگی معمولی-سه زمانه,14,4,ضعيف باديماندزير سي كيلووات,28,1,خانگي,00,خانگی معمولی,قرائت مامور,2026-07-29 02:52:18,
NON_FAHAM,225814091,9192222,185598769,187482226,4666569,,1405/02/24,1405/04/28,66,7919222202220,328150226,0,5,1,1405021,,,,1405/05/04,,,0.0,178,284,112,0,0,0,0,0,0,0,1978282,0,0,0,0,0,0,0,36318,0,0,0,698655,46,126751,0,2582391,1405/04/30,18:06:55,462509,14050224,14050428,14050430,,0,262430,0,208616,0,,13200,0,0,0,0.0,1.0,0.0,1.0,0,علی الحساب,4,,,1004103,1010,245,خانگی معمولی-سه زمانه,14,4,ضعيف باديماندزير سي كيلووات,28,1,خانگي,00,خانگی معمولی,قرائت مامور,2026-07-22 02:54:26,
NON_FAHAM,228968191,9192222,185598769,189278724,4666569,,1405/02/24,1405/06/28,128,7919222202220,1247850304,0,1,1,1405031,,,,1405/07/04,,,0.0,428,663,230,0,0,0,0,0,0,0,9686546,0,0,0,0,0,0,0,70434,0,0,0,850038,384,994810,0,11628346,1405/06/30,12:14:56,462435,14050224,14050628,14050630,,0,1219460,0,1134628,0,,25600,0,0,0,0.0,1.0,0.0,1.0,0,قطعی ,1,,,1004103,1010,245,خانگی معمولی-سه زمانه,14,4,ضعيف باديماندزير سي كيلووات,28,1,خانگي,00,خانگی معمولی,قرائت مامور,2026-09-22 02:42:53,
NON_FAHAM,225982119,9209856,185753203,187654058,7721792,,1405/03/02,1405/05/01,61,7920985602228,57850300,0,1,1,1405031,,,,1405/05/11,,,0.0,78,123,36,0,0,0,0,0,0,0,469335,0,0,0,0,0,0,0,33566,0,0,0,898,820,51429,0,577922,1405/05/06,13:11:30,462249,14050302,14050501,14050506,,0,69660,0,75504,0,,12200,0,0,0,0.0,1.0,0.0,1.0,0,قطعی ,1,,,1004103,1010,245,خانگی معمولی-سه زمانه,14,4,ضعيف باديماندزير سي كيلووات,28,1,خانگي,00,خانگی معمولی,قرائت مامور,2026-07-29 03:00:17,
NON_FAHAM,225992816,9213661,185665956,187664771,7476237,,1405/02/28,1405/05/03,68,7921366102225,415450380,0,5,1,1405031,,,,1405/05/11,,,0.0,65,99,31,0,0,0,0,0,0,0,1140484,0,0,0,0,0,0,0,37418,0,0,113986,1967247,674,171264,0,2187427,1405/05/06,13:23:21,462249,14050228,14050503,14050506,,0,169344,0,177537,0,,136000,167522,33,64,0.0,1.0,0.0,2.0,0,علی الحساب,4,,,5014103,5110,371,سایر موارد1 -کمتر از سی کیلو وات-سه زمانه,14,4,ضعيف باديماندزير سي كيلووات,22,5,ساير مصارف,01,سایرمصارف 1,قرائت مامور,2026-07-29 03:01:24,
NON_FAHAM,224569642,9243831,184321201,186269707,9117026,,1405/01/23,1405/03/19,58,7924383102220,89050294,0,1,1,1405021,,,,1405/03/24,,,0.0,24,44,0,0,0,0,0,0,0,0,431088,0,0,0,0,0,0,0,31591,0,0,0,945,745,39155,0,889800,1405/03/19,11:56:30,462249,14050123,14050319,14050319,,0,0,0,76073,0,,10700,35996,0,0,0.0,1.0,0.0,1.0,0,قطعی ,1,,,1024103,1210,930,خوش نشین ها و اقامتگاه های غیردائم,14,4,ضعيف باديماندزير سي كيلووات,36,1,خانگي,02,خوشنشین ها و اقامتگاه های غیردائم,قرائت مامور,2026-06-10 20:23:57,
NON_FAHAM,226435472,9243831,186269707,188112858,9117026,,1405/03/19,1405/05/15,58,7924383102220,319550331,0,1,1,1405031,,,,1405/05/29,,,0.0,79,107,5,0,0,0,0,0,0,0,1747583,0,0,0,0,0,0,0,31915,0,0,0,890745,561,157001,0,2304816,1405/05/24,14:15:00,462249,14050319,14050515,14050524,,0,33140,0,261806,0,,11600,153809,0,0,0.0,1.0,0.0,1.0,0,قطعی ,1,,,1024103,1210,930,خوش نشین ها و اقامتگاه های غیردائم,14,4,ضعيف باديماندزير سي كيلووات,36,1,خانگي,02,خوشنشین ها و اقامتگاه های غیردائم,قرائت مامور,2026-08-16 03:46:48,
NON_FAHAM,224988531,9269522,184858674,186688716,4809874,,1405/02/07,1405/04/01,56,7926952202222,1296750202,0,1,1,1405021,,,,1405/04/12,,,0.0,192,346,77,0,0,0,0,0,0,0,6235449,0,0,0,0,0,0,0,30815,0,0,0,5065804,56,623395,0,7901252,1405/04/07,11:40:48,462249,14050207,14050401,14050407,,0,408254,0,508992,0,,11200,620313,0,0,0.0,1.0,0.0,1.0,0,قطعی ,1,,,1004103,1010,245,خانگی معمولی-سه زمانه,14,4,ضعيف باديماندزير سي كيلووات,28,1,خانگي,00,خانگی معمولی,قرائت مامور,2026-06-29 02:54:02,
NON_FAHAM,227359437,9269522,186688716,188511764,4809874,,1405/04/01,1405/06/02,63,7926952202222,141450364,0,5,1,1405031,,,,1405/06/14,,,0.0,107,186,68,0,0,0,0,0,0,0,659740,0,0,0,0,0,0,0,34667,0,0,0,112003,687,73429,0,1302684,1405/06/09,13:34:27,462249,14050401,14050602,14050609,,0,88258,0,69439,0,,12600,69963,0,62,0.0,1.0,0.0,1.3,0,علی الحساب,4,,,1004103,1010,245,خانگی معمولی-سه زمانه,14,4,ضعيف باديماندزير سي كيلووات,28,1,خانگي,00,خانگی معمولی,قرائت مامور,2026-09-01 03:08:24,
FAHAM,224806173,9299592,184716939,186500928,7741119,,1405/01/21,1405/03/10,51,7929959202227,8984350247,0,1,1,1405021,,,,1405/04/01,,,23.363,937,2405,712,0,2618,0,0,0,0,0,61100662,0,0,0,0,0,0,0,27668,0,0,0,833,553,7479541,0,89842720,1405/03/27,12:44:04,462249,14050121,14050310,14050327,,0,7093893,0,4667454,0,,91000,7476774,0,0,23.363,0.840059,0.0832572,1.0,0,قطعی ,1,,,5014103,5110,371,سایر موارد1 -کمتر از سی کیلو وات-سه زمانه,14,4,ضعيف باديماندزير سي كيلووات,22,5,ساير مصارف,01,سایرمصارف 1,قرائت مامور,2026-06-18 03:12:28,
FAHAM,226651683,9299592,186500928,188333059,7741119,,1405/03/10,1405/05/17,69,7929959202227,16081450320,0,1,1,1405031,,,,1405/06/05,,,22.574,1483,3723,988,0,6257,0,0,0,0,0,100275492,0,0,0,0,0,0,0,37968,0,0,14002314,553,202,13389954,0,160813649,1405/05/31,13:00:03,462435,14050310,14050517,14050531,,0,9654774,0,7245283,0,,138000,13386157,47,0,22.574,0.70352,0.293496,1.0,0,قطعی ,1,,,5014103,5110,371,سایر موارد1 -کمتر از سی کیلو وات-سه زمانه,14,4,ضعيف باديماندزير سي كيلووات,22,5,ساير مصارف,01,سایرمصارف 1,قرائت مامور,2026-08-23 02:57:38,
NON_FAHAM,226233141,9337014,185917601,187910324,8028278,,1405/02/30,1405/05/04,67,7933701402229,146050376,0,1,1,1405031,,,,1405/05/29,,,0.0,59,131,40,0,0,0,0,0,0,0,447177,0,0,0,0,0,0,0,36868,0,0,0,348,129,52106,0,1459781,1405/05/24,10:49:14,462249,14050230,14050504,14050524,,0,77400,0,57112,0,,13400,48419,0,0,0.0,1.0,0.0,1.0,0,قطعی ,1,,,1004103,1010,245,خانگی معمولی-سه زمانه,14,4,ضعيف باديماندزير سي كيلووات,28,1,خانگي,00,خانگی معمولی,قرائت مامور,2026-08-16 03:27:16,
NON_FAHAM,226287177,9357829,186050034,187964509,8804517,,1405/03/05,1405/05/17,74,7935782902223,118650380,0,5,1,1405031,,,,1405/05/29,,,0.0,111,170,66,0,0,0,0,0,0,0,561099,0,0,0,0,0,0,0,40720,0,0,0,537,326,63555,0,1185789,1405/05/24,12:08:23,462249,14050305,14050517,14050524,,0,85140,0,71595,0,,14800,59483,0,74,0.0,1.0,0.0,2.0,0,علی الحساب,4,,,1004103,1010,245,خانگی معمولی-سه زمانه,14,4,ضعيف باديماندزير سي كيلووات,28,1,خانگي,00,خانگی معمولی,قرائت مامور,2026-08-16 03:32:36,
FAHAM,226126876,9376079,185022406,187800339,7940649,,1405/01/10,1405/03/11,63,7937607902221,1514150245,0,1,1,1405021,,,,1405/05/17,,,1.356,207,221,111,0,74,0,0,0,0,0,5330950,0,0,0,0,0,0,0,33875,0,0,0,896,264,1251480,0,15140368,1405/05/12,11:06:12,461969,14050110,14050311,14050512,,0,1061838,0,990025,0,,126000,1248092,0,0,1.356,0.990707,0.0,1.0,0,قطعی ,1,,,5014103,5110,371,سایر موارد1 -کمتر از سی کیلو وات-سه زمانه,14,4,ضعيف باديماندزير سي كيلووات,22,5,ساير مصارف,01,سایرمصارف 1,قرائت مامور,2026-08-04 02:32:06,
FAHAM,227869557,9376079,187800339,188776429,7940649,,1405/03/11,1405/05/16,67,7937607902221,4397950340,0,1,1,1405031,,,,1405/06/17,,,1.501,214,303,98,0,267,0,0,0,0,0,7062424,0,0,0,0,0,0,0,36868,0,0,981941,15141264,628,2392338,0,28838364,1405/06/11,09:20:04,461969,14050311,14050516,14050611,,0,947632,0,1034562,0,,134000,2388651,46,0,1.501,0.917283,0.0,1.0,0,قطعی ,1,,,5014103,5110,371,سایر موارد1 -کمتر از سی کیلو وات-سه زمانه,14,4,ضعيف باديماندزير سي كيلووات,22,5,ساير مصارف,01,سایرمصارف 1,قرائت مامور,2026-09-03 02:28:13,
NON_FAHAM,225952915,9382329,185645405,187624836,8803847,,1405/02/28,1405/05/03,68,7938232902225,19950300,0,1,1,1405031,,,,1405/05/11,,,0.0,0,0,0,0,0,0,0,0,0,0,0,0,0,0,0,0,0,0,37418,0,0,3632,17894,412,4105,0,181518,1405/05/06,12:45:23,462249,14050228,14050503,14050506,,0,0,0,0,0,,136000,363,33,64,0.0,0.0,0.0,2.0,0,قطعی ,1,,,5014103,5110,371,سایر موارد1 -کمتر از سی کیلو وات-سه زمانه,14,4,ضعيف باديماندزير سي كيلووات,22,5,ساير مصارف,01,سایرمصارف 1,قرائت مامور,2026-07-29 02:56:47,
NON_FAHAM,225783749,9393625,185500138,187451883,8182115,,1405/02/23,1405/04/29,68,7939362502225,975850244,0,1,1,1405021,,,,1405/05/04,,,0.0,276,335,116,0,0,0,0,0,0,0,5921728,0,0,0,0,0,0,0,37418,0,0,0,2247462,694,590748,0,7511232,1405/04/30,14:21:08,462249,14050223,14050429,14050430,,0,615032,0,731676,0,,13600,587006,0,0,0.0,1.0,0.0,1.0,0,قطعی ,1,,,1004103,1010,245,خانگی معمولی-سه زمانه,14,4,ضعيف باديماندزير سي كيلووات,28,1,خانگي,00,خانگی معمولی,قرائت مامور,2026-07-22 02:52:02,
NON_FAHAM,229122432,9393625,187451883,189432973,8182115,,1405/04/29,1405/06/26,59,7939362502225,544950306,0,1,1,1405031,,,,1405/07/04,,,0.0,214,288,97,0,0,0,0,0,0,0,4089476,0,0,0,0,0,0,0,32466,0,0,0,91983,488,411379,0,5357505,1405/06/30,13:11:32,462435,14050429,14050626,14050630,,0,514294,0,567314,0,,11800,408133,0,0,0.0,1.0,0.0,1.0,0,قطعی ,1,,,1004103,1010,245,خانگی معمولی-سه زمانه,14,4,ضعيف باديماندزير سي كيلووات,28,1,خانگي,00,خانگی معمولی,قرائت مامور,2026-09-22 02:53:10,
NON_FAHAM,224971553,9404242,184928638,186671734,9353268,,1405/02/04,1405/04/05,63,7940424202221,99350295,0,1,1,1405021,,,,1405/04/12,,,0.0,109,171,68,0,0,0,0,0,0,0,717402,0,0,0,0,0,0,0,34667,0,0,0,-392233,434,80345,0,1385667,1405/04/07,11:32:53,462249,14050204,14050405,14050407,,0,131580,0,105512,0,,12600,76878,0,0,0.0,1.0,0.0,1.0,0,قطعی ,1,,,1004103,1010,245,خانگی معمولی-سه زمانه,14,4,ضعيف باديماندزير سي كيلووات,28,1,خانگي,00,خانگی معمولی,قرائت مامور,2026-06-29 02:51:35,
NON_FAHAM,227432033,9404242,186671734,188584369,9353268,,1405/04/05,1405/06/01,58,7940424202221,197950396,0,1,1,1405031,,,,1405/06/14,,,0.0,194,206,80,0,0,0,0,0,0,0,1261420,0,0,0,0,0,0,0,31915,0,0,0,4787,896,129525,0,1975109,1405/06/09,13:56:47,462249,14050405,14050601,14050609,,0,154800,0,187792,0,,11600,126334,0,0,0.0,1.0,0.0,1.0,0,قطعی ,1,,,1004103,1010,245,خانگی معمولی-سه زمانه,14,4,ضعيف باديماندزير سي كيلووات,28,1,خانگي,00,خانگی معمولی,قرائت مامور,2026-09-01 03:53:30,
FAHAM,224908268,9406870,184715303,186603072,8684204,,1405/01/21,1405/03/11,52,7940687002227,4469850274,0,1,1,1405021,,,,1405/04/01,,,16.418,2482,4622,2074,0,6282,0,0,0,0,4130167,15382460,13804943,0,0,0,0,0,0,28218,0,0,0,740,650,3725061,0,44697910,1405/03/27,15:23:45,462249,14050121,14050311,14050327,,0,0,0,0,0,,0,3722239,0,0,16.418,0.0,0.0,1.0,0,قطعی ,1,,,4044113,4410,531,صنعتی 4410 - کمتر از سی کیلو وات-سه زمانه,14,4,ضعيف باديماندزير سي كيلووات,18,4,صنعتي,04,صنعت ومعدن 4,قرائت مامور,2026-06-18 03:21:56,
FAHAM,226783581,9406870,186603072,188464975,8684204,,1405/03/11,1405/05/17,68,7940687002227,11711850307,0,1,1,1405031,,,,1405/06/05,,,17.438,4200,7640,2641,0,9996,0,0,0,0,7570500,27542200,19041610,0,0,0,0,0,0,37418,0,0,0,44698650,191,6035274,0,72419541,1405/05/31,14:33:58,462435,14050311,14050517,14050531,,0,0,0,0,0,,0,6031532,0,0,17.438,0.0,0.0,1.0,0,قطعی ,1,,,4044113,4410,531,صنعتی 4410 - کمتر از سی کیلو وات-سه زمانه,14,4,ضعيف باديماندزير سي كيلووات,18,4,صنعتي,04,صنعت ومعدن 4,قرائت مامور,2026-08-23 03:09:30,
NON_FAHAM,226436301,9410636,186065233,188113686,6212783,,1405/03/07,1405/05/06,61,7941063602226,148950358,0,1,1,1405031,,,,1405/05/29,,,0.0,109,206,69,0,0,0,0,0,0,0,800673,0,0,0,0,0,0,0,33566,0,0,0,496,940,89017,0,1489444,1405/05/24,14:17:05,462249,14050307,14050506,14050524,,0,133515,0,105512,0,,12200,85660,0,0,0.0,1.0,0.0,1.0,0,قطعی ,1,,,1004103,1010,245,خانگی معمولی-سه زمانه,14,4,ضعيف باديماندزير سي كيلووات,28,1,خانگي,00,خانگی معمولی,قرائت مامور,2026-08-16 03:47:03,
NON_FAHAM,225569173,9419206,185601104,187233435,5290693,,1405/02/15,1405/04/18,65,7941920602228,412250257,0,1,1,1405021,,,,1405/04/28,,,0.0,206,167,62,0,0,0,0,0,0,0,1270795,0,0,0,0,0,0,0,35767,0,0,0,2233768,885,122275,0,1889117,1405/04/23,12:53:02,462249,14050215,14050418,14050423,,0,174567,0,290083,0,,13000,118698,0,0,0.0,1.0,0.0,1.0,0,قطعی ,1,,,1004103,1010,245,خانگی معمولی-سه زمانه,14,4,ضعيف باديماندزير سي كيلووات,28,1,خانگي,00,خانگی معمولی,قرائت مامور,2026-07-15 02:49:32,
NON_FAHAM,228656184,9419206,187233435,189135728,5290693,,1405/04/18,1405/06/18,62,7941920602228,543650390,0,1,1,1405031,,,,1405/06/28,,,0.0,119,152,52,0,0,0,0,0,0,0,662115,0,0,0,0,0,0,0,34117,0,0,0,4169429,996,70515,0,1267567,1405/06/23,12:51:32,462249,14050418,14050618,14050623,,0,100620,0,115192,0,,12400,67103,0,0,0.0,1.0,0.0,1.0,0,قطعی ,1,,,1004103,1010,245,خانگی معمولی-سه زمانه,14,4,ضعيف باديماندزير سي كيلووات,28,1,خانگي,00,خانگی معمولی,قرائت مامور,2026-09-15 03:29:18,
NON_FAHAM,225576091,9428977,185580386,187240368,7511985,,1405/02/15,1405/04/16,63,7942897702224,6110650279,0,1,1,1405021,,,,1405/04/28,,,0.0,975,769,428,0,0,0,0,0,0,0,16382814,0,0,0,0,0,0,0,34667,0,0,1023944,34538659,948,2203813,0,26568289,1405/04/23,14:14:56,151031,14050215,14050416,14050423,,0,2463349,0,2805725,0,,126000,2200346,15,46,0.0,1.0,0.0,2.0,0,قطعی ,1,,,5014103,5110,371,سایر موارد1 -کمتر از سی کیلو وات-سه زمانه,14,4,ضعيف باديماندزير سي كيلووات,22,5,ساير مصارف,01,سایرمصارف 1,قرائت مامور,2026-07-15 02:50:06,
NON_FAHAM,228724491,9428977,187240368,189204066,7511985,,1405/04/16,1405/06/15,61,7942897702224,3593150310,0,1,1,1405031,,,,1405/06/28,,,0.0,984,953,447,0,0,0,0,0,0,0,19899889,0,0,0,0,0,0,0,33566,0,0,3950163,1130073,639,2890244,0,34801566,1405/06/23,13:07:52,462249,14050416,14050615,14050623,,0,1814204,0,1996842,0,,122000,2886887,61,61,0.0,1.0,0.0,2.0,0,قطعی ,1,,,5014103,5110,371,سایر موارد1 -کمتر از سی کیلو وات-سه زمانه,14,4,ضعيف باديماندزير سي كيلووات,22,5,ساير مصارف,01,سایرمصارف 1,قرائت مامور,2026-09-15 03:38:51,
NON_FAHAM,225334268,9435882,185240793,187039536,6214247,,1405/02/10,1405/04/15,67,7943588202221,269150237,0,1,1,1405021,,,,1405/04/21,,,0.0,262,193,58,0,0,0,0,0,0,0,2035256,0,0,0,0,0,0,0,36868,0,0,0,306,78,189055,0,2690772,1405/04/16,11:51:57,462249,14050210,14050415,14050416,,0,176354,0,398404,0,,13400,185368,0,0,0.0,1.0,0.0,1.0,0,قطعی ,1,,,1004103,1010,245,خانگی معمولی-سه زمانه,14,4,ضعيف باديماندزير سي كيلووات,28,1,خانگي,00,خانگی معمولی,قرائت مامور,2026-07-08 03:11:47,
NON_FAHAM,228244648,9435882,187039536,188930510,6214247,,1405/04/15,1405/06/15,62,7943588202221,801250385,0,1,1,1405031,,,,1405/06/21,,,0.0,252,340,126,0,0,0,0,0,0,0,6057992,0,0,0,0,0,0,0,34117,0,0,0,200906,590,615858,0,7811684,1405/06/16,12:36:40,462249,14050415,14050615,14050616,,0,668052,0,668052,0,,12400,612446,0,0,0.0,1.0,0.0,1.0,0,قطعی ,1,,,1004103,1010,245,خانگی معمولی-سه زمانه,14,4,ضعيف باديماندزير سي كيلووات,28,1,خانگي,00,خانگی معمولی,قرائت مامور,2026-09-08 02:48:53,
NON_FAHAM,224677116,9436910,184248893,186378353,7014631,,1405/01/20,1405/03/16,58,7943691002222,442450273,0,1,1,1405021,,,,1405/03/25,,,0.0,256,318,68,0,0,0,0,0,0,0,3450479,0,0,0,0,0,0,0,31483,0,0,0,140,34,333687,0,4423894,1405/03/20,12:13:39,462249,14050120,14050316,14050320,,0,228065,0,429319,0,,10400,330539,0,15,0.0,1.0,0.0,2.0,0,قطعی ,1,,,1004103,1010,245,خانگی معمولی-سه زمانه,14,4,ضعيف باديماندزير سي كيلووات,28,1,خانگي,00,خانگی معمولی,قرائت مامور,2026-06-11 02:23:22,
NON_FAHAM,226564931,9436910,186378353,188242465,7014631,,1405/03/16,1405/05/18,64,7943691002222,457950396,0,1,1,1405031,,,,1405/05/29,,,0.0,507,629,228,0,0,0,0,0,0,0,3430252,0,0,0,0,0,0,0,35217,0,0,0,34,368,346471,0,4579334,1405/05/24,17:12:32,462435,14050316,14050518,14050524,,0,805980,0,895869,0,,12800,342950,0,64,0.0,1.0,0.0,2.0,0,قطعی ,1,,,1004103,1010,245,خانگی معمولی-سه زمانه,14,4,ضعيف باديماندزير سي كيلووات,28,1,خانگي,00,خانگی معمولی,قرائت مامور,2026-08-16 03:56:41,
NON_FAHAM,225303209,9437212,185058861,187008477,5347578,,1405/02/12,1405/04/10,60,7943721202221,240950295,0,1,1,1405021,29,,,1405/04/21,1405/06/15,13:40:20,0.0,132,240,86,0,0,0,0,0,0,0,1819360,0,0,0,0,0,0,0,33016,0,0,0,532,26,116976,0,2408494,1405/04/16,11:30:59,462249,14050212,14050410,14050416,14050615,0,262931,0,201828,0,,12000,0,0,0,0.0,1.0,0.0,1.0,0,قطعی ,1,اعمال نرخ های جدید,29,1004103,1010,245,خانگی معمولی-سه زمانه,14,4,ضعيف باديماندزير سي كيلووات,28,1,خانگي,00,خانگی معمولی,قرائت مامور,2026-07-08 03:08:04,2026-09-07 20:07:18
NON_FAHAM,228055590,9437212,185058861,187008477,5347578,,1405/02/12,1405/04/10,60,7943721202221,248750244,0,1,1,1405021,,,,1405/04/21,,,0.0,132,240,86,0,0,0,0,0,0,0,1819360,0,0,0,0,0,0,0,33016,0,0,0,532,10,194960,0,2486478,1405/06/15,13:40:20,461969,14050212,14050410,14050615,,0,262931,0,201828,0,,12000,0,0,0,0.0,1.0,0.0,1.0,0,قطعی ,1,,,1004103,1010,245,خانگی معمولی-سه زمانه,14,4,ضعيف باديماندزير سي كيلووات,28,1,خانگي,00,خانگی معمولی,قرائت مامور,2026-09-07 03:00:48,
NON_FAHAM,228309273,9437212,187008477,188995157,5347578,,1405/04/10,1405/06/16,68,7943721202221,201850313,0,5,1,1405031,,,,1405/06/21,,,0.0,166,255,91,0,0,0,0,0,0,0,1233336,0,0,0,0,0,0,0,37418,0,0,0,219124,368,132339,0,1799244,1405/06/16,12:59:41,462249,14050410,14050616,14050616,,0,176085,0,160688,0,,13600,0,0,0,0.0,1.0,0.0,1.0,0,علی الحساب,4,,,1004103,1010,245,خانگی معمولی-سه زمانه,14,4,ضعيف باديماندزير سي كيلووات,28,1,خانگي,00,خانگی معمولی,قرائت مامور,2026-09-08 02:53:04,
NON_FAHAM,225771155,9443849,185465767,187439286,6276919,,1405/02/19,1405/04/23,66,7944384902220,1027450272,0,1,1,1405021,,,,1405/05/04,,,0.0,327,386,101,0,0,0,0,0,0,0,8413141,0,0,0,0,0,0,0,36318,0,0,0,522,967,821040,0,10274445,1405/04/30,14:10:31,462249,14050219,14050423,14050430,,0,535502,0,866877,0,,13200,817408,0,0,0.0,1.0,0.0,1.0,0,قطعی ,1,,,1004103,1010,245,خانگی معمولی-سه زمانه,14,4,ضعيف باديماندزير سي كيلووات,28,1,خانگي,00,خانگی معمولی,قرائت مامور,2026-07-22 02:51:08,
NON_FAHAM,229069779,9443849,187439286,189380315,6276919,,1405/04/23,1405/06/25,64,7944384902220,1047650332,0,1,1,1405031,,,,1405/07/04,,,0.0,401,370,95,0,0,0,0,0,0,0,8735704,0,0,0,0,0,0,0,35217,0,0,0,85539,113,830741,0,10390574,1405/06/30,12:38:52,462435,14050423,14050625,14050630,,0,503690,0,1063051,0,,12800,827220,0,0,0.0,1.0,0.0,1.0,0,قطعی ,1,,,1004103,1010,245,خانگی معمولی-سه زمانه,14,4,ضعيف باديماندزير سي كيلووات,28,1,خانگي,00,خانگی معمولی,قرائت مامور,2026-09-22 02:49:38,
NON_FAHAM,224981587,9449301,184803269,186681768,7715399,,1405/01/30,1405/04/01,64,7944930102222,848850294,0,5,1,1405021,,,,1405/04/12,,,0.0,212,335,126,0,0,0,0,0,0,0,6510250,0,0,0,0,0,0,0,35145,0,0,0,32,532,672251,0,8488500,1405/04/07,11:37:28,462249,14050130,14050401,14050407,,0,660882,0,555983,0,,12600,668737,0,0,0.0,1.0,0.0,1.0,0,علی الحساب,4,,,1004103,1010,245,خانگی معمولی-سه زمانه,14,4,ضعيف باديماندزير سي كيلووات,28,1,خانگي,00,خانگی معمولی,قرائت مامور,2026-06-29 02:53:06,
NON_FAHAM,227424819,9449301,184803269,188577153,7715399,,1405/01/30,1405/06/01,126,7944930102222,2362750357,0,1,1,1405031,,,,1405/06/14,,,0.0,521,864,261,0,0,0,0,0,0,0,18705847,0,0,0,0,0,0,0,69262,0,0,0,2932,163,1898430,0,23624231,1405/06/09,13:53:43,462249,14050130,14050601,14050609,,0,1376278,0,1373645,0,,25200,1891504,0,0,0.0,1.0,0.0,1.0,0,قطعی ,1,,,1004103,1010,245,خانگی معمولی-سه زمانه,14,4,ضعيف باديماندزير سي كيلووات,28,1,خانگي,00,خانگی معمولی,قرائت مامور,2026-09-01 03:51:34,
NON_FAHAM,224815407,9456727,184597398,186510164,6761757,,1405/01/26,1405/03/23,59,7945672702224,211050236,0,1,1,1405021,5,,,1405/04/01,1405/06/05,04:13:03,0.0,55,77,41,0,0,0,0,0,0,0,325202,0,0,0,0,0,0,0,32250,0,0,0,1215343,180,39539,0,894837,1405/03/27,13:02:02,462249,14050126,14050323,14050327,14050605,0,77071,0,51719,0,,11200,36314,0,0,0.0,1.0,0.0,1.0,0,قطعی ,1,تغییر در ایین نامه ها و دستورالعمل ها,05,1004103,1010,245,خانگی معمولی-سه زمانه,14,4,ضعيف باديماندزير سي كيلووات,28,1,خانگي,00,خانگی معمولی,قرائت مامور,2026-06-18 03:13:13,2026-08-27 11:40:06
NON_FAHAM,227008243,9456727,184597398,186510164,6761757,,1405/01/26,1405/03/23,59,7945672702224,205650205,0,1,1,1405021,5,,,1405/04/01,1405/06/10,19:05:23,0.0,55,77,41,0,0,0,0,0,0,0,325202,0,0,0,0,0,0,0,32250,0,0,0,1215343,293,34998,0,840950,1405/06/05,04:13:03,3,14050126,14050323,14050605,14050610,45405,77071,0,51719,0,,11800,31773,0,0,0.0,1.0,0.0,1.0,0,قطعی ,1,تغییر در ایین نامه ها و دستورالعمل ها,05,1004103,1010,245,خانگی معمولی-سه زمانه,14,4,ضعيف باديماندزير سي كيلووات,28,1,خانگي,00,خانگی معمولی,قرائت مامور,2026-08-27 05:56:43,2026-09-02 09:48:02
NON_FAHAM,227808326,9456727,184597398,186510164,6761757,,1405/01/26,1405/03/23,59,7945672702224,211050236,0,1,1,1405021,,,,1405/04/01,,,0.0,55,77,41,0,0,0,0,0,0,0,325202,0,0,0,0,0,0,0,32250,0,0,0,1215343,780,39539,0,895437,1405/06/10,19:05:23,3,14050126,14050323,14050610,,0,77071,0,51719,0,,11800,36314,0,0,0.0,1.0,0.0,1.0,0,قطعی ,1,,,1004103,1010,245,خانگی معمولی-سه زمانه,14,4,ضعيف باديماندزير سي كيلووات,28,1,خانگي,00,خانگی معمولی,قرائت مامور,2026-09-02 03:08:56,
NON_FAHAM,226631481,9456727,186510164,188312853,6761757,,1405/03/23,1405/05/30,69,7945672702224,134850380,0,5,1,1405031,,,,1405/06/05,,,0.0,153,177,44,0,0,0,0,0,0,0,769626,0,0,0,0,0,0,0,37968,0,0,0,180,777,77183,0,1348597,1405/05/31,12:46:12,462435,14050323,14050530,14050531,,0,85140,0,148104,0,,13800,73386,0,0,0.0,1.0,0.0,1.0,0,علی الحساب,4,,,1004103,1010,245,خانگی معمولی-سه زمانه,14,4,ضعيف باديماندزير سي كيلووات,28,1,خانگي,00,خانگی معمولی,قرائت مامور,2026-08-23 02:55:33,
NON_FAHAM,226033718,9460847,185710947,187705682,8096331,,1405/02/29,1405/05/06,70,7946084702222,326350324,0,1,1,1405031,5,,,1405/05/11,1405/06/05,04:15:01,0.0,232,273,123,0,0,0,0,0,0,0,1923506,0,0,0,0,0,0,0,38519,0,0,0,635,356,202315,0,3262721,1405/05/06,14:51:49,151031,14050229,14050506,14050506,14050605,0,255754,0,241310,0,,14000,198463,0,0,0.0,1.0,0.0,1.0,0,قطعی ,1,تغییر در ایین نامه ها و دستورالعمل ها,05,1004103,1010,245,خانگی معمولی-سه زمانه,14,4,ضعيف باديماندزير سي كيلووات,28,1,خانگي,00,خانگی معمولی,قرائت مامور,2026-07-29 03:05:08,2026-08-27 17:09:55
NON_FAHAM,227008924,9460847,185710947,187705682,8096331,,1405/02/29,1405/05/06,70,7946084702222,262350309,0,1,1,1405031,5,,,1405/05/11,1405/06/10,19:05:30,0.0,232,273,123,0,0,0,0,0,0,0,1923506,0,0,0,0,0,0,0,38519,0,0,0,635,974,149033,0,2623339,1405/06/05,04:15:01,3,14050229,14050506,14050605,14050610,532818,255754,0,241310,0,,14000,145181,0,0,0.0,1.0,0.0,1.0,0,قطعی ,1,تغییر در ایین نامه ها و دستورالعمل ها,05,1004103,1010,245,خانگی معمولی-سه زمانه,14,4,ضعيف باديماندزير سي كيلووات,28,1,خانگي,00,خانگی معمولی,قرائت مامور,2026-08-27 06:07:59,2026-09-02 16:38:28
NON_FAHAM,227808953,9460847,185710947,187705682,8096331,,1405/02/29,1405/05/06,70,7946084702222,326350324,0,1,1,1405031,,,,1405/05/11,,,0.0,232,273,123,0,0,0,0,0,0,0,1923506,0,0,0,0,0,0,0,38519,0,0,0,635,356,202315,0,3262721,1405/06/10,19:05:30,3,14050229,14050506,14050610,,0,255754,0,241310,0,,14000,198463,0,0,0.0,1.0,0.0,1.0,0,قطعی ,1,,,1004103,1010,245,خانگی معمولی-سه زمانه,14,4,ضعيف باديماندزير سي كيلووات,28,1,خانگي,00,خانگی معمولی,قرائت مامور,2026-09-02 03:34:37,
NON_FAHAM,225391696,9472327,185188236,187097096,8331210,,1405/02/08,1405/04/07,61,7947232702225,,0,1,1,1405021,,,,1405/04/21,,,0.0,87,113,61,0,0,0,0,0,0,0,523431,0,0,0,0,0,0,0,33566,0,0,0,-886736,0,0,0,12200,1405/04/16,13:32:25,462249,14050208,14050407,14050416,,609798,118035,0,84216,0,,12200,0,0,0,0.0,1.0,0.0,1.0,0,قطعی ,1,,,1004103,1010,245,خانگی معمولی-سه زمانه,14,4,ضعيف باديماندزير سي كيلووات,28,1,خانگي,00,خانگی معمولی,قرائت مامور,2026-07-08 03:16:35,
NON_FAHAM,228339551,9472327,187097096,189025459,8331210,,1405/04/07,1405/06/09,64,7947232702225,,0,1,1,1405031,,,,1405/06/21,,,0.0,92,149,55,0,0,0,0,0,0,0,599131,0,0,0,0,0,0,0,35217,0,0,0,-870736,0,0,0,12800,1405/06/16,13:13:45,462249,14050407,14050609,14050616,,673244,106425,0,89056,0,,12800,0,0,0,0.0,1.0,0.0,1.0,0,قطعی ,1,,,1004103,1010,245,خانگی معمولی-سه زمانه,14,4,ضعيف باديماندزير سي كيلووات,28,1,خانگي,00,خانگی معمولی,قرائت مامور,2026-09-08 02:55:04,
NON_FAHAM,225342184,9492043,185235323,187047456,5531694,,1405/02/06,1405/04/15,71,7949204302222,167650238,0,5,1,1405021,,,,1405/04/21,,,0.0,10,19,9,0,0,0,0,0,0,0,73530,0,0,0,0,0,0,0,39069,0,0,0,1106419,828,12310,0,570409,1405/04/16,11:59:14,462249,14050206,14050415,14050416,,0,17415,0,9680,0,,14200,8403,0,0,0.0,1.0,0.0,1.0,0,علی الحساب,4,,,1004103,1010,245,خانگی معمولی-سه زمانه,14,4,ضعيف باديماندزير سي كيلووات,28,1,خانگي,00,خانگی معمولی,قرائت مامور,2026-07-08 03:12:28,
NON_FAHAM,228288459,9492043,185235323,188974334,5531694,,1405/02/06,1405/06/11,129,7949204302222,210550340,0,1,1,1405031,,,,1405/06/21,,,0.0,1,12,7,0,0,0,0,0,0,0,38700,0,0,0,0,0,0,0,70984,0,0,0,1113122,79,12372,0,991957,1405/06/16,12:53:22,462249,14050206,14050611,14050616,,0,13545,0,968,0,,25800,5273,0,0,0.0,1.0,0.0,1.0,0,قطعی ,1,,,1004103,1010,245,خانگی معمولی-سه زمانه,14,4,ضعيف باديماندزير سي كيلووات,28,1,خانگي,00,خانگی معمولی,قرائت مامور,2026-09-08 02:51:42,
NON_FAHAM,226502789,9522925,185896743,188180221,6218563,,1405/03/11,1405/05/11,62,7952292502229,261950391,0,1,1,1405031,,,,1405/05/29,,,0.0,26,37,13,0,0,0,0,0,0,0,805980,0,0,0,0,0,0,0,34117,0,0,111111,1104689,615,116195,0,1514926,1405/05/24,15:09:08,462249,14050311,14050511,14050524,,0,137865,0,137852,0,,124000,112783,41,0,0.0,1.0,0.0,1.0,0,قطعی ,1,,,5014103,5110,371,سایر موارد1 -کمتر از سی کیلو وات-سه زمانه,14,4,ضعيف باديماندزير سي كيلووات,22,5,ساير مصارف,01,سایرمصارف 1,قرائت مامور,2026-08-16 03:52:03,
NON_FAHAM,224789389,9531836,184634527,186484130,6843034,,1405/01/26,1405/03/20,56,7953183602228,130350241,0,1,1,1405021,,,,1405/04/01,,,0.0,57,149,85,0,0,0,0,0,0,0,578431,0,0,0,0,0,0,0,30599,0,0,0,148,537,73621,0,1303389,1405/03/27,12:10:09,462249,14050126,14050320,14050327,,0,159530,0,53515,0,,10600,70561,0,0,0.0,1.0,0.0,1.0,0,قطعی ,1,,,1004103,1010,245,خانگی معمولی-سه زمانه,14,4,ضعيف باديماندزير سي كيلووات,28,1,خانگي,00,خانگی معمولی,قرائت مامور,2026-06-18 03:10:38,
NON_FAHAM,226747144,9531836,186484130,188428526,6843034,,1405/03/20,1405/05/29,71,7953183602228,130550330,0,1,1,1405031,5,,,1405/06/05,1405/06/05,03:57:58,0.0,65,138,85,0,0,0,0,0,0,0,573655,0,0,0,0,0,0,0,39069,0,0,0,537,497,73522,0,1304960,1405/05/31,13:52:44,462435,14050320,14050529,14050531,14050605,0,164475,0,62920,0,,14200,69616,0,0,0.0,1.0,0.0,1.0,0,قطعی ,1,تغییر در ایین نامه ها و دستورالعمل ها,05,1004103,1010,245,خانگی معمولی-سه زمانه,14,4,ضعيف باديماندزير سي كيلووات,28,1,خانگي,00,خانگی معمولی,قرائت مامور,2026-08-23 03:06:47,2026-08-27 21:21:22
NON_FAHAM,227003317,9531836,186484130,188428526,6843034,,1405/03/20,1405/05/29,71,7953183602228,104050337,0,1,1,1405031,5,,,1405/06/05,1405/06/10,19:07:06,0.0,65,138,85,0,0,0,0,0,0,0,573655,0,0,0,0,0,0,0,39069,0,0,0,537,817,51466,0,1040280,1405/06/05,03:57:58,3,14050320,14050529,14050605,14050610,220567,164475,0,62920,0,,14200,47559,0,0,0.0,1.0,0.0,1.0,0,قطعی ,1,تغییر در ایین نامه ها و دستورالعمل ها,05,1004103,1010,245,خانگی معمولی-سه زمانه,14,4,ضعيف باديماندزير سي كيلووات,28,1,خانگي,00,خانگی معمولی,قرائت مامور,2026-08-27 06:14:29,2026-09-02 20:37:58
NON_FAHAM,227816893,9531836,186484130,188428526,6843034,,1405/03/20,1405/05/29,71,7953183602228,130550330,0,1,1,1405031,,,,1405/06/05,,,0.0,65,138,85,0,0,0,0,0,0,0,573655,0,0,0,0,0,0,0,39069,0,0,0,537,497,73522,0,1304960,1405/06/10,19:07:06,3,14050320,14050529,14050610,,0,164475,0,62920,0,,14200,69616,0,0,0.0,1.0,0.0,1.0,0,قطعی ,1,,,1004103,1010,245,خانگی معمولی-سه زمانه,14,4,ضعيف باديماندزير سي كيلووات,28,1,خانگي,00,خانگی معمولی,قرائت مامور,2026-09-02 03:49:51,
FAHAM,224405251,9534131,184997941,186103143,6722943,,1405/02/01,1405/02/27,26,7953413102220,32207450224,0,1,1,1405021,29,,,1405/03/19,1405/04/16,17:32:28,80.04,4383,7767,2439,0,2688,0,0,0,0,7900358,28000035,17585190,0,0,0,15806806,0,0,128763,0,25419685,0,372550869,997,15728984,0,188734933,1405/03/13,16:34:16,461969,14050201,14050227,14050313,14050416,0,0,0,0,0,,0,15716108,0,0,80.04,0.983447,0.0,1.0,0,قطعی ,1,اعمال نرخ های جدید,29,4043303,4413,675,صنعتي4 - سی کیلو وات و بالاتر(گزینه3)-سه زمانه,13,3,ضعيف باديماند سي كيلووات وبالاتر,18,4,صنعتي,04,صنعت ومعدن 4,قرائت مامور,2026-06-04 02:21:29,2026-07-08 04:01:14
FAHAM,225433366,9534131,184997941,186103143,6722943,,1405/02/01,1405/02/27,26,7953413102220,32207450224,0,1,1,1405021,29,,,1405/03/19,1405/04/20,13:41:19,80.04,4383,7767,2439,0,2688,0,0,0,0,7900358,28000035,17585190,0,0,0,15806806,0,0,128763,0,25419685,0,372550869,997,15728984,0,188734933,1405/04/16,17:32:28,3,14050201,14050227,14050416,14050420,0,0,0,0,0,,0,15716108,0,0,80.04,0.983447,0.0,1.0,0,قطعی ,1,اعمال نرخ های جدید,29,4043303,4413,675,صنعتي4 - سی کیلو وات و بالاتر(گزینه3)-سه زمانه,13,3,ضعيف باديماند سي كيلووات وبالاتر,18,4,صنعتي,04,صنعت ومعدن 4,قرائت مامور,2026-07-08 02:56:03,2026-07-12 02:44:28
FAHAM,225454901,9534131,184997941,186103143,6722943,,1405/02/01,1405/02/27,26,7953413102220,32706650200,0,1,1,1405021,,,,1405/03/19,,,80.04,4383,7767,2439,0,2688,0,0,0,0,7900358,28000035,17585190,0,0,0,15806806,0,0,128763,0,25419685,0,372550869,295,20720282,0,248630511,1405/04/20,13:41:19,3,14050201,14050227,14050420,,0,0,0,0,0,,0,20707406,0,0,80.04,0.983447,0.0,1.0,0,قطعی ,1,,,4043303,4413,675,صنعتي4 - سی کیلو وات و بالاتر(گزینه3)-سه زمانه,13,3,ضعيف باديماند سي كيلووات وبالاتر,18,4,صنعتي,04,صنعت ومعدن 4,قرائت مامور,2026-07-12 02:27:42,
FAHAM,225191673,9534131,186103143,186894815,6722943,,1405/02/27,1405/04/01,36,7953413102220,40460350336,0,1,1,1405031,29,,,1405/04/16,1405/04/20,13:41:19,78.36,6834,10197,3708,0,4245,0,0,0,0,12318285,36760185,26734680,0,0,0,22233934,0,0,178288,0,35178230,0,61867802,90,28562760,0,342735288,1405/04/11,11:46:03,461969,14050227,14050401,14050411,14050420,0,0,0,0,0,,0,28544931,0,0,78.36,0.979688,0.0,1.0,0,قطعی ,1,اعمال نرخ های جدید,29,4043303,4413,675,صنعتي4 - سی کیلو وات و بالاتر(گزینه3)-سه زمانه,13,3,ضعيف باديماند سي كيلووات وبالاتر,18,4,صنعتي,04,صنعت ومعدن 4,قرائت مامور,2026-07-03 09:30:55,2026-07-12 02:57:22
FAHAM,225454906,9534131,186103143,186894815,6722943,,1405/02/27,1405/04/01,36,7953413102220,41587950304,0,1,1,1405031,,,,1405/04/16,,,78.36,6834,10197,3708,0,4245,0,0,0,0,12318285,36760185,26734680,0,0,0,22233934,0,0,178288,0,35178230,0,61867802,705,29502478,0,354011903,1405/04/20,13:41:19,3,14050227,14050401,14050420,,0,0,0,0,0,,0,29484649,0,0,78.36,0.979688,0.0,1.0,0,قطعی ,1,,,4043303,4413,675,صنعتي4 - سی کیلو وات و بالاتر(گزینه3)-سه زمانه,13,3,ضعيف باديماند سي كيلووات وبالاتر,18,4,صنعتي,04,صنعت ومعدن 4,قرائت مامور,2026-07-12 02:28:25,
FAHAM,227611172,9534131,186894815,188764207,6722943,,1405/04/01,1405/05/27,57,7953413102220,15593250542,0,5,1,1405051,,,,1405/06/17,,,0.0,8538,13746,4716,0,0,0,0,0,0,15389745,49554330,34002360,0,0,0,19845745,0,0,282289,0,0,0,-712884,977,13056174,0,156645861,1405/06/10,15:13:44,461969,14050401,14050527,14050610,,0,0,0,0,0,,0,13027945,0,0,37.8,1.0,0.0,1.0,0,علی الحساب,4,,,4043303,4413,675,صنعتي4 - سی کیلو وات و بالاتر(گزینه3)-سه زمانه,13,3,ضعيف باديماند سي كيلووات وبالاتر,18,4,صنعتي,04,صنعت ومعدن 4,قرائت مامور,2026-09-02 04:06:39,
NON_FAHAM,225809401,9543567,185567898,187477535,8299087,,1405/02/20,1405/04/30,72,7954356702220,269150230,0,1,1,1405021,,,,1405/05/04,,,0.0,52,100,40,0,0,0,0,0,0,248144,954400,763520,0,0,0,0,0,0,39619,0,0,161569,406,610,224597,0,2691204,1405/04/30,17:42:33,462249,14050220,14050430,14050430,,0,0,0,0,0,,0,220635,29,0,0.0,1.0,0.0,1.0,0,قطعی ,1,,,2024103,2210,263,عمومی2 - کمتر از سی کیلووات-سه زمانه,14,4,ضعيف باديماندزير سي كيلووات,5,2,عمومي,02,عمومی 2,قرائت مامور,2026-07-22 02:54:08,
NON_FAHAM,229100473,9543567,187477535,189411009,8299087,,1405/04/30,1405/06/25,57,7954356702220,258450305,0,1,1,1405031,,,,1405/07/04,,,0.0,52,86,30,0,0,0,0,0,0,248144,820784,572640,0,0,0,0,0,0,31365,0,0,334587,96310,853,207640,0,2488543,1405/06/30,12:48:36,462435,14050430,14050625,14050630,,0,0,0,0,0,,0,204503,57,0,0.0,1.0,0.0,1.0,0,قطعی ,1,,,2024103,2210,263,عمومی2 - کمتر از سی کیلووات-سه زمانه,14,4,ضعيف باديماندزير سي كيلووات,5,2,عمومي,02,عمومی 2,قرائت مامور,2026-09-22 02:51:45,
NON_FAHAM,225934884,9549188,185735113,187606804,5660914,,1405/02/29,1405/04/31,64,7954918802222,3055750385,0,1,1,1405031,,,,1405/05/11,,,0.0,1,299,153,0,0,0,0,0,0,0,4913196,0,0,0,0,0,0,0,35217,0,0,615532,20307906,88,843725,0,10249182,1405/05/06,12:30:46,462249,14050229,14050431,14050506,,0,1622565,0,5302,0,,128000,840204,30,0,0.0,1.0,0.0,1.0,0,قطعی ,1,,,5014103,5110,371,سایر موارد1 -کمتر از سی کیلو وات-سه زمانه,14,4,ضعيف باديماندزير سي كيلووات,22,5,ساير مصارف,01,سایرمصارف 1,قرائت مامور,2026-07-29 02:54:41,
NON_FAHAM,224869183,9554626,184572477,186563970,5675697,,1405/01/31,1405/03/27,58,7955462602222,90450235,0,5,1,1405021,,,,1405/04/01,,,0.0,67,113,49,0,0,0,0,0,0,0,452293,0,0,0,0,0,0,0,31879,0,0,0,141,39,31839,0,903898,1405/03/27,14:05:37,462249,14050131,14050327,14050327,,0,94356,0,64542,0,,11500,0,0,0,0.0,1.0,0.0,1.0,0,علی الحساب,4,,,1004103,1010,245,خانگی معمولی-سه زمانه,14,4,ضعيف باديماندزير سي كيلووات,28,1,خانگي,00,خانگی معمولی,قرائت مامور,2026-06-18 03:18:44,
NON_FAHAM,226671900,9554626,184572477,188353284,5675697,,1405/01/31,1405/05/27,120,7955462602222,325750304,0,1,1,1405031,,,,1405/06/05,,,0.0,252,484,140,0,0,0,0,0,0,0,2989534,0,0,0,0,0,0,0,65996,0,0,0,-903859,672,316154,0,4161531,1405/05/31,13:12:30,462435,14050131,14050527,14050531,,0,394477,0,355123,0,,24000,0,0,0,0.0,1.0,0.0,1.0,0,قطعی ,1,,,1004103,1010,245,خانگی معمولی-سه زمانه,14,4,ضعيف باديماندزير سي كيلووات,28,1,خانگي,00,خانگی معمولی,قرائت مامور,2026-08-23 02:59:45,
NON_FAHAM,225776099,9562941,185455054,187444234,5696370,,1405/02/27,1405/04/29,64,7956294102223,545550245,0,1,1,1405021,,,,1405/05/04,,,0.0,197,235,91,0,0,0,0,0,0,0,1575467,0,0,0,0,0,0,0,35217,0,0,0,3073515,78,163324,0,2381563,1405/04/30,14:13:41,462249,14050227,14050429,14050430,,0,200022,0,216598,0,,12800,159802,0,0,0.0,1.0,0.0,1.0,0,قطعی ,1,,,1004103,1010,245,خانگی معمولی-سه زمانه,14,4,ضعيف باديماندزير سي كيلووات,28,1,خانگي,00,خانگی معمولی,قرائت مامور,2026-07-22 02:51:30,
NON_FAHAM,229056218,9562941,187444234,189366753,5696370,,1405/04/29,1405/06/26,59,7956294102223,177550302,0,1,1,1405031,,,,1405/07/04,,,0.0,174,184,70,0,0,0,0,0,0,0,991554,0,0,0,0,0,0,0,32466,0,0,0,127802,352,102217,0,1647550,1405/06/30,12:35:39,462435,14050429,14050626,14050630,,0,135450,0,168432,0,,11800,98970,0,0,0.0,1.0,0.0,1.0,0,قطعی ,1,,,1004103,1010,245,خانگی معمولی-سه زمانه,14,4,ضعيف باديماندزير سي كيلووات,28,1,خانگي,00,خانگی معمولی,قرائت مامور,2026-09-22 02:48:42,
FAHAM,224421704,9566171,184986888,186119596,8998826,,1405/02/01,1405/03/01,31,7956617102228,159003650281,0,1,1,1405021,29,,,1405/03/19,1405/04/16,17:32:51,83.28,3834,10245,2994,0,5652,0,0,0,0,6910785,36933225,21586740,0,0,0,18131066,0,0,153525,0,5395772,0,1649312792,316,18582249,0,222971639,1405/03/13,16:49:06,461969,14050201,14050301,14050313,14050416,0,0,0,0,0,,0,18566897,0,0,83.28,0.949332,0.0,1.0,19675283,قطعی ,1,اعمال نرخ های جدید,29,4093303,4993,699,صنعتی آزاد 4 الف- سی کیلو وات و بالاتر-گزینه 3,13,3,ضعيف باديماند سي كيلووات وبالاتر,25,4,صنعتي,09,صنعی آزاد,قرائت مامور,2026-06-04 02:22:36,2026-07-08 04:14:35
FAHAM,225433640,9566171,184986888,186119596,8998826,,1405/02/01,1405/03/01,31,7956617102228,159003650281,0,1,1,1405021,29,,,1405/03/19,1405/04/20,13:41:44,83.28,3834,10245,2994,0,5652,0,0,0,0,6910785,36933225,21586740,0,0,0,18131066,0,0,153525,0,5395772,0,1649312792,316,18582249,0,222971639,1405/04/16,17:32:51,3,14050201,14050301,14050416,14050420,0,0,0,0,0,,0,18566897,0,0,83.28,0.949332,0.0,1.0,19675283,قطعی ,1,اعمال نرخ های جدید,29,4093303,4993,699,صنعتی آزاد 4 الف- سی کیلو وات و بالاتر-گزینه 3,13,3,ضعيف باديماند سي كيلووات وبالاتر,25,4,صنعتي,09,صنعی آزاد,قرائت مامور,2026-07-08 02:56:25,2026-07-12 02:56:27
FAHAM,225455119,9566171,184986888,186119596,8998826,,1405/02/01,1405/03/01,31,7956617102228,159622850201,0,1,1,1405021,,,,1405/03/19,,,83.28,3834,10245,2994,0,5652,0,0,0,0,6910785,36933225,21586740,0,0,0,18131066,0,0,153525,0,5395772,0,1649312792,381,24774314,0,297276417,1405/04/20,13:41:44,3,14050201,14050301,14050420,,0,0,0,0,0,,0,24758962,0,0,83.28,0.949332,0.0,1.0,19675283,قطعی ,1,,,4093303,4993,699,صنعتی آزاد 4 الف- سی کیلو وات و بالاتر-گزینه 3,13,3,ضعيف باديماند سي كيلووات وبالاتر,25,4,صنعتي,09,صنعی آزاد,قرائت مامور,2026-07-12 02:28:02,
FAHAM,225196289,9566171,186119596,186899433,8998826,,1405/03/01,1405/04/01,31,7956617102228,224650450398,0,1,1,1405031,,,,1405/04/16,,,87.6,5295,13173,4383,0,9357,0,0,0,0,9544238,47488665,31601430,0,0,0,25611324,0,0,153525,0,12632404,0,1872284431,124,31186254,0,374219693,1405/04/11,11:50:43,461969,14050301,14050401,14050411,,0,0,0,0,0,,0,31170901,0,0,87.6,0.925421,0.0,1.0,26636357,قطعی ,1,,,4093303,4993,699,صنعتی آزاد 4 الف- سی کیلو وات و بالاتر-گزینه 3,13,3,ضعيف باديماند سي كيلووات وبالاتر,25,4,صنعتي,09,صنعی آزاد,قرائت مامور,2026-07-03 09:31:21,
FAHAM,226104574,9566171,186899433,187777754,8998826,,1405/04/01,1405/05/01,31,7956617102228,237454250466,0,1,1,1405041,,,,1405/05/17,,,5.85,135,180,66,0,222,0,0,0,0,243338,648900,475860,0,1136748,0,395622,0,0,153525,0,0,0,2357586973,454,1414236,0,16955481,1405/05/11,12:26:40,461969,14050401,14050501,14050511,,0,0,0,0,0,,0,1398884,0,0,70.2,0.864026,0.0532096,1.0,456487,قطعی ,1,,,4093303,4993,699,صنعتی آزاد 4 الف- سی کیلو وات و بالاتر-گزینه 3,13,3,ضعيف باديماند سي كيلووات وبالاتر,25,4,صنعتي,09,صنعی آزاد,قرائت مامور,2026-08-03 02:27:16,
FAHAM,227553663,9566171,187777754,188706653,8998826,,1405/05/01,1405/06/01,31,7956617102228,239198950555,0,1,1,1405051,,,,1405/06/17,,,5.61,108,168,63,0,225,0,0,0,0,194670,605640,454230,0,1822668,0,366097,0,0,153525,0,0,0,2374542454,903,1455233,0,17447449,1405/06/10,13:54:01,461969,14050501,14050601,14050610,,0,0,0,0,0,,0,1439881,0,0,70.2,0.833183,0.0921971,1.0,422420,قطعی ,1,,,4093303,4993,699,صنعتی آزاد 4 الف- سی کیلو وات و بالاتر-گزینه 3,13,3,ضعيف باديماند سي كيلووات وبالاتر,25,4,صنعتي,09,صنعی آزاد,قرائت مامور,2026-09-02 03:57:37,
NON_FAHAM,224875618,9575364,184642092,186570405,7069671,,1405/01/30,1405/03/25,57,7957536402223,113350201,0,1,1,1405021,,,,1405/04/01,,,0.0,10,40,12,0,0,0,0,0,0,0,651038,0,0,0,0,0,0,0,31293,0,0,0,756,280,92775,0,1132524,1405/03/27,14:12:12,462249,14050130,14050325,14050327,,0,126007,0,52498,0,,112000,0,0,0,0.0,1.0,0.0,1.0,0,قطعی ,1,,,5014103,5110,371,سایر موارد1 -کمتر از سی کیلو وات-سه زمانه,14,4,ضعيف باديماندزير سي كيلووات,22,5,ساير مصارف,01,سایرمصارف 1,قرائت مامور,2026-06-18 03:19:18,
NON_FAHAM,226699174,9575364,186570405,188380556,7069671,,1405/03/25,1405/05/30,67,7957536402223,269250371,0,5,1,1405031,,,,1405/06/05,,,0.0,71,102,3,0,0,0,0,0,0,0,1866480,0,0,0,0,0,0,0,36868,0,0,279174,280,764,232589,0,2692484,1405/05/31,13:23:38,462435,14050325,14050530,14050531,,0,31815,0,376442,0,,134000,0,60,0,0.0,1.0,0.0,1.0,0,علی الحساب,4,,,5014103,5110,371,سایر موارد1 -کمتر از سی کیلو وات-سه زمانه,14,4,ضعيف باديماندزير سي كيلووات,22,5,ساير مصارف,01,سایرمصارف 1,قرائت مامور,2026-08-23 03:02:45,
NON_FAHAM,224536659,9609393,184245269,186236707,6313082,,1405/01/18,1405/03/09,53,7960939302220,125550242,0,1,1,1405021,,,,1405/03/24,,,0.0,139,256,116,0,0,0,0,0,0,0,3006940,0,0,0,0,0,0,0,28660,0,0,0,235,750,69732,0,1255515,1405/03/19,11:41:58,462249,14050118,14050309,14050319,,2562850,444482,0,266322,0,,9200,66866,0,8,0.0,1.0,0.0,2.0,0,قطعی ,1,,,1014103,1110,247,خانگی جانبازان و فرزندان شاهد,14,4,ضعيف باديماندزير سي كيلووات,29,1,خانگي,01,خانگی جانبازان,قرائت مامور,2026-06-10 20:21:43,
NON_FAHAM,226245055,9609393,186236707,187922338,6313082,,1405/03/09,1405/05/17,70,7960939302220,277350370,0,1,1,1405031,,,,1405/05/29,,,0.0,370,643,296,0,0,0,0,0,0,0,2116653,0,0,0,0,0,0,0,38519,0,0,0,750,42,195812,0,2772292,1405/05/24,11:07:48,462249,14050309,14050517,14050524,,416400,381840,0,238650,0,,14000,191960,0,70,0.0,1.0,0.0,2.0,0,قطعی ,1,,,1014103,1110,247,خانگی جانبازان و فرزندان شاهد,14,4,ضعيف باديماندزير سي كيلووات,29,1,خانگي,01,خانگی جانبازان,قرائت مامور,2026-08-16 03:28:25,
NON_FAHAM,226471946,9612736,185961761,188149368,8469537,,1405/03/10,1405/05/12,64,7961273602220,697950303,0,1,1,1405031,,,,1405/05/29,,,0.0,273,413,235,0,0,0,0,0,0,0,9829324,0,0,0,0,0,0,0,35217,0,0,0,756,698,580805,0,6978942,1405/05/24,14:58:52,462249,14050310,14050512,14050524,,4686590,1245970,0,723723,0,,12800,577284,0,0,0.0,1.0,0.0,1.0,0,قطعی ,1,,,1004103,1010,245,خانگی معمولی-سه زمانه,14,4,ضعيف باديماندزير سي كيلووات,28,1,خانگي,00,خانگی معمولی,قرائت مامور,2026-08-16 03:49:45,
NON_FAHAM,225093029,9616277,184803785,186793709,8430414,,1405/01/31,1405/03/26,57,7961627702227,834350201,0,1,1,1405021,29,,,1405/04/12,1405/06/07,14:58:57,0.0,224,372,147,0,0,0,0,0,0,0,9860121,0,0,0,0,0,0,0,31329,0,0,0,158,511,694599,0,8343353,1405/04/08,14:24:28,462249,14050131,14050326,14050408,14050607,3238754,774698,0,590248,0,,11300,691466,0,0,0.0,1.0,0.0,1.0,0,قطعی ,1,اعمال نرخ های جدید,29,1004103,1010,245,خانگی معمولی-سه زمانه,14,4,ضعيف باديماندزير سي كيلووات,28,1,خانگي,00,خانگی معمولی,قرائت مامور,2026-06-30 02:53:59,2026-08-30 21:06:09
NON_FAHAM,227316426,9616277,184803785,186793709,8430414,,1405/01/31,1405/03/26,57,7961627702227,834350201,0,1,1,1405021,,,,1405/04/12,,,0.0,224,372,147,0,0,0,0,0,0,0,9860121,0,0,0,0,0,0,0,31329,0,0,0,158,611,694599,0,8343453,1405/06/07,14:58:57,461969,14050131,14050326,14050607,,3238754,774698,0,590248,0,,11400,691466,0,0,0.0,1.0,0.0,1.0,0,قطعی ,1,,,1004103,1010,245,خانگی معمولی-سه زمانه,14,4,ضعيف باديماندزير سي كيلووات,28,1,خانگي,00,خانگی معمولی,قرائت مامور,2026-08-30 03:04:15,
NON_FAHAM,227511256,9616277,186793709,188663595,8430414,,1405/03/26,1405/06/01,68,7961627702227,1163350341,0,1,1,1405031,,,,1405/06/14,,,0.0,353,540,210,0,0,0,0,0,0,0,14018220,0,0,0,0,0,0,0,37418,0,0,0,3611,860,968366,0,11630249,1405/06/09,14:27:19,462249,14050326,14050601,14050609,,4703414,1113420,0,935803,0,,13600,964624,0,0,0.0,1.0,0.0,1.0,0,قطعی ,1,,,1004103,1010,245,خانگی معمولی-سه زمانه,14,4,ضعيف باديماندزير سي كيلووات,28,1,خانگي,00,خانگی معمولی,قرائت مامور,2026-09-01 04:37:16,
NON_FAHAM,225316097,9627066,185035843,187021365,9215006,,1405/02/03,1405/04/07,66,7962706602226,562250218,0,1,1,1405021,,,,1405/04/21,,,0.0,0,0,0,0,0,0,0,0,0,0,0,0,0,0,0,0,0,0,36318,0,0,0,5157390,938,3632,0,465548,1405/04/16,11:39:30,462249,14050203,14050407,14050416,,0,0,0,0,0,,13200,0,0,0,0.0,0.0,0.0,1.0,0,قطعی ,1,,,1004103,1010,245,خانگی معمولی-سه زمانه,14,4,ضعيف باديماندزير سي كيلووات,28,1,خانگي,00,خانگی معمولی,قرائت مامور,2026-07-08 03:09:29,
NON_FAHAM,228226571,9627066,187021365,188912433,9215006,,1405/04/07,1405/06/12,67,7962706602226,72250322,0,1,1,1405031,,,,1405/06/21,,,0.0,37,50,18,0,0,0,0,0,0,0,203175,0,0,0,0,0,0,0,36868,0,0,0,4317,460,24669,0,718143,1405/06/16,12:30:19,462249,14050407,14050612,14050616,,0,34830,0,35816,0,,13400,20983,0,0,0.0,1.0,0.0,1.0,0,قطعی ,1,,,1004103,1010,245,خانگی معمولی-سه زمانه,14,4,ضعيف باديماندزير سي كيلووات,28,1,خانگي,00,خانگی معمولی,قرائت مامور,2026-09-08 02:47:43,
NON_FAHAM,225488386,9628999,185388558,187153311,6367088,,1405/02/19,1405/04/10,53,7962899902221,,0,1,1,1405021,5,,,1405/04/28,1405/06/05,05:18:48,0.0,120,206,92,0,0,0,0,0,0,0,1558111,0,0,0,0,0,0,0,29164,0,0,0,-5838561,0,170829,0,2470024,1405/04/23,11:19:36,462249,14050219,14050410,14050423,14050605,0,254000,0,165697,0,,10600,167912,0,0,0.0,1.0,0.0,1.0,0,قطعی ,1,تغییر در ایین نامه ها و دستورالعمل ها,05,1004103,1010,245,خانگی معمولی-سه زمانه,14,4,ضعيف باديماندزير سي كيلووات,28,1,خانگي,00,خانگی معمولی,قرائت مامور,2026-07-15 02:41:19,2026-08-27 14:21:40
NON_FAHAM,227030959,9628999,185388558,187153311,6367088,,1405/02/19,1405/04/10,53,7962899902221,,0,1,1,1405021,5,,,1405/04/28,1405/06/10,19:10:04,0.0,120,206,92,0,0,0,0,0,0,0,1558111,0,0,0,0,0,0,0,29164,0,0,0,-5838561,0,144240,0,2150958,1405/06/05,05:18:48,3,14050219,14050410,14050605,14050610,265888,254000,0,165697,0,,10600,141323,0,0,0.0,1.0,0.0,1.0,0,قطعی ,1,تغییر در ایین نامه ها و دستورالعمل ها,05,1004103,1010,245,خانگی معمولی-سه زمانه,14,4,ضعيف باديماندزير سي كيلووات,28,1,خانگي,00,خانگی معمولی,قرائت مامور,2026-08-27 06:01:19,2026-09-02 13:30:16
NON_FAHAM,227831419,9628999,185388558,187153311,6367088,,1405/02/19,1405/04/10,53,7962899902221,,0,1,1,1405021,,,,1405/04/28,,,0.0,120,206,92,0,0,0,0,0,0,0,1558111,0,0,0,0,0,0,0,29164,0,0,0,-5838561,0,170829,0,2470024,1405/06/10,19:10:04,3,14050219,14050410,14050610,,0,254000,0,165697,0,,10600,167912,0,0,0.0,1.0,0.0,1.0,0,قطعی ,1,,,1004103,1010,245,خانگی معمولی-سه زمانه,14,4,ضعيف باديماندزير سي كيلووات,28,1,خانگي,00,خانگی معمولی,قرائت مامور,2026-09-02 03:18:52,
NON_FAHAM,228582898,9628999,187153311,189062433,6367088,,1405/04/10,1405/06/07,59,7962899902221,285250364,0,1,1,1405031,,,,1405/06/28,,,0.0,178,292,136,0,0,0,0,0,0,0,4228664,0,0,0,0,0,0,0,32466,0,0,0,-3036925,95,455672,0,5889020,1405/06/23,12:36:19,462249,14050410,14050607,14050623,,0,721072,0,471878,0,,11800,452426,0,0,0.0,1.0,0.0,1.0,0,قطعی ,1,,,1004103,1010,245,خانگی معمولی-سه زمانه,14,4,ضعيف باديماندزير سي كيلووات,28,1,خانگي,00,خانگی معمولی,قرائت مامور,2026-09-15 03:19:05,
NON_FAHAM,226500140,9640937,186001391,188177570,6426098,,1405/03/06,1405/05/13,69,7964093702225,351450365,0,1,1,1405031,,,,1405/05/29,,,0.0,72,110,57,0,0,0,0,0,0,343584,1049840,1088016,0,0,0,0,0,0,37968,0,0,314013,777,673,293141,0,3513896,1405/05/24,15:08:18,462249,14050306,14050513,14050524,,0,0,0,0,0,,0,289344,43,0,0.0,1.0,0.0,1.0,0,قطعی ,1,,,2024103,2210,263,عمومی2 - کمتر از سی کیلووات-سه زمانه,14,4,ضعيف باديماندزير سي كيلووات,5,2,عمومي,02,عمومی 2,قرائت مامور,2026-08-16 03:51:51,
FAHAM,224428538,9642104,185003339,186126430,9320351,,1405/02/01,1405/03/01,31,7964210402220,,0,1,1,1405021,,,,1405/03/19,,,67.08,9102,19476,5601,0,21537,0,0,0,0,3622596,15502896,8916792,0,19182857,0,0,0,0,153525,0,0,0,-73848980,0,3202532,0,56578059,1405/03/13,16:55:14,461969,14050201,14050301,14050313,,0,0,0,0,0,,0,0,0,0,70.2,0.846044,0.0755938,1.0,0,قطعی ,1,,,3013103,3110,307,کشاورزی1 -سی کیلووات و بالاتر-سه زمانه,13,3,ضعيف باديماند سي كيلووات وبالاتر,11,3,كشاورزي,01,کشاورزی 1,قرائت مامور,2026-06-04 02:22:58,
FAHAM,225196132,9642104,186126430,186899276,9320351,,1405/03/01,1405/04/01,31,7964210402220,3699850358,0,1,1,1405031,,,,1405/04/16,,,64.8,14472,19755,2532,0,23688,0,0,0,0,5759856,15724980,4030944,0,19078445,0,0,0,0,153525,0,0,0,-17270921,200,3071837,0,54269121,1405/04/11,11:50:32,461969,14050301,14050401,14050411,,0,0,0,0,0,,0,0,0,0,70.2,0.840583,0.0825822,1.0,0,قطعی ,1,,,3013103,3110,307,کشاورزی1 -سی کیلووات و بالاتر-سه زمانه,13,3,ضعيف باديماند سي كيلووات وبالاتر,11,3,كشاورزي,01,کشاورزی 1,قرائت مامور,2026-07-03 09:28:49,
FAHAM,226080471,9642104,186899276,187753604,9419623,,1405/04/01,1405/05/01,31,7964210402220,5166650414,0,1,1,1405041,,,,1405/05/17,,,62.16,14433,18759,1404,0,22527,0,0,0,0,5744334,14932164,2235168,0,17834258,0,0,0,0,153525,0,0,0,200,621,4696947,0,51666421,1405/05/11,11:56:53,461969,14050401,14050501,14050511,,0,0,0,0,0,,0,0,0,0,70.2,0.838005,0.0859123,1.0,0,قطعی ,1,,,3013103,3110,307,کشاورزی1 -سی کیلووات و بالاتر-سه زمانه,13,3,ضعيف باديماند سي كيلووات وبالاتر,11,3,كشاورزي,01,کشاورزی 1,قرائت مامور,2026-08-03 02:25:11,
FAHAM,227573192,9642104,187753604,188726215,9419623,,1405/05/01,1405/06/01,31,7964210402220,8521750521,0,1,1,1405051,,,,1405/06/17,,,59.4,14112,18510,4872,0,25026,0,0,0,0,5616576,14733960,7756224,0,32505183,0,0,0,0,153525,0,10126004,0,621,583,7746997,0,85216962,1405/06/10,14:10:51,461969,14050501,14050601,14050610,,0,0,0,0,0,,0,0,0,0,70.2,0.831743,0.0940879,1.0,0,قطعی ,1,,,3013103,3110,307,کشاورزی1 -سی کیلووات و بالاتر-سه زمانه,13,3,ضعيف باديماند سي كيلووات وبالاتر,11,3,كشاورزي,01,کشاورزی 1,قرائت مامور,2026-09-02 04:01:44,
NON_FAHAM,227528015,9653072,186800247,188680358,6541696,,1405/03/27,1405/06/02,68,7965307202221,142450309,0,1,1,1405031,,,,1405/06/14,,,0.0,117,194,76,0,0,0,0,0,0,0,799991,0,0,0,0,0,0,0,37418,0,0,0,-76578,908,89936,0,1501486,1405/06/09,14:43:13,462249,14050327,14050602,14050609,,0,147060,0,113256,0,,13600,86194,0,0,0.0,1.0,0.0,1.0,0,قطعی ,1,,,1004103,1010,245,خانگی معمولی-سه زمانه,14,4,ضعيف باديماندزير سي كيلووات,28,1,خانگي,00,خانگی معمولی,قرائت مامور,2026-09-01 04:44:24,
NON_FAHAM,223088578,9671694,184186110,184753732,8663777,,1405/01/21,1405/02/05,15,7967169402225,1503950110,0,5,0,1405012,,,,1405/02/11,,,0.0,147,173,111,0,0,0,0,0,0,0,12207485,0,0,0,0,0,0,0,7714,0,0,0,247,189,1253184,0,15038942,1405/02/06,15:30:17,3,14050121,14050205,14050206,,0,386391,0,255927,0,,1500,1252413,0,0,0.0,1.0,0.0,1.0,0,علی الحساب,4,,,1004103,1010,245,خانگی معمولی-سه زمانه,14,4,ضعيف باديماندزير سي كيلووات,28,1,خانگي,00,خانگی معمولی,برآوردی,2026-04-27 02:31:01,
NON_FAHAM,223716035,9671694,184186110,185389987,8663777,,1405/01/21,1405/02/20,30,7967169402225,2995950132,0,5,0,1405012,,,,1405/02/26,,,0.0,293,346,221,0,0,0,0,0,0,0,24319600,0,0,0,0,0,0,0,15428,0,0,0,247,855,2496513,0,29959608,1405/02/21,15:31:54,3,14050121,14050220,14050221,,0,769301,0,510113,0,,3000,2494970,0,0,0.0,1.0,0.0,1.0,0,علی الحساب,4,,,1004103,1010,245,خانگی معمولی-سه زمانه,14,4,ضعيف باديماندزير سي كيلووات,28,1,خانگي,00,خانگی معمولی,برآوردی,2026-05-12 02:58:19,
NON_FAHAM,224167021,9671694,184186110,185855428,8663777,,1405/01/21,1405/03/04,45,7967169402225,4439450247,0,5,0,1405022,,,,1405/03/10,,,0.0,440,519,332,0,0,0,0,0,0,0,35692610,0,0,0,0,0,0,0,23142,0,0,0,247,553,3664977,0,44394306,1405/03/05,15:31:27,3,14050121,14050304,14050305,,0,1155692,0,766040,0,,4500,3662663,0,0,0.0,1.0,0.0,1.0,0,علی الحساب,4,,,1004103,1010,245,خانگی معمولی-سه زمانه,14,4,ضعيف باديماندزير سي كيلووات,28,1,خانگي,00,خانگی معمولی,برآوردی,2026-05-27 02:28:10,
NON_FAHAM,224554571,9671694,184186110,186254622,8663777,,1405/01/21,1405/03/16,57,7967169402225,1067550275,0,1,1,1405021,,,,1405/03/24,,,0.0,468,634,363,0,0,0,0,0,0,0,44353785,0,0,0,0,0,0,0,30969,0,0,0,-44393753,667,4554152,0,55069420,1405/03/19,11:49:48,462249,14050121,14050316,14050319,,0,1797060,0,1158481,0,,10300,4551055,0,0,0.0,1.0,0.0,1.0,0,قطعی ,1,,,1004103,1010,245,خانگی معمولی-سه زمانه,14,4,ضعيف باديماندزير سي كيلووات,28,1,خانگي,00,خانگی معمولی,قرائت مامور,2026-06-10 20:22:59,
NON_FAHAM,224930495,9671694,186254622,186628328,8663777,,1405/03/16,1405/03/31,15,7967169402225,1016250285,0,5,0,1405022,,,,1405/04/06,,,0.0,123,167,96,0,0,0,0,0,0,0,8185580,0,0,0,0,0,0,0,8254,0,0,0,667,727,846657,0,10162060,1405/04/01,15:31:08,3,14050316,14050331,14050401,,0,508992,0,326073,0,,3000,845832,0,0,0.0,1.0,0.0,1.0,0,علی الحساب,4,,,1004103,1010,245,خانگی معمولی-سه زمانه,14,4,ضعيف باديماندزير سي كيلووات,28,1,خانگي,00,خانگی معمولی,برآوردی,2026-06-23 02:30:10,
NON_FAHAM,225419438,9671694,186254622,187125056,8663777,,1405/03/16,1405/04/15,30,7967169402225,473050207,0,5,0,1405022,,,,1405/04/21,,,0.0,246,334,191,0,0,0,0,0,0,0,11961458,0,0,0,0,0,0,0,16508,0,0,0,-10161333,67,1240588,0,14891400,1405/04/16,15:30:44,3,14050316,14050415,14050416,,0,833078,0,536420,0,,6000,1238937,0,14,0.0,1.0,0.0,1.3,0,علی الحساب,4,,,1004103,1010,245,خانگی معمولی-سه زمانه,14,4,ضعيف باديماندزير سي كيلووات,28,1,خانگي,00,خانگی معمولی,برآوردی,2026-07-08 03:18:53,
NON_FAHAM,225852465,9671694,186254622,187521184,8663777,,1405/03/16,1405/04/30,45,7967169402225,520550248,0,5,0,1405022,,,,1405/05/05,,,0.0,369,501,287,0,0,0,0,0,0,0,16123917,0,0,0,0,0,0,0,24762,0,0,0,-14891333,634,1674204,0,20096967,1405/04/31,15:30:40,3,14050316,14050430,14050431,,0,1165645,0,749214,0,,9000,1671727,0,29,0.0,1.0,0.0,1.3,0,علی الحساب,4,,,1004103,1010,245,خانگی معمولی-سه زمانه,14,4,ضعيف باديماندزير سي كيلووات,28,1,خانگي,00,خانگی معمولی,برآوردی,2026-07-23 02:29:05,
NON_FAHAM,226232454,9671694,186254622,187909622,8663777,,1405/03/16,1405/05/17,63,7967169402225,52050340,0,1,1,1405031,,,,1405/05/29,,,0.0,523,704,233,0,0,0,0,0,0,0,16721980,0,0,0,0,0,0,0,34667,0,0,0,-20096333,174,1682915,0,20616507,1405/05/24,10:47:52,462249,14050316,14050517,14050524,,0,909094,0,1020085,0,,12600,1679448,0,47,0.0,1.0,0.0,1.3,0,قطعی ,1,,,1004103,1010,245,خانگی معمولی-سه زمانه,14,4,ضعيف باديماندزير سي كيلووات,28,1,خانگي,00,خانگی معمولی,قرائت مامور,2026-08-16 03:27:10,
NON_FAHAM,225535593,9702258,185627507,187200098,6796837,,1405/02/07,1405/04/06,61,7970225802224,154550208,0,1,1,1405021,,,,1405/04/28,,,0.0,115,182,91,0,0,0,0,0,0,0,809689,0,0,0,0,0,0,0,33566,0,0,0,484,211,93624,0,1544727,1405/04/23,11:56:01,462249,14050207,14050406,14050423,,0,176085,0,111320,0,,12200,90267,0,0,0.0,1.0,0.0,1.0,0,قطعی ,1,,,1004103,1010,245,خانگی معمولی-سه زمانه,14,4,ضعيف باديماندزير سي كيلووات,28,1,خانگي,00,خانگی معمولی,قرائت مامور,2026-07-15 02:46:04,
NON_FAHAM,228767093,9702258,187200098,189246688,6796837,,1405/04/06,1405/06/16,72,7970225802224,33550399,0,1,1,1405031,,,,1405/06/28,,,0.0,135,203,116,0,0,0,0,0,0,0,946756,0,0,0,0,0,0,0,39619,0,0,0,-1423548,95,111317,0,1758643,1405/06/23,13:37:14,462249,14050406,14050616,14050623,,0,224460,0,130680,0,,14400,107355,0,0,0.0,1.0,0.0,1.0,0,قطعی ,1,,,1004103,1010,245,خانگی معمولی-سه زمانه,14,4,ضعيف باديماندزير سي كيلووات,28,1,خانگي,00,خانگی معمولی,قرائت مامور,2026-09-15 03:44:37,
NON_FAHAM,225551943,9713853,185307913,187216215,8104479,,1405/02/20,1405/04/17,59,7971385302224,752550209,0,1,1,1405021,,,,1405/04/28,,,0.0,15,42,13,0,0,0,0,0,0,0,742350,0,0,0,0,0,0,0,32466,0,0,45188,6123366,35,107243,0,1401669,1405/04/23,12:09:55,462249,14050220,14050417,14050423,,0,137865,0,79530,0,,118000,103996,16,0,0.0,1.0,0.0,1.0,0,قطعی ,1,,,5014103,5110,371,سایر موارد1 -کمتر از سی کیلو وات-سه زمانه,14,4,ضعيف باديماندزير سي كيلووات,22,5,ساير مصارف,01,سایرمصارف 1,قرائت مامور,2026-07-15 02:47:41,
NON_FAHAM,228613020,9713853,187216215,189092555,8104479,,1405/04/17,1405/06/18,63,7971385302224,1076950368,0,1,1,1405031,,,,1405/06/28,,,0.0,28,82,27,0,0,0,0,0,0,0,1452885,0,0,0,0,0,0,0,34667,0,0,325086,7850509,499,233038,0,2918990,1405/06/23,12:42:46,462249,14050417,14050618,14050623,,0,286335,0,148456,0,,126000,229571,63,0,0.0,1.0,0.0,1.0,0,قطعی ,1,,,5014103,5110,371,سایر موارد1 -کمتر از سی کیلو وات-سه زمانه,14,4,ضعيف باديماندزير سي كيلووات,22,5,ساير مصارف,01,سایرمصارف 1,قرائت مامور,2026-09-15 03:23:13,
FAHAM,225692219,9714228,185605335,187360345,9240067,,1405/02/11,1405/04/07,58,7971422802224,589250200,0,1,1,1405021,,,,1405/05/04,,,8.347,167,700,221,0,1928,0,0,0,0,301018,2523500,1593410,0,0,0,0,0,0,31915,0,0,0,792,886,491274,0,5892094,1405/04/30,13:17:52,462249,14050211,14050407,14050430,,0,0,0,0,0,,0,488082,0,0,8.347,0.0,0.0,1.0,0,قطعی ,1,,,4044113,4410,531,صنعتی 4410 - کمتر از سی کیلو وات-سه زمانه,14,4,ضعيف باديماندزير سي كيلووات,18,4,صنعتي,04,صنعت ومعدن 4,قرائت مامور,2026-07-22 02:44:15,
FAHAM,229091648,9714228,187360345,189402183,9240067,,1405/04/07,1405/06/16,71,7971422802224,641750330,0,1,1,1405031,,,,1405/07/04,,,5.813,118,811,233,0,1192,0,0,0,0,212695,2923655,1679930,0,0,0,0,0,0,39069,0,0,0,1282,48,534973,0,6415766,1405/06/30,12:45:07,462435,14050407,14050616,14050630,,0,0,0,0,0,,0,531066,0,0,5.813,0.0,0.0,1.0,0,قطعی ,1,,,4044113,4410,531,صنعتی 4410 - کمتر از سی کیلو وات-سه زمانه,14,4,ضعيف باديماندزير سي كيلووات,18,4,صنعتي,04,صنعت ومعدن 4,قرائت مامور,2026-09-22 02:51:06,
NON_FAHAM,225303953,9727014,185214874,187009221,7109915,,1405/02/07,1405/03/31,55,7972701402224,1384550258,0,1,1,1405021,29,,,1405/04/21,1405/06/15,13:40:29,0.0,121,156,61,0,0,0,0,0,0,0,3645893,0,0,0,0,0,0,0,30265,0,0,0,8655340,913,461870,0,5190573,1405/04/16,11:31:24,462249,14050207,14050331,14050416,14050615,0,646905,0,641542,0,,110000,0,0,0,0.0,1.0,0.0,1.0,0,قطعی ,1,اعمال نرخ های جدید,29,5014103,5110,371,سایر موارد1 -کمتر از سی کیلو وات-سه زمانه,14,4,ضعيف باديماندزير سي كيلووات,22,5,ساير مصارف,01,سایرمصارف 1,قرائت مامور,2026-07-08 03:08:06,2026-09-07 20:07:49
NON_FAHAM,228055880,9727014,185214874,187009221,7109915,,1405/02/07,1405/03/31,55,7972701402224,1384550258,0,1,1,1405021,,,,1405/04/21,,,0.0,121,156,61,0,0,0,0,0,0,0,3645893,0,0,0,0,0,0,0,30265,0,0,0,8655340,913,461870,0,5190573,1405/06/15,13:40:29,461969,14050207,14050331,14050615,,0,646905,0,641542,0,,110000,0,0,0,0.0,1.0,0.0,1.0,0,قطعی ,1,,,5014103,5110,371,سایر موارد1 -کمتر از سی کیلو وات-سه زمانه,14,4,ضعيف باديماندزير سي كيلووات,22,5,ساير مصارف,01,سایرمصارف 1,قرائت مامور,2026-09-07 03:00:47,
NON_FAHAM,228154525,9727014,187009221,188840386,7109915,,1405/03/31,1405/06/13,75,7972701402224,2147750346,0,1,1,1405031,,,,1405/06/21,,,0.0,165,183,79,0,0,0,0,0,0,0,4598604,0,0,0,0,0,0,0,41270,0,0,908294,13962957,554,669509,0,7514597,1405/06/16,12:09:50,462249,14050331,14050613,14050616,,0,837795,0,874830,0,,150000,0,74,0,0.0,1.0,0.0,1.0,0,قطعی ,1,,,5014103,5110,371,سایر موارد1 -کمتر از سی کیلو وات-سه زمانه,14,4,ضعيف باديماندزير سي كيلووات,22,5,ساير مصارف,01,سایرمصارف 1,قرائت مامور,2026-09-08 02:42:49,
NON_FAHAM,226057839,9728766,185772030,187729803,6902114,,1405/02/28,1405/04/30,64,7972876602226,792750342,0,1,1,1405031,,,,1405/05/11,,,0.0,71,139,67,0,0,0,0,0,0,338812,1326616,1278896,0,0,0,0,0,0,35217,0,0,270021,3894914,150,336313,0,4032236,1405/05/06,16:34:31,151031,14050228,14050430,14050506,,0,0,0,0,0,,0,332791,29,0,0.0,1.0,0.0,1.0,0,قطعی ,1,,,2024103,2210,263,عمومی2 - کمتر از سی کیلووات-سه زمانه,14,4,ضعيف باديماندزير سي كيلووات,5,2,عمومي,02,عمومی 2,قرائت مامور,2026-07-29 03:07:01,
NON_FAHAM,224650725,9734001,184188447,186350824,6929998,,1405/01/15,1405/03/19,66,7973400102221,101950201,0,1,1,1405021,5,,,1405/03/24,1405/06/05,05:43:16,0.0,23,64,31,0,0,0,0,0,0,0,211826,0,0,0,0,0,0,0,35706,0,0,0,369585,580,17467,0,649995,1405/03/19,13:10:18,462249,14050115,14050319,14050319,14050605,0,55649,0,20653,0,,11500,0,0,0,0.0,1.0,0.0,1.0,0,قطعی ,1,تغییر در ایین نامه ها و دستورالعمل ها,05,1004103,1010,245,خانگی معمولی-سه زمانه,14,4,ضعيف باديماندزير سي كيلووات,28,1,خانگي,00,خانگی معمولی,قرائت مامور,2026-06-10 20:29:37,2026-08-27 10:35:52
NON_FAHAM,227039658,9734001,184188447,186350824,6929998,,1405/01/15,1405/03/19,66,7973400102221,100450299,0,1,1,1405021,5,,,1405/03/24,1405/06/10,19:11:36,0.0,23,64,31,0,0,0,0,0,0,0,211826,0,0,0,0,0,0,0,35706,0,0,0,369585,939,26567,0,635354,1405/06/05,05:43:16,3,14050115,14050319,14050605,14050610,25441,55649,0,20653,0,,13200,0,0,0,0.0,1.0,0.0,1.0,0,قطعی ,1,تغییر در ایین نامه ها و دستورالعمل ها,05,1004103,1010,245,خانگی معمولی-سه زمانه,14,4,ضعيف باديماندزير سي كيلووات,28,1,خانگي,00,خانگی معمولی,قرائت مامور,2026-08-27 05:54:53,2026-09-02 08:35:12
NON_FAHAM,227839338,9734001,184188447,186350824,6929998,,1405/01/15,1405/03/19,66,7973400102221,103250215,0,1,1,1405021,,,,1405/03/24,,,0.0,23,64,31,0,0,0,0,0,0,0,211826,0,0,0,0,0,0,0,35706,0,0,0,369585,924,29111,0,663339,1405/06/10,19:11:36,3,14050115,14050319,14050610,,0,55649,0,20653,0,,13200,0,0,0,0.0,1.0,0.0,1.0,0,قطعی ,1,,,1004103,1010,245,خانگی معمولی-سه زمانه,14,4,ضعيف باديماندزير سي كيلووات,28,1,خانگي,00,خانگی معمولی,قرائت مامور,2026-09-02 03:03:29,
NON_FAHAM,226334383,9734001,186350824,188011768,6929998,,1405/03/19,1405/05/24,67,7973400102221,169450304,0,5,1,1405031,,,,1405/05/29,,,0.0,40,68,22,0,0,0,0,0,0,0,251550,0,0,0,0,0,0,0,36868,0,0,0,1019580,793,30172,0,675213,1405/05/24,13:20:27,462249,14050319,14050524,14050524,,0,42570,0,38720,0,,13400,0,0,0,0.0,1.0,0.0,1.0,0,علی الحساب,4,,,1004103,1010,245,خانگی معمولی-سه زمانه,14,4,ضعيف باديماندزير سي كيلووات,28,1,خانگي,00,خانگی معمولی,قرائت مامور,2026-08-16 03:37:17,
NON_FAHAM,224775559,9753289,184732374,186470270,7158279,,1405/01/30,1405/03/26,58,7975328902229,243150290,0,5,1,1405021,,,,1405/04/01,,,0.0,0,398,0,0,0,0,0,0,0,0,1613635,0,0,0,0,0,0,0,31843,0,0,0,764,811,167536,0,2431047,1405/03/27,11:47:07,462249,14050130,14050326,14050327,,0,0,0,0,0,,11400,164352,0,0,0.0,1.0,0.0,1.0,0,علی الحساب,4,,,1004103,1010,245,خانگی معمولی-سه زمانه,14,4,ضعيف باديماندزير سي كيلووات,28,1,خانگي,00,خانگی معمولی,قرائت مامور,2026-06-18 03:09:09,
NON_FAHAM,226662682,9753289,184732374,188344063,7158279,,1405/01/30,1405/05/29,123,7975328902229,448550380,0,1,1,1405031,,,,1405/06/05,,,0.0,0,1108,0,0,0,0,0,0,0,0,4901381,0,0,0,0,0,0,0,67611,0,0,0,-2430236,374,506081,0,6915610,1405/05/31,13:07:12,462435,14050130,14050529,14050531,,0,0,0,0,0,,24600,499320,0,0,0.0,1.0,0.0,1.0,0,قطعی ,1,,,1004103,1010,245,خانگی معمولی-سه زمانه,14,4,ضعيف باديماندزير سي كيلووات,28,1,خانگي,00,خانگی معمولی,قرائت مامور,2026-08-23 02:58:46,
NON_FAHAM,225803727,9759212,185597150,187471861,8026963,,1405/02/24,1405/04/23,61,7975921202225,376450284,0,1,1,1405021,29,,,1405/05/04,1405/06/29,10:02:26,0.0,70,115,41,0,0,0,0,0,0,0,2405729,0,0,0,0,0,0,0,33566,0,0,180541,879,30,331014,0,3763151,1405/04/30,16:54:52,462249,14050224,14050423,14050430,14050629,0,434805,0,371140,0,,122000,0,22,0,0.0,1.0,0.0,1.0,0,قطعی ,1,اعمال نرخ های جدید,29,5014103,5110,371,سایر موارد1 -کمتر از سی کیلو وات-سه زمانه,14,4,ضعيف باديماندزير سي كيلووات,22,5,ساير مصارف,01,سایرمصارف 1,قرائت مامور,2026-07-22 02:53:35,2026-09-21 15:47:31
NON_FAHAM,228960194,9759212,185597150,187471861,8026963,,1405/02/24,1405/04/23,61,7975921202225,376450284,0,1,1,1405021,,,,1405/05/04,,,0.0,70,115,41,0,0,0,0,0,0,0,2405729,0,0,0,0,0,0,0,33566,0,0,180541,879,30,331014,0,3763151,1405/06/29,10:02:26,461969,14050224,14050423,14050629,,0,434805,0,371140,0,,122000,0,22,0,0.0,1.0,0.0,1.0,0,قطعی ,1,,,5014103,5110,371,سایر موارد1 -کمتر از سی کیلو وات-سه زمانه,14,4,ضعيف باديماندزير سي كيلووات,22,5,ساير مصارف,01,سایرمصارف 1,قرائت مامور,2026-09-21 02:56:25,
NON_FAHAM,229070088,9759212,187471861,189380623,8026963,,1405/04/23,1405/06/21,60,7975921202225,364050310,0,1,1,1405031,,,,1405/07/04,,,0.0,63,94,34,0,0,0,0,0,0,0,2025555,0,0,0,0,0,0,0,33016,0,0,417023,185862,764,303173,0,3454902,1405/06/30,12:38:56,462435,14050423,14050621,14050630,,0,360570,0,334026,0,,120000,0,60,0,0.0,1.0,0.0,1.0,0,قطعی ,1,,,5014103,5110,371,سایر موارد1 -کمتر از سی کیلو وات-سه زمانه,14,4,ضعيف باديماندزير سي كيلووات,22,5,ساير مصارف,01,سایرمصارف 1,قرائت مامور,2026-09-22 02:49:42,
NON_FAHAM,224621747,9764695,184281790,186321825,7217380,,1405/01/17,1405/03/16,61,7976469502220,92650231,0,1,1,1405021,,,,1405/03/24,,,0.0,52,92,45,0,0,0,0,0,0,0,340479,0,0,0,0,0,0,0,33026,0,0,0,877,422,42146,0,925545,1405/03/19,12:28:50,462249,14050117,14050316,14050319,,0,81066,0,46858,0,,10700,38843,0,0,0.0,1.0,0.0,1.0,0,قطعی ,1,,,1004103,1010,245,خانگی معمولی-سه زمانه,14,4,ضعيف باديماندزير سي كيلووات,28,1,خانگي,00,خانگی معمولی,قرائت مامور,2026-06-10 20:27:31,
NON_FAHAM,227046061,9764695,184281790,186321825,7217380,,1405/01/17,1405/03/16,61,7976469502220,88850285,0,1,1,1405021,5,,,1405/03/24,1405/06/10,19:12:41,0.0,52,92,45,0,0,0,0,0,0,0,340479,0,0,0,0,0,0,0,33026,0,0,0,877,107,38828,0,887230,1405/06/05,06:01:43,3,14050117,14050316,14050605,14050610,33179,81066,0,46858,0,,12200,35525,0,0,0.0,1.0,0.0,1.0,0,قطعی ,1,تغییر در ایین نامه ها و دستورالعمل ها,05,1004103,1010,245,خانگی معمولی-سه زمانه,14,4,ضعيف باديماندزير سي كيلووات,28,1,خانگي,00,خانگی معمولی,قرائت مامور,2026-08-28 02:29:14,2026-09-02 08:18:00
NON_FAHAM,227844740,9764695,184281790,186321825,7217380,,1405/01/17,1405/03/16,61,7976469502220,92750295,0,1,1,1405021,,,,1405/03/24,,,0.0,52,92,45,0,0,0,0,0,0,0,340479,0,0,0,0,0,0,0,33026,0,0,0,877,922,42146,0,927045,1405/06/10,19:12:41,3,14050117,14050316,14050610,,0,81066,0,46858,0,,12200,38843,0,0,0.0,1.0,0.0,1.0,0,قطعی ,1,,,1004103,1010,245,خانگی معمولی-سه زمانه,14,4,ضعيف باديماندزير سي كيلووات,28,1,خانگي,00,خانگی معمولی,قرائت مامور,2026-09-02 03:01:19,
NON_FAHAM,226365959,9764695,186321825,188043345,7217380,,1405/03/16,1405/05/15,61,7976469502220,128050397,0,1,1,1405031,,,,1405/05/29,,,0.0,75,129,81,0,0,0,0,0,0,0,577527,0,0,0,0,0,0,0,33566,0,0,0,422,810,71596,0,1280388,1405/05/24,13:32:37,462249,14050316,14050515,14050524,,0,156735,0,72600,0,,12200,68239,0,0,0.0,1.0,0.0,1.0,0,قطعی ,1,,,1004103,1010,245,خانگی معمولی-سه زمانه,14,4,ضعيف باديماندزير سي كيلووات,28,1,خانگي,00,خانگی معمولی,قرائت مامور,2026-08-16 03:40:20,
NON_FAHAM,227046065,9764695,186321825,188043345,7217380,,1405/03/16,1405/05/15,61,7976469502220,102350309,0,1,1,1405031,5,,,1405/05/29,1405/06/10,19:12:41,0.0,75,129,81,0,0,0,0,0,0,0,577527,0,0,0,0,0,0,0,33566,0,0,0,422,65,50117,0,1022643,1405/06/05,06:01:44,3,14050316,14050515,14050605,14050610,214787,156735,0,72600,0,,12200,46760,0,0,0.0,1.0,0.0,1.0,0,قطعی ,1,تغییر در ایین نامه ها و دستورالعمل ها,05,1004103,1010,245,خانگی معمولی-سه زمانه,14,4,ضعيف باديماندزير سي كيلووات,28,1,خانگي,00,خانگی معمولی,قرائت مامور,2026-08-28 02:30:06,2026-09-02 18:20:51
NON_FAHAM,227844750,9764695,186321825,188043345,7217380,,1405/03/16,1405/05/15,61,7976469502220,128050397,0,1,1,1405031,,,,1405/05/29,,,0.0,75,129,81,0,0,0,0,0,0,0,577527,0,0,0,0,0,0,0,33566,0,0,0,422,810,71596,0,1280388,1405/06/10,19:12:41,3,14050316,14050515,14050610,,0,156735,0,72600,0,,12200,68239,0,0,0.0,1.0,0.0,1.0,0,قطعی ,1,,,1004103,1010,245,خانگی معمولی-سه زمانه,14,4,ضعيف باديماندزير سي كيلووات,28,1,خانگي,00,خانگی معمولی,قرائت مامور,2026-09-02 03:40:12,
NON_FAHAM,226012612,9768672,185801196,187684577,8190042,,1405/02/31,1405/05/06,68,7976867202229,874150314,0,5,1,1405031,,,,1405/05/11,,,0.0,191,211,111,0,0,0,0,0,0,0,5585722,0,0,0,0,0,0,0,37418,0,0,612806,744,855,782283,0,8741111,1405/05/06,13:46:20,462249,14050231,14050506,14050506,,0,1177155,0,1012682,0,,136000,0,36,0,0.0,1.0,0.0,1.0,0,علی الحساب,4,,,5014103,5110,371,سایر موارد1 -کمتر از سی کیلو وات-سه زمانه,14,4,ضعيف باديماندزير سي كيلووات,22,5,ساير مصارف,01,سایرمصارف 1,قرائت مامور,2026-07-29 03:03:26,
NON_FAHAM,225045648,9798191,184894251,186745988,8109582,,1405/02/06,1405/03/27,52,7979819102220,56450260,0,1,1,1405021,,,,1405/04/12,,,0.0,0,5,0,0,0,0,0,0,0,0,53025,0,0,0,0,0,0,0,28614,0,0,0,348389,131,9550,0,215742,1405/04/08,07:46:15,462249,14050206,14050327,14050408,,0,0,0,0,0,,104000,6689,0,0,0.0,1.0,0.0,1.0,0,قطعی ,1,,,5014103,5110,371,سایر موارد1 -کمتر از سی کیلو وات-سه زمانه,14,4,ضعيف باديماندزير سي كيلووات,22,5,ساير مصارف,01,سایرمصارف 1,قرائت مامور,2026-06-30 02:48:37,
NON_FAHAM,227475608,9798191,186745988,188627944,8109582,,1405/03/27,1405/06/06,72,7979819102220,91950330,0,5,1,1405031,,,,1405/06/14,,,0.0,6,1,1,0,0,0,0,0,0,0,84840,0,0,0,0,0,0,0,39619,0,0,19216,605822,440,14465,0,313618,1405/06/09,14:12:51,462249,14050327,14050606,14050609,,0,10605,0,31812,0,,144000,10503,67,0,0.0,1.0,0.0,1.0,0,علی الحساب,4,,,5014103,5110,371,سایر موارد1 -کمتر از سی کیلو وات-سه زمانه,14,4,ضعيف باديماندزير سي كيلووات,22,5,ساير مصارف,01,سایرمصارف 1,قرائت مامور,2026-09-01 04:15:16,
NON_FAHAM,224491978,9813343,184243735,186192019,7590577,,1405/01/19,1405/03/17,60,7981334302225,26850270,0,1,1,1405021,,,,1405/03/24,,,0.0,6,12,3,0,0,0,0,0,0,26520,106078,53040,0,0,0,0,0,0,32548,0,0,0,79,980,22680,0,268901,1405/03/19,11:23:54,462249,14050119,14050317,14050319,,0,0,0,0,0,,0,19425,0,0,0.0,1.0,0.0,1.0,0,قطعی ,1,,,2024103,2210,263,عمومی2 - کمتر از سی کیلووات-سه زمانه,14,4,ضعيف باديماندزير سي كيلووات,5,2,عمومي,02,عمومی 2,قرائت مامور,2026-06-10 20:18:30,
NON_FAHAM,226427654,9813343,186192019,188105039,7590577,,1405/03/17,1405/05/11,56,7981334302225,21650311,0,1,1,1405031,,,,1405/05/29,,,0.0,0,9,2,0,0,0,0,0,0,0,85896,38176,0,0,0,0,0,0,30815,0,0,22680,980,391,18208,0,215411,1405/05/24,14:09:52,462249,14050317,14050511,14050524,,0,0,0,0,0,,0,15126,41,0,0.0,1.0,0.0,1.0,0,قطعی ,1,,,2024103,2210,263,عمومی2 - کمتر از سی کیلووات-سه زمانه,14,4,ضعيف باديماندزير سي كيلووات,5,2,عمومي,02,عمومی 2,قرائت مامور,2026-08-16 03:46:19,
FAHAM,224403735,9813966,184986510,186101627,7592572,,1405/01/31,1405/03/01,32,7981396602225,371070950210,0,1,1,1405021,29,,,1405/03/19,1405/04/16,17:36:35,288.0,16212,37272,34716,0,61500,0,0,0,0,28890544,132840902,247462157,0,483561855,0,81870351,0,0,158154,0,0,0,5386098667,368,134361722,0,1612324847,1405/03/13,16:32:53,461969,14050131,14050301,14050313,14050416,0,0,0,0,0,,0,134345907,0,0,720.0,0.820279,0.109378,1.0,0,قطعی ,1,اعمال نرخ های جدید,29,4032303,4313,666,صنعتي3 - فشار متوسط و بالاتر(گزینه 3)-سه زمانه,12,2,متوسط,17,4,صنعتي,03,صنعت ومعدن 3,قرائت مامور,2026-06-04 02:21:31,2026-07-08 04:03:21
FAHAM,225436235,9813966,184986510,186101627,7592572,,1405/01/31,1405/03/01,32,7981396602225,371070950210,0,1,1,1405021,29,,,1405/03/19,1405/04/20,13:59:46,288.0,16212,37272,34716,0,61500,0,0,0,0,28890544,132840902,247462157,0,483561855,0,81870351,0,0,158154,0,0,0,5386098667,368,134361722,0,1612324847,1405/04/16,17:36:35,3,14050131,14050301,14050416,14050420,0,0,0,0,0,,0,134345907,0,0,720.0,0.820279,0.109378,1.0,0,قطعی ,1,اعمال نرخ های جدید,29,4032303,4313,666,صنعتي3 - فشار متوسط و بالاتر(گزینه 3)-سه زمانه,12,2,متوسط,17,4,صنعتي,03,صنعت ومعدن 3,قرائت مامور,2026-07-08 02:56:00,2026-07-12 02:45:33
FAHAM,225460798,9813966,184986510,186101627,7592572,,1405/01/31,1405/03/01,32,7981396602225,372593650240,0,1,1,1405021,,,,1405/03/19,,,288.0,16212,37272,34716,0,61500,0,0,0,0,28890544,132840902,247462157,0,483561855,0,81870351,0,0,158154,0,0,0,5386098667,504,149588858,0,1795050479,1405/04/20,13:59:46,3,14050131,14050301,14050420,,0,0,0,0,0,,0,149573043,0,0,720.0,0.820279,0.109378,1.0,0,قطعی ,1,,,4032303,4313,666,صنعتي3 - فشار متوسط و بالاتر(گزینه 3)-سه زمانه,12,2,متوسط,17,4,صنعتي,03,صنعت ومعدن 3,قرائت مامور,2026-07-12 02:27:43,
FAHAM,225176890,9813966,186101627,186880014,7592572,,1405/03/01,1405/04/01,31,7981396602225,860547150319,0,1,1,1405031,,,,1405/04/16,,,286.8,18432,50124,39408,0,85176,0,0,0,0,33223680,180697020,284131680,0,856068607,0,99641181,0,0,153525,0,0,0,6208309514,693,199764794,0,2397162179,1405/04/11,11:29:10,461969,14050301,14050401,14050411,,0,0,0,0,0,,0,199749442,0,0,720.0,0.78509,0.159102,1.0,0,قطعی ,1,,,4032303,4313,666,صنعتي3 - فشار متوسط و بالاتر(گزینه 3)-سه زمانه,12,2,متوسط,17,4,صنعتي,03,صنعت ومعدن 3,قرائت مامور,2026-07-03 09:29:45,
FAHAM,226104693,9813966,186880014,187777873,7592572,,1405/04/01,1405/05/01,31,7981396602225,1124050650481,0,1,1,1405041,,,,1405/05/17,,,284.4,15516,36000,34608,0,73344,0,0,0,0,27967590,129780000,249523680,0,859223854,0,81484959,0,0,153525,0,0,0,8912314727,438,194017255,0,2328191711,1405/05/11,12:26:57,461969,14050401,14050501,14050511,,0,0,0,0,0,,0,194001903,0,0,720.0,0.761334,0.19527,1.0,0,قطعی ,1,,,4032303,4313,666,صنعتي3 - فشار متوسط و بالاتر(گزینه 3)-سه زمانه,12,2,متوسط,17,4,صنعتي,03,صنعت ومعدن 3,قرائت مامور,2026-08-03 02:27:17,
FAHAM,227580407,9813966,187777873,188733438,9432776,,1405/05/01,1405/06/01,31,7981396602225,1113413950502,0,1,1,1405051,,,,1405/06/17,,,280.8,15816,38328,34224,0,80040,0,0,0,0,28508340,138172440,246755040,0,847907505,0,0,0,0,153525,0,0,0,8843344438,324,190900853,0,2290794886,1405/06/10,14:16:19,461969,14050501,14050601,14050610,,0,0,0,0,0,,0,190885501,0,0,720.0,0.741168,0.227791,1.0,0,قطعی ,1,,,4032303,4313,666,صنعتي3 - فشار متوسط و بالاتر(گزینه 3)-سه زمانه,12,2,متوسط,17,4,صنعتي,03,صنعت ومعدن 3,قرائت مامور,2026-09-02 04:03:49,
NON_FAHAM,225754464,9817164,185592695,187422595,9201781,,1405/02/13,1405/04/15,64,7981716402220,7501250268,0,1,1,1405021,,,,1405/05/04,,,7.718,950,1655,631,0,2676,0,0,0,0,0,49559177,0,0,0,0,0,0,0,35217,0,0,2245457,640,119,6240583,0,75011479,1405/04/30,14:00:24,462249,14050213,14050415,14050430,,0,6443401,0,4849963,0,,128000,6237062,14,0,7.718,0.770636,0.180842,1.0,0,قطعی ,1,,,5014103,5110,371,سایر موارد1 -کمتر از سی کیلو وات-سه زمانه,14,4,ضعيف باديماندزير سي كيلووات,22,5,ساير مصارف,01,سایرمصارف 1,قرائت مامور,2026-07-22 02:49:44,
NON_FAHAM,229078246,9817164,187422595,189388781,9201781,,1405/04/15,1405/06/14,61,7981716402220,10803150381,0,1,1,1405031,,,,1405/07/04,,,7.926,1249,2042,718,0,2956,0,0,0,0,0,63887032,0,0,0,0,0,0,0,33566,0,0,12932945,1456557,441,8871353,0,106574884,1405/06/30,12:40:58,462435,14050415,14050614,14050630,,0,5710663,0,4966536,0,,122000,8867997,61,0,7.926,0.804864,0.130626,1.0,0,قطعی ,1,,,5014103,5110,371,سایر موارد1 -کمتر از سی کیلو وات-سه زمانه,14,4,ضعيف باديماندزير سي كيلووات,22,5,ساير مصارف,01,سایرمصارف 1,قرائت مامور,2026-09-22 02:50:17,
NON_FAHAM,227472990,9838147,186630314,188625327,7827957,,1405/04/03,1405/06/05,64,7983814702226,518250396,0,1,1,1405031,,,,1405/06/14,,,0.0,433,924,182,0,0,0,0,0,0,0,3931277,0,0,0,0,0,0,0,35217,0,0,0,3481,477,396443,0,5178996,1405/06/09,14:11:52,462249,14050403,14050605,14050609,,0,643370,0,765111,0,,12800,392922,0,64,0.0,1.0,0.0,2.0,0,قطعی ,1,,,1004103,1010,245,خانگی معمولی-سه زمانه,14,4,ضعيف باديماندزير سي كيلووات,28,1,خانگي,00,خانگی معمولی,قرائت مامور,2026-09-01 04:14:26,
NON_FAHAM,224485489,9839617,184254116,186185529,7834821,,1405/01/18,1405/03/11,55,7983961702223,140150278,0,1,1,1405021,,,,1405/03/24,,,0.0,125,192,84,0,0,0,0,0,0,0,726936,0,0,0,0,0,0,0,29761,0,0,0,210,861,81886,0,1401651,1405/03/19,11:21:15,462249,14050118,14050311,14050319,,0,136045,0,101254,0,,9600,78910,0,10,0.0,1.0,0.0,2.0,0,قطعی ,1,,,1004103,1010,245,خانگی معمولی-سه زمانه,14,4,ضعيف باديماندزير سي كيلووات,28,1,خانگي,00,خانگی معمولی,قرائت مامور,2026-06-10 20:18:19,
NON_FAHAM,227050828,9839617,184254116,186185529,7834821,,1405/01/18,1405/03/11,55,7983961702223,132350233,0,1,1,1405021,5,,,1405/03/24,1405/06/10,19:14:09,0.0,125,192,84,0,0,0,0,0,0,0,726936,0,0,0,0,0,0,0,29761,0,0,0,210,799,75264,0,1323589,1405/06/05,06:15:29,3,14050118,14050311,14050605,14050610,66218,136045,0,101254,0,,11000,72288,0,10,0.0,1.0,0.0,2.0,0,قطعی ,1,تغییر در ایین نامه ها و دستورالعمل ها,05,1004103,1010,245,خانگی معمولی-سه زمانه,14,4,ضعيف باديماندزير سي كيلووات,28,1,خانگي,00,خانگی معمولی,قرائت مامور,2026-08-28 02:29:11,2026-09-02 06:49:24
NON_FAHAM,227852351,9839617,184254116,186185529,7834821,,1405/01/18,1405/03/11,55,7983961702223,140350285,0,1,1,1405021,,,,1405/03/24,,,0.0,125,192,84,0,0,0,0,0,0,0,726936,0,0,0,0,0,0,0,29761,0,0,0,210,261,81886,0,1403051,1405/06/10,19:14:09,3,14050118,14050311,14050610,,0,136045,0,101254,0,,11000,78910,0,10,0.0,1.0,0.0,2.0,0,قطعی ,1,,,1004103,1010,245,خانگی معمولی-سه زمانه,14,4,ضعيف باديماندزير سي كيلووات,28,1,خانگي,00,خانگی معمولی,قرائت مامور,2026-09-02 02:53:59,
NON_FAHAM,226434787,9839617,186185529,188112172,7834821,,1405/03/11,1405/05/15,66,7983961702223,207350315,0,1,1,1405031,,,,1405/05/29,,,0.0,264,386,142,0,0,0,0,0,0,0,1280664,0,0,0,0,0,0,0,36318,0,0,0,861,981,137596,0,2073120,1405/05/24,14:14:29,462249,14050311,14050515,14050524,,0,183180,0,170280,0,,13200,133964,0,66,0.0,1.0,0.0,2.0,0,قطعی ,1,,,1004103,1010,245,خانگی معمولی-سه زمانه,14,4,ضعيف باديماندزير سي كيلووات,28,1,خانگي,00,خانگی معمولی,قرائت مامور,2026-08-16 03:46:50,
NON_FAHAM,224765914,9854364,184566610,186460625,7909476,,1405/01/26,1405/03/20,56,7985436402220,296850295,0,1,1,1405021,,,,1405/04/01,,,0.0,113,219,77,0,0,0,0,0,0,0,1978816,0,0,0,0,0,0,0,30599,0,0,0,151,693,212384,0,2968542,1405/03/27,11:39:13,462249,14050126,14050320,14050327,,0,305268,0,224020,0,,10600,209324,0,0,0.0,1.0,0.0,1.0,0,قطعی ,1,,,1004103,1010,245,خانگی معمولی-سه زمانه,14,4,ضعيف باديماندزير سي كيلووات,28,1,خانگي,00,خانگی معمولی,قرائت مامور,2026-06-18 03:08:15,
NON_FAHAM,226686704,9854364,186460625,188368085,7909476,,1405/03/20,1405/05/28,70,7985436402220,242050374,0,1,1,1405031,5,,,1405/06/05,1405/06/05,05:36:25,0.0,203,302,91,0,0,0,0,0,0,0,1603148,0,0,0,0,0,0,0,38519,0,0,0,693,750,166459,0,2420057,1405/05/31,13:18:36,462435,14050320,14050528,14050531,14050605,0,176085,0,196504,0,,14000,162607,0,0,0.0,1.0,0.0,1.0,0,قطعی ,1,تغییر در ایین نامه ها و دستورالعمل ها,05,1004103,1010,245,خانگی معمولی-سه زمانه,14,4,ضعيف باديماندزير سي كيلووات,28,1,خانگي,00,خانگی معمولی,قرائت مامور,2026-08-23 03:01:20,2026-08-27 20:52:34
NON_FAHAM,227037203,9854364,186460625,188368085,7909476,,1405/03/20,1405/05/28,70,7985436402220,182150390,0,1,1,1405031,5,,,1405/06/05,1405/06/10,19:14:33,0.0,203,302,91,0,0,0,0,0,0,0,1603148,0,0,0,0,0,0,0,38519,0,0,0,693,498,116522,0,1820805,1405/06/05,05:36:25,3,14050320,14050528,14050605,14050610,499378,176085,0,196504,0,,14000,112670,0,0,0.0,1.0,0.0,1.0,0,قطعی ,1,تغییر در ایین نامه ها و دستورالعمل ها,05,1004103,1010,245,خانگی معمولی-سه زمانه,14,4,ضعيف باديماندزير سي كيلووات,28,1,خانگي,00,خانگی معمولی,قرائت مامور,2026-08-27 06:13:49,2026-09-02 20:18:27
NON_FAHAM,227854370,9854364,186460625,188368085,7909476,,1405/03/20,1405/05/28,70,7985436402220,242050374,0,1,1,1405031,,,,1405/06/05,,,0.0,203,302,91,0,0,0,0,0,0,0,1603148,0,0,0,0,0,0,0,38519,0,0,0,693,750,166459,0,2420057,1405/06/10,19:14:33,3,14050320,14050528,14050610,,0,176085,0,196504,0,,14000,162607,0,0,0.0,1.0,0.0,1.0,0,قطعی ,1,,,1004103,1010,245,خانگی معمولی-سه زمانه,14,4,ضعيف باديماندزير سي كيلووات,28,1,خانگي,00,خانگی معمولی,قرائت مامور,2026-09-02 03:48:29,
FAHAM,225256161,9856186,185078433,186961381,7918752,,1405/01/24,1405/03/26,64,7985618602224,1809950216,0,1,1,1405021,29,,,1405/04/21,1405/06/15,13:50:49,5.007,217,1092,151,0,18,0,0,0,0,0,14288718,0,0,0,0,0,0,0,34929,0,0,0,942,218,1473114,0,18098276,1405/04/16,09:55:15,462249,14050124,14050326,14050416,14050615,0,625988,0,449748,0,,12000,1469621,0,25,5.007,0.999924,0.0,2.0,0,قطعی ,1,اعمال نرخ های جدید,29,1004103,1010,245,خانگی معمولی-سه زمانه,14,4,ضعيف باديماندزير سي كيلووات,28,1,خانگي,00,خانگی معمولی,قرائت مامور,2026-07-08 03:02:23,2026-09-07 19:28:18
FAHAM,228072891,9856186,185078433,186961381,7918752,,1405/01/24,1405/03/26,64,7985618602224,1810050253,0,1,1,1405021,,,,1405/04/21,,,5.007,217,1092,151,0,18,0,0,0,0,0,14288718,0,0,0,0,0,0,0,34929,0,0,0,942,18,1473114,0,18099076,1405/06/15,13:50:49,461969,14050124,14050326,14050615,,0,625988,0,449748,0,,12800,1469621,0,25,5.007,0.999924,0.0,2.0,0,قطعی ,1,,,1004103,1010,245,خانگی معمولی-سه زمانه,14,4,ضعيف باديماندزير سي كيلووات,28,1,خانگي,00,خانگی معمولی,قرائت مامور,2026-09-07 02:59:31,
FAHAM,228238396,9856186,186961381,188924258,7918752,,1405/03/26,1405/05/31,67,7985618602224,816650368,0,1,1,1405031,,,,1405/06/21,,,5.284,585,1248,308,0,39,0,0,0,0,0,6125758,0,0,0,0,0,0,0,36868,0,0,0,3318,304,645073,0,8162986,1405/06/16,12:34:20,462249,14050326,14050531,14050616,,0,1088780,0,1033695,0,,13400,641386,0,67,5.284,0.999834,0.0,2.0,0,قطعی ,1,,,1004103,1010,245,خانگی معمولی-سه زمانه,14,4,ضعيف باديماندزير سي كيلووات,28,1,خانگي,00,خانگی معمولی,قرائت مامور,2026-09-08 02:48:27,
NON_FAHAM,225757530,9856717,185460819,187425661,8143590,,1405/02/23,1405/04/25,64,7985671702222,1430950299,0,1,1,1405021,,,,1405/05/04,,,0.0,100,227,78,0,0,0,0,0,0,492244,2234789,1535802,0,0,0,0,0,0,35217,0,0,319813,8510171,659,483584,0,5799488,1405/04/30,14:02:18,462249,14050223,14050425,14050430,,0,0,0,0,0,,0,480062,24,0,0.0,1.0,0.0,1.0,0,قطعی ,1,,,2024103,2210,263,عمومی2 - کمتر از سی کیلووات-سه زمانه,14,4,ضعيف باديماندزير سي كيلووات,5,2,عمومي,02,عمومی 2,قرائت مامور,2026-07-22 02:50:04,
NON_FAHAM,229110429,9856717,187425661,189420966,8143590,,1405/04/25,1405/06/23,60,7985671702222,592350366,0,1,1,1405031,,,,1405/07/04,,,0.0,90,210,57,0,0,0,0,0,0,437102,2039808,1107324,0,0,0,0,0,0,33016,0,0,723450,500107,76,452189,0,5422969,1405/06/30,12:53:56,462435,14050425,14050623,14050630,,0,0,0,0,0,,0,448888,60,0,0.0,1.0,0.0,1.0,0,قطعی ,1,,,2024103,2210,263,عمومی2 - کمتر از سی کیلووات-سه زمانه,14,4,ضعيف باديماندزير سي كيلووات,5,2,عمومي,02,عمومی 2,قرائت مامور,2026-09-22 02:52:27,
NON_FAHAM,224823266,9862136,184593658,186518025,7960294,,1405/01/25,1405/03/19,56,7986213602223,116650208,0,1,1,1405021,,,,1405/04/01,,,0.0,71,128,65,0,0,0,0,0,0,0,516720,0,0,0,0,0,0,0,30563,0,0,0,675,355,62153,0,1165680,1405/03/27,13:08:36,462249,14050125,14050319,14050327,,0,121363,0,66314,0,,10500,59097,0,0,0.0,1.0,0.0,1.0,0,قطعی ,1,,,1004103,1010,245,خانگی معمولی-سه زمانه,14,4,ضعيف باديماندزير سي كيلووات,28,1,خانگي,00,خانگی معمولی,قرائت مامور,2026-06-18 03:14:06,
NON_FAHAM,226667105,9862136,186518025,188348486,7960294,,1405/03/19,1405/05/20,63,7986213602223,209550319,0,1,1,1405031,,,,1405/06/05,,,0.0,170,244,94,0,0,0,0,0,0,0,1305434,0,0,0,0,0,0,0,34667,0,0,0,355,138,139438,0,2094783,1405/05/31,13:09:47,462435,14050319,14050520,14050531,,0,181890,0,164560,0,,12600,135971,0,0,0.0,1.0,0.0,1.0,0,قطعی ,1,,,1004103,1010,245,خانگی معمولی-سه زمانه,14,4,ضعيف باديماندزير سي كيلووات,28,1,خانگي,00,خانگی معمولی,قرائت مامور,2026-08-23 02:59:09,
FAHAM,225102423,9876842,184794831,186803107,9183441,,1405/01/22,1405/03/20,60,7987684202221,330850286,0,1,1,1405021,29,,,1405/04/12,1405/06/07,14:22:41,0.0,102,263,81,0,0,0,0,0,0,0,2218566,0,0,0,0,0,0,0,32656,0,0,0,874,415,240617,0,3307541,1405/04/08,14:52:14,462249,14050122,14050320,14050408,14050607,0,318515,0,200571,0,,11000,237352,0,0,0.0,1.0,0.0,1.0,0,قطعی ,1,اعمال نرخ های جدید,29,1004103,1010,245,خانگی معمولی-سه زمانه,14,4,ضعيف باديماندزير سي كيلووات,28,1,خانگي,00,خانگی معمولی,قرائت مامور,2026-06-30 02:54:59,2026-08-30 21:20:32
FAHAM,227285472,9876842,184794831,186803107,9183441,,1405/01/22,1405/03/20,60,7987684202221,330950230,0,1,1,1405021,,,,1405/04/12,,,0.0,102,263,81,0,0,0,0,0,0,0,2218566,0,0,0,0,0,0,0,32656,0,0,0,874,415,240617,0,3308541,1405/06/07,14:22:41,461969,14050122,14050320,14050607,,0,318515,0,200571,0,,12000,237352,0,0,0.0,1.0,0.0,1.0,0,قطعی ,1,,,1004103,1010,245,خانگی معمولی-سه زمانه,14,4,ضعيف باديماندزير سي كيلووات,28,1,خانگي,00,خانگی معمولی,قرائت مامور,2026-08-30 03:04:27,
FAHAM,227349677,9876842,186803107,188502004,9183441,,1405/03/20,1405/05/24,66,7987684202221,569250310,0,1,1,1405031,,,,1405/06/14,,,3.892,134,335,92,0,0,0,0,0,0,0,1506978,0,0,0,0,0,0,0,36318,0,0,0,3311515,366,163240,0,2380851,1405/06/09,13:31:38,462249,14050320,14050524,14050609,,0,178020,0,129712,0,,13200,159609,0,0,3.892,1.0,0.0,1.0,0,قطعی ,1,,,1004103,1010,245,خانگی معمولی-سه زمانه,14,4,ضعيف باديماندزير سي كيلووات,28,1,خانگي,00,خانگی معمولی,قرائت مامور,2026-09-01 03:00:27,
NON_FAHAM,225556529,9878213,185290011,187220782,9105005,,1405/02/20,1405/04/22,64,7987821302220,122750217,0,1,1,1405021,29,,,1405/04/28,1405/06/23,10:04:57,0.0,86,100,57,0,0,0,0,0,0,0,479669,0,0,0,0,0,0,0,35217,0,0,0,291214,114,33576,0,935900,1405/04/23,12:16:25,462249,14050220,14050422,14050423,14050623,0,110295,0,83248,0,,12800,0,0,0,0.0,1.0,0.0,1.0,0,قطعی ,1,اعمال نرخ های جدید,29,1004103,1010,245,خانگی معمولی-سه زمانه,14,4,ضعيف باديماندزير سي كيلووات,28,1,خانگي,00,خانگی معمولی,قرائت مامور,2026-07-15 02:48:10,2026-09-15 18:54:02
NON_FAHAM,228523065,9878213,185290011,187220782,9105005,,1405/02/20,1405/04/22,64,7987821302220,124950213,0,1,1,1405021,,,,1405/04/28,,,0.0,86,100,57,0,0,0,0,0,0,0,479669,0,0,0,0,0,0,0,35217,0,0,0,291214,499,55961,0,958285,1405/06/23,10:04:57,461969,14050220,14050422,14050623,,0,110295,0,83248,0,,12800,0,0,0,0.0,1.0,0.0,1.0,0,قطعی ,1,,,1004103,1010,245,خانگی معمولی-سه زمانه,14,4,ضعيف باديماندزير سي كيلووات,28,1,خانگي,00,خانگی معمولی,قرائت مامور,2026-09-15 03:14:45,
NON_FAHAM,228599836,9878213,187220782,189079370,9105005,,1405/04/22,1405/06/14,54,7987821302220,208150352,0,1,1,1405031,,,,1405/06/28,,,0.0,193,204,107,0,0,0,0,0,0,0,1450692,0,0,0,0,0,0,0,29714,0,0,0,49902,630,153728,0,2031728,1405/06/23,12:40:02,462249,14050422,14050614,14050623,,0,207045,0,186824,0,,10800,0,0,0,0.0,1.0,0.0,1.0,0,قطعی ,1,,,1004103,1010,245,خانگی معمولی-سه زمانه,14,4,ضعيف باديماندزير سي كيلووات,28,1,خانگي,00,خانگی معمولی,قرائت مامور,2026-09-15 03:21:16,
FAHAM,224913545,9879211,184673351,186608349,8137157,,1405/01/22,1405/03/11,51,7987921102229,11233750217,0,1,1,1405021,,,,1405/04/01,,,15.016,409,1133,449,0,1880,0,0,0,0,0,27728769,0,0,0,0,0,0,0,27704,0,0,0,69374892,43,3572743,0,42962151,1405/03/27,15:36:13,462249,14050122,14050311,14050327,,0,4499728,0,2049266,0,,92000,3569973,0,0,15.016,0.727084,0.251575,1.0,0,قطعی ,1,,,5014103,5110,371,سایر موارد1 -کمتر از سی کیلو وات-سه زمانه,14,4,ضعيف باديماندزير سي كيلووات,22,5,ساير مصارف,01,سایرمصارف 1,قرائت مامور,2026-06-18 03:22:23,
FAHAM,226712767,9879211,186608349,188394148,8137157,,1405/03/11,1405/05/17,68,7987921102229,9852950343,0,1,1,1405031,,,,1405/06/05,,,18.37,745,2355,710,0,3474,0,0,0,0,0,59411487,0,0,0,0,0,0,0,37418,0,0,8684879,43,524,8199769,0,98529481,1405/05/31,13:29:59,462435,14050311,14050517,14050531,,0,6941101,0,3641291,0,,136000,8196027,47,0,18.37,0.738939,0.231496,1.0,0,قطعی ,1,,,5014103,5110,371,سایر موارد1 -کمتر از سی کیلو وات-سه زمانه,14,4,ضعيف باديماندزير سي كيلووات,22,5,ساير مصارف,01,سایرمصارف 1,قرائت مامور,2026-08-23 03:04:07,
NON_FAHAM,225925078,9883959,185666209,187596998,8233356,,1405/02/30,1405/04/31,63,7988395902220,146150324,0,5,1,1405031,,,,1405/05/11,,,0.0,100,191,84,0,0,0,0,0,0,0,608298,0,0,0,0,0,0,0,34667,0,0,0,189449,881,70908,0,1272432,1405/05/06,12:23:09,462249,14050230,14050431,14050506,,0,109234,0,65021,0,,12600,67442,0,61,0.0,1.0,0.0,2.0,0,علی الحساب,4,,,1004103,1010,245,خانگی معمولی-سه زمانه,14,4,ضعيف باديماندزير سي كيلووات,28,1,خانگي,00,خانگی معمولی,قرائت مامور,2026-07-29 02:53:33,
FAHAM,224412759,9891986,185007300,186110651,8668029,,1405/02/01,1405/03/01,31,7989198602229,163550203,0,1,1,1405021,29,,,1405/03/19,1405/04/16,17:38:13,0.8,0,8,0,0,0,0,0,0,0,0,28840,0,0,0,0,36473,0,0,153525,0,0,0,3214834,793,97623,0,1156120,1405/03/13,16:40:54,461969,14050201,14050301,14050313,14050416,0,0,0,0,0,,0,82270,0,0,135.0,1.0,0.0,1.0,0,قطعی ,1,اعمال نرخ های جدید,29,4043303,4413,675,صنعتي4 - سی کیلو وات و بالاتر(گزینه3)-سه زمانه,13,3,ضعيف باديماند سي كيلووات وبالاتر,18,4,صنعتي,04,صنعت ومعدن 4,قرائت مامور,2026-06-04 02:22:01,2026-07-08 04:13:41
FAHAM,225437390,9891986,185007300,186110651,8668029,,1405/02/01,1405/03/01,31,7989198602229,163550203,0,1,1,1405021,29,,,1405/03/19,1405/04/20,14:03:19,0.8,0,8,0,0,0,0,0,0,0,0,28840,0,0,0,0,36473,0,0,153525,0,0,0,3214834,793,97623,0,1156120,1405/04/16,17:38:13,3,14050201,14050301,14050416,14050420,0,0,0,0,0,,0,82270,0,0,135.0,1.0,0.0,1.0,0,قطعی ,1,اعمال نرخ های جدید,29,4043303,4413,675,صنعتي4 - سی کیلو وات و بالاتر(گزینه3)-سه زمانه,13,3,ضعيف باديماند سي كيلووات وبالاتر,18,4,صنعتي,04,صنعت ومعدن 4,قرائت مامور,2026-07-08 02:56:18,2026-07-12 02:47:40
FAHAM,225461384,9891986,185007300,186110651,8668029,,1405/02/01,1405/03/01,31,7989198602229,169550272,0,1,1,1405021,,,,1405/03/19,,,0.8,0,8,0,0,0,0,0,0,0,0,28840,0,0,0,0,36473,0,0,153525,0,0,0,3214834,275,157105,0,1869903,1405/04/20,14:03:19,3,14050201,14050301,14050420,,0,0,0,0,0,,0,141752,0,0,135.0,1.0,0.0,1.0,0,قطعی ,1,,,4043303,4413,675,صنعتي4 - سی کیلو وات و بالاتر(گزینه3)-سه زمانه,13,3,ضعيف باديماند سي كيلووات وبالاتر,18,4,صنعتي,04,صنعت ومعدن 4,قرائت مامور,2026-07-12 02:27:54,
FAHAM,225188068,9891986,186110651,186891192,8668029,,1405/03/01,1405/04/01,31,7989198602229,175050338,0,1,1,1405031,,,,1405/04/16,,,0.72,0,0,0,0,0,0,0,0,0,0,0,0,0,0,0,30705,0,0,153525,0,0,0,954,804,147100,0,1749850,1405/04/11,11:42:20,461969,14050301,14050401,14050411,,0,0,0,0,0,,0,131748,0,0,135.0,0.0,0.0,1.0,0,قطعی ,1,,,4043303,4413,675,صنعتي4 - سی کیلو وات و بالاتر(گزینه3)-سه زمانه,13,3,ضعيف باديماند سي كيلووات وبالاتر,18,4,صنعتي,04,صنعت ومعدن 4,قرائت مامور,2026-07-03 09:30:43,
FAHAM,226099010,9891986,186891192,187772173,8668029,,1405/04/01,1405/05/01,31,7989198602229,477150404,0,1,1,1405041,,,,1405/05/17,,,0.72,0,8,0,0,0,0,0,0,0,0,28840,0,0,0,0,36473,0,0,153525,0,0,0,2942224,489,153718,0,1829265,1405/05/11,12:18:01,461969,14050401,14050501,14050511,,0,0,0,0,0,,0,138366,0,0,135.0,1.0,0.0,1.0,0,قطعی ,1,,,4043303,4413,675,صنعتي4 - سی کیلو وات و بالاتر(گزینه3)-سه زمانه,13,3,ضعيف باديماند سي كيلووات وبالاتر,18,4,صنعتي,04,صنعت ومعدن 4,قرائت مامور,2026-08-03 02:26:41,
FAHAM,227554240,9891986,187772173,188707231,8668029,,1405/05/01,1405/06/01,31,7989198602229,671950519,0,1,1,1405051,,,,1405/06/17,,,0.72,0,8,0,0,0,0,0,0,0,0,28840,0,0,0,0,36473,0,0,153525,0,0,0,4771489,897,163647,0,1948408,1405/06/10,13:54:27,461969,14050501,14050601,14050610,,0,0,0,0,0,,0,148294,0,0,135.0,1.0,0.0,1.0,0,قطعی ,1,,,4043303,4413,675,صنعتي4 - سی کیلو وات و بالاتر(گزینه3)-سه زمانه,13,3,ضعيف باديماند سي كيلووات وبالاتر,18,4,صنعتي,04,صنعت ومعدن 4,قرائت مامور,2026-09-02 03:58:02,
FAHAM,224429794,9894584,184990369,186127686,8304753,,1405/02/01,1405/03/01,31,7989458402229,1244250264,0,1,1,1405021,5,,,1405/03/19,1405/03/17,16:06:00,24.92,1150,2524,1100,0,3120,0,0,0,0,457700,2009104,1751200,0,4112365,0,874306,0,0,153525,0,0,0,222370,2,1019582,0,12219632,1405/03/13,16:56:31,461969,14050201,14050301,14050313,14050317,0,0,0,0,0,,0,1004230,0,0,37.8,0.837087,0.0871033,1.0,0,قطعی ,1,تغییر در ایین نامه ها و دستورالعمل ها,05,3033103,3310,319,کشاورزی3 -سی کیلووات و بالاتر-سه زمانه,13,3,ضعيف باديماند سي كيلووات وبالاتر,13,3,كشاورزي,03,کشاورزی 3,قرائت مامور,2026-06-04 02:23:05,2026-06-10 20:13:39
FAHAM,224469886,9894584,184990369,186127686,8304753,,1405/02/01,1405/03/01,31,7989458402229,1244250264,0,1,1,1405021,,,,1405/03/19,,,24.92,1150,2524,1100,0,3120,0,0,0,0,457700,2009104,1751200,0,4112365,0,874306,0,0,153525,0,0,0,222370,2,1019582,0,12219632,1405/03/17,16:06:00,3,14050201,14050301,14050317,,0,0,0,0,0,,0,1004230,0,0,37.8,0.837087,0.0871033,1.0,0,قطعی ,1,,,3033103,3310,319,کشاورزی3 -سی کیلووات و بالاتر-سه زمانه,13,3,ضعيف باديماند سي كيلووات وبالاتر,13,3,كشاورزي,03,کشاورزی 3,قرائت مامور,2026-06-10 20:05:51,
FAHAM,225191805,9894584,186127686,186894949,8304753,,1405/03/01,1405/04/01,31,7989458402229,1734850340,0,1,1,1405031,,,,1405/04/16,,,27.12,1374,3140,910,0,4270,0,0,0,0,546852,2499440,1448720,0,7939868,0,929707,0,0,153525,0,0,0,2,382,1446978,0,17348380,1405/04/11,11:46:11,461969,14050301,14050401,14050411,,0,0,0,0,0,,0,1431625,0,0,37.8,0.785735,0.158151,1.0,0,قطعی ,1,,,3033103,3310,319,کشاورزی3 -سی کیلووات و بالاتر-سه زمانه,13,3,ضعيف باديماند سي كيلووات وبالاتر,13,3,كشاورزي,03,کشاورزی 3,قرائت مامور,2026-07-03 09:31:00,
FAHAM,226074786,9894584,186894949,187747912,8304753,,1405/04/01,1405/05/01,31,7989458402229,2029550458,0,1,1,1405041,,,,1405/05/17,,,25.74,1552,3758,702,0,5066,0,0,0,0,617696,2991368,1117584,0,10014052,0,976035,0,0,153525,0,0,0,382,141,1692509,0,20294759,1405/05/11,11:51:07,461969,14050401,14050501,14050511,,0,0,0,0,0,,0,1677157,0,0,37.8,0.764707,0.189999,1.0,0,قطعی ,1,,,3033103,3310,319,کشاورزی3 -سی کیلووات و بالاتر-سه زمانه,13,3,ضعيف باديماند سي كيلووات وبالاتر,13,3,كشاورزي,03,کشاورزی 3,قرائت مامور,2026-08-03 02:24:40,
FAHAM,227576918,9894584,187747912,188729945,8304753,,1405/05/01,1405/06/01,31,7989458402229,1770650560,0,1,1,1405051,,,,1405/06/17,,,28.54,1312,3370,584,0,4418,0,0,0,0,522176,2682520,929728,0,8698983,0,857590,0,0,153525,0,0,0,141,948,1476847,0,17706807,1405/06/10,14:13:31,461969,14050501,14050601,14050610,,0,0,0,0,0,,0,1461494,0,0,37.8,0.766095,0.187843,1.0,0,قطعی ,1,,,3033103,3310,319,کشاورزی3 -سی کیلووات و بالاتر-سه زمانه,13,3,ضعيف باديماند سي كيلووات وبالاتر,13,3,كشاورزي,03,کشاورزی 3,قرائت مامور,2026-09-02 04:02:38,
NON_FAHAM,225592137,9894929,185294699,187256434,8307367,,1405/02/15,1405/04/09,56,7989492902222,133950200,0,1,1,1405021,,,,1405/04/28,,,0.0,114,187,48,0,0,0,0,0,0,0,727099,0,0,0,0,0,0,0,30815,0,0,0,457,962,76582,0,1339505,1405/04/23,14:28:22,151031,14050215,14050409,14050423,,0,92880,0,110352,0,,11200,73501,0,0,0.0,1.0,0.0,1.0,0,قطعی ,1,,,1004103,1010,245,خانگی معمولی-سه زمانه,14,4,ضعيف باديماندزير سي كيلووات,28,1,خانگي,00,خانگی معمولی,قرائت مامور,2026-07-15 02:51:42,
NON_FAHAM,227054283,9894929,185294699,187256434,8307367,,1405/02/15,1405/04/09,56,7989492902222,114750275,0,1,1,1405021,5,,,1405/04/28,1405/06/10,19:15:44,0.0,114,187,48,0,0,0,0,0,0,0,727099,0,0,0,0,0,0,0,30815,0,0,0,457,959,60582,0,1147502,1405/06/05,06:33:10,3,14050215,14050409,14050605,14050610,160003,92880,0,110352,0,,11200,57501,0,0,0.0,1.0,0.0,1.0,0,قطعی ,1,تغییر در ایین نامه ها و دستورالعمل ها,05,1004103,1010,245,خانگی معمولی-سه زمانه,14,4,ضعيف باديماندزير سي كيلووات,28,1,خانگي,00,خانگی معمولی,قرائت مامور,2026-08-28 02:29:41,2026-09-02 13:36:45
NON_FAHAM,227860411,9894929,185294699,187256434,8307367,,1405/02/15,1405/04/09,56,7989492902222,133950200,0,1,1,1405021,,,,1405/04/28,,,0.0,114,187,48,0,0,0,0,0,0,0,727099,0,0,0,0,0,0,0,30815,0,0,0,457,962,76582,0,1339505,1405/06/10,19:15:44,3,14050215,14050409,14050610,,0,92880,0,110352,0,,11200,73501,0,0,0.0,1.0,0.0,1.0,0,قطعی ,1,,,1004103,1010,245,خانگی معمولی-سه زمانه,14,4,ضعيف باديماندزير سي كيلووات,28,1,خانگي,00,خانگی معمولی,قرائت مامور,2026-09-02 03:22:28,
NON_FAHAM,228721063,9894929,187256434,189200630,8307367,,1405/04/09,1405/06/16,69,7989492902222,201350348,0,1,1,1405031,,,,1405/06/28,,,0.0,201,274,53,0,0,0,0,0,0,0,1292454,0,0,0,0,0,0,0,37968,0,0,0,59232,804,127681,0,1954572,1405/06/23,13:06:57,462249,14050409,14050616,14050623,,0,102555,0,194568,0,,13800,123884,0,0,0.0,1.0,0.0,1.0,0,قطعی ,1,,,1004103,1010,245,خانگی معمولی-سه زمانه,14,4,ضعيف باديماندزير سي كيلووات,28,1,خانگي,00,خانگی معمولی,قرائت مامور,2026-09-15 03:38:17,
FAHAM,225767173,9908015,185547772,187435304,8397652,,1405/02/11,1405/04/14,65,7990801502224,6284050266,0,1,1,1405021,,,,1405/05/04,,,5.352,466,1524,639,0,257,0,0,0,0,0,38900457,0,0,0,0,0,0,0,35767,0,0,1729683,618,565,5226127,0,62839947,1405/04/30,14:08:06,462249,14050211,14050414,14050430,,0,6776595,0,2470732,0,,130000,5222550,13,0,5.352,0.995256,0.0,1.0,0,قطعی ,1,,,5014103,5110,371,سایر موارد1 -کمتر از سی کیلو وات-سه زمانه,14,4,ضعيف باديماندزير سي كيلووات,22,5,ساير مصارف,01,سایرمصارف 1,قرائت مامور,2026-07-22 02:50:51,
FAHAM,229076980,9908015,187435304,189387515,8397652,,1405/04/14,1405/06/14,62,7990801502224,14382750333,0,1,1,1405031,,,,1405/07/04,,,6.481,461,1786,641,0,246,0,0,0,0,0,44143688,0,0,0,0,0,0,0,34117,0,0,9646667,64642217,970,6588764,0,79185753,1405/06/30,12:40:38,462435,14050414,14050614,14050630,,0,6332415,0,2276886,0,,124000,6585352,62,0,6.481,0.996392,0.0,1.0,0,قطعی ,1,,,5014103,5110,371,سایر موارد1 -کمتر از سی کیلو وات-سه زمانه,14,4,ضعيف باديماندزير سي كيلووات,22,5,ساير مصارف,01,سایرمصارف 1,قرائت مامور,2026-09-22 02:50:15,
FAHAM,225757167,9916415,185597652,187425299,8656585,,1405/02/13,1405/04/15,64,7991641502229,95950236,0,1,1,1405021,5,,,1405/05/04,1405/06/07,17:46:08,3.943,36,90,43,0,17,0,0,0,0,29305,146523,140011,0,0,0,0,0,0,35217,0,0,0,506425,753,38071,0,453328,1405/04/30,14:02:04,462249,14050213,14050415,14050430,14050607,0,0,0,0,0,,0,34549,0,0,3.943,0.994979,0.0,1.0,0,قطعی ,1,تغییر در ایین نامه ها و دستورالعمل ها,05,3034103,3310,321,کشاورزی3 - کمتر از سی کیلووات-سه زمانه,14,4,ضعيف باديماندزير سي كيلووات,13,3,كشاورزي,03,کشاورزی 3,قرائت مامور,2026-07-22 02:50:00,2026-08-30 22:44:43
FAHAM,227329218,9916415,185597652,187425299,8656585,,1405/02/13,1405/04/15,64,7991641502229,78650237,0,1,1,1405021,,,,1405/05/04,,,3.943,36,90,43,0,17,0,0,0,0,15946,79731,76187,0,0,0,0,0,0,35217,0,0,0,506425,983,23673,0,280558,1405/06/07,17:46:08,3,14050213,14050415,14050607,,0,0,0,0,0,,0,20152,0,0,3.943,0.994979,0.0,1.0,0,قطعی ,1,,,3034103,3310,321,کشاورزی3 - کمتر از سی کیلووات-سه زمانه,14,4,ضعيف باديماندزير سي كيلووات,13,3,كشاورزي,03,کشاورزی 3,قرائت مامور,2026-08-30 03:06:40,
FAHAM,229085416,9916415,187425299,189395951,8656585,,1405/04/15,1405/06/14,61,7991641502229,615250337,0,1,1,1405031,,,,1405/07/04,,,4.981,77,171,78,0,57,0,0,0,0,460598,2045773,1866319,0,0,0,0,0,0,33566,0,0,0,799419,208,446346,0,5352789,1405/06/30,12:43:06,462435,14050415,14050614,14050630,,0,0,0,0,0,,0,442989,0,0,4.981,0.985056,0.0,1.0,0,قطعی ,1,,,3034103,3310,321,کشاورزی3 - کمتر از سی کیلووات-سه زمانه,14,4,ضعيف باديماندزير سي كيلووات,13,3,كشاورزي,03,کشاورزی 3,قرائت مامور,2026-09-22 02:50:48,
FAHAM,226224635,9920451,185902002,187901797,8507055,,1405/02/26,1405/05/03,70,7992045102228,1133250389,0,1,1,1405031,,,,1405/05/29,,,3.892,254,438,173,0,291,0,0,0,0,0,8373058,0,0,0,0,0,0,0,38519,0,0,0,645,402,874734,0,11331757,1405/05/24,10:40:08,462249,14050226,14050503,14050524,,0,917246,0,673354,0,,14000,870883,0,0,3.892,0.947803,0.0,1.0,0,قطعی ,1,,,1004103,1010,245,خانگی معمولی-سه زمانه,14,4,ضعيف باديماندزير سي كيلووات,28,1,خانگي,00,خانگی معمولی,قرائت مامور,2026-08-16 03:26:59,
FAHAM,224410473,9921228,185000395,186108365,8749020,,1405/02/01,1405/03/01,31,7992122802220,,0,1,1,1405021,,,,1405/03/19,,,53.82,2210,3160,2,0,3864,0,0,0,0,879580,2515360,3184,0,4472445,0,0,0,0,153525,0,556883,0,-60317428,0,571411,0,10094930,1405/03/13,16:38:56,461969,14050201,14050301,14050313,,0,0,0,0,0,,0,0,0,0,53.82,0.811809,0.120953,1.0,0,قطعی ,1,,,3013103,3110,307,کشاورزی1 -سی کیلووات و بالاتر-سه زمانه,13,3,ضعيف باديماند سي كيلووات وبالاتر,11,3,كشاورزي,01,کشاورزی 1,قرائت مامور,2026-06-04 02:21:49,
FAHAM,225201731,9921228,186108365,186904872,8749020,,1405/03/01,1405/04/01,31,7992122802220,,0,1,1,1405031,,,,1405/04/16,,,53.64,9728,14930,0,0,18108,0,0,0,0,3871744,11884280,0,0,21421001,0,0,0,0,153525,0,2537883,0,-50222498,0,2651688,0,46846479,1405/04/11,12:00:33,461969,14050301,14050401,14050411,,0,0,0,0,0,,0,0,0,0,53.64,0.806008,0.129021,1.0,0,قطعی ,1,,,3013103,3110,307,کشاورزی1 -سی کیلووات و بالاتر-سه زمانه,13,3,ضعيف باديماند سي كيلووات وبالاتر,11,3,كشاورزي,01,کشاورزی 1,قرائت مامور,2026-07-03 09:31:40,
FAHAM,226076956,9921228,186904872,187750086,8749020,,1405/04/01,1405/05/01,31,7992122802220,4875150430,0,1,1,1405041,,,,1405/05/17,,,53.44,10758,14608,0,0,19404,0,0,0,0,4281684,11627968,0,0,24361939,0,0,0,0,153525,0,2512677,0,-3376019,191,4738837,0,52127210,1405/05/11,11:53:35,461969,14050401,14050501,14050511,,0,0,0,0,0,,0,0,0,0,53.44,0.79426,0.14572,1.0,0,قطعی ,1,,,3013103,3110,307,کشاورزی1 -سی کیلووات و بالاتر-سه زمانه,13,3,ضعيف باديماند سي كيلووات وبالاتر,11,3,كشاورزي,01,کشاورزی 1,قرائت مامور,2026-08-03 02:24:53,
FAHAM,227557657,9921228,187750086,188710658,8749020,,1405/05/01,1405/06/01,31,7992122802220,10271350524,0,1,1,1405051,,,,1405/06/17,,,53.36,10480,14880,0,0,19788,0,0,0,0,4171040,11844480,0,0,25929302,0,0,0,0,153525,0,2509178,0,48751191,948,4905705,0,53962757,1405/06/10,13:58:15,461969,14050501,14050601,14050610,,0,0,0,0,0,,0,0,0,0,53.36,0.788394,0.154246,1.0,0,قطعی ,1,,,3013103,3110,307,کشاورزی1 -سی کیلووات و بالاتر-سه زمانه,13,3,ضعيف باديماند سي كيلووات وبالاتر,11,3,كشاورزي,01,کشاورزی 1,قرائت مامور,2026-09-02 03:58:40,
FAHAM,224818444,9925053,184601178,186513203,8536944,,1405/01/21,1405/03/08,49,7992505302220,190350260,0,1,1,1405021,,,,1405/04/01,,,0.876,53,85,54,0,62,0,0,0,0,0,356681,0,0,0,0,0,0,0,26567,0,0,0,948106,9,44705,0,954903,1405/03/27,13:05:06,462249,14050121,14050308,14050327,,0,97908,0,48068,0,,8700,42048,0,0,0.876,0.951615,0.0,1.0,0,قطعی ,1,,,1004103,1010,245,خانگی معمولی-سه زمانه,14,4,ضعيف باديماندزير سي كيلووات,28,1,خانگي,00,خانگی معمولی,قرائت مامور,2026-06-18 03:13:39,
FAHAM,226652572,9925053,186513203,188333948,8536944,,1405/03/08,1405/05/17,71,7992505302220,146650303,0,1,1,1405031,,,,1405/06/05,,,1.128,131,161,83,0,138,0,0,0,0,0,769753,0,0,0,0,0,0,0,39069,0,0,0,9,570,86989,0,1466561,1405/05/31,13:00:51,462435,14050308,14050517,14050531,,0,160605,0,126808,0,,14200,83082,0,0,1.128,0.938471,0.0,1.0,0,قطعی ,1,,,1004103,1010,245,خانگی معمولی-سه زمانه,14,4,ضعيف باديماندزير سي كيلووات,28,1,خانگي,00,خانگی معمولی,قرائت مامور,2026-08-23 02:57:38,
FAHAM,225112035,9925116,184777071,186812719,8537117,,1405/01/22,1405/03/17,57,7992511602228,566950283,0,1,1,1405021,29,,,1405/04/12,1405/06/07,15:03:41,2.54,125,292,132,0,81,0,0,0,0,0,4005199,0,0,0,0,0,0,0,31005,0,0,0,781,739,437438,0,5668958,1405/04/08,15:19:46,462249,14050122,14050317,14050408,14050607,0,532937,0,252366,0,,10400,434338,0,0,2.54,0.98929,0.0,1.0,0,قطعی ,1,اعمال نرخ های جدید,29,1004103,1010,245,خانگی معمولی-سه زمانه,14,4,ضعيف باديماندزير سي كيلووات,28,1,خانگي,00,خانگی معمولی,قرائت مامور,2026-06-30 02:55:56,2026-08-30 21:32:29
FAHAM,227318322,9925116,184777071,186812719,8537117,,1405/01/22,1405/03/17,57,7992511602228,567050235,0,1,1,1405021,,,,1405/04/12,,,2.54,125,292,132,0,81,0,0,0,0,0,4005199,0,0,0,0,0,0,0,31005,0,0,0,781,739,437438,0,5669958,1405/06/07,15:03:41,461969,14050122,14050317,14050607,,0,532937,0,252366,0,,11400,434338,0,0,2.54,0.98929,0.0,1.0,0,قطعی ,1,,,1004103,1010,245,خانگی معمولی-سه زمانه,14,4,ضعيف باديماندزير سي كيلووات,28,1,خانگي,00,خانگی معمولی,قرائت مامور,2026-08-30 03:04:54,
FAHAM,227469899,9925116,186812719,188622234,8537117,,1405/03/17,1405/05/25,70,7992511602228,1109750316,0,1,1,1405031,,,,1405/06/14,,,2.888,255,457,181,0,214,0,0,0,0,0,8477212,0,0,0,0,0,0,0,38519,0,0,0,3839,273,889241,0,11093434,1405/06/09,14:10:59,462249,14050317,14050525,14050609,,0,959662,0,676005,0,,14000,885389,0,0,2.888,0.972466,0.0,1.0,0,قطعی ,1,,,1004103,1010,245,خانگی معمولی-سه زمانه,14,4,ضعيف باديماندزير سي كيلووات,28,1,خانگي,00,خانگی معمولی,قرائت مامور,2026-09-01 04:11:43,
NON_FAHAM,225393077,9931482,185079022,187098477,8576088,,1405/02/07,1405/04/07,62,7993148202227,268050238,0,1,1,1405021,,,,1405/04/21,,,0.0,157,413,104,0,0,0,0,0,0,0,1746605,0,0,0,0,0,0,0,34117,0,0,0,663,37,188166,0,2679374,1405/04/16,13:33:15,462249,14050207,14050407,14050416,,0,239526,0,180796,0,,12400,184754,0,37,0.0,1.0,0.0,2.0,0,قطعی ,1,,,1004103,1010,245,خانگی معمولی-سه زمانه,14,4,ضعيف باديماندزير سي كيلووات,28,1,خانگي,00,خانگی معمولی,قرائت مامور,2026-07-08 03:16:49,
NON_FAHAM,228245231,9931482,187098477,188931093,8576088,,1405/04/07,1405/06/09,64,7993148202227,492150370,0,1,1,1405031,,,,1405/06/21,,,0.0,286,844,193,0,0,0,0,0,0,0,3312869,0,0,0,0,0,0,0,35217,0,0,0,171197,222,360696,0,4750025,1405/06/16,12:36:52,462249,14050407,14050609,14050616,,0,682255,0,505362,0,,12800,357174,0,64,0.0,1.0,0.0,2.0,0,قطعی ,1,,,1004103,1010,245,خانگی معمولی-سه زمانه,14,4,ضعيف باديماندزير سي كيلووات,28,1,خانگي,00,خانگی معمولی,قرائت مامور,2026-09-08 02:48:50,
FAHAM,225242089,9932410,185067934,186947300,8579803,,1405/01/24,1405/03/25,63,7993241002220,773850290,0,1,1,1405021,29,,,1405/04/21,1405/06/15,13:32:34,1.169,108,107,9,0,277,0,0,0,0,0,2296258,0,0,0,0,0,0,0,34379,0,0,0,4633831,253,249155,0,3104422,1405/04/16,09:47:39,462249,14050124,14050325,14050416,14050615,0,92045,0,552223,0,,118000,245717,0,0,1.169,0.628794,0.447214,1.0,0,قطعی ,1,اعمال نرخ های جدید,29,5014103,5110,371,سایر موارد1 -کمتر از سی کیلو وات-سه زمانه,14,4,ضعيف باديماندزير سي كيلووات,22,5,ساير مصارف,01,سایرمصارف 1,قرائت مامور,2026-07-08 03:00:46,2026-09-07 19:10:23
FAHAM,228044171,9932410,185067934,186947300,8579803,,1405/01/24,1405/03/25,63,7993241002220,774650228,0,1,1,1405021,,,,1405/04/21,,,1.169,108,107,9,0,277,0,0,0,0,0,2296258,0,0,0,0,0,0,0,34379,0,0,0,4633831,253,249155,0,3112422,1405/06/15,13:32:34,461969,14050124,14050325,14050615,,0,92045,0,552223,0,,126000,245717,0,0,1.169,0.628794,0.447214,1.0,0,قطعی ,1,,,5014103,5110,371,سایر موارد1 -کمتر از سی کیلو وات-سه زمانه,14,4,ضعيف باديماندزير سي كيلووات,22,5,ساير مصارف,01,سایرمصارف 1,قرائت مامور,2026-09-07 02:59:04,
FAHAM,228223763,9932410,186947300,188909626,8579803,,1405/03/25,1405/05/30,67,7993241002220,699850330,0,1,1,1405031,,,,1405/06/21,,,2.899,170,204,33,0,639,0,0,0,0,0,4389151,0,0,0,0,0,0,0,36868,0,0,693966,31253,98,569711,0,6966845,1405/06/16,12:29:26,462249,14050325,14050530,14050616,,0,349965,0,901340,0,,134000,566024,60,0,2.899,0.537217,0.693915,1.0,0,قطعی ,1,,,5014103,5110,371,سایر موارد1 -کمتر از سی کیلو وات-سه زمانه,14,4,ضعيف باديماندزير سي كيلووات,22,5,ساير مصارف,01,سایرمصارف 1,قرائت مامور,2026-09-08 02:47:29,
FAHAM,224522558,9933490,184230946,186222601,8584089,,1405/01/10,1405/03/01,53,7993349002226,255650290,0,1,1,1405021,5,,,1405/03/24,1405/03/20,14:57:52,3.487,45,63,46,0,1,0,0,0,0,0,1599401,0,0,0,0,0,0,0,28372,0,0,0,559,962,224764,0,2556403,1405/03/19,11:36:24,462249,14050110,14050301,14050319,14050320,0,377505,0,184639,0,,84000,0,0,0,3.487,0.999979,0.0,1.0,0,قطعی ,1,تغییر در ایین نامه ها و دستورالعمل ها,05,5014103,5110,371,سایر موارد1 -کمتر از سی کیلو وات-سه زمانه,14,4,ضعيف باديماندزير سي كيلووات,22,5,ساير مصارف,01,سایرمصارف 1,قرائت مامور,2026-06-10 20:20:40,2026-06-11 02:37:20
FAHAM,224697799,9933490,184230946,186222601,8584089,,1405/01/10,1405/03/01,53,7993349002226,241450263,0,1,1,1405021,,,,1405/03/24,,,3.487,45,63,46,0,1,0,0,0,0,0,1442995,0,0,0,0,0,0,0,28372,0,0,0,559,994,211858,0,2414435,1405/03/20,14:57:52,3,14050110,14050301,14050320,,0,431024,0,210814,0,,84000,0,0,0,3.487,0.999979,0.0,1.0,0,قطعی ,1,,,5014103,5110,371,سایر موارد1 -کمتر از سی کیلو وات-سه زمانه,14,4,ضعيف باديماندزير سي كيلووات,22,5,ساير مصارف,01,سایرمصارف 1,قرائت مامور,2026-06-11 02:22:43,
FAHAM,226175865,9933490,186222601,187853020,8584089,,1405/03/01,1405/05/06,67,7993349002226,572750305,0,1,1,1405031,,,,1405/05/29,,,3.114,70,187,64,0,8,0,0,0,0,0,3442979,0,0,0,0,0,0,0,36868,0,0,407007,994,921,508448,0,5726927,1405/05/24,10:10:38,462249,14050301,14050506,14050524,,0,678720,0,371140,0,,134000,0,36,0,3.114,0.99969,0.0,1.0,0,قطعی ,1,,,5014103,5110,371,سایر موارد1 -کمتر از سی کیلو وات-سه زمانه,14,4,ضعيف باديماندزير سي كيلووات,22,5,ساير مصارف,01,سایرمصارف 1,قرائت مامور,2026-08-16 03:22:06,
FAHAM,223605433,9935293,183891328,185278961,8591579,,1405/01/09,1405/02/11,33,7993529302228,,0,1,1,1405011,29,,,1405/02/26,1405/06/23,08:12:24,1.067,57,109,47,0,1091,0,0,0,0,0,320083,0,0,0,0,0,0,0,16971,0,0,0,-3251429,0,37830,0,455560,1405/02/21,11:37:15,462249,14050109,14050211,14050221,14050623,0,65424,0,39672,0,,3300,36133,0,0,1.067,0.191616,3.74908,1.0,0,قطعی ,1,اعمال نرخ های جدید,29,1004103,1010,245,خانگی معمولی-سه زمانه,14,4,ضعيف باديماندزير سي كيلووات,28,1,خانگي,00,خانگی معمولی,قرائت مامور,2026-05-12 02:46:19,2026-09-15 06:45:39
FAHAM,228388564,9935293,183891328,185278961,8591579,,1405/01/09,1405/02/11,33,7993529302228,,0,1,1,1405011,,,,1405/02/26,,,1.067,57,109,47,0,1091,0,0,0,0,0,357940,0,0,0,0,0,0,0,17331,0,0,0,-3251429,0,41955,0,508327,1405/06/23,08:12:24,461969,14050109,14050211,14050623,,0,73158,0,44370,0,,6600,40222,0,0,1.067,0.191616,3.74908,1.0,0,قطعی ,1,,,1004103,1010,245,خانگی معمولی-سه زمانه,14,4,ضعيف باديماندزير سي كيلووات,28,1,خانگي,00,خانگی معمولی,قرائت مامور,2026-09-15 02:51:34,
FAHAM,225509475,9935293,185278961,187174273,8591579,,1405/02/11,1405/04/07,58,7993529302228,,0,1,1,1405021,,,,1405/04/28,,,0.98,91,179,63,0,7,0,0,0,0,0,688909,0,0,0,0,0,0,0,31915,0,0,0,-2795869,0,77886,0,1355437,1405/04/23,11:36:54,462249,14050211,14050407,14050423,,0,121905,0,88088,0,,11600,74694,0,0,0.98,0.999779,0.0,1.0,0,قطعی ,1,,,1004103,1010,245,خانگی معمولی-سه زمانه,14,4,ضعيف باديماندزير سي كيلووات,28,1,خانگي,00,خانگی معمولی,قرائت مامور,2026-07-15 02:43:27,
FAHAM,228741965,9935293,187174273,189221560,8591579,,1405/04/07,1405/06/09,64,7993529302228,80250373,0,1,1,1405031,,,,1405/06/28,,,1.187,190,249,93,0,17,0,0,0,0,0,1403256,0,0,0,0,0,0,0,35217,0,0,0,-1386865,650,147320,0,2189515,1405/06/23,13:13:36,462249,14050407,14050609,14050623,,0,179955,0,183920,0,,12800,143798,0,0,1.187,0.99949,0.0,1.0,0,قطعی ,1,,,1004103,1010,245,خانگی معمولی-سه زمانه,14,4,ضعيف باديماندزير سي كيلووات,28,1,خانگي,00,خانگی معمولی,قرائت مامور,2026-09-15 03:41:00,
FAHAM,226157080,9938360,185904139,187834200,8656929,,1405/03/03,1405/04/30,58,7993836002223,,0,1,1,1405031,,,,1405/05/29,,,2.182,98,193,121,0,192,0,0,0,0,0,932436,0,0,0,0,0,0,0,31915,0,0,0,-2674948,0,113359,0,1368712,1405/05/24,09:53:00,462249,14050303,14050430,14050524,,0,234135,0,94864,0,,11600,110167,0,0,2.182,0.906408,0.00396308,1.0,0,قطعی ,1,,,1004103,1010,245,خانگی معمولی-سه زمانه,14,4,ضعيف باديماندزير سي كيلووات,28,1,خانگي,00,خانگی معمولی,قرائت مامور,2026-08-16 03:20:26,
FAHAM,224857449,9942046,184691437,186552235,8639153,,1405/01/21,1405/03/17,58,7994204602221,1429850202,0,1,1,1405021,,,,1405/04/01,,,5.364,397,520,279,0,61,0,0,0,0,1772133,4642363,4981665,0,0,0,0,0,0,31519,0,0,0,81,577,1191804,0,14298496,1405/03/27,13:52:51,462249,14050121,14050317,14050327,,0,0,0,0,0,,0,1188652,0,0,5.364,0.998702,0.0,1.0,0,قطعی ,1,,,2024103,2210,263,عمومی2 - کمتر از سی کیلووات-سه زمانه,14,4,ضعيف باديماندزير سي كيلووات,5,2,عمومي,02,عمومی 2,قرائت مامور,2026-06-18 03:17:39,
FAHAM,226607411,9942046,186552235,188288769,8639153,,1405/03/17,1405/05/18,63,7994204602221,2077350359,0,1,1,1405031,,,,1405/06/05,,,4.978,540,765,239,0,54,0,0,0,0,2576880,7301160,4562032,0,0,0,0,0,0,34667,0,0,2205674,577,254,1731345,0,20772677,1405/05/31,12:33:29,462435,14050317,14050518,14050531,,0,0,0,0,0,,0,1727879,48,0,4.978,0.999389,0.0,1.0,0,قطعی ,1,,,2024103,2210,263,عمومی2 - کمتر از سی کیلووات-سه زمانه,14,4,ضعيف باديماندزير سي كيلووات,5,2,عمومي,02,عمومی 2,قرائت مامور,2026-08-23 02:53:05,
FAHAM,224733892,9942800,184710835,186428512,9283453,,1405/01/21,1405/03/09,50,7994280002225,497850207,0,1,1,1405021,,,,1405/04/01,,,3.434,136,210,111,0,27,0,0,0,0,0,3002222,0,0,0,0,0,0,0,27117,0,0,0,276,491,377494,0,4978215,1405/03/27,10:47:19,462249,14050121,14050309,14050327,,0,626318,0,383677,0,,38600,374782,0,8,3.434,0.998259,0.0,2.0,0,قطعی ,1,,,1004103,1010,245,خانگی معمولی-سه زمانه,14,4,ضعيف باديماندزير سي كيلووات,28,1,خانگي,00,خانگی معمولی,قرائت مامور,2026-06-18 03:04:40,
FAHAM,226649314,9942800,186428512,188330688,9283453,,1405/03/09,1405/05/17,70,7994280002225,175450351,0,1,1,1405031,,,,1405/06/05,,,2.81,183,286,136,0,65,0,0,0,0,0,978285,0,0,0,0,0,0,0,38519,0,0,0,491,328,110941,0,1753837,1405/05/31,12:58:28,462435,14050309,14050517,14050531,,0,175440,0,118035,0,,14000,107089,0,70,2.81,0.994278,0.0,2.0,0,قطعی ,1,,,1004103,1010,245,خانگی معمولی-سه زمانه,14,4,ضعيف باديماندزير سي كيلووات,28,1,خانگي,00,خانگی معمولی,قرائت مامور,2026-08-23 02:57:12,
FAHAM,224533931,9943501,184237686,186233978,8646437,,1405/01/09,1405/03/10,63,7994350102222,162050288,0,1,1,1405021,,,,1405/03/24,,,1.06,85,154,75,0,75,0,0,0,0,0,575102,0,0,0,0,0,0,0,33839,0,0,0,550488,193,41292,0,1069705,1405/03/19,11:40:47,462249,14050109,14050310,14050319,,0,130257,0,73839,0,,10300,0,0,0,1.06,0.97264,0.0,1.0,0,قطعی ,1,,,1004103,1010,245,خانگی معمولی-سه زمانه,14,4,ضعيف باديماندزير سي كيلووات,28,1,خانگي,00,خانگی معمولی,قرائت مامور,2026-06-10 20:21:30,
FAHAM,226195767,9943501,186233978,187872922,8646437,,1405/03/10,1405/05/09,61,7994350102222,278050358,0,1,1,1405031,,,,1405/05/29,,,0.889,122,165,53,0,63,0,0,0,0,0,701497,0,0,0,0,0,0,0,33566,0,0,0,1620193,985,74425,0,1160792,1405/05/24,10:20:05,462249,14050310,14050509,14050524,,0,102555,0,118096,0,,12200,0,0,0,0.889,0.983263,0.0,1.0,0,قطعی ,1,,,1004103,1010,245,خانگی معمولی-سه زمانه,14,4,ضعيف باديماندزير سي كيلووات,28,1,خانگي,00,خانگی معمولی,قرائت مامور,2026-08-16 03:24:07,
FAHAM,226157245,9947055,185938582,187834366,8665353,,1405/02/26,1405/05/03,70,7994705502227,2617150311,0,1,1,1405031,,,,1405/05/29,,,2.875,66,776,104,0,85,0,0,0,0,0,10792133,0,0,0,0,0,0,0,38519,0,0,1100782,7683186,471,1529345,0,18488285,1405/05/24,09:53:05,462249,14050226,14050503,14050524,,0,1082451,0,343438,0,,140000,1525493,33,0,2.875,0.995988,0.0,1.0,0,قطعی ,1,,,5014103,5110,371,سایر موارد1 -کمتر از سی کیلو وات-سه زمانه,14,4,ضعيف باديماندزير سي كيلووات,22,5,ساير مصارف,01,سایرمصارف 1,قرائت مامور,2026-08-16 03:20:27,
FAHAM,224955689,9950537,184755017,186655869,8679988,,1405/01/22,1405/03/19,59,7995053702225,66650200,0,1,1,1405021,29,,,1405/04/12,1405/06/07,14:18:06,0.011,5,7,2,0,0,0,0,0,0,0,141411,0,0,0,0,0,0,0,32106,0,0,0,313376,910,20729,0,353534,1405/04/07,11:24:43,462249,14050122,14050319,14050407,14050607,0,20202,0,25250,0,,108000,17518,0,0,0.011,1.0,0.0,1.0,0,قطعی ,1,اعمال نرخ های جدید,29,5014103,5110,371,سایر موارد1 -کمتر از سی کیلو وات-سه زمانه,14,4,ضعيف باديماندزير سي كيلووات,22,5,ساير مصارف,01,سایرمصارف 1,قرائت مامور,2026-06-29 02:49:14,2026-08-30 18:07:52
FAHAM,227277511,9950537,184755017,186655869,8679988,,1405/01/22,1405/03/19,59,7995053702225,67650255,0,1,1,1405021,,,,1405/04/12,,,0.011,5,7,2,0,0,0,0,0,0,0,141411,0,0,0,0,0,0,0,32106,0,0,0,313376,910,20729,0,363534,1405/06/07,14:18:06,461969,14050122,14050319,14050607,,0,20202,0,25250,0,,118000,17518,0,0,0.011,1.0,0.0,1.0,0,قطعی ,1,,,5014103,5110,371,سایر موارد1 -کمتر از سی کیلو وات-سه زمانه,14,4,ضعيف باديماندزير سي كيلووات,22,5,ساير مصارف,01,سایرمصارف 1,قرائت مامور,2026-08-30 02:59:38,
FAHAM,227348889,9950537,186655869,188501216,8679988,,1405/03/19,1405/05/24,67,7995053702225,118750339,0,1,1,1405031,,,,1405/06/14,,,0.01,6,8,3,0,0,0,0,0,0,0,180285,0,0,0,0,0,0,0,36868,0,0,35004,697910,379,29930,0,489469,1405/06/09,13:31:20,462249,14050319,14050524,14050609,,0,31815,0,31812,0,,134000,26243,54,0,0.01,1.0,0.0,1.0,0,قطعی ,1,,,5014103,5110,371,سایر موارد1 -کمتر از سی کیلو وات-سه زمانه,14,4,ضعيف باديماندزير سي كيلووات,22,5,ساير مصارف,01,سایرمصارف 1,قرائت مامور,2026-09-01 03:00:39,
FAHAM,224429907,9951334,184995407,186127799,9254142,,1405/02/01,1405/03/01,31,7995133402222,3277650278,0,1,1,1405021,29,,,1405/03/19,1405/04/16,17:39:43,46.56,614,609,223,0,864,0,0,0,0,1106735,2195445,1607830,0,2737472,0,0,0,0,153525,0,0,0,24315420,776,4964184,0,59554857,1405/03/13,16:56:37,461969,14050201,14050301,14050313,14050416,0,0,0,0,0,,0,4948832,0,0,224.1,0.858434,0.0600694,1.0,0,قطعی ,1,اعمال نرخ های جدید,29,4043303,4413,675,صنعتي4 - سی کیلو وات و بالاتر(گزینه3)-سه زمانه,13,3,ضعيف باديماند سي كيلووات وبالاتر,18,4,صنعتي,04,صنعت ومعدن 4,قرائت مامور,2026-06-04 02:23:06,2026-07-08 04:30:22
FAHAM,225438437,9951334,184995407,186127799,9254142,,1405/02/01,1405/03/01,31,7995133402222,3277650278,0,1,1,1405021,29,,,1405/03/19,1405/04/20,14:06:12,46.56,614,609,223,0,864,0,0,0,0,1106735,2195445,1607830,0,2737472,0,0,0,0,153525,0,0,0,24315420,776,4964184,0,59554857,1405/04/16,17:39:43,3,14050201,14050301,14050416,14050420,0,0,0,0,0,,0,4948832,0,0,224.1,0.858434,0.0600694,1.0,0,قطعی ,1,اعمال نرخ های جدید,29,4043303,4413,675,صنعتي4 - سی کیلو وات و بالاتر(گزینه3)-سه زمانه,13,3,ضعيف باديماند سي كيلووات وبالاتر,18,4,صنعتي,04,صنعت ومعدن 4,قرائت مامور,2026-07-08 02:56:56,2026-07-12 02:56:42
FAHAM,225461891,9951334,184995407,186127799,9254142,,1405/02/01,1405/03/01,31,7995133402222,3623850246,0,1,1,1405021,,,,1405/03/19,,,46.56,614,609,223,0,864,0,0,0,0,1106735,2195445,1607830,0,2737472,0,0,0,0,153525,0,0,0,24315420,622,8426030,0,101097010,1405/04/20,14:06:12,3,14050201,14050301,14050420,,0,0,0,0,0,,0,8410678,0,0,224.1,0.858434,0.0600694,1.0,0,قطعی ,1,,,4043303,4413,675,صنعتي4 - سی کیلو وات و بالاتر(گزینه3)-سه زمانه,13,3,ضعيف باديماند سي كيلووات وبالاتر,18,4,صنعتي,04,صنعت ومعدن 4,قرائت مامور,2026-07-12 02:28:25,
FAHAM,225199784,9951334,186127799,186902928,9254142,,1405/03/01,1405/04/01,31,7995133402222,6226050313,0,1,1,1405031,,,,1405/04/16,,,2.28,396,334,132,0,456,0,0,0,0,713790,1204070,951720,0,817740,0,58512,0,0,153525,0,0,0,51094277,511,931799,0,11166234,1405/04/11,11:55:54,461969,14050301,14050401,14050411,,0,0,0,0,0,,0,916446,0,0,224.1,0.883938,0.0294845,1.0,0,قطعی ,1,,,4043303,4413,675,صنعتي4 - سی کیلو وات و بالاتر(گزینه3)-سه زمانه,13,3,ضعيف باديماند سي كيلووات وبالاتر,18,4,صنعتي,04,صنعت ومعدن 4,قرائت مامور,2026-07-03 09:31:31,
FAHAM,226102050,9951334,186902928,187775229,9254142,,1405/04/01,1405/05/01,31,7995133402222,11073850418,0,1,1,1405041,,,,1405/05/17,,,2.52,408,369,106,0,601,0,0,0,0,735420,1330245,764260,0,3247426,0,596690,0,0,153525,0,0,0,94574524,660,1348291,0,16164136,1405/05/11,12:22:56,461969,14050401,14050501,14050511,,0,0,0,0,0,,0,1332938,0,0,224.1,0.826683,0.100785,1.0,0,قطعی ,1,,,4043303,4413,675,صنعتي4 - سی کیلو وات و بالاتر(گزینه3)-سه زمانه,13,3,ضعيف باديماند سي كيلووات وبالاتر,18,4,صنعتي,04,صنعت ومعدن 4,قرائت مامور,2026-08-03 02:26:50,
FAHAM,227553679,9951334,187775229,188706669,9254142,,1405/05/01,1405/06/01,31,7995133402222,1265950508,0,1,1,1405051,,,,1405/06/17,,,2.52,424,388,106,0,433,0,0,0,0,764260,1398740,764260,0,204587,0,616157,0,0,153525,0,0,0,660,644,1056195,0,12658984,1405/06/10,13:54:02,461969,14050501,14050601,14050610,,0,0,0,0,0,,0,1040842,0,0,224.1,0.904439,0.00614882,1.0,0,قطعی ,1,,,4043303,4413,675,صنعتي4 - سی کیلو وات و بالاتر(گزینه3)-سه زمانه,13,3,ضعيف باديماند سي كيلووات وبالاتر,18,4,صنعتي,04,صنعت ومعدن 4,قرائت مامور,2026-09-02 03:57:37,
FAHAM,225556913,9957728,185307109,187221164,8997968,,1405/02/06,1405/04/01,57,7995772802223,379450210,0,1,1,1405021,,,,1405/04/28,,,2.691,79,241,82,0,40,0,0,0,0,0,698046,0,0,0,0,0,0,0,31365,0,0,0,2393193,783,81744,0,1401590,1405/04/23,12:17:19,462249,14050206,14050401,14050423,,0,121407,0,58494,0,,11400,78607,0,31,2.691,0.995086,0.0,2.0,0,قطعی ,1,,,1004103,1010,245,خانگی معمولی-سه زمانه,14,4,ضعيف باديماندزير سي كيلووات,28,1,خانگي,00,خانگی معمولی,قرائت مامور,2026-07-15 02:48:06,
FAHAM,228598812,9957728,187221164,189078344,8997968,,1405/04/01,1405/06/06,67,7995772802223,327950303,0,1,1,1405031,,,,1405/06/28,,,3.551,334,748,249,0,36,0,0,0,0,0,2152227,0,0,0,0,0,0,0,36868,0,0,0,10417,306,237231,0,3268889,1405/06/23,12:39:49,462249,14050401,14050606,14050623,,0,321210,0,215430,0,,13400,233545,0,67,3.551,0.999634,0.0,2.0,0,قطعی ,1,,,1004103,1010,245,خانگی معمولی-سه زمانه,14,4,ضعيف باديماندزير سي كيلووات,28,1,خانگي,00,خانگی معمولی,قرائت مامور,2026-09-15 03:21:14,
FAHAM,224542415,9961787,184335945,186242463,8735322,,1405/01/10,1405/03/01,53,7996178702223,,0,1,1,1405021,,,,1405/03/24,,,1.472,0,16,0,0,0,0,0,0,0,0,149922,0,0,0,0,0,0,0,28372,0,0,0,-421444,0,22266,0,348353,1405/03/19,11:44:19,462249,14050110,14050301,14050319,,0,0,0,0,0,,84000,19429,0,0,1.472,1.0,0.0,1.0,0,قطعی ,1,,,5014103,5110,371,سایر موارد1 -کمتر از سی کیلو وات-سه زمانه,14,4,ضعيف باديماندزير سي كيلووات,22,5,ساير مصارف,01,سایرمصارف 1,قرائت مامور,2026-06-10 20:22:07,
FAHAM,226420729,9961787,186242463,188098113,8735322,,1405/03/01,1405/05/19,80,7996178702223,15950328,0,5,1,1405031,,,,1405/05/29,,,0.0,0,1,0,0,0,0,0,0,0,0,10605,0,0,0,0,0,0,0,44021,0,0,6692,-73091,416,6409,0,232507,1405/05/24,14:02:06,462249,14050301,14050519,14050524,,0,0,0,0,0,,160000,2007,49,0,0.0,1.0,0.0,1.0,0,علی الحساب,4,,,5014103,5110,371,سایر موارد1 -کمتر از سی کیلو وات-سه زمانه,14,4,ضعيف باديماندزير سي كيلووات,22,5,ساير مصارف,01,سایرمصارف 1,قرائت مامور,2026-08-16 03:45:40,
FAHAM,225730413,9964627,185410417,187398544,8768312,,1405/02/11,1405/04/16,67,7996462702225,241350206,0,1,1,1405021,,,,1405/05/04,,,0.0,37,42,43,0,999319,0,0,0,0,0,236070,0,0,0,0,0,0,0,36868,0,0,0,1596505,656,32920,0,817151,1405/04/30,13:44:52,462249,14050211,14050416,14050430,,0,83205,0,35816,0,,13400,29233,0,0,0.0,0.000122083,7452.94,1.0,0,قطعی ,1,,,1004103,1010,245,خانگی معمولی-سه زمانه,14,4,ضعيف باديماندزير سي كيلووات,28,1,خانگي,00,خانگی معمولی,قرائت مامور,2026-07-22 02:47:43,
FAHAM,229025886,9964627,187398544,189336421,8768312,,1405/04/16,1405/06/15,61,7996462702225,323250331,0,1,1,1405031,,,,1405/07/04,,,0.0,40,39,37,0,0,0,0,0,0,0,224460,0,0,0,0,0,0,0,33566,0,0,0,2451909,355,29934,0,780446,1405/06/30,12:28:08,462435,14050416,14050615,14050630,,0,71595,0,38720,0,,12200,26577,0,0,0.0,1.0,0.0,1.0,0,قطعی ,1,,,1004103,1010,245,خانگی معمولی-سه زمانه,14,4,ضعيف باديماندزير سي كيلووات,28,1,خانگي,00,خانگی معمولی,قرائت مامور,2026-09-22 02:46:46,
FAHAM,225228218,9968043,185028686,186933417,8790692,,1405/01/24,1405/03/24,62,7996804302224,283250298,0,1,1,1405021,,,,1405/04/21,,,1.955,38,156,35,0,42,0,0,0,0,173368,1423445,638730,0,0,0,0,0,0,33829,0,0,0,454,985,236326,0,2832531,1405/04/16,09:40:05,462249,14050124,14050324,14050416,,0,0,0,0,0,,0,232943,0,0,1.955,0.983594,0.0,1.0,0,قطعی ,1,,,2024103,2210,263,عمومی2 - کمتر از سی کیلووات-سه زمانه,14,4,ضعيف باديماندزير سي كيلووات,5,2,عمومي,02,عمومی 2,قرائت مامور,2026-07-08 02:59:17,
FAHAM,228149924,9968043,186933417,188835786,8790692,,1405/03/24,1405/05/30,68,7996804302224,500550351,0,1,1,1405031,,,,1405/06/21,,,1.958,70,183,69,0,46,0,0,0,0,334040,1746552,1317072,0,0,0,0,0,0,37418,0,0,606191,985,194,417329,0,5004209,1405/06/16,12:08:41,462249,14050324,14050530,14050616,,0,0,0,0,0,,0,413587,60,0,1.958,0.989949,0.0,1.0,0,قطعی ,1,,,2024103,2210,263,عمومی2 - کمتر از سی کیلووات-سه زمانه,14,4,ضعيف باديماندزير سي كيلووات,5,2,عمومي,02,عمومی 2,قرائت مامور,2026-09-08 02:42:28,
FAHAM,226158934,9971487,185932151,187836060,8810054,,1405/02/26,1405/04/30,66,7997148702225,248250352,0,1,1,1405031,,,,1405/05/29,,,2.301,86,293,127,0,68,0,0,0,0,0,1454184,0,0,0,0,0,0,0,36318,0,0,0,572,204,171639,0,2481632,1405/05/24,09:54:21,462249,14050226,14050430,14050524,,0,284619,0,96406,0,,13200,168007,0,0,2.301,0.991091,0.0,1.0,0,قطعی ,1,,,1004103,1010,245,خانگی معمولی-سه زمانه,14,4,ضعيف باديماندزير سي كيلووات,28,1,خانگي,00,خانگی معمولی,قرائت مامور,2026-08-16 03:20:36,
FAHAM,227059325,9971487,185932151,187836060,8810054,,1405/02/26,1405/04/30,66,7997148702225,199850322,0,1,1,1405031,5,,,1405/05/29,1405/06/10,19:17:27,2.301,86,293,127,0,68,0,0,0,0,0,1454184,0,0,0,0,0,0,0,36318,0,0,0,572,984,131370,0,1998412,1405/06/05,07:10:59,3,14050226,14050430,14050605,14050610,402683,284619,0,96406,0,,13200,127739,0,0,2.301,0.991091,0.0,1.0,0,قطعی ,1,تغییر در ایین نامه ها و دستورالعمل ها,05,1004103,1010,245,خانگی معمولی-سه زمانه,14,4,ضعيف باديماندزير سي كيلووات,28,1,خانگي,00,خانگی معمولی,قرائت مامور,2026-08-28 02:29:53,2026-09-02 17:09:06
FAHAM,227865955,9971487,185932151,187836060,8810054,,1405/02/26,1405/04/30,66,7997148702225,248250352,0,1,1,1405031,,,,1405/05/29,,,2.301,86,293,127,0,68,0,0,0,0,0,1454184,0,0,0,0,0,0,0,36318,0,0,0,572,204,171639,0,2481632,1405/06/10,19:17:27,3,14050226,14050430,14050610,,0,284619,0,96406,0,,13200,168007,0,0,2.301,0.991091,0.0,1.0,0,قطعی ,1,,,1004103,1010,245,خانگی معمولی-سه زمانه,14,4,ضعيف باديماندزير سي كيلووات,28,1,خانگي,00,خانگی معمولی,قرائت مامور,2026-09-02 03:35:37,
NON_FAHAM,224763770,9980450,184705468,186458471,8860280,,1405/01/21,1405/03/12,53,7998045002221,119750202,0,1,1,1405021,,,,1405/04/01,,,1.636,62,144,69,0,48,0,0,0,0,0,530665,0,0,0,0,0,0,0,28768,0,0,0,170,579,64866,0,1197409,1405/03/27,11:37:54,462249,14050121,14050312,14050327,,0,125739,0,56516,0,,9500,61989,0,0,1.636,0.985106,0.0,1.0,0,قطعی ,1,,,1004103,1010,245,خانگی معمولی-سه زمانه,14,4,ضعيف باديماندزير سي كيلووات,28,1,خانگي,00,خانگی معمولی,قرائت مامور,2026-06-18 03:07:54,
NON_FAHAM,227051367,9980450,184705468,186458471,8860280,,1405/01/21,1405/03/12,53,7998045002221,114750271,0,1,1,1405021,5,,,1405/04/01,1405/06/10,19:16:32,1.636,62,144,69,0,48,0,0,0,0,0,530665,0,0,0,0,0,0,0,28768,0,0,0,170,410,60593,0,1147240,1405/06/05,06:17:35,3,14050121,14050312,14050605,14050610,42723,125739,0,56516,0,,10600,57716,0,0,1.636,0.985106,0.0,1.0,0,قطعی ,1,تغییر در ایین نامه ها و دستورالعمل ها,05,1004103,1010,245,خانگی معمولی-سه زمانه,14,4,ضعيف باديماندزير سي كيلووات,28,1,خانگي,00,خانگی معمولی,قرائت مامور,2026-08-28 02:29:20,2026-09-02 09:20:55
NON_FAHAM,227864560,9980450,184705468,186458471,8860280,,1405/01/21,1405/03/12,53,7998045002221,119850258,0,1,1,1405021,,,,1405/04/01,,,1.636,62,144,69,0,48,0,0,0,0,0,530665,0,0,0,0,0,0,0,28768,0,0,0,170,679,64866,0,1198509,1405/06/10,19:16:32,3,14050121,14050312,14050610,,0,125739,0,56516,0,,10600,61989,0,0,1.636,0.985106,0.0,1.0,0,قطعی ,1,,,1004103,1010,245,خانگی معمولی-سه زمانه,14,4,ضعيف باديماندزير سي كيلووات,28,1,خانگي,00,خانگی معمولی,قرائت مامور,2026-09-02 03:06:59,
NON_FAHAM,226623094,9980450,186458471,188304458,8860280,,1405/03/12,1405/05/17,67,7998045002221,325950307,0,1,1,1405031,,,,1405/06/05,,,1.764,160,258,96,0,183,0,0,0,0,0,1261302,0,0,0,0,0,0,0,36868,0,0,0,1197579,408,136643,0,2061829,1405/05/31,12:41:20,462435,14050312,14050517,14050531,,0,185760,0,154880,0,,13400,132956,0,0,1.764,0.942073,0.0,1.0,0,قطعی ,1,,,1004103,1010,245,خانگی معمولی-سه زمانه,14,4,ضعيف باديماندزير سي كيلووات,28,1,خانگي,00,خانگی معمولی,قرائت مامور,2026-08-23 02:54:34,
NON_FAHAM,227051370,9980450,186458471,188304458,8860280,,1405/03/12,1405/05/17,67,7998045002221,276750348,0,1,1,1405031,5,,,1405/06/05,1405/06/10,19:16:32,1.764,160,258,96,0,183,0,0,0,0,0,1261302,0,0,0,0,0,0,0,36868,0,0,0,1197579,492,95650,0,1569913,1405/06/05,06:17:36,3,14050312,14050517,14050605,14050610,409930,185760,0,154880,0,,13400,91963,0,0,1.764,0.942073,0.0,1.0,0,قطعی ,1,تغییر در ایین نامه ها و دستورالعمل ها,05,1004103,1010,245,خانگی معمولی-سه زمانه,14,4,ضعيف باديماندزير سي كيلووات,28,1,خانگي,00,خانگی معمولی,قرائت مامور,2026-08-28 02:30:11,2026-09-02 19:56:01
NON_FAHAM,227864570,9980450,186458471,188304458,8860280,,1405/03/12,1405/05/17,67,7998045002221,325950307,0,1,1,1405031,,,,1405/06/05,,,1.764,160,258,96,0,183,0,0,0,0,0,1261302,0,0,0,0,0,0,0,36868,0,0,0,1197579,408,136643,0,2061829,1405/06/10,19:16:32,3,14050312,14050517,14050610,,0,185760,0,154880,0,,13400,132956,0,0,1.764,0.942073,0.0,1.0,0,قطعی ,1,,,1004103,1010,245,خانگی معمولی-سه زمانه,14,4,ضعيف باديماندزير سي كيلووات,28,1,خانگي,00,خانگی معمولی,قرائت مامور,2026-09-02 03:46:56,
FAHAM,224732665,9989069,184562428,186427280,8908798,,1405/01/21,1405/03/10,51,7998906902229,,0,1,1,1405021,,,,1405/04/01,,,4.998,20,1543,0,0,6,0,0,0,0,0,0,0,0,0,0,0,0,0,0,0,0,0,0,0,0,0,0,1405/03/27,10:46:28,462249,14050121,14050310,14050327,,0,0,0,0,0,,0,0,0,0,4.998,0.999993,0.0,1.0,0,قطعی ,1,,,2014123,2120,825,کد تعرفه صفر,14,4,ضعيف باديماندزير سي كيلووات,4,2,عمومي,01,عمومی 1,قرائت مامور,2026-06-18 03:04:36,
FAHAM,226070600,9989069,186427280,187743707,8908798,,1405/03/10,1405/05/01,53,7998906902229,,0,1,1,1405031,,,,1405/05/17,,,4.34,22,1572,0,0,7,0,0,0,0,0,0,0,0,0,0,0,0,0,0,0,0,0,0,0,0,0,0,1405/05/11,11:35:35,461969,14050310,14050501,14050511,,0,0,0,0,0,,0,0,0,0,4.34,0.99999,0.0,1.0,0,قطعی ,1,,,2014123,2120,825,کد تعرفه صفر,14,4,ضعيف باديماندزير سي كيلووات,4,2,عمومي,01,عمومی 1,قرائت مامور,2026-08-03 02:24:18,
FAHAM,227542572,9989069,187743707,188695519,8908798,,1405/05/01,1405/06/01,31,7998906902229,,0,1,1,1405051,,,,1405/06/17,,,4.365,10,803,1,0,3,0,0,0,0,0,0,0,0,0,0,0,0,0,0,0,0,0,0,0,0,0,0,1405/06/10,13:19:28,461969,14050501,14050601,14050610,,0,0,0,0,0,,0,0,0,0,4.365,0.999993,0.0,1.0,0,قطعی ,1,,,2014123,2120,825,کد تعرفه صفر,14,4,ضعيف باديماندزير سي كيلووات,4,2,عمومي,01,عمومی 1,قرائت مامور,2026-09-02 03:54:23,
NON_FAHAM,224781127,9996965,184660754,186475851,8954913,,1405/01/21,1405/03/10,51,7999696502229,,0,1,1,1405021,,,,1405/04/01,,,0.0,0,0,0,0,0,0,0,0,0,0,0,0,0,0,0,0,0,0,27668,0,0,0,-3386709,0,2767,0,121435,1405/03/27,11:54:58,462249,14050121,14050310,14050327,,0,0,0,0,0,,91000,0,0,0,0.0,0.0,0.0,1.0,0,قطعی ,1,,,5014103,5110,371,سایر موارد1 -کمتر از سی کیلو وات-سه زمانه,14,4,ضعيف باديماندزير سي كيلووات,22,5,ساير مصارف,01,سایرمصارف 1,قرائت مامور,2026-06-18 03:09:47,
NON_FAHAM,226620077,9996965,186475851,188301437,8954913,,1405/03/10,1405/05/17,69,7999696502229,,0,1,1,1405031,,,,1405/06/05,,,1.46,11,13,17,0,0,0,0,0,0,0,434805,0,0,0,0,0,0,0,37968,0,0,81022,-3265274,0,78944,0,1081531,1405/05/31,12:39:31,462435,14050310,14050517,14050531,,0,180285,0,58322,0,,138000,75147,47,0,1.46,1.0,0.0,1.0,0,قطعی ,1,,,5014103,5110,371,سایر موارد1 -کمتر از سی کیلو وات-سه زمانه,14,4,ضعيف باديماندزير سي كيلووات,22,5,ساير مصارف,01,سایرمصارف 1,قرائت مامور,2026-08-23 02:54:24,
