TimeTag,ID,GUID,MeterID,MeterType,MeterSerialNumber,Date,ShamsiDate,SourceID,SourceName,PowerActive,PowerReactive,VoltagePhaseA,VoltagePhaseB,VoltagePhaseC,VoltagePhaseN,CurrentPhaseA,CurrentPhaseB,CurrentPhaseC,CurrentPhaseN,PhaseAAngle,PhaseBAngle,PhaseCAngle,PhaseNAngle,Frequency,ActiveEnergy,ReactiveEnergy,VoltageL1,VoltageL2,VoltageL3,CurrentL1,CurrentL2,CurrentL3,demand,PowerFactor,ActiveEnergyExport,ReActiveEnergyExport,ProfileStatusEnergy,ProfileStatusPower,dlInsertTime
14050201000000,11010003013498,,,,,2026-04-21 00:00:00,1405-02-01 00:00:00,,faham,0.0,,,,,,,,,,,,,,,85.0,0.0,233.5,,,2.0399999618530273,,,343.0,0.0,0.0,31.0,8,8,2026-05-29 10:51:00
14050201001500,11010003013498,,,,,2026-04-21 00:15:00,1405-02-01 00:15:00,,faham,0.0,,,,,,,,,,,,,,,93.0,1.0,234.10000610351562,,,2.059999942779541,,,372.0,0.0,0.0,12.0,8,8,2026-05-29 10:57:00
14050201003000,11010003013498,,,,,2026-04-21 00:30:00,1405-02-01 00:30:00,,faham,0.0,,,,,,,,,,,,,,,81.0,0.0,235.1999969482422,,,1.9800000190734863,,,326.0,0.0,0.0,33.0,8,8,2026-05-29 10:57:00
14050201004500,11010003013498,,,,,2026-04-21 00:45:00,1405-02-01 00:45:00,,faham,0.0,,,,,,,,,,,,,,,80.0,0.0,235.60000610351562,,,1.9800000190734863,,,322.0,0.0,0.0,34.0,8,8,2026-05-29 11:03:00
14050201010000,11010003013498,,,,,2026-04-21 01:00:00,1405-02-01 01:00:00,,faham,0.0,,,,,,,,,,,,,,,91.0,1.0,235.8000030517578,,,2.049999952316284,,,365.0,0.0,0.0,15.0,8,8,2026-05-29 11:03:00
14050201011500,11010003013498,,,,,2026-04-21 01:15:00,1405-02-01 01:15:00,,faham,0.0,,,,,,,,,,,,,,,87.0,0.0,235.1999969482422,,,2.0399999618530273,,,350.0,0.0,0.0,29.0,8,8,2026-05-29 11:09:00
14050201013000,11010003013498,,,,,2026-04-21 01:30:00,1405-02-01 01:30:00,,faham,0.0,,,,,,,,,,,,,,,76.0,0.0,236.0,,,1.940000057220459,,,306.0,0.0,0.0,37.0,8,8,2026-05-29 11:09:00
14050201014500,11010003013498,,,,,2026-04-21 01:45:00,1405-02-01 01:45:00,,faham,0.0,,,,,,,,,,,,,,,91.0,2.0,236.1999969482422,,,2.0999999046325684,,,366.0,0.0,0.0,26.0,8,8,2026-05-29 11:14:00
14050201020000,11010003013498,,,,,2026-04-21 02:00:00,1405-02-01 02:00:00,,faham,0.0,,,,,,,,,,,,,,,87.0,1.0,236.0,,,2.0199999809265137,,,350.0,0.0,0.0,21.0,8,8,2026-05-29 11:14:00
14050201021500,11010003013498,,,,,2026-04-21 02:15:00,1405-02-01 02:15:00,,faham,0.0,,,,,,,,,,,,,,,78.0,0.0,235.8000030517578,,,1.9500000476837158,,,314.0,0.0,0.0,36.0,8,8,2026-05-29 11:19:00
14050201023000,11010003013498,,,,,2026-04-21 02:30:00,1405-02-01 02:30:00,,faham,0.0,,,,,,,,,,,,,,,83.0,0.0,235.3000030517578,,,2.0,,,335.0,0.0,0.0,33.0,8,8,2026-05-29 11:19:00
14050201024500,11010003013498,,,,,2026-04-21 02:45:00,1405-02-01 02:45:00,,faham,0.0,,,,,,,,,,,,,,,93.0,1.0,236.10000610351562,,,2.059999942779541,,,372.0,0.0,0.0,13.0,8,8,2026-05-29 11:24:00
14050201030000,11010003013498,,,,,2026-04-21 03:00:00,1405-02-01 03:00:00,,faham,0.0,,,,,,,,,,,,,,,85.0,0.0,236.1999969482422,,,2.0199999809265137,,,343.0,0.0,0.0,32.0,8,8,2026-05-29 11:24:00
14050201031500,11010003013498,,,,,2026-04-21 03:15:00,1405-02-01 03:15:00,,faham,0.0,,,,,,,,,,,,,,,76.0,0.0,236.3000030517578,,,1.9299999475479126,,,305.0,0.0,0.0,37.0,8,8,2026-05-29 11:28:00
14050201033000,11010003013498,,,,,2026-04-21 03:30:00,1405-02-01 03:30:00,,faham,0.0,,,,,,,,,,,,,,,98.0,3.0,235.39999389648438,,,2.1600000858306885,,,394.0,0.0,0.0,13.0,8,8,2026-05-29 11:28:00
14050201034500,11010003013498,,,,,2026-04-21 03:45:00,1405-02-01 03:45:00,,faham,0.0,,,,,,,,,,,,,,,79.0,0.0,235.6999969482422,,,1.9700000286102295,,,319.0,0.0,0.0,35.0,8,8,2026-05-29 11:34:00
14050201040000,11010003013498,,,,,2026-04-21 04:00:00,1405-02-01 04:00:00,,faham,0.0,,,,,,,,,,,,,,,76.0,0.0,236.8000030517578,,,1.9299999475479126,,,305.0,0.0,0.0,37.0,8,8,2026-05-29 11:34:00
14050201041500,11010003013498,,,,,2026-04-21 04:15:00,1405-02-01 04:15:00,,faham,0.0,,,,,,,,,,,,,,,94.0,0.0,236.6999969482422,,,2.0899999141693115,,,377.0,0.0,0.0,21.0,8,8,2026-05-29 11:39:00
14050201043000,11010003013498,,,,,2026-04-21 04:30:00,1405-02-01 04:30:00,,faham,0.0,,,,,,,,,,,,,,,84.0,0.0,237.0,,,1.9900000095367432,,,338.0,0.0,0.0,25.0,8,8,2026-05-29 11:39:00
14050201044500,11010003013498,,,,,2026-04-21 04:45:00,1405-02-01 04:45:00,,faham,0.0,,,,,,,,,,,,,,,85.0,0.0,236.6999969482422,,,2.009999990463257,,,341.0,0.0,0.0,33.0,8,8,2026-05-29 11:43:00
14050201050000,11010003013498,,,,,2026-04-21 05:00:00,1405-02-01 05:00:00,,faham,0.0,,,,,,,,,,,,,,,77.0,0.0,236.89999389648438,,,1.940000057220459,,,308.0,0.0,0.0,37.0,8,8,2026-05-29 11:43:00
14050201051500,11010003013498,,,,,2026-04-21 05:15:00,1405-02-01 05:15:00,,faham,0.0,,,,,,,,,,,,,,,92.0,1.0,237.3000030517578,,,2.0399999618530273,,,371.0,0.0,0.0,13.0,8,8,2026-05-29 11:48:00
14050201053000,11010003013498,,,,,2026-04-21 05:30:00,1405-02-01 05:30:00,,faham,0.0,,,,,,,,,,,,,,,84.0,0.0,236.89999389648438,,,1.9800000190734863,,,336.0,0.0,0.0,33.0,8,8,2026-05-29 11:48:00
14050201054500,11010003013498,,,,,2026-04-21 05:45:00,1405-02-01 05:45:00,,faham,0.0,,,,,,,,,,,,,,,74.0,0.0,236.3000030517578,,,1.909999966621399,,,299.0,0.0,0.0,38.0,8,8,2026-05-29 11:53:00
14050201060000,11010003013498,,,,,2026-04-21 06:00:00,1405-02-01 06:00:00,,faham,0.0,,,,,,,,,,,,,,,100.0,4.0,235.39999389648438,,,2.180000066757202,,,400.0,0.0,0.0,14.0,8,8,2026-05-29 11:53:00
14050201061500,11010003013498,,,,,2026-04-21 06:15:00,1405-02-01 06:15:00,,faham,0.0,,,,,,,,,,,,,,,74.0,0.0,232.3000030517578,,,1.909999966621399,,,296.0,0.0,0.0,37.0,8,8,2026-05-29 11:58:00
14050201063000,11010003013498,,,,,2026-04-21 06:30:00,1405-02-01 06:30:00,,faham,0.0,,,,,,,,,,,,,,,77.0,0.0,228.6999969482422,,,2.009999990463257,,,306.0,0.0,0.0,36.0,8,8,2026-05-29 11:58:00
14050201064500,11010003013498,,,,,2026-04-21 06:45:00,1405-02-01 06:45:00,,faham,0.0,,,,,,,,,,,,,,,89.0,0.0,229.5,,,2.109999895095825,,,356.0,0.0,0.0,22.0,8,8,2026-05-29 12:03:00
14050201070000,11010003013498,,,,,2026-04-21 07:00:00,1405-02-01 07:00:00,,faham,0.0,,,,,,,,,,,,,,,80.0,0.0,230.6999969482422,,,2.0199999809265137,,,328.0,0.0,0.0,28.0,8,8,2026-05-29 12:03:00
14050201071500,11010003013498,,,,,2026-04-21 07:15:00,1405-02-01 07:15:00,,faham,0.0,,,,,,,,,,,,,,,83.0,0.0,228.89999389648438,,,2.0799999237060547,,,334.0,0.0,0.0,33.0,8,8,2026-05-29 12:08:00
14050201073000,11010003013498,,,,,2026-04-21 07:30:00,1405-02-01 07:30:00,,faham,0.0,,,,,,,,,,,,,,,76.0,0.0,231.10000610351562,,,1.9900000095367432,,,296.0,0.0,0.0,35.0,8,8,2026-05-29 12:08:00
14050201074500,11010003013498,,,,,2026-04-21 07:45:00,1405-02-01 07:45:00,,faham,0.0,,,,,,,,,,,,,,,95.0,0.0,228.60000610351562,,,2.1600000858306885,,,382.0,0.0,0.0,12.0,8,8,2026-05-29 12:13:00
14050201080000,11010003013498,,,,,2026-04-21 08:00:00,1405-02-01 08:00:00,,faham,0.0,,,,,,,,,,,,,,,76.0,0.0,229.6999969482422,,,2.0199999809265137,,,311.0,0.0,0.0,35.0,8,8,2026-05-29 12:13:00
14050201081500,11010003013498,,,,,2026-04-21 08:15:00,1405-02-01 08:15:00,,faham,0.0,,,,,,,,,,,,,,,74.0,0.0,229.3000030517578,,,1.9900000095367432,,,296.0,0.0,0.0,36.0,8,8,2026-05-29 12:18:00
14050201083000,11010003013498,,,,,2026-04-21 08:30:00,1405-02-01 08:30:00,,faham,0.0,,,,,,,,,,,,,,,106.0,3.0,230.5,,,2.299999952316284,,,420.0,0.0,0.0,14.0,8,8,2026-05-29 12:18:00
14050201084500,11010003013498,,,,,2026-04-21 08:45:00,1405-02-01 08:45:00,,faham,0.0,,,,,,,,,,,,,,,225.0,0.0,227.1999969482422,,,4.440000057220459,,,858.0,0.0,0.0,66.0,8,8,2026-05-29 12:23:00
14050201090000,11010003013498,,,,,2026-04-21 09:00:00,1405-02-01 09:00:00,,faham,0.0,,,,,,,,,,,,,,,263.0,0.0,225.39999389648438,,,5.110000133514404,,,1060.0,0.0,0.0,67.0,8,8,2026-05-29 12:23:00
14050201091500,11010003013498,,,,,2026-04-21 09:15:00,1405-02-01 09:15:00,,faham,0.0,,,,,,,,,,,,,,,258.0,0.0,223.6999969482422,,,5.03000020980835,,,1028.0,0.0,0.0,58.0,8,8,2026-05-29 12:28:00
14050201093000,11010003013498,,,,,2026-04-21 09:30:00,1405-02-01 09:30:00,,faham,0.0,,,,,,,,,,,,,,,240.0,0.0,223.8000030517578,,,4.710000038146973,,,971.0,0.0,0.0,50.0,8,8,2026-05-29 12:28:00
14050201094500,11010003013498,,,,,2026-04-21 09:45:00,1405-02-01 09:45:00,,faham,0.0,,,,,,,,,,,,,,,227.0,0.0,223.60000610351562,,,4.539999961853027,,,917.0,0.0,0.0,53.0,8,8,2026-05-29 12:33:00
14050201100000,11010003013498,,,,,2026-04-21 10:00:00,1405-02-01 10:00:00,,faham,0.0,,,,,,,,,,,,,,,219.0,0.0,225.0,,,4.360000133514404,,,875.0,0.0,0.0,54.0,8,8,2026-05-29 12:33:00
14050201101500,11010003013498,,,,,2026-04-21 10:15:00,1405-02-01 10:15:00,,faham,0.0,,,,,,,,,,,,,,,244.0,0.0,223.5,,,4.739999771118164,,,976.0,0.0,0.0,32.0,8,8,2026-05-29 12:39:00
14050201103000,11010003013498,,,,,2026-04-21 10:30:00,1405-02-01 10:30:00,,faham,0.0,,,,,,,,,,,,,,,253.0,0.0,222.5,,,5.0,,,1007.0,0.0,0.0,70.0,8,8,2026-05-29 12:39:00
14050201104500,11010003013498,,,,,2026-04-21 10:45:00,1405-02-01 10:45:00,,faham,0.0,,,,,,,,,,,,,,,263.0,0.0,220.60000610351562,,,5.179999828338623,,,1048.0,0.0,0.0,68.0,8,8,2026-05-29 12:43:00
14050201110000,11010003013498,,,,,2026-04-21 11:00:00,1405-02-01 11:00:00,,faham,0.0,,,,,,,,,,,,,,,267.0,0.0,222.39999389648438,,,5.139999866485596,,,1070.0,0.0,0.0,47.0,8,8,2026-05-29 12:43:00
14050201111500,11010003013498,,,,,2026-04-21 11:15:00,1405-02-01 11:15:00,,faham,0.0,,,,,,,,,,,,,,,255.0,0.0,224.6999969482422,,,4.960000038146973,,,1031.0,0.0,0.0,69.0,8,8,2026-05-29 12:49:00
14050201113000,11010003013498,,,,,2026-04-21 11:30:00,1405-02-01 11:30:00,,faham,0.0,,,,,,,,,,,,,,,246.0,0.0,225.1999969482422,,,4.760000228881836,,,988.0,0.0,0.0,58.0,8,8,2026-05-29 12:49:00
14050201114500,11010003013498,,,,,2026-04-21 11:45:00,1405-02-01 11:45:00,,faham,0.0,,,,,,,,,,,,,,,243.0,0.0,225.10000610351562,,,4.710000038146973,,,965.0,0.0,0.0,59.0,8,8,2026-05-29 12:53:00
14050201120000,11010003013498,,,,,2026-04-21 12:00:00,1405-02-01 12:00:00,,faham,0.0,,,,,,,,,,,,,,,258.0,0.0,223.6999969482422,,,4.929999828338623,,,1034.0,0.0,0.0,43.0,8,8,2026-05-29 12:53:00
14050201121500,11010003013498,,,,,2026-04-21 12:15:00,1405-02-01 12:15:00,,faham,0.0,,,,,,,,,,,,,,,241.0,0.0,226.0,,,4.679999828338623,,,967.0,0.0,0.0,65.0,8,8,2026-05-29 12:58:00
14050201123000,11010003013498,,,,,2026-04-21 12:30:00,1405-02-01 12:30:00,,faham,0.0,,,,,,,,,,,,,,,227.0,0.0,226.1999969482422,,,4.440000057220459,,,910.0,0.0,0.0,59.0,8,8,2026-05-29 12:58:00
14050201124500,11010003013498,,,,,2026-04-21 12:45:00,1405-02-01 12:45:00,,faham,0.0,,,,,,,,,,,,,,,235.0,0.0,225.60000610351562,,,4.480000019073486,,,947.0,0.0,0.0,30.0,8,8,2026-05-29 13:03:00
14050201130000,11010003013498,,,,,2026-04-21 13:00:00,1405-02-01 13:00:00,,faham,0.0,,,,,,,,,,,,,,,215.0,0.0,224.3000030517578,,,4.260000228881836,,,860.0,0.0,0.0,55.0,8,8,2026-05-29 13:03:00
14050201131500,11010003013498,,,,,2026-04-21 13:15:00,1405-02-01 13:15:00,,faham,0.0,,,,,,,,,,,,,,,224.0,0.0,225.1999969482422,,,4.369999885559082,,,897.0,0.0,0.0,51.0,8,8,2026-05-29 13:09:00
14050201133000,11010003013498,,,,,2026-04-21 13:30:00,1405-02-01 13:30:00,,faham,0.0,,,,,,,,,,,,,,,228.0,0.0,225.0,,,4.420000076293945,,,906.0,0.0,0.0,43.0,8,8,2026-05-29 13:09:00
14050201134500,11010003013498,,,,,2026-04-21 13:45:00,1405-02-01 13:45:00,,faham,0.0,,,,,,,,,,,,,,,229.0,0.0,226.1999969482422,,,4.420000076293945,,,916.0,0.0,0.0,46.0,8,8,2026-05-29 13:13:00
14050201140000,11010003013498,,,,,2026-04-21 14:00:00,1405-02-01 14:00:00,,faham,0.0,,,,,,,,,,,,,,,223.0,0.0,228.10000610351562,,,4.300000190734863,,,900.0,0.0,0.0,53.0,8,8,2026-05-29 13:13:00
14050201141500,11010003013498,,,,,2026-04-21 14:15:00,1405-02-01 14:15:00,,faham,0.0,,,,,,,,,,,,,,,224.0,0.0,226.89999389648438,,,4.389999866485596,,,896.0,0.0,0.0,55.0,8,8,2026-05-29 13:19:00
14050201143000,11010003013498,,,,,2026-04-21 14:30:00,1405-02-01 14:30:00,,faham,0.0,,,,,,,,,,,,,,,258.0,0.0,226.39999389648438,,,4.909999847412109,,,1032.0,0.0,0.0,32.0,8,8,2026-05-29 13:19:00
14050201144500,11010003013498,,,,,2026-04-21 14:45:00,1405-02-01 14:45:00,,faham,0.0,,,,,,,,,,,,,,,233.0,0.0,228.3000030517578,,,4.539999961853027,,,932.0,0.0,0.0,60.0,8,8,2026-05-29 13:24:00
14050201150000,11010003013498,,,,,2026-04-21 15:00:00,1405-02-01 15:00:00,,faham,0.0,,,,,,,,,,,,,,,241.0,0.0,228.6999969482422,,,4.659999847412109,,,962.0,0.0,0.0,57.0,8,8,2026-05-29 13:24:00
14050201151500,11010003013498,,,,,2026-04-21 15:15:00,1405-02-01 15:15:00,,faham,0.0,,,,,,,,,,,,,,,256.0,0.0,228.8000030517578,,,4.849999904632568,,,1015.0,0.0,0.0,38.0,8,8,2026-05-29 13:30:00
14050201153000,11010003013498,,,,,2026-04-21 15:30:00,1405-02-01 15:30:00,,faham,0.0,,,,,,,,,,,,,,,233.0,0.0,228.89999389648438,,,4.559999942779541,,,949.0,0.0,0.0,62.0,8,8,2026-05-29 13:30:00
14050201154500,11010003013498,,,,,2026-04-21 15:45:00,1405-02-01 15:45:00,,faham,0.0,,,,,,,,,,,,,,,242.0,0.0,229.60000610351562,,,4.650000095367432,,,969.0,0.0,0.0,60.0,8,8,2026-05-29 13:34:00
14050201160000,11010003013498,,,,,2026-04-21 16:00:00,1405-02-01 16:00:00,,faham,0.0,,,,,,,,,,,,,,,236.0,0.0,230.6999969482422,,,4.489999771118164,,,942.0,0.0,0.0,50.0,8,8,2026-05-29 13:34:00
14050201161500,11010003013498,,,,,2026-04-21 16:15:00,1405-02-01 16:15:00,,faham,0.0,,,,,,,,,,,,,,,234.0,0.0,231.60000610351562,,,4.409999847412109,,,941.0,0.0,0.0,46.0,8,8,2026-05-29 13:39:00
14050201163000,11010003013498,,,,,2026-04-21 16:30:00,1405-02-01 16:30:00,,faham,0.0,,,,,,,,,,,,,,,213.0,0.0,232.0,,,4.090000152587891,,,858.0,0.0,0.0,56.0,8,8,2026-05-29 13:39:00
14050201164500,11010003013498,,,,,2026-04-21 16:45:00,1405-02-01 16:45:00,,faham,0.0,,,,,,,,,,,,,,,209.0,0.0,231.5,,,4.010000228881836,,,833.0,0.0,0.0,53.0,8,8,2026-05-29 13:43:00
14050201170000,11010003013498,,,,,2026-04-21 17:00:00,1405-02-01 17:00:00,,faham,0.0,,,,,,,,,,,,,,,215.0,0.0,231.89999389648438,,,4.019999980926514,,,870.0,0.0,0.0,22.0,8,8,2026-05-29 13:43:00
14050201171500,11010003013498,,,,,2026-04-21 17:15:00,1405-02-01 17:15:00,,faham,0.0,,,,,,,,,,,,,,,195.0,0.0,233.60000610351562,,,3.7300000190734863,,,780.0,0.0,0.0,50.0,8,8,2026-05-29 13:48:00
14050201173000,11010003013498,,,,,2026-04-21 17:30:00,1405-02-01 17:30:00,,faham,0.0,,,,,,,,,,,,,,,213.0,0.0,233.0,,,4.019999980926514,,,853.0,0.0,0.0,45.0,8,8,2026-05-29 13:48:00
14050201174500,11010003013498,,,,,2026-04-21 17:45:00,1405-02-01 17:45:00,,faham,0.0,,,,,,,,,,,,,,,204.0,0.0,233.3000030517578,,,3.809999942779541,,,813.0,0.0,0.0,29.0,8,8,2026-05-29 13:53:00
14050201180000,11010003013498,,,,,2026-04-21 18:00:00,1405-02-01 18:00:00,,faham,0.0,,,,,,,,,,,,,,,194.0,0.0,232.3,,,3.71,,,778.0,0.0,0.0,45.0,8,8,
14050201181500,11010003013498,,,,,2026-04-21 18:15:00,1405-02-01 18:15:00,,faham,0.0,,,,,,,,,,,,,,,196.0,0.0,233.10000610351562,,,3.7200000286102295,,,789.0,0.0,0.0,45.0,8,8,2026-05-29 13:56:00
14050201183000,11010003013498,,,,,2026-04-21 18:30:00,1405-02-01 18:30:00,,faham,0.0,,,,,,,,,,,,,,,194.0,0.0,234.1999969482422,,,3.6600000858306885,,,773.0,0.0,0.0,41.0,8,8,2026-05-29 13:56:00
14050201184500,11010003013498,,,,,2026-04-21 18:45:00,1405-02-01 18:45:00,,faham,0.0,,,,,,,,,,,,,,,233.0,0.0,233.10000610351562,,,4.389999866485596,,,925.0,0.0,0.0,32.0,8,8,2026-05-29 14:46:00
14050201190000,11010003013498,,,,,2026-04-21 19:00:00,1405-02-01 19:00:00,,faham,0.0,,,,,,,,,,,,,,,244.0,0.0,232.39999389648438,,,4.809999942779541,,,980.0,0.0,0.0,57.0,8,8,2026-05-29 14:46:00
14050201191500,11010003013498,,,,,2026-04-21 19:15:00,1405-02-01 19:15:00,,faham,0.0,,,,,,,,,,,,,,,94.0,0.0,234.8000030517578,,,2.2699999809265137,,,407.0,0.0,0.0,37.0,8,8,2026-05-29 14:51:00
14050201193000,11010003013498,,,,,2026-04-21 19:30:00,1405-02-01 19:30:00,,faham,0.0,,,,,,,,,,,,,,,100.0,3.0,236.0,,,2.1700000762939453,,,405.0,0.0,0.0,12.0,8,8,2026-05-29 14:51:00
14050201194500,11010003013498,,,,,2026-04-21 19:45:00,1405-02-01 19:45:00,,faham,0.0,,,,,,,,,,,,,,,76.0,0.0,236.0,,,1.9800000190734863,,,306.0,0.0,0.0,36.0,8,8,2026-05-29 14:56:00
14050201200000,11010003013498,,,,,2026-04-21 20:00:00,1405-02-01 20:00:00,,faham,0.0,,,,,,,,,,,,,,,86.0,0.0,236.8000030517578,,,2.069999933242798,,,346.0,0.0,0.0,32.0,8,8,2026-05-29 14:56:00
14050201201500,11010003013498,,,,,2026-04-21 20:15:00,1405-02-01 20:15:00,,faham,0.0,,,,,,,,,,,,,,,87.0,0.0,236.5,,,2.049999952316284,,,345.0,0.0,0.0,21.0,8,8,2026-05-29 15:01:00
14050201203000,11010003013498,,,,,2026-04-21 20:30:00,1405-02-01 20:30:00,,faham,0.0,,,,,,,,,,,,,,,84.0,0.0,236.3000030517578,,,2.0399999618530273,,,338.0,0.0,0.0,28.0,8,8,2026-05-29 15:01:00
14050201204500,11010003013498,,,,,2026-04-21 20:45:00,1405-02-01 20:45:00,,faham,0.0,,,,,,,,,,,,,,,84.0,0.0,236.10000610351562,,,2.049999952316284,,,341.0,0.0,0.0,34.0,8,8,2026-05-29 15:06:00
14050201210000,11010003013498,,,,,2026-04-21 21:00:00,1405-02-01 21:00:00,,faham,0.0,,,,,,,,,,,,,,,82.0,0.0,235.60000610351562,,,2.0299999713897705,,,322.0,0.0,0.0,30.0,8,8,2026-05-29 15:06:00
14050201211500,11010003013498,,,,,2026-04-21 21:15:00,1405-02-01 21:15:00,,faham,0.0,,,,,,,,,,,,,,,97.0,0.0,236.1999969482422,,,2.1500000953674316,,,394.0,0.0,0.0,17.0,8,8,2026-05-29 15:11:00
14050201213000,11010003013498,,,,,2026-04-21 21:30:00,1405-02-01 21:30:00,,faham,0.0,,,,,,,,,,,,,,,76.0,0.0,237.1999969482422,,,1.9900000095367432,,,307.0,0.0,0.0,38.0,8,8,2026-05-29 15:11:00
14050201214500,11010003013498,,,,,2026-04-21 21:45:00,1405-02-01 21:45:00,,faham,0.0,,,,,,,,,,,,,,,79.0,0.0,237.10000610351562,,,2.009999990463257,,,314.0,0.0,0.0,37.0,8,8,2026-05-29 15:17:00
14050201220000,11010003013498,,,,,2026-04-21 22:00:00,1405-02-01 22:00:00,,faham,0.0,,,,,,,,,,,,,,,100.0,3.0,238.8000030517578,,,2.1700000762939453,,,404.0,0.0,0.0,14.0,8,8,2026-05-29 15:17:00
14050201221500,11010003013498,,,,,2026-04-21 22:15:00,1405-02-01 22:15:00,,faham,0.0,,,,,,,,,,,,,,,76.0,0.0,238.3000030517578,,,1.9800000190734863,,,307.0,0.0,0.0,38.0,8,8,2026-05-29 15:23:00
14050201223000,11010003013498,,,,,2026-04-21 22:30:00,1405-02-01 22:30:00,,faham,0.0,,,,,,,,,,,,,,,86.0,0.0,237.6999969482422,,,2.069999933242798,,,346.0,0.0,0.0,33.0,8,8,2026-05-29 15:23:00
14050201224500,11010003013498,,,,,2026-04-21 22:45:00,1405-02-01 22:45:00,,faham,0.0,,,,,,,,,,,,,,,92.0,0.0,237.1999969482422,,,2.0799999237060547,,,366.0,0.0,0.0,14.0,8,8,2026-05-29 15:28:00
14050201230000,11010003013498,,,,,2026-04-21 23:00:00,1405-02-01 23:00:00,,faham,0.0,,,,,,,,,,,,,,,80.0,0.0,238.0,,,2.009999990463257,,,323.0,0.0,0.0,36.0,8,8,2026-05-29 15:28:00
14050201231500,11010003013498,,,,,2026-04-21 23:15:00,1405-02-01 23:15:00,,faham,0.0,,,,,,,,,,,,,,,83.0,0.0,238.60000610351562,,,2.0299999713897705,,,338.0,0.0,0.0,34.0,8,8,2026-05-29 15:33:00
14050201233000,11010003013498,,,,,2026-04-21 23:30:00,1405-02-01 23:30:00,,faham,0.0,,,,,,,,,,,,,,,88.0,1.0,239.1999969482422,,,2.0299999713897705,,,346.0,0.0,0.0,22.0,8,8,2026-05-29 15:33:00
14050201234500,11010003013498,,,,,2026-04-21 23:45:00,1405-02-01 23:45:00,,faham,0.0,,,,,,,,,,,,,,,91.0,0.0,239.3000030517578,,,2.059999942779541,,,371.0,0.0,0.0,26.0,8,8,2026-05-29 15:39:00
14050201000000,11010003015794,,,,,2026-04-21 00:00:00,1405-02-01 00:00:00,,faham,0.0,,,,,,,,,,,,,,,67.0,4.0,231.10000610351562,,,1.2100000381469727,,,269.0,0.0,0.0,10.0,0,0,2026-05-29 10:51:00
14050201001500,11010003015794,,,,,2026-04-21 00:15:00,1405-02-01 00:15:00,,faham,0.0,,,,,,,,,,,,,,,75.0,8.0,230.5,,,1.3600000143051147,,,0.0,0.0,0.0,5.0,0,0,2026-05-29 10:57:00
14050201003000,11010003015794,,,,,2026-04-21 00:30:00,1405-02-01 00:30:00,,faham,0.0,,,,,,,,,,,,,,,40.0,18.0,231.0,,,0.8199999928474426,,,169.0,0.0,0.0,1.0,0,0,2026-05-29 10:57:00
14050201004500,11010003015794,,,,,2026-04-21 00:45:00,1405-02-01 00:45:00,,faham,0.0,,,,,,,,,,,,,,,33.0,7.0,231.0,,,0.6700000166893005,,,122.0,0.0,0.0,4.0,0,0,2026-05-29 11:03:00
14050201010000,11010003015794,,,,,2026-04-21 01:00:00,1405-02-01 01:00:00,,faham,0.0,,,,,,,,,,,,,,,52.0,6.0,231.8000030517578,,,0.949999988079071,,,205.0,0.0,0.0,8.0,0,0,2026-05-29 11:03:00
14050201011500,11010003015794,,,,,2026-04-21 01:15:00,1405-02-01 01:15:00,,faham,0.0,,,,,,,,,,,,,,,57.0,9.0,231.3000030517578,,,1.0199999809265137,,,243.0,0.0,0.0,3.0,0,0,2026-05-29 11:09:00
14050201013000,11010003015794,,,,,2026-04-21 01:30:00,1405-02-01 01:30:00,,faham,0.0,,,,,,,,,,,,,,,25.0,14.0,231.0,,,0.5299999713897705,,,102.0,0.0,0.0,1.0,0,0,2026-05-29 11:09:00
14050201014500,11010003015794,,,,,2026-04-21 01:45:00,1405-02-01 01:45:00,,faham,0.0,,,,,,,,,,,,,,,21.0,9.0,231.5,,,0.4300000071525574,,,78.0,0.0,0.0,2.0,0,0,2026-05-29 11:14:00
14050201020000,11010003015794,,,,,2026-04-21 02:00:00,1405-02-01 02:00:00,,faham,0.0,,,,,,,,,,,,,,,17.0,6.0,232.1999969482422,,,0.3499999940395355,,,67.0,0.0,0.0,3.0,0,0,2026-05-29 11:14:00
14050201021500,11010003015794,,,,,2026-04-21 02:15:00,1405-02-01 02:15:00,,faham,0.0,,,,,,,,,,,,,,,24.0,13.0,232.5,,,0.49000000953674316,,,103.0,0.0,0.0,2.0,0,0,2026-05-29 11:19:00
14050201023000,11010003015794,,,,,2026-04-21 02:30:00,1405-02-01 02:30:00,,faham,0.0,,,,,,,,,,,,,,,25.0,14.0,231.39999389648438,,,0.5199999809265137,,,101.0,0.0,0.0,1.0,0,0,2026-05-29 11:19:00
14050201024500,11010003015794,,,,,2026-04-21 02:45:00,1405-02-01 02:45:00,,faham,0.0,,,,,,,,,,,,,,,21.0,10.0,229.89999389648438,,,0.4300000071525574,,,79.0,0.0,0.0,2.0,0,0,2026-05-29 11:24:00
14050201030000,11010003015794,,,,,2026-04-21 03:00:00,1405-02-01 03:00:00,,faham,0.0,,,,,,,,,,,,,,,16.0,6.0,230.0,,,0.3400000035762787,,,66.0,0.0,0.0,3.0,0,0,2026-05-29 11:24:00
14050201031500,11010003015794,,,,,2026-04-21 03:15:00,1405-02-01 03:15:00,,faham,0.0,,,,,,,,,,,,,,,23.0,12.0,230.3000030517578,,,0.47999998927116394,,,98.0,0.0,0.0,2.0,0,0,2026-05-29 11:28:00
14050201033000,11010003015794,,,,,2026-04-21 03:30:00,1405-02-01 03:30:00,,faham,0.0,,,,,,,,,,,,,,,25.0,13.0,229.60000610351562,,,0.5099999904632568,,,100.0,0.0,0.0,1.0,0,0,2026-05-29 11:28:00
14050201034500,11010003015794,,,,,2026-04-21 03:45:00,1405-02-01 03:45:00,,faham,0.0,,,,,,,,,,,,,,,21.0,10.0,229.6999969482422,,,0.4399999976158142,,,80.0,0.0,0.0,2.0,0,0,2026-05-29 11:34:00
14050201040000,11010003015794,,,,,2026-04-21 04:00:00,1405-02-01 04:00:00,,faham,0.0,,,,,,,,,,,,,,,16.0,6.0,230.8000030517578,,,0.3400000035762787,,,66.0,0.0,0.0,3.0,0,0,2026-05-29 11:34:00
14050201041500,11010003015794,,,,,2026-04-21 04:15:00,1405-02-01 04:15:00,,faham,0.0,,,,,,,,,,,,,,,24.0,13.0,230.60000610351562,,,0.5,,,101.0,0.0,0.0,2.0,0,0,2026-05-29 11:39:00
14050201043000,11010003015794,,,,,2026-04-21 04:30:00,1405-02-01 04:30:00,,faham,0.0,,,,,,,,,,,,,,,25.0,14.0,230.8000030517578,,,0.5299999713897705,,,103.0,0.0,0.0,1.0,0,0,2026-05-29 11:39:00
14050201044500,11010003015794,,,,,2026-04-21 04:45:00,1405-02-01 04:45:00,,faham,0.0,,,,,,,,,,,,,,,19.0,8.0,232.3000030517578,,,0.38999998569488525,,,72.0,0.0,0.0,2.0,0,0,2026-05-29 11:43:00
14050201050000,11010003015794,,,,,2026-04-21 05:00:00,1405-02-01 05:00:00,,faham,0.0,,,,,,,,,,,,,,,16.0,6.0,232.8000030517578,,,0.3400000035762787,,,70.0,0.0,0.0,3.0,0,0,2026-05-29 11:43:00
14050201051500,11010003015794,,,,,2026-04-21 05:15:00,1405-02-01 05:15:00,,faham,0.0,,,,,,,,,,,,,,,27.0,15.0,232.8000030517578,,,0.5699999928474426,,,111.0,0.0,0.0,1.0,0,0,2026-05-29 11:48:00
14050201053000,11010003015794,,,,,2026-04-21 05:30:00,1405-02-01 05:30:00,,faham,0.0,,,,,,,,,,,,,,,26.0,15.0,234.0,,,0.5400000214576721,,,101.0,0.0,0.0,1.0,0,0,2026-05-29 11:48:00
14050201054500,11010003015794,,,,,2026-04-21 05:45:00,1405-02-01 05:45:00,,faham,0.0,,,,,,,,,,,,,,,24.0,8.0,235.10000610351562,,,0.47999998927116394,,,95.0,0.0,0.0,3.0,0,0,2026-05-29 11:53:00
14050201060000,11010003015794,,,,,2026-04-21 06:00:00,1405-02-01 06:00:00,,faham,0.0,,,,,,,,,,,,,,,27.0,7.0,236.8000030517578,,,0.5400000214576721,,,108.0,0.0,0.0,4.0,0,0,2026-05-29 11:53:00
14050201061500,11010003015794,,,,,2026-04-21 06:15:00,1405-02-01 06:15:00,,faham,0.0,,,,,,,,,,,,,,,56.0,10.0,235.8000030517578,,,0.9900000095367432,,,231.0,0.0,0.0,2.0,0,0,2026-05-29 11:58:00
14050201063000,11010003015794,,,,,2026-04-21 06:30:00,1405-02-01 06:30:00,,faham,0.0,,,,,,,,,,,,,,,46.0,21.0,234.89999389648438,,,0.9100000262260437,,,183.0,0.0,0.0,1.0,0,0,2026-05-29 11:58:00
14050201064500,11010003015794,,,,,2026-04-21 06:45:00,1405-02-01 06:45:00,,faham,0.0,,,,,,,,,,,,,,,28.0,7.0,233.89999389648438,,,0.5799999833106995,,,110.0,0.0,0.0,3.0,0,0,2026-05-29 12:03:00
14050201070000,11010003015794,,,,,2026-04-21 07:00:00,1405-02-01 07:00:00,,faham,0.0,,,,,,,,,,,,,,,52.0,7.0,233.8000030517578,,,0.9700000286102295,,,207.0,0.0,0.0,8.0,0,0,2026-05-29 12:03:00
14050201071500,11010003015794,,,,,2026-04-21 07:15:00,1405-02-01 07:15:00,,faham,0.0,,,,,,,,,,,,,,,30.0,15.0,233.1999969482422,,,0.6200000047683716,,,130.0,0.0,0.0,1.0,0,0,2026-05-29 12:08:00
14050201073000,11010003015794,,,,,2026-04-21 07:30:00,1405-02-01 07:30:00,,faham,0.0,,,,,,,,,,,,,,,26.0,14.0,233.0,,,0.5400000214576721,,,100.0,0.0,0.0,1.0,0,0,2026-05-29 12:08:00
14050201074500,11010003015794,,,,,2026-04-21 07:45:00,1405-02-01 07:45:00,,faham,0.0,,,,,,,,,,,,,,,24.0,8.0,233.1999969482422,,,0.47999998927116394,,,98.0,0.0,0.0,2.0,0,0,2026-05-29 12:13:00
14050201080000,11010003015794,,,,,2026-04-21 08:00:00,1405-02-01 08:00:00,,faham,0.0,,,,,,,,,,,,,,,21.0,7.0,233.10000610351562,,,0.4399999976158142,,,90.0,0.0,0.0,3.0,0,0,2026-05-29 12:13:00
14050201081500,11010003015794,,,,,2026-04-21 08:15:00,1405-02-01 08:15:00,,faham,0.0,,,,,,,,,,,,,,,51.0,13.0,234.8000030517578,,,0.949999988079071,,,202.0,0.0,0.0,3.0,0,0,2026-05-29 12:18:00
14050201083000,11010003015794,,,,,2026-04-21 08:30:00,1405-02-01 08:30:00,,faham,0.0,,,,,,,,,,,,,,,74.0,14.0,236.8000030517578,,,1.309999942779541,,,294.0,0.0,0.0,5.0,0,0,2026-05-29 12:18:00
14050201084500,11010003015794,,,,,2026-04-21 08:45:00,1405-02-01 08:45:00,,faham,0.0,,,,,,,,,,,,,,,58.0,9.0,236.89999389648438,,,1.0299999713897705,,,237.0,0.0,0.0,5.0,0,0,2026-05-29 12:23:00
14050201090000,11010003015794,,,,,2026-04-21 09:00:00,1405-02-01 09:00:00,,faham,0.0,,,,,,,,,,,,,,,20.0,9.0,232.60000610351562,,,0.41999998688697815,,,85.0,0.0,0.0,2.0,0,0,2026-05-29 12:23:00
14050201091500,11010003015794,,,,,2026-04-21 09:15:00,1405-02-01 09:15:00,,faham,0.0,,,,,,,,,,,,,,,27.0,15.0,234.60000610351562,,,0.5600000023841858,,,110.0,0.0,0.0,1.0,0,0,2026-05-29 12:28:00
14050201093000,11010003015794,,,,,2026-04-21 09:30:00,1405-02-01 09:30:00,,faham,0.0,,,,,,,,,,,,,,,25.0,13.0,234.89999389648438,,,0.5099999904632568,,,97.0,0.0,0.0,2.0,0,0,2026-05-29 12:28:00
14050201094500,11010003015794,,,,,2026-04-21 09:45:00,1405-02-01 09:45:00,,faham,0.0,,,,,,,,,,,,,,,21.0,7.0,234.6999969482422,,,0.41999998688697815,,,84.0,0.0,0.0,3.0,0,0,2026-05-29 12:33:00
14050201100000,11010003015794,,,,,2026-04-21 10:00:00,1405-02-01 10:00:00,,faham,0.0,,,,,,,,,,,,,,,24.0,8.0,232.89999389648438,,,0.49000000953674316,,,102.0,0.0,0.0,3.0,0,0,2026-05-29 12:33:00
14050201101500,11010003015794,,,,,2026-04-21 10:15:00,1405-02-01 10:15:00,,faham,0.0,,,,,,,,,,,,,,,30.0,15.0,233.60000610351562,,,0.6100000143051147,,,120.0,0.0,0.0,1.0,0,0,2026-05-29 12:39:00
14050201103000,11010003015794,,,,,2026-04-21 10:30:00,1405-02-01 10:30:00,,faham,0.0,,,,,,,,,,,,,,,31.0,15.0,234.89999389648438,,,0.6200000047683716,,,122.0,0.0,0.0,1.0,0,0,2026-05-29 12:39:00
14050201104500,11010003015794,,,,,2026-04-21 10:45:00,1405-02-01 10:45:00,,faham,0.0,,,,,,,,,,,,,,,21.0,6.0,233.89999389648438,,,0.4399999976158142,,,86.0,0.0,0.0,3.0,0,0,2026-05-29 12:43:00
14050201110000,11010003015794,,,,,2026-04-21 11:00:00,1405-02-01 11:00:00,,faham,0.0,,,,,,,,,,,,,,,27.0,10.0,234.1999969482422,,,0.5400000214576721,,,112.0,0.0,0.0,2.0,0,0,2026-05-29 12:43:00
14050201111500,11010003015794,,,,,2026-04-21 11:15:00,1405-02-01 11:15:00,,faham,0.0,,,,,,,,,,,,,,,31.0,13.0,233.3000030517578,,,0.6200000047683716,,,124.0,0.0,0.0,2.0,0,0,2026-05-29 12:49:00
14050201113000,11010003015794,,,,,2026-04-21 11:30:00,1405-02-01 11:30:00,,faham,0.0,,,,,,,,,,,,,,,29.0,12.0,234.3000030517578,,,0.5799999833106995,,,112.0,0.0,0.0,2.0,0,0,2026-05-29 12:49:00
14050201114500,11010003015794,,,,,2026-04-21 11:45:00,1405-02-01 11:45:00,,faham,0.0,,,,,,,,,,,,,,,22.0,6.0,233.5,,,0.46000000834465027,,,90.0,0.0,0.0,3.0,0,0,2026-05-29 12:53:00
14050201120000,11010003015794,,,,,2026-04-21 12:00:00,1405-02-01 12:00:00,,faham,0.0,,,,,,,,,,,,,,,25.0,9.0,233.39999389648438,,,0.5199999809265137,,,106.0,0.0,0.0,3.0,0,0,2026-05-29 12:53:00
14050201121500,11010003015794,,,,,2026-04-21 12:15:00,1405-02-01 12:15:00,,faham,0.0,,,,,,,,,,,,,,,37.0,18.0,233.8000030517578,,,0.75,,,149.0,0.0,0.0,1.0,0,0,2026-05-29 12:58:00
14050201123000,11010003015794,,,,,2026-04-21 12:30:00,1405-02-01 12:30:00,,faham,0.0,,,,,,,,,,,,,,,28.0,7.0,233.3000030517578,,,0.5699999928474426,,,108.0,0.0,0.0,4.0,0,0,2026-05-29 12:58:00
14050201124500,11010003015794,,,,,2026-04-21 12:45:00,1405-02-01 12:45:00,,faham,0.0,,,,,,,,,,,,,,,28.0,7.0,234.5,,,0.5799999833106995,,,118.0,0.0,0.0,4.0,0,0,2026-05-29 13:03:00
14050201130000,11010003015794,,,,,2026-04-21 13:00:00,1405-02-01 13:00:00,,faham,0.0,,,,,,,,,,,,,,,37.0,17.0,236.39999389648438,,,0.7400000095367432,,,150.0,0.0,0.0,1.0,0,0,2026-05-29 13:03:00
14050201131500,11010003015794,,,,,2026-04-21 13:15:00,1405-02-01 13:15:00,,faham,0.0,,,,,,,,,,,,,,,28.0,14.0,234.3000030517578,,,0.5699999928474426,,,108.0,0.0,0.0,1.0,0,0,2026-05-29 13:09:00
14050201133000,11010003015794,,,,,2026-04-21 13:30:00,1405-02-01 13:30:00,,faham,0.0,,,,,,,,,,,,,,,19.0,7.0,235.6999969482422,,,0.38999998569488525,,,76.0,0.0,0.0,3.0,0,0,2026-05-29 13:09:00
14050201134500,11010003015794,,,,,2026-04-21 13:45:00,1405-02-01 13:45:00,,faham,0.0,,,,,,,,,,,,,,,21.0,9.0,235.60000610351562,,,0.4399999976158142,,,88.0,0.0,0.0,2.0,0,0,2026-05-29 13:13:00
14050201140000,11010003015794,,,,,2026-04-21 14:00:00,1405-02-01 14:00:00,,faham,0.0,,,,,,,,,,,,,,,27.0,14.0,233.60000610351562,,,0.5600000023841858,,,110.0,0.0,0.0,1.0,0,0,2026-05-29 13:13:00
14050201141500,11010003015794,,,,,2026-04-21 14:15:00,1405-02-01 14:15:00,,faham,0.0,,,,,,,,,,,,,,,27.0,14.0,234.1999969482422,,,0.5600000023841858,,,107.0,0.0,0.0,1.0,0,0,2026-05-29 13:19:00
14050201143000,11010003015794,,,,,2026-04-21 14:30:00,1405-02-01 14:30:00,,faham,0.0,,,,,,,,,,,,,,,27.0,9.0,233.89999389648438,,,0.5299999713897705,,,109.0,0.0,0.0,2.0,0,0,2026-05-29 13:19:00
14050201144500,11010003015794,,,,,2026-04-21 14:45:00,1405-02-01 14:45:00,,faham,0.0,,,,,,,,,,,,,,,31.0,11.0,237.0,,,0.6200000047683716,,,126.0,0.0,0.0,3.0,0,0,2026-05-29 13:24:00
14050201150000,11010003015794,,,,,2026-04-21 15:00:00,1405-02-01 15:00:00,,faham,0.0,,,,,,,,,,,,,,,24.0,12.0,236.60000610351562,,,0.5,,,100.0,0.0,0.0,2.0,0,0,2026-05-29 13:24:00
14050201151500,11010003015794,,,,,2026-04-21 15:15:00,1405-02-01 15:15:00,,faham,0.0,,,,,,,,,,,,,,,31.0,18.0,234.0,,,0.6299999952316284,,,124.0,0.0,0.0,1.0,0,0,2026-05-29 13:30:00
14050201153000,11010003015794,,,,,2026-04-21 15:30:00,1405-02-01 15:30:00,,faham,0.0,,,,,,,,,,,,,,,22.0,9.0,232.89999389648438,,,0.46000000834465027,,,88.0,0.0,0.0,2.0,0,0,2026-05-29 13:30:00
14050201154500,11010003015794,,,,,2026-04-21 15:45:00,1405-02-01 15:45:00,,faham,0.0,,,,,,,,,,,,,,,19.0,7.0,232.39999389648438,,,0.4000000059604645,,,78.0,0.0,0.0,3.0,0,0,2026-05-29 13:34:00
14050201160000,11010003015794,,,,,2026-04-21 16:00:00,1405-02-01 16:00:00,,faham,0.0,,,,,,,,,,,,,,,28.0,15.0,233.0,,,0.5799999833106995,,,115.0,0.0,0.0,1.0,0,0,2026-05-29 13:34:00
14050201161500,11010003015794,,,,,2026-04-21 16:15:00,1405-02-01 16:15:00,,faham,0.0,,,,,,,,,,,,,,,28.0,15.0,233.10000610351562,,,0.5799999833106995,,,113.0,0.0,0.0,1.0,0,0,2026-05-29 13:39:00
14050201163000,11010003015794,,,,,2026-04-21 16:30:00,1405-02-01 16:30:00,,faham,0.0,,,,,,,,,,,,,,,20.0,8.0,233.60000610351562,,,0.41999998688697815,,,80.0,0.0,0.0,2.0,0,0,2026-05-29 13:39:00
14050201164500,11010003015794,,,,,2026-04-21 16:45:00,1405-02-01 16:45:00,,faham,0.0,,,,,,,,,,,,,,,18.0,7.0,233.5,,,0.3799999952316284,,,73.0,0.0,0.0,3.0,0,0,2026-05-29 13:43:00
14050201170000,11010003015794,,,,,2026-04-21 17:00:00,1405-02-01 17:00:00,,faham,0.0,,,,,,,,,,,,,,,32.0,14.0,233.6999969482422,,,0.6600000262260437,,,135.0,0.0,0.0,1.0,0,0,2026-05-29 13:43:00
14050201171500,11010003015794,,,,,2026-04-21 17:15:00,1405-02-01 17:15:00,,faham,0.0,,,,,,,,,,,,,,,33.0,14.0,233.3000030517578,,,0.6700000166893005,,,133.0,0.0,0.0,2.0,0,0,2026-05-29 13:48:00
14050201173000,11010003015794,,,,,2026-04-21 17:30:00,1405-02-01 17:30:00,,faham,0.0,,,,,,,,,,,,,,,30.0,10.0,231.8000030517578,,,0.6100000143051147,,,117.0,0.0,0.0,3.0,0,0,2026-05-29 13:48:00
14050201174500,11010003015794,,,,,2026-04-21 17:45:00,1405-02-01 17:45:00,,faham,0.0,,,,,,,,,,,,,,,27.0,7.0,231.89999389648438,,,0.5600000023841858,,,110.0,0.0,0.0,4.0,0,0,2026-05-29 13:53:00
14050201180000,11010003015794,,,,,2026-04-21 18:00:00,1405-02-01 18:00:00,,faham,0.0,,,,,,,,,,,,,,,32.0,12.0,231.8,,,0.65,,,131.0,0.0,0.0,2.0,0,0,
14050201181500,11010003015794,,,,,2026-04-21 18:15:00,1405-02-01 18:15:00,,faham,0.0,,,,,,,,,,,,,,,43.0,19.0,231.1999969482422,,,0.8700000047683716,,,171.0,0.0,0.0,1.0,0,0,2026-05-29 13:56:00
14050201183000,11010003015794,,,,,2026-04-21 18:30:00,1405-02-01 18:30:00,,faham,0.0,,,,,,,,,,,,,,,40.0,7.0,230.39999389648438,,,0.8399999737739563,,,162.0,0.0,0.0,5.0,0,0,2026-05-29 13:56:00
14050201184500,11010003015794,,,,,2026-04-21 18:45:00,1405-02-01 18:45:00,,faham,0.0,,,,,,,,,,,,,,,35.0,7.0,229.3000030517578,,,0.7400000095367432,,,143.0,0.0,0.0,5.0,0,0,2026-05-29 14:46:00
14050201190000,11010003015794,,,,,2026-04-21 19:00:00,1405-02-01 19:00:00,,faham,0.0,,,,,,,,,,,,,,,69.0,27.0,227.10000610351562,,,1.3899999856948853,,,275.0,0.0,0.0,0.0,0,0,2026-05-29 14:46:00
14050201191500,11010003015794,,,,,2026-04-21 19:15:00,1405-02-01 19:15:00,,faham,0.0,,,,,,,,,,,,,,,69.0,27.0,226.0,,,1.399999976158142,,,276.0,0.0,0.0,1.0,0,0,2026-05-29 14:51:00
14050201193000,11010003015794,,,,,2026-04-21 19:30:00,1405-02-01 19:30:00,,faham,0.0,,,,,,,,,,,,,,,55.0,13.0,226.3000030517578,,,1.1100000143051147,,,221.0,0.0,0.0,2.0,0,0,2026-05-29 14:51:00
14050201194500,11010003015794,,,,,2026-04-21 19:45:00,1405-02-01 19:45:00,,faham,0.0,,,,,,,,,,,,,,,41.0,8.0,226.3000030517578,,,0.8899999856948853,,,168.0,0.0,0.0,4.0,0,0,2026-05-29 14:56:00
14050201200000,11010003015794,,,,,2026-04-21 20:00:00,1405-02-01 20:00:00,,faham,0.0,,,,,,,,,,,,,,,97.0,33.0,226.89999389648438,,,1.899999976158142,,,373.0,0.0,0.0,1.0,0,0,2026-05-29 14:56:00
14050201201500,11010003015794,,,,,2026-04-21 20:15:00,1405-02-01 20:15:00,,faham,0.0,,,,,,,,,,,,,,,433.0,129.0,224.89999389648438,,,8.3100004196167,,,1746.0,0.0,0.0,0.0,0,0,2026-05-29 15:01:00
14050201203000,11010003015794,,,,,2026-04-21 20:30:00,1405-02-01 20:30:00,,faham,0.0,,,,,,,,,,,,,,,93.0,59.0,226.39999389648438,,,2.2699999809265137,,,369.0,0.0,0.0,6.0,0,0,2026-05-29 15:01:00
14050201204500,11010003015794,,,,,2026-04-21 20:45:00,1405-02-01 20:45:00,,faham,0.0,,,,,,,,,,,,,,,102.0,71.0,227.89999389648438,,,2.490000009536743,,,412.0,0.0,0.0,2.0,0,0,2026-05-29 15:06:00
14050201210000,11010003015794,,,,,2026-04-21 21:00:00,1405-02-01 21:00:00,,faham,0.0,,,,,,,,,,,,,,,117.0,76.0,228.0,,,2.7200000286102295,,,465.0,0.0,0.0,3.0,0,0,2026-05-29 15:06:00
14050201211500,11010003015794,,,,,2026-04-21 21:15:00,1405-02-01 21:15:00,,faham,0.0,,,,,,,,,,,,,,,98.0,11.0,228.10000610351562,,,1.8600000143051147,,,396.0,0.0,0.0,5.0,0,0,2026-05-29 15:11:00
14050201213000,11010003015794,,,,,2026-04-21 21:30:00,1405-02-01 21:30:00,,faham,0.0,,,,,,,,,,,,,,,73.0,3.0,228.39999389648438,,,1.3700000047683716,,,293.0,0.0,0.0,12.0,0,0,2026-05-29 15:11:00
14050201214500,11010003015794,,,,,2026-04-21 21:45:00,1405-02-01 21:45:00,,faham,0.0,,,,,,,,,,,,,,,79.0,5.0,228.89999389648438,,,1.4600000381469727,,,321.0,0.0,0.0,6.0,0,0,2026-05-29 15:17:00
14050201220000,11010003015794,,,,,2026-04-21 22:00:00,1405-02-01 22:00:00,,faham,0.0,,,,,,,,,,,,,,,77.0,5.0,229.1999969482422,,,1.4199999570846558,,,309.0,0.0,0.0,7.0,0,0,2026-05-29 15:17:00
14050201221500,11010003015794,,,,,2026-04-21 22:15:00,1405-02-01 22:15:00,,faham,0.0,,,,,,,,,,,,,,,71.0,3.0,229.5,,,1.3200000524520874,,,284.0,0.0,0.0,11.0,0,0,2026-05-29 15:23:00
14050201223000,11010003015794,,,,,2026-04-21 22:30:00,1405-02-01 22:30:00,,faham,0.0,,,,,,,,,,,,,,,78.0,6.0,230.0,,,1.4199999570846558,,,315.0,0.0,0.0,6.0,0,0,2026-05-29 15:23:00
14050201224500,11010003015794,,,,,2026-04-21 22:45:00,1405-02-01 22:45:00,,faham,0.0,,,,,,,,,,,,,,,72.0,4.0,229.60000610351562,,,1.340000033378601,,,291.0,0.0,0.0,10.0,0,0,2026-05-29 15:28:00
14050201230000,11010003015794,,,,,2026-04-21 23:00:00,1405-02-01 23:00:00,,faham,0.0,,,,,,,,,,,,,,,78.0,7.0,230.1999969482422,,,1.4199999570846558,,,312.0,0.0,0.0,8.0,0,0,2026-05-29 15:28:00
14050201231500,11010003015794,,,,,2026-04-21 23:15:00,1405-02-01 23:15:00,,faham,0.0,,,,,,,,,,,,,,,67.0,3.0,229.10000610351562,,,1.2400000095367432,,,270.0,0.0,0.0,11.0,0,0,2026-05-29 15:33:00
14050201233000,11010003015794,,,,,2026-04-21 23:30:00,1405-02-01 23:30:00,,faham,0.0,,,,,,,,,,,,,,,65.0,3.0,231.0,,,1.2000000476837158,,,262.0,0.0,0.0,12.0,0,0,2026-05-29 15:33:00
14050201234500,11010003015794,,,,,2026-04-21 23:45:00,1405-02-01 23:45:00,,faham,0.0,,,,,,,,,,,,,,,69.0,4.0,230.8000030517578,,,1.2599999904632568,,,280.0,0.0,0.0,9.0,0,0,2026-05-29 15:39:00
14050201000000,11010203116091,,,,,2026-04-21 00:00:00,1405-02-01 00:00:00,,faham,0.0,,,,,,,,,,,,,,,,,226.5,,,2.6700000762939453,,,,0.0,,,,0,2026-05-29 10:51:00
14050201001500,11010203116091,,,,,2026-04-21 00:15:00,1405-02-01 00:15:00,,faham,0.0,,,,,,,,,,,,,,,,,227.3000030517578,,,3.140000104904175,,,,0.0,,,,0,2026-05-29 10:57:00
14050201003000,11010203116091,,,,,2026-04-21 00:30:00,1405-02-01 00:30:00,,faham,0.0,,,,,,,,,,,,,,,,,227.1999969482422,,,2.130000114440918,,,,0.0,,,,0,2026-05-29 10:57:00
14050201004500,11010203116091,,,,,2026-04-21 00:45:00,1405-02-01 00:45:00,,faham,0.0,,,,,,,,,,,,,,,,,228.10000610351562,,,1.9700000286102295,,,,0.0,,,,0,2026-05-29 11:03:00
14050201010000,11010203116091,,,,,2026-04-21 01:00:00,1405-02-01 01:00:00,,faham,0.0,,,,,,,,,,,,,,,,,227.5,,,1.1100000143051147,,,,0.0,,,,0,2026-05-29 11:03:00
14050201011500,11010203116091,,,,,2026-04-21 01:15:00,1405-02-01 01:15:00,,faham,0.0,,,,,,,,,,,,,,,,,227.1999969482422,,,1.1699999570846558,,,,0.0,,,,0,2026-05-29 11:09:00
14050201013000,11010203116091,,,,,2026-04-21 01:30:00,1405-02-01 01:30:00,,faham,0.0,,,,,,,,,,,,,,,,,227.3000030517578,,,0.9599999785423279,,,,0.0,,,,0,2026-05-29 11:09:00
14050201014500,11010203116091,,,,,2026-04-21 01:45:00,1405-02-01 01:45:00,,faham,0.0,,,,,,,,,,,,,,,,,227.60000610351562,,,0.9399999976158142,,,,0.0,,,,0,2026-05-29 11:14:00
14050201020000,11010203116091,,,,,2026-04-21 02:00:00,1405-02-01 02:00:00,,faham,0.0,,,,,,,,,,,,,,,,,228.10000610351562,,,1.0099999904632568,,,,0.0,,,,0,2026-05-29 11:14:00
14050201021500,11010203116091,,,,,2026-04-21 02:15:00,1405-02-01 02:15:00,,faham,0.0,,,,,,,,,,,,,,,,,227.6999969482422,,,0.9100000262260437,,,,0.0,,,,0,2026-05-29 11:19:00
14050201023000,11010203116091,,,,,2026-04-21 02:30:00,1405-02-01 02:30:00,,faham,0.0,,,,,,,,,,,,,,,,,228.1999969482422,,,0.8799999952316284,,,,0.0,,,,0,2026-05-29 11:19:00
14050201024500,11010203116091,,,,,2026-04-21 02:45:00,1405-02-01 02:45:00,,faham,0.0,,,,,,,,,,,,,,,,,228.39999389648438,,,0.699999988079071,,,,0.0,,,,0,2026-05-29 11:24:00
14050201030000,11010203116091,,,,,2026-04-21 03:00:00,1405-02-01 03:00:00,,faham,0.0,,,,,,,,,,,,,,,,,228.89999389648438,,,1.100000023841858,,,,0.0,,,,0,2026-05-29 11:24:00
14050201031500,11010203116091,,,,,2026-04-21 03:15:00,1405-02-01 03:15:00,,faham,0.0,,,,,,,,,,,,,,,,,228.39999389648438,,,0.8199999928474426,,,,0.0,,,,0,2026-05-29 11:28:00
14050201033000,11010203116091,,,,,2026-04-21 03:30:00,1405-02-01 03:30:00,,faham,0.0,,,,,,,,,,,,,,,,,227.6999969482422,,,1.1799999475479126,,,,0.0,,,,0,2026-05-29 11:28:00
14050201034500,11010203116091,,,,,2026-04-21 03:45:00,1405-02-01 03:45:00,,faham,0.0,,,,,,,,,,,,,,,,,228.1999969482422,,,0.8799999952316284,,,,0.0,,,,0,2026-05-29 11:34:00
14050201040000,11010203116091,,,,,2026-04-21 04:00:00,1405-02-01 04:00:00,,faham,0.0,,,,,,,,,,,,,,,,,228.6999969482422,,,0.8299999833106995,,,,0.0,,,,0,2026-05-29 11:34:00
14050201041500,11010203116091,,,,,2026-04-21 04:15:00,1405-02-01 04:15:00,,faham,0.0,,,,,,,,,,,,,,,,,228.8000030517578,,,0.9700000286102295,,,,0.0,,,,0,2026-05-29 11:39:00
14050201043000,11010203116091,,,,,2026-04-21 04:30:00,1405-02-01 04:30:00,,faham,0.0,,,,,,,,,,,,,,,,,228.60000610351562,,,0.9700000286102295,,,,0.0,,,,0,2026-05-29 11:39:00
14050201044500,11010203116091,,,,,2026-04-21 04:45:00,1405-02-01 04:45:00,,faham,0.0,,,,,,,,,,,,,,,,,228.60000610351562,,,1.6399999856948853,,,,0.0,,,,0,2026-05-29 11:43:00
14050201050000,11010203116091,,,,,2026-04-21 05:00:00,1405-02-01 05:00:00,,faham,0.0,,,,,,,,,,,,,,,,,229.0,,,0.8899999856948853,,,,0.0,,,,0,2026-05-29 11:43:00
14050201051500,11010203116091,,,,,2026-04-21 05:15:00,1405-02-01 05:15:00,,faham,0.0,,,,,,,,,,,,,,,,,229.1999969482422,,,1.100000023841858,,,,0.0,,,,0,2026-05-29 11:48:00
14050201053000,11010203116091,,,,,2026-04-21 05:30:00,1405-02-01 05:30:00,,faham,0.0,,,,,,,,,,,,,,,,,229.0,,,0.949999988079071,,,,0.0,,,,0,2026-05-29 11:48:00
14050201054500,11010203116091,,,,,2026-04-21 05:45:00,1405-02-01 05:45:00,,faham,0.0,,,,,,,,,,,,,,,,,228.0,,,0.9900000095367432,,,,0.0,,,,0,2026-05-29 11:53:00
14050201060000,11010203116091,,,,,2026-04-21 06:00:00,1405-02-01 06:00:00,,faham,0.0,,,,,,,,,,,,,,,,,228.3000030517578,,,0.9900000095367432,,,,0.0,,,,0,2026-05-29 11:53:00
14050201061500,11010203116091,,,,,2026-04-21 06:15:00,1405-02-01 06:15:00,,faham,0.0,,,,,,,,,,,,,,,,,228.10000610351562,,,0.9200000166893005,,,,0.0,,,,0,2026-05-29 11:58:00
14050201063000,11010203116091,,,,,2026-04-21 06:30:00,1405-02-01 06:30:00,,faham,0.0,,,,,,,,,,,,,,,,,227.6999969482422,,,1.2200000286102295,,,,0.0,,,,0,2026-05-29 11:58:00
14050201064500,11010203116091,,,,,2026-04-21 06:45:00,1405-02-01 06:45:00,,faham,0.0,,,,,,,,,,,,,,,,,227.60000610351562,,,0.9900000095367432,,,,0.0,,,,0,2026-05-29 12:03:00
14050201070000,11010203116091,,,,,2026-04-21 07:00:00,1405-02-01 07:00:00,,faham,0.0,,,,,,,,,,,,,,,,,226.60000610351562,,,1.25,,,,0.0,,,,0,2026-05-29 12:03:00
14050201071500,11010203116091,,,,,2026-04-21 07:15:00,1405-02-01 07:15:00,,faham,0.0,,,,,,,,,,,,,,,,,226.39999389648438,,,2.200000047683716,,,,0.0,,,,0,2026-05-29 12:08:00
14050201073000,11010203116091,,,,,2026-04-21 07:30:00,1405-02-01 07:30:00,,faham,0.0,,,,,,,,,,,,,,,,,227.0,,,1.6299999952316284,,,,0.0,,,,0,2026-05-29 12:08:00
14050201074500,11010203116091,,,,,2026-04-21 07:45:00,1405-02-01 07:45:00,,faham,0.0,,,,,,,,,,,,,,,,,226.89999389648438,,,1.1399999856948853,,,,0.0,,,,0,2026-05-29 12:13:00
14050201080000,11010203116091,,,,,2026-04-21 08:00:00,1405-02-01 08:00:00,,faham,0.0,,,,,,,,,,,,,,,,,227.39999389648438,,,1.2899999618530273,,,,0.0,,,,0,2026-05-29 12:13:00
14050201081500,11010203116091,,,,,2026-04-21 08:15:00,1405-02-01 08:15:00,,faham,0.0,,,,,,,,,,,,,,,,,225.89999389648438,,,0.9599999785423279,,,,0.0,,,,0,2026-05-29 12:18:00
14050201083000,11010203116091,,,,,2026-04-21 08:30:00,1405-02-01 08:30:00,,faham,0.0,,,,,,,,,,,,,,,,,226.1999969482422,,,1.2000000476837158,,,,0.0,,,,0,2026-05-29 12:18:00
14050201084500,11010203116091,,,,,2026-04-21 08:45:00,1405-02-01 08:45:00,,faham,0.0,,,,,,,,,,,,,,,,,226.60000610351562,,,1.1299999952316284,,,,0.0,,,,0,2026-05-29 12:23:00
14050201090000,11010203116091,,,,,2026-04-21 09:00:00,1405-02-01 09:00:00,,faham,0.0,,,,,,,,,,,,,,,,,226.0,,,1.2799999713897705,,,,0.0,,,,0,2026-05-29 12:23:00
14050201091500,11010203116091,,,,,2026-04-21 09:15:00,1405-02-01 09:15:00,,faham,0.0,,,,,,,,,,,,,,,,,225.3000030517578,,,0.949999988079071,,,,0.0,,,,0,2026-05-29 12:28:00
14050201093000,11010203116091,,,,,2026-04-21 09:30:00,1405-02-01 09:30:00,,faham,0.0,,,,,,,,,,,,,,,,,224.6999969482422,,,1.3899999856948853,,,,0.0,,,,0,2026-05-29 12:28:00
14050201094500,11010203116091,,,,,2026-04-21 09:45:00,1405-02-01 09:45:00,,faham,0.0,,,,,,,,,,,,,,,,,225.89999389648438,,,1.2699999809265137,,,,0.0,,,,0,2026-05-29 12:33:00
14050201100000,11010203116091,,,,,2026-04-21 10:00:00,1405-02-01 10:00:00,,faham,0.0,,,,,,,,,,,,,,,,,226.5,,,1.2000000476837158,,,,0.0,,,,0,2026-05-29 12:33:00
14050201101500,11010203116091,,,,,2026-04-21 10:15:00,1405-02-01 10:15:00,,faham,0.0,,,,,,,,,,,,,,,,,226.8000030517578,,,1.2000000476837158,,,,0.0,,,,0,2026-05-29 12:39:00
14050201103000,11010203116091,,,,,2026-04-21 10:30:00,1405-02-01 10:30:00,,faham,0.0,,,,,,,,,,,,,,,,,226.8000030517578,,,1.0299999713897705,,,,0.0,,,,0,2026-05-29 12:39:00
14050201104500,11010203116091,,,,,2026-04-21 10:45:00,1405-02-01 10:45:00,,faham,0.0,,,,,,,,,,,,,,,,,225.8000030517578,,,1.2200000286102295,,,,0.0,,,,0,2026-05-29 12:43:00
14050201110000,11010203116091,,,,,2026-04-21 11:00:00,1405-02-01 11:00:00,,faham,0.0,,,,,,,,,,,,,,,,,225.3000030517578,,,1.3200000524520874,,,,0.0,,,,0,2026-05-29 12:43:00
14050201111500,11010203116091,,,,,2026-04-21 11:15:00,1405-02-01 11:15:00,,faham,0.0,,,,,,,,,,,,,,,,,224.6999969482422,,,1.149999976158142,,,,0.0,,,,0,2026-05-29 12:49:00
14050201113000,11010203116091,,,,,2026-04-21 11:30:00,1405-02-01 11:30:00,,faham,0.0,,,,,,,,,,,,,,,,,225.0,,,1.190000057220459,,,,0.0,,,,0,2026-05-29 12:49:00
14050201114500,11010203116091,,,,,2026-04-21 11:45:00,1405-02-01 11:45:00,,faham,0.0,,,,,,,,,,,,,,,,,225.5,,,1.2000000476837158,,,,0.0,,,,0,2026-05-29 12:53:00
14050201120000,11010203116091,,,,,2026-04-21 12:00:00,1405-02-01 12:00:00,,faham,0.0,,,,,,,,,,,,,,,,,225.5,,,1.340000033378601,,,,0.0,,,,0,2026-05-29 12:53:00
14050201121500,11010203116091,,,,,2026-04-21 12:15:00,1405-02-01 12:15:00,,faham,0.0,,,,,,,,,,,,,,,,,225.5,,,1.9500000476837158,,,,0.0,,,,0,2026-05-29 12:58:00
14050201123000,11010203116091,,,,,2026-04-21 12:30:00,1405-02-01 12:30:00,,faham,0.0,,,,,,,,,,,,,,,,,225.5,,,1.4500000476837158,,,,0.0,,,,0,2026-05-29 12:58:00
14050201124500,11010203116091,,,,,2026-04-21 12:45:00,1405-02-01 12:45:00,,faham,0.0,,,,,,,,,,,,,,,,,226.39999389648438,,,1.6399999856948853,,,,0.0,,,,0,2026-05-29 13:03:00
14050201130000,11010203116091,,,,,2026-04-21 13:00:00,1405-02-01 13:00:00,,faham,0.0,,,,,,,,,,,,,,,,,226.60000610351562,,,1.2200000286102295,,,,0.0,,,,0,2026-05-29 13:03:00
14050201131500,11010203116091,,,,,2026-04-21 13:15:00,1405-02-01 13:15:00,,faham,0.0,,,,,,,,,,,,,,,,,227.8000030517578,,,1.3200000524520874,,,,0.0,,,,0,2026-05-29 13:09:00
14050201133000,11010203116091,,,,,2026-04-21 13:30:00,1405-02-01 13:30:00,,faham,0.0,,,,,,,,,,,,,,,,,227.1999969482422,,,1.2999999523162842,,,,0.0,,,,0,2026-05-29 13:09:00
14050201134500,11010203116091,,,,,2026-04-21 13:45:00,1405-02-01 13:45:00,,faham,0.0,,,,,,,,,,,,,,,,,226.8000030517578,,,1.100000023841858,,,,0.0,,,,0,2026-05-29 13:13:00
14050201140000,11010203116091,,,,,2026-04-21 14:00:00,1405-02-01 14:00:00,,faham,0.0,,,,,,,,,,,,,,,,,226.8000030517578,,,1.0199999809265137,,,,0.0,,,,0,2026-05-29 13:13:00
14050201141500,11010203116091,,,,,2026-04-21 14:15:00,1405-02-01 14:15:00,,faham,0.0,,,,,,,,,,,,,,,,,226.6999969482422,,,1.409999966621399,,,,0.0,,,,0,2026-05-29 13:19:00
14050201143000,11010203116091,,,,,2026-04-21 14:30:00,1405-02-01 14:30:00,,faham,0.0,,,,,,,,,,,,,,,,,226.10000610351562,,,1.5099999904632568,,,,0.0,,,,0,2026-05-29 13:19:00
14050201144500,11010203116091,,,,,2026-04-21 14:45:00,1405-02-01 14:45:00,,faham,0.0,,,,,,,,,,,,,,,,,226.0,,,0.8600000143051147,,,,0.0,,,,0,2026-05-29 13:24:00
14050201150000,11010203116091,,,,,2026-04-21 15:00:00,1405-02-01 15:00:00,,faham,0.0,,,,,,,,,,,,,,,,,225.6999969482422,,,1.690000057220459,,,,0.0,,,,0,2026-05-29 13:24:00
14050201151500,11010203116091,,,,,2026-04-21 15:15:00,1405-02-01 15:15:00,,faham,0.0,,,,,,,,,,,,,,,,,226.0,,,1.2899999618530273,,,,0.0,,,,0,2026-05-29 13:30:00
14050201153000,11010203116091,,,,,2026-04-21 15:30:00,1405-02-01 15:30:00,,faham,0.0,,,,,,,,,,,,,,,,,225.89999389648438,,,1.3700000047683716,,,,0.0,,,,0,2026-05-29 13:30:00
14050201154500,11010203116091,,,,,2026-04-21 15:45:00,1405-02-01 15:45:00,,faham,0.0,,,,,,,,,,,,,,,,,226.0,,,1.0099999904632568,,,,0.0,,,,0,2026-05-29 13:34:00
14050201160000,11010203116091,,,,,2026-04-21 16:00:00,1405-02-01 16:00:00,,faham,0.0,,,,,,,,,,,,,,,,,226.60000610351562,,,1.0299999713897705,,,,0.0,,,,0,2026-05-29 13:34:00
14050201161500,11010203116091,,,,,2026-04-21 16:15:00,1405-02-01 16:15:00,,faham,0.0,,,,,,,,,,,,,,,,,226.60000610351562,,,0.9399999976158142,,,,0.0,,,,0,2026-05-29 13:39:00
14050201163000,11010203116091,,,,,2026-04-21 16:30:00,1405-02-01 16:30:00,,faham,0.0,,,,,,,,,,,,,,,,,225.5,,,1.1399999856948853,,,,0.0,,,,0,2026-05-29 13:39:00
14050201164500,11010203116091,,,,,2026-04-21 16:45:00,1405-02-01 16:45:00,,faham,0.0,,,,,,,,,,,,,,,,,226.3000030517578,,,1.2000000476837158,,,,0.0,,,,0,2026-05-29 13:43:00
14050201170000,11010203116091,,,,,2026-04-21 17:00:00,1405-02-01 17:00:00,,faham,0.0,,,,,,,,,,,,,,,,,226.5,,,1.1399999856948853,,,,0.0,,,,0,2026-05-29 13:43:00
14050201171500,11010203116091,,,,,2026-04-21 17:15:00,1405-02-01 17:15:00,,faham,0.0,,,,,,,,,,,,,,,,,226.1999969482422,,,1.5299999713897705,,,,0.0,,,,0,2026-05-29 13:48:00
14050201173000,11010203116091,,,,,2026-04-21 17:30:00,1405-02-01 17:30:00,,faham,0.0,,,,,,,,,,,,,,,,,226.1999969482422,,,1.149999976158142,,,,0.0,,,,0,2026-05-29 13:48:00
14050201174500,11010203116091,,,,,2026-04-21 17:45:00,1405-02-01 17:45:00,,faham,0.0,,,,,,,,,,,,,,,,,226.39999389648438,,,1.25,,,,0.0,,,,0,2026-05-29 13:53:00
14050201180000,11010203116091,,,,,2026-04-21 18:00:00,1405-02-01 18:00:00,,faham,0.0,,,,,,,,,,,,,,,60.0,8.0,225.6,,,1.17,,,240.0,0.0,0.0,12.0,0,0,
14050201181500,11010203116091,,,,,2026-04-21 18:15:00,1405-02-01 18:15:00,,faham,0.0,,,,,,,,,,,,,,,,,226.60000610351562,,,1.440000057220459,,,,0.0,,,,0,2026-05-29 13:56:00
14050201183000,11010203116091,,,,,2026-04-21 18:30:00,1405-02-01 18:30:00,,faham,0.0,,,,,,,,,,,,,,,,,226.39999389648438,,,1.3899999856948853,,,,0.0,,,,0,2026-05-29 13:56:00
14050201184500,11010203116091,,,,,2026-04-21 18:45:00,1405-02-01 18:45:00,,faham,0.0,,,,,,,,,,,,,,,,,225.5,,,1.8300000429153442,,,,0.0,,,,0,2026-05-29 14:46:00
14050201190000,11010203116091,,,,,2026-04-21 19:00:00,1405-02-01 19:00:00,,faham,0.0,,,,,,,,,,,,,,,,,224.5,,,1.5499999523162842,,,,0.0,,,,0,2026-05-29 14:46:00
14050201191500,11010203116091,,,,,2026-04-21 19:15:00,1405-02-01 19:15:00,,faham,0.0,,,,,,,,,,,,,,,,,223.8000030517578,,,1.559999942779541,,,,0.0,,,,0,2026-05-29 14:51:00
14050201193000,11010203116091,,,,,2026-04-21 19:30:00,1405-02-01 19:30:00,,faham,0.0,,,,,,,,,,,,,,,,,224.60000610351562,,,1.6100000143051147,,,,0.0,,,,0,2026-05-29 14:51:00
14050201194500,11010203116091,,,,,2026-04-21 19:45:00,1405-02-01 19:45:00,,faham,0.0,,,,,,,,,,,,,,,,,224.60000610351562,,,1.5299999713897705,,,,0.0,,,,0,2026-05-29 14:56:00
14050201200000,11010203116091,,,,,2026-04-21 20:00:00,1405-02-01 20:00:00,,faham,0.0,,,,,,,,,,,,,,,,,225.3000030517578,,,1.6799999475479126,,,,0.0,,,,0,2026-05-29 14:56:00
14050201201500,11010203116091,,,,,2026-04-21 20:15:00,1405-02-01 20:15:00,,faham,0.0,,,,,,,,,,,,,,,,,225.0,,,3.4800000190734863,,,,0.0,,,,0,2026-05-29 15:01:00
14050201203000,11010203116091,,,,,2026-04-21 20:30:00,1405-02-01 20:30:00,,faham,0.0,,,,,,,,,,,,,,,,,225.5,,,1.9299999475479126,,,,0.0,,,,0,2026-05-29 15:01:00
14050201204500,11010203116091,,,,,2026-04-21 20:45:00,1405-02-01 20:45:00,,faham,0.0,,,,,,,,,,,,,,,,,225.1999969482422,,,1.5700000524520874,,,,0.0,,,,0,2026-05-29 15:06:00
14050201210000,11010203116091,,,,,2026-04-21 21:00:00,1405-02-01 21:00:00,,faham,0.0,,,,,,,,,,,,,,,,,225.10000610351562,,,2.1500000953674316,,,,0.0,,,,0,2026-05-29 15:06:00
14050201211500,11010203116091,,,,,2026-04-21 21:15:00,1405-02-01 21:15:00,,faham,0.0,,,,,,,,,,,,,,,,,225.5,,,1.9900000095367432,,,,0.0,,,,0,2026-05-29 15:11:00
14050201213000,11010203116091,,,,,2026-04-21 21:30:00,1405-02-01 21:30:00,,faham,0.0,,,,,,,,,,,,,,,,,225.8000030517578,,,2.0,,,,0.0,,,,0,2026-05-29 15:11:00
14050201214500,11010203116091,,,,,2026-04-21 21:45:00,1405-02-01 21:45:00,,faham,0.0,,,,,,,,,,,,,,,,,226.39999389648438,,,2.0399999618530273,,,,0.0,,,,0,2026-05-29 15:17:00
14050201220000,11010203116091,,,,,2026-04-21 22:00:00,1405-02-01 22:00:00,,faham,0.0,,,,,,,,,,,,,,,,,226.60000610351562,,,1.659999966621399,,,,0.0,,,,0,2026-05-29 15:17:00
14050201221500,11010203116091,,,,,2026-04-21 22:15:00,1405-02-01 22:15:00,,faham,0.0,,,,,,,,,,,,,,,,,226.1999969482422,,,3.869999885559082,,,,0.0,,,,0,2026-05-29 15:23:00
14050201223000,11010203116091,,,,,2026-04-21 22:30:00,1405-02-01 22:30:00,,faham,0.0,,,,,,,,,,,,,,,,,225.89999389648438,,,1.9700000286102295,,,,0.0,,,,0,2026-05-29 15:23:00
14050201224500,11010203116091,,,,,2026-04-21 22:45:00,1405-02-01 22:45:00,,faham,0.0,,,,,,,,,,,,,,,,,226.0,,,1.7999999523162842,,,,0.0,,,,0,2026-05-29 15:28:00
14050201230000,11010203116091,,,,,2026-04-21 23:00:00,1405-02-01 23:00:00,,faham,0.0,,,,,,,,,,,,,,,,,226.1999969482422,,,1.840000033378601,,,,0.0,,,,0,2026-05-29 15:28:00
14050201231500,11010203116091,,,,,2026-04-21 23:15:00,1405-02-01 23:15:00,,faham,0.0,,,,,,,,,,,,,,,,,226.6999969482422,,,1.7100000381469727,,,,0.0,,,,0,2026-05-29 15:33:00
14050201233000,11010203116091,,,,,2026-04-21 23:30:00,1405-02-01 23:30:00,,faham,0.0,,,,,,,,,,,,,,,,,227.0,,,2.119999885559082,,,,0.0,,,,0,2026-05-29 15:33:00
14050201234500,11010203116091,,,,,2026-04-21 23:45:00,1405-02-01 23:45:00,,faham,0.0,,,,,,,,,,,,,,,,,227.10000610351562,,,1.6799999475479126,,,,0.0,,,,0,2026-05-29 15:39:00
14050201000000,11010203126114,,,,,2026-04-21 00:00:00,1405-02-01 00:00:00,,faham,0.0,,,,,,,,,,,,,,,,,217.8000030517578,,,0.07999999821186066,,,,0.0,,,,0,2026-05-29 10:51:00
14050201001500,11010203126114,,,,,2026-04-21 00:15:00,1405-02-01 00:15:00,,faham,0.0,,,,,,,,,,,,,,,,,219.0,,,0.019999999552965164,,,,0.0,,,,0,2026-05-29 10:57:00
14050201003000,11010203126114,,,,,2026-04-21 00:30:00,1405-02-01 00:30:00,,faham,0.0,,,,,,,,,,,,,,,,,218.6999969482422,,,0.029999999329447746,,,,0.0,,,,0,2026-05-29 10:57:00
14050201004500,11010203126114,,,,,2026-04-21 00:45:00,1405-02-01 00:45:00,,faham,0.0,,,,,,,,,,,,,,,,,220.10000610351562,,,0.09000000357627869,,,,0.0,,,,0,2026-05-29 11:03:00
14050201010000,11010203126114,,,,,2026-04-21 01:00:00,1405-02-01 01:00:00,,faham,0.0,,,,,,,,,,,,,,,,,220.6999969482422,,,0.09000000357627869,,,,0.0,,,,0,2026-05-29 11:03:00
14050201011500,11010203126114,,,,,2026-04-21 01:15:00,1405-02-01 01:15:00,,faham,0.0,,,,,,,,,,,,,,,,,220.1999969482422,,,0.05000000074505806,,,,0.0,,,,0,2026-05-29 11:09:00
14050201013000,11010203126114,,,,,2026-04-21 01:30:00,1405-02-01 01:30:00,,faham,0.0,,,,,,,,,,,,,,,,,221.39999389648438,,,0.029999999329447746,,,,0.0,,,,0,2026-05-29 11:09:00
14050201014500,11010203126114,,,,,2026-04-21 01:45:00,1405-02-01 01:45:00,,faham,0.0,,,,,,,,,,,,,,,,,221.6999969482422,,,0.05999999865889549,,,,0.0,,,,0,2026-05-29 11:14:00
14050201020000,11010203126114,,,,,2026-04-21 02:00:00,1405-02-01 02:00:00,,faham,0.0,,,,,,,,,,,,,,,,,221.10000610351562,,,0.09000000357627869,,,,0.0,,,,0,2026-05-29 11:14:00
14050201021500,11010203126114,,,,,2026-04-21 02:15:00,1405-02-01 02:15:00,,faham,0.0,,,,,,,,,,,,,,,,,221.89999389648438,,,0.09000000357627869,,,,0.0,,,,0,2026-05-29 11:19:00
14050201023000,11010203126114,,,,,2026-04-21 02:30:00,1405-02-01 02:30:00,,faham,0.0,,,,,,,,,,,,,,,,,222.0,,,0.029999999329447746,,,,0.0,,,,0,2026-05-29 11:19:00
14050201024500,11010203126114,,,,,2026-04-21 02:45:00,1405-02-01 02:45:00,,faham,0.0,,,,,,,,,,,,,,,,,222.60000610351562,,,0.029999999329447746,,,,0.0,,,,0,2026-05-29 11:24:00
14050201030000,11010203126114,,,,,2026-04-21 03:00:00,1405-02-01 03:00:00,,faham,0.0,,,,,,,,,,,,,,,,,222.5,,,0.07999999821186066,,,,0.0,,,,0,2026-05-29 11:24:00
14050201031500,11010203126114,,,,,2026-04-21 03:15:00,1405-02-01 03:15:00,,faham,0.0,,,,,,,,,,,,,,,,,221.8000030517578,,,0.09000000357627869,,,,0.0,,,,0,2026-05-29 11:28:00
14050201033000,11010203126114,,,,,2026-04-21 03:30:00,1405-02-01 03:30:00,,faham,0.0,,,,,,,,,,,,,,,,,222.1999969482422,,,0.05999999865889549,,,,0.0,,,,0,2026-05-29 11:28:00
14050201034500,11010203126114,,,,,2026-04-21 03:45:00,1405-02-01 03:45:00,,faham,0.0,,,,,,,,,,,,,,,,,222.6999969482422,,,0.029999999329447746,,,,0.0,,,,0,2026-05-29 11:34:00
14050201040000,11010203126114,,,,,2026-04-21 04:00:00,1405-02-01 04:00:00,,faham,0.0,,,,,,,,,,,,,,,,,223.60000610351562,,,0.05000000074505806,,,,0.0,,,,0,2026-05-29 11:34:00
14050201041500,11010203126114,,,,,2026-04-21 04:15:00,1405-02-01 04:15:00,,faham,0.0,,,,,,,,,,,,,,,,,223.10000610351562,,,0.09000000357627869,,,,0.0,,,,0,2026-05-29 11:39:00
14050201043000,11010203126114,,,,,2026-04-21 04:30:00,1405-02-01 04:30:00,,faham,0.0,,,,,,,,,,,,,,,,,222.8000030517578,,,0.10999999940395355,,,,0.0,,,,0,2026-05-29 11:39:00
14050201044500,11010203126114,,,,,2026-04-21 04:45:00,1405-02-01 04:45:00,,faham,0.0,,,,,,,,,,,,,,,,,222.89999389648438,,,0.07999999821186066,,,,0.0,,,,0,2026-05-29 11:43:00
14050201050000,11010203126114,,,,,2026-04-21 05:00:00,1405-02-01 05:00:00,,faham,0.0,,,,,,,,,,,,,,,,,223.6999969482422,,,0.07999999821186066,,,,0.0,,,,0,2026-05-29 11:43:00
14050201051500,11010203126114,,,,,2026-04-21 05:15:00,1405-02-01 05:15:00,,faham,0.0,,,,,,,,,,,,,,,,,222.39999389648438,,,0.10000000149011612,,,,0.0,,,,0,2026-05-29 11:48:00
14050201053000,11010203126114,,,,,2026-04-21 05:30:00,1405-02-01 05:30:00,,faham,0.0,,,,,,,,,,,,,,,,,223.3000030517578,,,0.09000000357627869,,,,0.0,,,,0,2026-05-29 11:48:00
14050201054500,11010203126114,,,,,2026-04-21 05:45:00,1405-02-01 05:45:00,,faham,0.0,,,,,,,,,,,,,,,,,223.1999969482422,,,0.09000000357627869,,,,0.0,,,,0,2026-05-29 11:53:00
14050201060000,11010203126114,,,,,2026-04-21 06:00:00,1405-02-01 06:00:00,,faham,0.0,,,,,,,,,,,,,,,,,222.8000030517578,,,0.09000000357627869,,,,0.0,,,,0,2026-05-29 11:53:00
14050201061500,11010203126114,,,,,2026-04-21 06:15:00,1405-02-01 06:15:00,,faham,0.0,,,,,,,,,,,,,,,,,221.6999969482422,,,0.05000000074505806,,,,0.0,,,,0,2026-05-29 11:58:00
14050201063000,11010203126114,,,,,2026-04-21 06:30:00,1405-02-01 06:30:00,,faham,0.0,,,,,,,,,,,,,,,,,220.89999389648438,,,0.029999999329447746,,,,0.0,,,,0,2026-05-29 11:58:00
14050201064500,11010203126114,,,,,2026-04-21 06:45:00,1405-02-01 06:45:00,,faham,0.0,,,,,,,,,,,,,,,,,220.89999389648438,,,0.07999999821186066,,,,0.0,,,,0,2026-05-29 12:03:00
14050201070000,11010203126114,,,,,2026-04-21 07:00:00,1405-02-01 07:00:00,,faham,0.0,,,,,,,,,,,,,,,,,220.39999389648438,,,0.07999999821186066,,,,0.0,,,,0,2026-05-29 12:03:00
14050201071500,11010203126114,,,,,2026-04-21 07:15:00,1405-02-01 07:15:00,,faham,0.0,,,,,,,,,,,,,,,,,217.5,,,0.07999999821186066,,,,0.0,,,,0,2026-05-29 12:08:00
14050201073000,11010203126114,,,,,2026-04-21 07:30:00,1405-02-01 07:30:00,,faham,0.0,,,,,,,,,,,,,,,,,217.3000030517578,,,0.009999999776482582,,,,0.0,,,,0,2026-05-29 12:08:00
14050201074500,11010203126114,,,,,2026-04-21 07:45:00,1405-02-01 07:45:00,,faham,0.0,,,,,,,,,,,,,,,,,218.60000610351562,,,0.009999999776482582,,,,0.0,,,,0,2026-05-29 12:13:00
14050201080000,11010203126114,,,,,2026-04-21 08:00:00,1405-02-01 08:00:00,,faham,0.0,,,,,,,,,,,,,,,,,219.1999969482422,,,0.07999999821186066,,,,0.0,,,,0,2026-05-29 12:13:00
14050201081500,11010203126114,,,,,2026-04-21 08:15:00,1405-02-01 08:15:00,,faham,0.0,,,,,,,,,,,,,,,,,218.89999389648438,,,0.07000000029802322,,,,0.0,,,,0,2026-05-29 12:18:00
14050201083000,11010203126114,,,,,2026-04-21 08:30:00,1405-02-01 08:30:00,,faham,0.0,,,,,,,,,,,,,,,,,218.39999389648438,,,0.03999999910593033,,,,0.0,,,,0,2026-05-29 12:18:00
14050201084500,11010203126114,,,,,2026-04-21 08:45:00,1405-02-01 08:45:00,,faham,0.0,,,,,,,,,,,,,,,,,218.10000610351562,,,0.009999999776482582,,,,0.0,,,,0,2026-05-29 12:23:00
14050201090000,11010203126114,,,,,2026-04-21 09:00:00,1405-02-01 09:00:00,,faham,0.0,,,,,,,,,,,,,,,,,218.10000610351562,,,0.03999999910593033,,,,0.0,,,,0,2026-05-29 12:23:00
14050201091500,11010203126114,,,,,2026-04-21 09:15:00,1405-02-01 09:15:00,,faham,0.0,,,,,,,,,,,,,,,,,216.89999389648438,,,0.07000000029802322,,,,0.0,,,,0,2026-05-29 12:28:00
14050201093000,11010203126114,,,,,2026-04-21 09:30:00,1405-02-01 09:30:00,,faham,0.0,,,,,,,,,,,,,,,,,216.8000030517578,,,0.07000000029802322,,,,0.0,,,,0,2026-05-29 12:28:00
14050201094500,11010203126114,,,,,2026-04-21 09:45:00,1405-02-01 09:45:00,,faham,0.0,,,,,,,,,,,,,,,,,216.1999969482422,,,0.009999999776482582,,,,0.0,,,,0,2026-05-29 12:33:00
14050201100000,11010203126114,,,,,2026-04-21 10:00:00,1405-02-01 10:00:00,,faham,0.0,,,,,,,,,,,,,,,,,216.8000030517578,,,0.009999999776482582,,,,0.0,,,,0,2026-05-29 12:33:00
14050201101500,11010203126114,,,,,2026-04-21 10:15:00,1405-02-01 10:15:00,,faham,0.0,,,,,,,,,,,,,,,,,217.60000610351562,,,0.07000000029802322,,,,0.0,,,,0,2026-05-29 12:39:00
14050201103000,11010203126114,,,,,2026-04-21 10:30:00,1405-02-01 10:30:00,,faham,0.0,,,,,,,,,,,,,,,,,215.39999389648438,,,0.07999999821186066,,,,0.0,,,,0,2026-05-29 12:39:00
14050201104500,11010203126114,,,,,2026-04-21 10:45:00,1405-02-01 10:45:00,,faham,0.0,,,,,,,,,,,,,,,,,216.6999969482422,,,0.05000000074505806,,,,0.0,,,,0,2026-05-29 12:43:00
14050201110000,11010203126114,,,,,2026-04-21 11:00:00,1405-02-01 11:00:00,,faham,0.0,,,,,,,,,,,,,,,,,218.39999389648438,,,0.009999999776482582,,,,0.0,,,,0,2026-05-29 12:43:00
14050201111500,11010203126114,,,,,2026-04-21 11:15:00,1405-02-01 11:15:00,,faham,0.0,,,,,,,,,,,,,,,,,218.0,,,0.05000000074505806,,,,0.0,,,,0,2026-05-29 12:49:00
14050201113000,11010203126114,,,,,2026-04-21 11:30:00,1405-02-01 11:30:00,,faham,0.0,,,,,,,,,,,,,,,,,218.0,,,0.10000000149011612,,,,0.0,,,,0,2026-05-29 12:49:00
14050201114500,11010203126114,,,,,2026-04-21 11:45:00,1405-02-01 11:45:00,,faham,0.0,,,,,,,,,,,,,,,,,217.39999389648438,,,0.09000000357627869,,,,0.0,,,,0,2026-05-29 12:53:00
14050201120000,11010203126114,,,,,2026-04-21 12:00:00,1405-02-01 12:00:00,,faham,0.0,,,,,,,,,,,,,,,,,216.39999389648438,,,0.029999999329447746,,,,0.0,,,,0,2026-05-29 12:53:00
14050201121500,11010203126114,,,,,2026-04-21 12:15:00,1405-02-01 12:15:00,,faham,0.0,,,,,,,,,,,,,,,,,216.3000030517578,,,0.3499999940395355,,,,0.0,,,,0,2026-05-29 12:58:00
14050201123000,11010203126114,,,,,2026-04-21 12:30:00,1405-02-01 12:30:00,,faham,0.0,,,,,,,,,,,,,,,,,217.39999389648438,,,0.28999999165534973,,,,0.0,,,,0,2026-05-29 12:58:00
14050201124500,11010203126114,,,,,2026-04-21 12:45:00,1405-02-01 12:45:00,,faham,0.0,,,,,,,,,,,,,,,,,218.5,,,0.15000000596046448,,,,0.0,,,,0,2026-05-29 13:03:00
14050201130000,11010203126114,,,,,2026-04-21 13:00:00,1405-02-01 13:00:00,,faham,0.0,,,,,,,,,,,,,,,,,218.39999389648438,,,0.11999999731779099,,,,0.0,,,,0,2026-05-29 13:03:00
14050201131500,11010203126114,,,,,2026-04-21 13:15:00,1405-02-01 13:15:00,,faham,0.0,,,,,,,,,,,,,,,,,216.8000030517578,,,0.11999999731779099,,,,0.0,,,,0,2026-05-29 13:09:00
14050201133000,11010203126114,,,,,2026-04-21 13:30:00,1405-02-01 13:30:00,,faham,0.0,,,,,,,,,,,,,,,,,217.60000610351562,,,0.10999999940395355,,,,0.0,,,,0,2026-05-29 13:09:00
14050201134500,11010203126114,,,,,2026-04-21 13:45:00,1405-02-01 13:45:00,,faham,0.0,,,,,,,,,,,,,,,,,215.1999969482422,,,0.07999999821186066,,,,0.0,,,,0,2026-05-29 13:13:00
14050201140000,11010203126114,,,,,2026-04-21 14:00:00,1405-02-01 14:00:00,,faham,0.0,,,,,,,,,,,,,,,,,216.5,,,0.14000000059604645,,,,0.0,,,,0,2026-05-29 13:13:00
14050201141500,11010203126114,,,,,2026-04-21 14:15:00,1405-02-01 14:15:00,,faham,0.0,,,,,,,,,,,,,,,,,218.1999969482422,,,0.09000000357627869,,,,0.0,,,,0,2026-05-29 13:19:00
14050201143000,11010203126114,,,,,2026-04-21 14:30:00,1405-02-01 14:30:00,,faham,0.0,,,,,,,,,,,,,,,,,217.5,,,0.09000000357627869,,,,0.0,,,,0,2026-05-29 13:19:00
14050201144500,11010203126114,,,,,2026-04-21 14:45:00,1405-02-01 14:45:00,,faham,0.0,,,,,,,,,,,,,,,,,217.39999389648438,,,0.05000000074505806,,,,0.0,,,,0,2026-05-29 13:24:00
14050201150000,11010203126114,,,,,2026-04-21 15:00:00,1405-02-01 15:00:00,,faham,0.0,,,,,,,,,,,,,,,,,213.60000610351562,,,0.029999999329447746,,,,0.0,,,,0,2026-05-29 13:24:00
14050201151500,11010203126114,,,,,2026-04-21 15:15:00,1405-02-01 15:15:00,,faham,0.0,,,,,,,,,,,,,,,,,214.1999969482422,,,0.07999999821186066,,,,0.0,,,,0,2026-05-29 13:30:00
14050201153000,11010203126114,,,,,2026-04-21 15:30:00,1405-02-01 15:30:00,,faham,0.0,,,,,,,,,,,,,,,,,213.60000610351562,,,0.11999999731779099,,,,0.0,,,,0,2026-05-29 13:30:00
14050201154500,11010203126114,,,,,2026-04-21 15:45:00,1405-02-01 15:45:00,,faham,0.0,,,,,,,,,,,,,,,,,214.60000610351562,,,0.10999999940395355,,,,0.0,,,,0,2026-05-29 13:34:00
14050201160000,11010203126114,,,,,2026-04-21 16:00:00,1405-02-01 16:00:00,,faham,0.0,,,,,,,,,,,,,,,,,215.8000030517578,,,0.10999999940395355,,,,0.0,,,,0,2026-05-29 13:34:00
14050201161500,11010203126114,,,,,2026-04-21 16:15:00,1405-02-01 16:15:00,,faham,0.0,,,,,,,,,,,,,,,,,215.8000030517578,,,0.05999999865889549,,,,0.0,,,,0,2026-05-29 13:39:00
14050201163000,11010203126114,,,,,2026-04-21 16:30:00,1405-02-01 16:30:00,,faham,0.0,,,,,,,,,,,,,,,,,217.10000610351562,,,0.03999999910593033,,,,0.0,,,,0,2026-05-29 13:39:00
14050201164500,11010203126114,,,,,2026-04-21 16:45:00,1405-02-01 16:45:00,,faham,0.0,,,,,,,,,,,,,,,,,216.5,,,0.10999999940395355,,,,0.0,,,,0,2026-05-29 13:43:00
14050201170000,11010203126114,,,,,2026-04-21 17:00:00,1405-02-01 17:00:00,,faham,0.0,,,,,,,,,,,,,,,,,216.39999389648438,,,0.10999999940395355,,,,0.0,,,,0,2026-05-29 13:43:00
14050201171500,11010203126114,,,,,2026-04-21 17:15:00,1405-02-01 17:15:00,,faham,0.0,,,,,,,,,,,,,,,,,217.3000030517578,,,0.11999999731779099,,,,0.0,,,,0,2026-05-29 13:48:00
14050201173000,11010203126114,,,,,2026-04-21 17:30:00,1405-02-01 17:30:00,,faham,0.0,,,,,,,,,,,,,,,,,217.0,,,0.11999999731779099,,,,0.0,,,,0,2026-05-29 13:48:00
14050201174500,11010203126114,,,,,2026-04-21 17:45:00,1405-02-01 17:45:00,,faham,0.0,,,,,,,,,,,,,,,,,216.89999389648438,,,0.07000000029802322,,,,0.0,,,,0,2026-05-29 13:53:00
14050201180000,11010203126114,,,,,2026-04-21 18:00:00,1405-02-01 18:00:00,,faham,0.0,,,,,,,,,,,,,,,70.0,0.0,215.6,,,0.13,,,270.0,0.0,0.0,13.0,0,0,
14050201181500,11010203126114,,,,,2026-04-21 18:15:00,1405-02-01 18:15:00,,faham,0.0,,,,,,,,,,,,,,,,,216.39999389648438,,,0.20000000298023224,,,,0.0,,,,0,2026-05-29 13:56:00
14050201183000,11010203126114,,,,,2026-04-21 18:30:00,1405-02-01 18:30:00,,faham,0.0,,,,,,,,,,,,,,,,,217.1999969482422,,,0.1599999964237213,,,,0.0,,,,0,2026-05-29 13:56:00
14050201184500,11010203126114,,,,,2026-04-21 18:45:00,1405-02-01 18:45:00,,faham,0.0,,,,,,,,,,,,,,,,,215.8000030517578,,,0.20999999344348907,,,,0.0,,,,0,2026-05-29 14:46:00
14050201190000,11010203126114,,,,,2026-04-21 19:00:00,1405-02-01 19:00:00,,faham,0.0,,,,,,,,,,,,,,,,,214.5,,,0.20999999344348907,,,,0.0,,,,0,2026-05-29 14:46:00
14050201191500,11010203126114,,,,,2026-04-21 19:15:00,1405-02-01 19:15:00,,faham,0.0,,,,,,,,,,,,,,,,,213.8000030517578,,,0.20999999344348907,,,,0.0,,,,0,2026-05-29 14:51:00
14050201193000,11010203126114,,,,,2026-04-21 19:30:00,1405-02-01 19:30:00,,faham,0.0,,,,,,,,,,,,,,,,,215.3000030517578,,,0.20000000298023224,,,,0.0,,,,0,2026-05-29 14:51:00
14050201194500,11010203126114,,,,,2026-04-21 19:45:00,1405-02-01 19:45:00,,faham,0.0,,,,,,,,,,,,,,,,,214.6999969482422,,,0.09000000357627869,,,,0.0,,,,0,2026-05-29 14:56:00
14050201200000,11010203126114,,,,,2026-04-21 20:00:00,1405-02-01 20:00:00,,faham,0.0,,,,,,,,,,,,,,,,,215.10000610351562,,,0.07999999821186066,,,,0.0,,,,0,2026-05-29 14:56:00
14050201201500,11010203126114,,,,,2026-04-21 20:15:00,1405-02-01 20:15:00,,faham,0.0,,,,,,,,,,,,,,,,,215.3000030517578,,,0.07999999821186066,,,,0.0,,,,0,2026-05-29 15:01:00
14050201203000,11010203126114,,,,,2026-04-21 20:30:00,1405-02-01 20:30:00,,faham,0.0,,,,,,,,,,,,,,,,,215.3000030517578,,,0.029999999329447746,,,,0.0,,,,0,2026-05-29 15:01:00
14050201204500,11010203126114,,,,,2026-04-21 20:45:00,1405-02-01 20:45:00,,faham,0.0,,,,,,,,,,,,,,,,,213.8000030517578,,,0.019999999552965164,,,,0.0,,,,0,2026-05-29 15:06:00
14050201210000,11010203126114,,,,,2026-04-21 21:00:00,1405-02-01 21:00:00,,faham,0.0,,,,,,,,,,,,,,,,,215.89999389648438,,,0.09000000357627869,,,,0.0,,,,0,2026-05-29 15:06:00
14050201211500,11010203126114,,,,,2026-04-21 21:15:00,1405-02-01 21:15:00,,faham,0.0,,,,,,,,,,,,,,,,,215.10000610351562,,,0.09000000357627869,,,,0.0,,,,0,2026-05-29 15:11:00
14050201213000,11010203126114,,,,,2026-04-21 21:30:00,1405-02-01 21:30:00,,faham,0.0,,,,,,,,,,,,,,,,,214.3000030517578,,,0.07999999821186066,,,,0.0,,,,0,2026-05-29 15:11:00
14050201214500,11010203126114,,,,,2026-04-21 21:45:00,1405-02-01 21:45:00,,faham,0.0,,,,,,,,,,,,,,,,,216.1999969482422,,,0.03999999910593033,,,,0.0,,,,0,2026-05-29 15:17:00
14050201220000,11010203126114,,,,,2026-04-21 22:00:00,1405-02-01 22:00:00,,faham,0.0,,,,,,,,,,,,,,,,,216.6999969482422,,,0.019999999552965164,,,,0.0,,,,0,2026-05-29 15:17:00
14050201221500,11010203126114,,,,,2026-04-21 22:15:00,1405-02-01 22:15:00,,faham,0.0,,,,,,,,,,,,,,,,,216.39999389648438,,,0.07000000029802322,,,,0.0,,,,0,2026-05-29 15:23:00
14050201223000,11010203126114,,,,,2026-04-21 22:30:00,1405-02-01 22:30:00,,faham,0.0,,,,,,,,,,,,,,,,,216.10000610351562,,,0.12999999523162842,,,,0.0,,,,0,2026-05-29 15:23:00
14050201224500,11010203126114,,,,,2026-04-21 22:45:00,1405-02-01 22:45:00,,faham,0.0,,,,,,,,,,,,,,,,,216.6999969482422,,,0.1599999964237213,,,,0.0,,,,0,2026-05-29 15:28:00
14050201230000,11010203126114,,,,,2026-04-21 23:00:00,1405-02-01 23:00:00,,faham,0.0,,,,,,,,,,,,,,,,,218.3000030517578,,,0.11999999731779099,,,,0.0,,,,0,2026-05-29 15:28:00
14050201231500,11010203126114,,,,,2026-04-21 23:15:00,1405-02-01 23:15:00,,faham,0.0,,,,,,,,,,,,,,,,,218.5,,,0.05000000074505806,,,,0.0,,,,0,2026-05-29 15:33:00
14050201233000,11010203126114,,,,,2026-04-21 23:30:00,1405-02-01 23:30:00,,faham,0.0,,,,,,,,,,,,,,,,,218.89999389648438,,,0.05000000074505806,,,,0.0,,,,0,2026-05-29 15:33:00
14050201234500,11010203126114,,,,,2026-04-21 23:45:00,1405-02-01 23:45:00,,faham,0.0,,,,,,,,,,,,,,,,,218.89999389648438,,,0.07999999821186066,,,,0.0,,,,0,2026-05-29 15:39:00
14050201000000,11010203145192,,,,,2026-04-21 00:00:00,1405-02-01 00:00:00,,faham,0.0,,,,,,,,,,,,,,,,,230.89999389648438,,,3.819999933242798,,,,0.0,,,,0,2026-05-29 10:51:00
14050201001500,11010203145192,,,,,2026-04-21 00:15:00,1405-02-01 00:15:00,,faham,0.0,,,,,,,,,,,,,,,,,230.60000610351562,,,6.119999885559082,,,,0.0,,,,0,2026-05-29 10:57:00
14050201003000,11010203145192,,,,,2026-04-21 00:30:00,1405-02-01 00:30:00,,faham,0.0,,,,,,,,,,,,,,,,,231.5,,,3.809999942779541,,,,0.0,,,,0,2026-05-29 10:57:00
14050201004500,11010203145192,,,,,2026-04-21 00:45:00,1405-02-01 00:45:00,,faham,0.0,,,,,,,,,,,,,,,,,231.89999389648438,,,2.799999952316284,,,,0.0,,,,0,2026-05-29 11:03:00
14050201010000,11010203145192,,,,,2026-04-21 01:00:00,1405-02-01 01:00:00,,faham,0.0,,,,,,,,,,,,,,,,,231.6999969482422,,,1.909999966621399,,,,0.0,,,,0,2026-05-29 11:03:00
14050201011500,11010203145192,,,,,2026-04-21 01:15:00,1405-02-01 01:15:00,,faham,0.0,,,,,,,,,,,,,,,,,232.60000610351562,,,0.029999999329447746,,,,0.0,,,,0,2026-05-29 11:09:00
14050201013000,11010203145192,,,,,2026-04-21 01:30:00,1405-02-01 01:30:00,,faham,0.0,,,,,,,,,,,,,,,,,232.3000030517578,,,0.029999999329447746,,,,0.0,,,,0,2026-05-29 11:09:00
14050201014500,11010203145192,,,,,2026-04-21 01:45:00,1405-02-01 01:45:00,,faham,0.0,,,,,,,,,,,,,,,,,233.0,,,0.029999999329447746,,,,0.0,,,,0,2026-05-29 11:14:00
14050201020000,11010203145192,,,,,2026-04-21 02:00:00,1405-02-01 02:00:00,,faham,0.0,,,,,,,,,,,,,,,,,232.3000030517578,,,0.029999999329447746,,,,0.0,,,,0,2026-05-29 11:14:00
14050201021500,11010203145192,,,,,2026-04-21 02:15:00,1405-02-01 02:15:00,,faham,0.0,,,,,,,,,,,,,,,,,233.0,,,0.029999999329447746,,,,0.0,,,,0,2026-05-29 11:19:00
14050201023000,11010203145192,,,,,2026-04-21 02:30:00,1405-02-01 02:30:00,,faham,0.0,,,,,,,,,,,,,,,,,233.0,,,0.029999999329447746,,,,0.0,,,,0,2026-05-29 11:19:00
14050201024500,11010203145192,,,,,2026-04-21 02:45:00,1405-02-01 02:45:00,,faham,0.0,,,,,,,,,,,,,,,,,233.39999389648438,,,0.029999999329447746,,,,0.0,,,,0,2026-05-29 11:24:00
14050201030000,11010203145192,,,,,2026-04-21 03:00:00,1405-02-01 03:00:00,,faham,0.0,,,,,,,,,,,,,,,,,233.60000610351562,,,0.029999999329447746,,,,0.0,,,,0,2026-05-29 11:24:00
14050201031500,11010203145192,,,,,2026-04-21 03:15:00,1405-02-01 03:15:00,,faham,0.0,,,,,,,,,,,,,,,,,232.89999389648438,,,0.029999999329447746,,,,0.0,,,,0,2026-05-29 11:28:00
14050201033000,11010203145192,,,,,2026-04-21 03:30:00,1405-02-01 03:30:00,,faham,0.0,,,,,,,,,,,,,,,,,233.10000610351562,,,0.029999999329447746,,,,0.0,,,,0,2026-05-29 11:28:00
14050201034500,11010203145192,,,,,2026-04-21 03:45:00,1405-02-01 03:45:00,,faham,0.0,,,,,,,,,,,,,,,,,233.39999389648438,,,0.029999999329447746,,,,0.0,,,,0,2026-05-29 11:34:00
14050201040000,11010203145192,,,,,2026-04-21 04:00:00,1405-02-01 04:00:00,,faham,0.0,,,,,,,,,,,,,,,,,233.60000610351562,,,0.029999999329447746,,,,0.0,,,,0,2026-05-29 11:34:00
14050201041500,11010203145192,,,,,2026-04-21 04:15:00,1405-02-01 04:15:00,,faham,0.0,,,,,,,,,,,,,,,,,233.60000610351562,,,0.029999999329447746,,,,0.0,,,,0,2026-05-29 11:39:00
14050201043000,11010203145192,,,,,2026-04-21 04:30:00,1405-02-01 04:30:00,,faham,0.0,,,,,,,,,,,,,,,,,233.39999389648438,,,0.029999999329447746,,,,0.0,,,,0,2026-05-29 11:39:00
14050201044500,11010203145192,,,,,2026-04-21 04:45:00,1405-02-01 04:45:00,,faham,0.0,,,,,,,,,,,,,,,,,233.60000610351562,,,0.029999999329447746,,,,0.0,,,,0,2026-05-29 11:43:00
14050201050000,11010203145192,,,,,2026-04-21 05:00:00,1405-02-01 05:00:00,,faham,0.0,,,,,,,,,,,,,,,,,233.89999389648438,,,0.029999999329447746,,,,0.0,,,,0,2026-05-29 11:43:00
14050201051500,11010203145192,,,,,2026-04-21 05:15:00,1405-02-01 05:15:00,,faham,0.0,,,,,,,,,,,,,,,,,234.1999969482422,,,0.029999999329447746,,,,0.0,,,,0,2026-05-29 11:48:00
14050201053000,11010203145192,,,,,2026-04-21 05:30:00,1405-02-01 05:30:00,,faham,0.0,,,,,,,,,,,,,,,,,234.3000030517578,,,0.029999999329447746,,,,0.0,,,,0,2026-05-29 11:48:00
14050201054500,11010203145192,,,,,2026-04-21 05:45:00,1405-02-01 05:45:00,,faham,0.0,,,,,,,,,,,,,,,,,234.10000610351562,,,0.029999999329447746,,,,0.0,,,,0,2026-05-29 11:53:00
14050201060000,11010203145192,,,,,2026-04-21 06:00:00,1405-02-01 06:00:00,,faham,0.0,,,,,,,,,,,,,,,,,233.60000610351562,,,0.029999999329447746,,,,0.0,,,,0,2026-05-29 11:53:00
14050201061500,11010203145192,,,,,2026-04-21 06:15:00,1405-02-01 06:15:00,,faham,0.0,,,,,,,,,,,,,,,,,231.5,,,0.029999999329447746,,,,0.0,,,,0,2026-05-29 11:58:00
14050201063000,11010203145192,,,,,2026-04-21 06:30:00,1405-02-01 06:30:00,,faham,0.0,,,,,,,,,,,,,,,,,230.5,,,0.029999999329447746,,,,0.0,,,,0,2026-05-29 11:58:00
14050201064500,11010203145192,,,,,2026-04-21 06:45:00,1405-02-01 06:45:00,,faham,0.0,,,,,,,,,,,,,,,,,229.0,,,3.809999942779541,,,,0.0,,,,0,2026-05-29 12:03:00
14050201070000,11010203145192,,,,,2026-04-21 07:00:00,1405-02-01 07:00:00,,faham,0.0,,,,,,,,,,,,,,,,,228.10000610351562,,,5.210000038146973,,,,0.0,,,,0,2026-05-29 12:03:00
14050201071500,11010203145192,,,,,2026-04-21 07:15:00,1405-02-01 07:15:00,,faham,0.0,,,,,,,,,,,,,,,,,227.39999389648438,,,3.549999952316284,,,,0.0,,,,0,2026-05-29 12:08:00
14050201073000,11010203145192,,,,,2026-04-21 07:30:00,1405-02-01 07:30:00,,faham,0.0,,,,,,,,,,,,,,,,,225.89999389648438,,,5.369999885559082,,,,0.0,,,,0,2026-05-29 12:08:00
14050201074500,11010203145192,,,,,2026-04-21 07:45:00,1405-02-01 07:45:00,,faham,0.0,,,,,,,,,,,,,,,,,229.3000030517578,,,2.0,,,,0.0,,,,0,2026-05-29 12:13:00
14050201080000,11010203145192,,,,,2026-04-21 08:00:00,1405-02-01 08:00:00,,faham,0.0,,,,,,,,,,,,,,,,,230.5,,,0.029999999329447746,,,,0.0,,,,0,2026-05-29 12:13:00
14050201081500,11010203145192,,,,,2026-04-21 08:15:00,1405-02-01 08:15:00,,faham,0.0,,,,,,,,,,,,,,,,,230.3000030517578,,,0.029999999329447746,,,,0.0,,,,0,2026-05-29 12:18:00
14050201083000,11010203145192,,,,,2026-04-21 08:30:00,1405-02-01 08:30:00,,faham,0.0,,,,,,,,,,,,,,,,,230.6999969482422,,,0.029999999329447746,,,,0.0,,,,0,2026-05-29 12:18:00
14050201084500,11010203145192,,,,,2026-04-21 08:45:00,1405-02-01 08:45:00,,faham,0.0,,,,,,,,,,,,,,,,,231.0,,,0.029999999329447746,,,,0.0,,,,0,2026-05-29 12:23:00
14050201090000,11010203145192,,,,,2026-04-21 09:00:00,1405-02-01 09:00:00,,faham,0.0,,,,,,,,,,,,,,,,,230.60000610351562,,,0.029999999329447746,,,,0.0,,,,0,2026-05-29 12:23:00
14050201091500,11010203145192,,,,,2026-04-21 09:15:00,1405-02-01 09:15:00,,faham,0.0,,,,,,,,,,,,,,,,,231.3000030517578,,,0.029999999329447746,,,,0.0,,,,0,2026-05-29 12:28:00
14050201093000,11010203145192,,,,,2026-04-21 09:30:00,1405-02-01 09:30:00,,faham,0.0,,,,,,,,,,,,,,,,,230.89999389648438,,,0.029999999329447746,,,,0.0,,,,0,2026-05-29 12:28:00
14050201094500,11010203145192,,,,,2026-04-21 09:45:00,1405-02-01 09:45:00,,faham,0.0,,,,,,,,,,,,,,,,,230.39999389648438,,,0.029999999329447746,,,,0.0,,,,0,2026-05-29 12:33:00
14050201100000,11010203145192,,,,,2026-04-21 10:00:00,1405-02-01 10:00:00,,faham,0.0,,,,,,,,,,,,,,,,,230.0,,,0.029999999329447746,,,,0.0,,,,0,2026-05-29 12:33:00
14050201101500,11010203145192,,,,,2026-04-21 10:15:00,1405-02-01 10:15:00,,faham,0.0,,,,,,,,,,,,,,,,,231.10000610351562,,,0.029999999329447746,,,,0.0,,,,0,2026-05-29 12:39:00
14050201103000,11010203145192,,,,,2026-04-21 10:30:00,1405-02-01 10:30:00,,faham,0.0,,,,,,,,,,,,,,,,,231.3000030517578,,,0.029999999329447746,,,,0.0,,,,0,2026-05-29 12:39:00
14050201104500,11010203145192,,,,,2026-04-21 10:45:00,1405-02-01 10:45:00,,faham,0.0,,,,,,,,,,,,,,,,,231.10000610351562,,,0.029999999329447746,,,,0.0,,,,0,2026-05-29 12:43:00
14050201110000,11010203145192,,,,,2026-04-21 11:00:00,1405-02-01 11:00:00,,faham,0.0,,,,,,,,,,,,,,,,,230.8000030517578,,,0.029999999329447746,,,,0.0,,,,0,2026-05-29 12:43:00
14050201111500,11010203145192,,,,,2026-04-21 11:15:00,1405-02-01 11:15:00,,faham,0.0,,,,,,,,,,,,,,,,,231.39999389648438,,,0.029999999329447746,,,,0.0,,,,0,2026-05-29 12:49:00
14050201113000,11010203145192,,,,,2026-04-21 11:30:00,1405-02-01 11:30:00,,faham,0.0,,,,,,,,,,,,,,,,,230.3000030517578,,,0.029999999329447746,,,,0.0,,,,0,2026-05-29 12:49:00
14050201114500,11010203145192,,,,,2026-04-21 11:45:00,1405-02-01 11:45:00,,faham,0.0,,,,,,,,,,,,,,,,,229.39999389648438,,,0.029999999329447746,,,,0.0,,,,0,2026-05-29 12:53:00
14050201120000,11010203145192,,,,,2026-04-21 12:00:00,1405-02-01 12:00:00,,faham,0.0,,,,,,,,,,,,,,,,,231.89999389648438,,,0.029999999329447746,,,,0.0,,,,0,2026-05-29 12:53:00
14050201121500,11010203145192,,,,,2026-04-21 12:15:00,1405-02-01 12:15:00,,faham,0.0,,,,,,,,,,,,,,,,,232.5,,,0.029999999329447746,,,,0.0,,,,0,2026-05-29 12:58:00
14050201123000,11010203145192,,,,,2026-04-21 12:30:00,1405-02-01 12:30:00,,faham,0.0,,,,,,,,,,,,,,,,,232.6999969482422,,,0.029999999329447746,,,,0.0,,,,0,2026-05-29 12:58:00
14050201124500,11010203145192,,,,,2026-04-21 12:45:00,1405-02-01 12:45:00,,faham,0.0,,,,,,,,,,,,,,,,,232.10000610351562,,,0.029999999329447746,,,,0.0,,,,0,2026-05-29 13:03:00
14050201130000,11010203145192,,,,,2026-04-21 13:00:00,1405-02-01 13:00:00,,faham,0.0,,,,,,,,,,,,,,,,,233.39999389648438,,,0.029999999329447746,,,,0.0,,,,0,2026-05-29 13:03:00
14050201131500,11010203145192,,,,,2026-04-21 13:15:00,1405-02-01 13:15:00,,faham,0.0,,,,,,,,,,,,,,,,,232.1999969482422,,,0.029999999329447746,,,,0.0,,,,0,2026-05-29 13:09:00
14050201133000,11010203145192,,,,,2026-04-21 13:30:00,1405-02-01 13:30:00,,faham,0.0,,,,,,,,,,,,,,,,,231.5,,,0.029999999329447746,,,,0.0,,,,0,2026-05-29 13:09:00
14050201134500,11010203145192,,,,,2026-04-21 13:45:00,1405-02-01 13:45:00,,faham,0.0,,,,,,,,,,,,,,,,,231.3000030517578,,,0.029999999329447746,,,,0.0,,,,0,2026-05-29 13:13:00
14050201140000,11010203145192,,,,,2026-04-21 14:00:00,1405-02-01 14:00:00,,faham,0.0,,,,,,,,,,,,,,,,,230.6999969482422,,,0.029999999329447746,,,,0.0,,,,0,2026-05-29 13:13:00
14050201141500,11010203145192,,,,,2026-04-21 14:15:00,1405-02-01 14:15:00,,faham,0.0,,,,,,,,,,,,,,,,,230.10000610351562,,,0.029999999329447746,,,,0.0,,,,0,2026-05-29 13:19:00
14050201143000,11010203145192,,,,,2026-04-21 14:30:00,1405-02-01 14:30:00,,faham,0.0,,,,,,,,,,,,,,,,,228.89999389648438,,,0.029999999329447746,,,,0.0,,,,0,2026-05-29 13:19:00
14050201144500,11010203145192,,,,,2026-04-21 14:45:00,1405-02-01 14:45:00,,faham,0.0,,,,,,,,,,,,,,,,,229.39999389648438,,,0.029999999329447746,,,,0.0,,,,0,2026-05-29 13:24:00
14050201150000,11010203145192,,,,,2026-04-21 15:00:00,1405-02-01 15:00:00,,faham,0.0,,,,,,,,,,,,,,,,,229.3000030517578,,,0.029999999329447746,,,,0.0,,,,0,2026-05-29 13:24:00
14050201151500,11010203145192,,,,,2026-04-21 15:15:00,1405-02-01 15:15:00,,faham,0.0,,,,,,,,,,,,,,,,,229.3000030517578,,,0.029999999329447746,,,,0.0,,,,0,2026-05-29 13:30:00
14050201153000,11010203145192,,,,,2026-04-21 15:30:00,1405-02-01 15:30:00,,faham,0.0,,,,,,,,,,,,,,,,,228.1999969482422,,,2.5399999618530273,,,,0.0,,,,0,2026-05-29 13:30:00
14050201154500,11010203145192,,,,,2026-04-21 15:45:00,1405-02-01 15:45:00,,faham,0.0,,,,,,,,,,,,,,,,,226.89999389648438,,,4.429999828338623,,,,0.0,,,,0,2026-05-29 13:34:00
14050201160000,11010203145192,,,,,2026-04-21 16:00:00,1405-02-01 16:00:00,,faham,0.0,,,,,,,,,,,,,,,,,227.6999969482422,,,3.9800000190734863,,,,0.0,,,,0,2026-05-29 13:34:00
14050201161500,11010203145192,,,,,2026-04-21 16:15:00,1405-02-01 16:15:00,,faham,0.0,,,,,,,,,,,,,,,,,228.1999969482422,,,5.25,,,,0.0,,,,0,2026-05-29 13:39:00
14050201163000,11010203145192,,,,,2026-04-21 16:30:00,1405-02-01 16:30:00,,faham,0.0,,,,,,,,,,,,,,,,,229.8000030517578,,,0.8500000238418579,,,,0.0,,,,0,2026-05-29 13:39:00
14050201164500,11010203145192,,,,,2026-04-21 16:45:00,1405-02-01 16:45:00,,faham,0.0,,,,,,,,,,,,,,,,,230.1999969482422,,,0.029999999329447746,,,,0.0,,,,0,2026-05-29 13:43:00
14050201170000,11010203145192,,,,,2026-04-21 17:00:00,1405-02-01 17:00:00,,faham,0.0,,,,,,,,,,,,,,,,,229.89999389648438,,,0.029999999329447746,,,,0.0,,,,0,2026-05-29 13:43:00
14050201171500,11010203145192,,,,,2026-04-21 17:15:00,1405-02-01 17:15:00,,faham,0.0,,,,,,,,,,,,,,,,,230.3000030517578,,,0.029999999329447746,,,,0.0,,,,0,2026-05-29 13:48:00
14050201173000,11010203145192,,,,,2026-04-21 17:30:00,1405-02-01 17:30:00,,faham,0.0,,,,,,,,,,,,,,,,,230.39999389648438,,,0.029999999329447746,,,,0.0,,,,0,2026-05-29 13:48:00
14050201174500,11010203145192,,,,,2026-04-21 17:45:00,1405-02-01 17:45:00,,faham,0.0,,,,,,,,,,,,,,,,,230.10000610351562,,,0.029999999329447746,,,,0.0,,,,0,2026-05-29 13:53:00
14050201180000,11010203145192,,,,,2026-04-21 18:00:00,1405-02-01 18:00:00,,faham,0.0,,,,,,,,,,,,,,,0.0,1.0,229.8,,,0.03,,,0.0,0.0,0.0,0.0,0,0,
14050201181500,11010203145192,,,,,2026-04-21 18:15:00,1405-02-01 18:15:00,,faham,0.0,,,,,,,,,,,,,,,,,228.60000610351562,,,0.029999999329447746,,,,0.0,,,,0,2026-05-29 13:56:00
14050201183000,11010203145192,,,,,2026-04-21 18:30:00,1405-02-01 18:30:00,,faham,0.0,,,,,,,,,,,,,,,,,230.1999969482422,,,0.029999999329447746,,,,0.0,,,,0,2026-05-29 13:56:00
14050201184500,11010203145192,,,,,2026-04-21 18:45:00,1405-02-01 18:45:00,,faham,0.0,,,,,,,,,,,,,,,,,229.39999389648438,,,0.029999999329447746,,,,0.0,,,,0,2026-05-29 14:46:00
14050201190000,11010203145192,,,,,2026-04-21 19:00:00,1405-02-01 19:00:00,,faham,0.0,,,,,,,,,,,,,,,,,229.3000030517578,,,0.029999999329447746,,,,0.0,,,,0,2026-05-29 14:46:00
14050201191500,11010203145192,,,,,2026-04-21 19:15:00,1405-02-01 19:15:00,,faham,0.0,,,,,,,,,,,,,,,,,230.39999389648438,,,0.029999999329447746,,,,0.0,,,,0,2026-05-29 14:51:00
14050201193000,11010203145192,,,,,2026-04-21 19:30:00,1405-02-01 19:30:00,,faham,0.0,,,,,,,,,,,,,,,,,230.6999969482422,,,0.029999999329447746,,,,0.0,,,,0,2026-05-29 14:51:00
14050201194500,11010203145192,,,,,2026-04-21 19:45:00,1405-02-01 19:45:00,,faham,0.0,,,,,,,,,,,,,,,,,230.8000030517578,,,0.029999999329447746,,,,0.0,,,,0,2026-05-29 14:56:00
14050201200000,11010203145192,,,,,2026-04-21 20:00:00,1405-02-01 20:00:00,,faham,0.0,,,,,,,,,,,,,,,,,230.8000030517578,,,0.029999999329447746,,,,0.0,,,,0,2026-05-29 14:56:00
14050201201500,11010203145192,,,,,2026-04-21 20:15:00,1405-02-01 20:15:00,,faham,0.0,,,,,,,,,,,,,,,,,231.60000610351562,,,0.029999999329447746,,,,0.0,,,,0,2026-05-29 15:01:00
14050201203000,11010203145192,,,,,2026-04-21 20:30:00,1405-02-01 20:30:00,,faham,0.0,,,,,,,,,,,,,,,,,231.10000610351562,,,0.029999999329447746,,,,0.0,,,,0,2026-05-29 15:01:00
14050201204500,11010203145192,,,,,2026-04-21 20:45:00,1405-02-01 20:45:00,,faham,0.0,,,,,,,,,,,,,,,,,231.5,,,0.029999999329447746,,,,0.0,,,,0,2026-05-29 15:06:00
14050201210000,11010203145192,,,,,2026-04-21 21:00:00,1405-02-01 21:00:00,,faham,0.0,,,,,,,,,,,,,,,,,232.39999389648438,,,0.029999999329447746,,,,0.0,,,,0,2026-05-29 15:06:00
14050201211500,11010203145192,,,,,2026-04-21 21:15:00,1405-02-01 21:15:00,,faham,0.0,,,,,,,,,,,,,,,,,232.89999389648438,,,0.029999999329447746,,,,0.0,,,,0,2026-05-29 15:11:00
14050201213000,11010203145192,,,,,2026-04-21 21:30:00,1405-02-01 21:30:00,,faham,0.0,,,,,,,,,,,,,,,,,232.5,,,0.029999999329447746,,,,0.0,,,,0,2026-05-29 15:11:00
14050201214500,11010203145192,,,,,2026-04-21 21:45:00,1405-02-01 21:45:00,,faham,0.0,,,,,,,,,,,,,,,,,231.89999389648438,,,0.029999999329447746,,,,0.0,,,,0,2026-05-29 15:17:00
14050201220000,11010203145192,,,,,2026-04-21 22:00:00,1405-02-01 22:00:00,,faham,0.0,,,,,,,,,,,,,,,,,231.8000030517578,,,0.029999999329447746,,,,0.0,,,,0,2026-05-29 15:17:00
14050201221500,11010203145192,,,,,2026-04-21 22:15:00,1405-02-01 22:15:00,,faham,0.0,,,,,,,,,,,,,,,,,232.1999969482422,,,0.029999999329447746,,,,0.0,,,,0,2026-05-29 15:23:00
14050201223000,11010203145192,,,,,2026-04-21 22:30:00,1405-02-01 22:30:00,,faham,0.0,,,,,,,,,,,,,,,,,232.39999389648438,,,0.029999999329447746,,,,0.0,,,,0,2026-05-29 15:23:00
14050201224500,11010203145192,,,,,2026-04-21 22:45:00,1405-02-01 22:45:00,,faham,0.0,,,,,,,,,,,,,,,,,232.39999389648438,,,0.029999999329447746,,,,0.0,,,,0,2026-05-29 15:28:00
14050201230000,11010203145192,,,,,2026-04-21 23:00:00,1405-02-01 23:00:00,,faham,0.0,,,,,,,,,,,,,,,,,232.6999969482422,,,0.029999999329447746,,,,0.0,,,,0,2026-05-29 15:28:00
14050201231500,11010203145192,,,,,2026-04-21 23:15:00,1405-02-01 23:15:00,,faham,0.0,,,,,,,,,,,,,,,,,232.60000610351562,,,0.029999999329447746,,,,0.0,,,,0,2026-05-29 15:33:00
14050201233000,11010203145192,,,,,2026-04-21 23:30:00,1405-02-01 23:30:00,,faham,0.0,,,,,,,,,,,,,,,,,232.60000610351562,,,0.029999999329447746,,,,0.0,,,,0,2026-05-29 15:33:00
14050201234500,11010203145192,,,,,2026-04-21 23:45:00,1405-02-01 23:45:00,,faham,0.0,,,,,,,,,,,,,,,,,231.6999969482422,,,4.960000038146973,,,,0.0,,,,0,2026-05-29 15:39:00
14050201000000,11010203145720,,,,,2026-04-21 00:00:00,1405-02-01 00:00:00,,faham,0.0,,,,,,,,,,,,,,,,,221.8000030517578,,,0.3400000035762787,,,,0.0,,,,0,2026-05-29 10:51:00
14050201001500,11010203145720,,,,,2026-04-21 00:15:00,1405-02-01 00:15:00,,faham,0.0,,,,,,,,,,,,,,,,,222.1999969482422,,,0.4699999988079071,,,,0.0,,,,0,2026-05-29 10:57:00
14050201003000,11010203145720,,,,,2026-04-21 00:30:00,1405-02-01 00:30:00,,faham,0.0,,,,,,,,,,,,,,,,,222.3000030517578,,,0.28999999165534973,,,,0.0,,,,0,2026-05-29 10:57:00
14050201004500,11010203145720,,,,,2026-04-21 00:45:00,1405-02-01 00:45:00,,faham,0.0,,,,,,,,,,,,,,,,,222.39999389648438,,,0.14000000059604645,,,,0.0,,,,0,2026-05-29 11:03:00
14050201010000,11010203145720,,,,,2026-04-21 01:00:00,1405-02-01 01:00:00,,faham,0.0,,,,,,,,,,,,,,,,,222.89999389648438,,,0.17000000178813934,,,,0.0,,,,0,2026-05-29 11:03:00
14050201011500,11010203145720,,,,,2026-04-21 01:15:00,1405-02-01 01:15:00,,faham,0.0,,,,,,,,,,,,,,,,,222.60000610351562,,,0.49000000953674316,,,,0.0,,,,0,2026-05-29 11:09:00
14050201013000,11010203145720,,,,,2026-04-21 01:30:00,1405-02-01 01:30:00,,faham,0.0,,,,,,,,,,,,,,,,,223.1999969482422,,,0.4399999976158142,,,,0.0,,,,0,2026-05-29 11:09:00
14050201014500,11010203145720,,,,,2026-04-21 01:45:00,1405-02-01 01:45:00,,faham,0.0,,,,,,,,,,,,,,,,,223.60000610351562,,,0.14000000059604645,,,,0.0,,,,0,2026-05-29 11:14:00
14050201020000,11010203145720,,,,,2026-04-21 02:00:00,1405-02-01 02:00:00,,faham,0.0,,,,,,,,,,,,,,,,,223.5,,,0.14000000059604645,,,,0.0,,,,0,2026-05-29 11:14:00
14050201021500,11010203145720,,,,,2026-04-21 02:15:00,1405-02-01 02:15:00,,faham,0.0,,,,,,,,,,,,,,,,,223.5,,,0.36000001430511475,,,,0.0,,,,0,2026-05-29 11:19:00
14050201023000,11010203145720,,,,,2026-04-21 02:30:00,1405-02-01 02:30:00,,faham,0.0,,,,,,,,,,,,,,,,,223.39999389648438,,,0.46000000834465027,,,,0.0,,,,0,2026-05-29 11:19:00
14050201024500,11010203145720,,,,,2026-04-21 02:45:00,1405-02-01 02:45:00,,faham,0.0,,,,,,,,,,,,,,,,,223.6999969482422,,,0.27000001072883606,,,,0.0,,,,0,2026-05-29 11:24:00
14050201030000,11010203145720,,,,,2026-04-21 03:00:00,1405-02-01 03:00:00,,faham,0.0,,,,,,,,,,,,,,,,,223.60000610351562,,,0.14000000059604645,,,,0.0,,,,0,2026-05-29 11:24:00
14050201031500,11010203145720,,,,,2026-04-21 03:15:00,1405-02-01 03:15:00,,faham,0.0,,,,,,,,,,,,,,,,,223.5,,,0.1899999976158142,,,,0.0,,,,0,2026-05-29 11:28:00
14050201033000,11010203145720,,,,,2026-04-21 03:30:00,1405-02-01 03:30:00,,faham,0.0,,,,,,,,,,,,,,,,,224.0,,,0.49000000953674316,,,,0.0,,,,0,2026-05-29 11:28:00
14050201034500,11010203145720,,,,,2026-04-21 03:45:00,1405-02-01 03:45:00,,faham,0.0,,,,,,,,,,,,,,,,,224.3000030517578,,,0.41999998688697815,,,,0.0,,,,0,2026-05-29 11:34:00
14050201040000,11010203145720,,,,,2026-04-21 04:00:00,1405-02-01 04:00:00,,faham,0.0,,,,,,,,,,,,,,,,,225.39999389648438,,,0.14000000059604645,,,,0.0,,,,0,2026-05-29 11:34:00
14050201041500,11010203145720,,,,,2026-04-21 04:15:00,1405-02-01 04:15:00,,faham,0.0,,,,,,,,,,,,,,,,,224.6999969482422,,,0.14000000059604645,,,,0.0,,,,0,2026-05-29 11:39:00
14050201043000,11010203145720,,,,,2026-04-21 04:30:00,1405-02-01 04:30:00,,faham,0.0,,,,,,,,,,,,,,,,,224.5,,,0.3700000047683716,,,,0.0,,,,0,2026-05-29 11:39:00
14050201044500,11010203145720,,,,,2026-04-21 04:45:00,1405-02-01 04:45:00,,faham,0.0,,,,,,,,,,,,,,,,,224.8000030517578,,,0.46000000834465027,,,,0.0,,,,0,2026-05-29 11:43:00
14050201050000,11010203145720,,,,,2026-04-21 05:00:00,1405-02-01 05:00:00,,faham,0.0,,,,,,,,,,,,,,,,,225.3000030517578,,,0.25999999046325684,,,,0.0,,,,0,2026-05-29 11:43:00
14050201051500,11010203145720,,,,,2026-04-21 05:15:00,1405-02-01 05:15:00,,faham,0.0,,,,,,,,,,,,,,,,,225.39999389648438,,,0.14000000059604645,,,,0.0,,,,0,2026-05-29 11:48:00
14050201053000,11010203145720,,,,,2026-04-21 05:30:00,1405-02-01 05:30:00,,faham,0.0,,,,,,,,,,,,,,,,,226.10000610351562,,,0.18000000715255737,,,,0.0,,,,0,2026-05-29 11:48:00
14050201054500,11010203145720,,,,,2026-04-21 05:45:00,1405-02-01 05:45:00,,faham,0.0,,,,,,,,,,,,,,,,,225.89999389648438,,,0.49000000953674316,,,,0.0,,,,0,2026-05-29 11:53:00
14050201060000,11010203145720,,,,,2026-04-21 06:00:00,1405-02-01 06:00:00,,faham,0.0,,,,,,,,,,,,,,,,,226.1999969482422,,,0.41999998688697815,,,,0.0,,,,0,2026-05-29 11:53:00
14050201061500,11010203145720,,,,,2026-04-21 06:15:00,1405-02-01 06:15:00,,faham,0.0,,,,,,,,,,,,,,,,,225.8000030517578,,,0.14000000059604645,,,,0.0,,,,0,2026-05-29 11:58:00
14050201063000,11010203145720,,,,,2026-04-21 06:30:00,1405-02-01 06:30:00,,faham,0.0,,,,,,,,,,,,,,,,,224.8000030517578,,,0.14000000059604645,,,,0.0,,,,0,2026-05-29 11:58:00
14050201064500,11010203145720,,,,,2026-04-21 06:45:00,1405-02-01 06:45:00,,faham,0.0,,,,,,,,,,,,,,,,,224.6999969482422,,,0.3700000047683716,,,,0.0,,,,0,2026-05-29 12:03:00
14050201070000,11010203145720,,,,,2026-04-21 07:00:00,1405-02-01 07:00:00,,faham,0.0,,,,,,,,,,,,,,,,,224.3000030517578,,,0.4699999988079071,,,,0.0,,,,0,2026-05-29 12:03:00
14050201071500,11010203145720,,,,,2026-04-21 07:15:00,1405-02-01 07:15:00,,faham,0.0,,,,,,,,,,,,,,,,,223.3000030517578,,,0.25999999046325684,,,,0.0,,,,0,2026-05-29 12:08:00
14050201073000,11010203145720,,,,,2026-04-21 07:30:00,1405-02-01 07:30:00,,faham,0.0,,,,,,,,,,,,,,,,,224.1999969482422,,,0.14000000059604645,,,,0.0,,,,0,2026-05-29 12:08:00
14050201074500,11010203145720,,,,,2026-04-21 07:45:00,1405-02-01 07:45:00,,faham,0.0,,,,,,,,,,,,,,,,,225.89999389648438,,,0.18000000715255737,,,,0.0,,,,0,2026-05-29 12:13:00
14050201080000,11010203145720,,,,,2026-04-21 08:00:00,1405-02-01 08:00:00,,faham,0.0,,,,,,,,,,,,,,,,,227.39999389648438,,,0.47999998927116394,,,,0.0,,,,0,2026-05-29 12:13:00
14050201081500,11010203145720,,,,,2026-04-21 08:15:00,1405-02-01 08:15:00,,faham,0.0,,,,,,,,,,,,,,,,,227.60000610351562,,,0.4099999964237213,,,,0.0,,,,0,2026-05-29 12:18:00
14050201083000,11010203145720,,,,,2026-04-21 08:30:00,1405-02-01 08:30:00,,faham,0.0,,,,,,,,,,,,,,,,,227.1999969482422,,,0.14000000059604645,,,,0.0,,,,0,2026-05-29 12:18:00
14050201084500,11010203145720,,,,,2026-04-21 08:45:00,1405-02-01 08:45:00,,faham,0.0,,,,,,,,,,,,,,,,,227.1999969482422,,,0.14000000059604645,,,,0.0,,,,0,2026-05-29 12:23:00
14050201090000,11010203145720,,,,,2026-04-21 09:00:00,1405-02-01 09:00:00,,faham,0.0,,,,,,,,,,,,,,,,,227.10000610351562,,,0.3700000047683716,,,,0.0,,,,0,2026-05-29 12:23:00
14050201091500,11010203145720,,,,,2026-04-21 09:15:00,1405-02-01 09:15:00,,faham,0.0,,,,,,,,,,,,,,,,,229.60000610351562,,,0.46000000834465027,,,,0.0,,,,0,2026-05-29 12:28:00
14050201093000,11010203145720,,,,,2026-04-21 09:30:00,1405-02-01 09:30:00,,faham,0.0,,,,,,,,,,,,,,,,,229.39999389648438,,,0.25999999046325684,,,,0.0,,,,0,2026-05-29 12:28:00
14050201094500,11010203145720,,,,,2026-04-21 09:45:00,1405-02-01 09:45:00,,faham,0.0,,,,,,,,,,,,,,,,,229.6999969482422,,,0.14000000059604645,,,,0.0,,,,0,2026-05-29 12:33:00
14050201100000,11010203145720,,,,,2026-04-21 10:00:00,1405-02-01 10:00:00,,faham,0.0,,,,,,,,,,,,,,,,,230.60000610351562,,,0.1899999976158142,,,,0.0,,,,0,2026-05-29 12:33:00
14050201101500,11010203145720,,,,,2026-04-21 10:15:00,1405-02-01 10:15:00,,faham,0.0,,,,,,,,,,,,,,,,,230.5,,,0.47999998927116394,,,,0.0,,,,0,2026-05-29 12:39:00
14050201103000,11010203145720,,,,,2026-04-21 10:30:00,1405-02-01 10:30:00,,faham,0.0,,,,,,,,,,,,,,,,,226.8000030517578,,,0.4300000071525574,,,,0.0,,,,0,2026-05-29 12:39:00
14050201104500,11010203145720,,,,,2026-04-21 10:45:00,1405-02-01 10:45:00,,faham,0.0,,,,,,,,,,,,,,,,,228.6999969482422,,,0.14000000059604645,,,,0.0,,,,0,2026-05-29 12:43:00
14050201110000,11010203145720,,,,,2026-04-21 11:00:00,1405-02-01 11:00:00,,faham,0.0,,,,,,,,,,,,,,,,,230.0,,,0.14000000059604645,,,,0.0,,,,0,2026-05-29 12:43:00
14050201111500,11010203145720,,,,,2026-04-21 11:15:00,1405-02-01 11:15:00,,faham,0.0,,,,,,,,,,,,,,,,,229.8000030517578,,,0.3700000047683716,,,,0.0,,,,0,2026-05-29 12:49:00
14050201113000,11010203145720,,,,,2026-04-21 11:30:00,1405-02-01 11:30:00,,faham,0.0,,,,,,,,,,,,,,,,,230.39999389648438,,,0.46000000834465027,,,,0.0,,,,0,2026-05-29 12:49:00
14050201114500,11010203145720,,,,,2026-04-21 11:45:00,1405-02-01 11:45:00,,faham,0.0,,,,,,,,,,,,,,,,,231.39999389648438,,,0.25999999046325684,,,,0.0,,,,0,2026-05-29 12:53:00
14050201120000,11010203145720,,,,,2026-04-21 12:00:00,1405-02-01 12:00:00,,faham,0.0,,,,,,,,,,,,,,,,,230.6999969482422,,,0.14000000059604645,,,,0.0,,,,0,2026-05-29 12:53:00
14050201121500,11010203145720,,,,,2026-04-21 12:15:00,1405-02-01 12:15:00,,faham,0.0,,,,,,,,,,,,,,,,,231.3000030517578,,,0.1899999976158142,,,,0.0,,,,0,2026-05-29 12:58:00
14050201123000,11010203145720,,,,,2026-04-21 12:30:00,1405-02-01 12:30:00,,faham,0.0,,,,,,,,,,,,,,,,,230.89999389648438,,,0.47999998927116394,,,,0.0,,,,0,2026-05-29 12:58:00
14050201124500,11010203145720,,,,,2026-04-21 12:45:00,1405-02-01 12:45:00,,faham,0.0,,,,,,,,,,,,,,,,,230.39999389648438,,,0.41999998688697815,,,,0.0,,,,0,2026-05-29 13:03:00
14050201130000,11010203145720,,,,,2026-04-21 13:00:00,1405-02-01 13:00:00,,faham,0.0,,,,,,,,,,,,,,,,,230.5,,,0.14000000059604645,,,,0.0,,,,0,2026-05-29 13:03:00
14050201131500,11010203145720,,,,,2026-04-21 13:15:00,1405-02-01 13:15:00,,faham,0.0,,,,,,,,,,,,,,,,,231.8000030517578,,,0.14000000059604645,,,,0.0,,,,0,2026-05-29 13:09:00
14050201133000,11010203145720,,,,,2026-04-21 13:30:00,1405-02-01 13:30:00,,faham,0.0,,,,,,,,,,,,,,,,,232.10000610351562,,,0.3700000047683716,,,,0.0,,,,0,2026-05-29 13:09:00
14050201134500,11010203145720,,,,,2026-04-21 13:45:00,1405-02-01 13:45:00,,faham,0.0,,,,,,,,,,,,,,,,,230.89999389648438,,,0.44999998807907104,,,,0.0,,,,0,2026-05-29 13:13:00
14050201140000,11010203145720,,,,,2026-04-21 14:00:00,1405-02-01 14:00:00,,faham,0.0,,,,,,,,,,,,,,,,,231.10000610351562,,,0.27000001072883606,,,,0.0,,,,0,2026-05-29 13:13:00
14050201141500,11010203145720,,,,,2026-04-21 14:15:00,1405-02-01 14:15:00,,faham,0.0,,,,,,,,,,,,,,,,,230.10000610351562,,,0.14000000059604645,,,,0.0,,,,0,2026-05-29 13:19:00
14050201143000,11010203145720,,,,,2026-04-21 14:30:00,1405-02-01 14:30:00,,faham,0.0,,,,,,,,,,,,,,,,,228.8000030517578,,,0.1899999976158142,,,,0.0,,,,0,2026-05-29 13:19:00
14050201144500,11010203145720,,,,,2026-04-21 14:45:00,1405-02-01 14:45:00,,faham,0.0,,,,,,,,,,,,,,,,,228.39999389648438,,,0.47999998927116394,,,,0.0,,,,0,2026-05-29 13:24:00
14050201150000,11010203145720,,,,,2026-04-21 15:00:00,1405-02-01 15:00:00,,faham,0.0,,,,,,,,,,,,,,,,,227.5,,,0.41999998688697815,,,,0.0,,,,0,2026-05-29 13:24:00
14050201151500,11010203145720,,,,,2026-04-21 15:15:00,1405-02-01 15:15:00,,faham,0.0,,,,,,,,,,,,,,,,,227.39999389648438,,,0.14000000059604645,,,,0.0,,,,0,2026-05-29 13:30:00
14050201153000,11010203145720,,,,,2026-04-21 15:30:00,1405-02-01 15:30:00,,faham,0.0,,,,,,,,,,,,,,,,,227.1999969482422,,,0.14000000059604645,,,,0.0,,,,0,2026-05-29 13:30:00
14050201154500,11010203145720,,,,,2026-04-21 15:45:00,1405-02-01 15:45:00,,faham,0.0,,,,,,,,,,,,,,,,,226.89999389648438,,,0.36000001430511475,,,,0.0,,,,0,2026-05-29 13:34:00
14050201160000,11010203145720,,,,,2026-04-21 16:00:00,1405-02-01 16:00:00,,faham,0.0,,,,,,,,,,,,,,,,,227.10000610351562,,,0.46000000834465027,,,,0.0,,,,0,2026-05-29 13:34:00
14050201161500,11010203145720,,,,,2026-04-21 16:15:00,1405-02-01 16:15:00,,faham,0.0,,,,,,,,,,,,,,,,,227.3000030517578,,,0.4699999988079071,,,,0.0,,,,0,2026-05-29 13:39:00
14050201163000,11010203145720,,,,,2026-04-21 16:30:00,1405-02-01 16:30:00,,faham,0.0,,,,,,,,,,,,,,,,,226.39999389648438,,,0.44999998807907104,,,,0.0,,,,0,2026-05-29 13:39:00
14050201164500,11010203145720,,,,,2026-04-21 16:45:00,1405-02-01 16:45:00,,faham,0.0,,,,,,,,,,,,,,,,,225.89999389648438,,,1.5,,,,0.0,,,,0,2026-05-29 13:43:00
14050201170000,11010203145720,,,,,2026-04-21 17:00:00,1405-02-01 17:00:00,,faham,0.0,,,,,,,,,,,,,,,,,226.89999389648438,,,0.550000011920929,,,,0.0,,,,0,2026-05-29 13:43:00
14050201171500,11010203145720,,,,,2026-04-21 17:15:00,1405-02-01 17:15:00,,faham,0.0,,,,,,,,,,,,,,,,,227.5,,,0.5099999904632568,,,,0.0,,,,0,2026-05-29 13:48:00
14050201173000,11010203145720,,,,,2026-04-21 17:30:00,1405-02-01 17:30:00,,faham,0.0,,,,,,,,,,,,,,,,,226.60000610351562,,,0.4699999988079071,,,,0.0,,,,0,2026-05-29 13:48:00
14050201174500,11010203145720,,,,,2026-04-21 17:45:00,1405-02-01 17:45:00,,faham,0.0,,,,,,,,,,,,,,,,,226.0,,,0.46000000834465027,,,,0.0,,,,0,2026-05-29 13:53:00
14050201180000,11010203145720,,,,,2026-04-21 18:00:00,1405-02-01 18:00:00,,faham,0.0,,,,,,,,,,,,,,,9.0,0.0,226.7,,,0.24,,,43.0,0.0,0.0,7.0,0,0,
14050201181500,11010203145720,,,,,2026-04-21 18:15:00,1405-02-01 18:15:00,,faham,0.0,,,,,,,,,,,,,,,,,226.8000030517578,,,0.14000000059604645,,,,0.0,,,,0,2026-05-29 13:56:00
14050201183000,11010203145720,,,,,2026-04-21 18:30:00,1405-02-01 18:30:00,,faham,0.0,,,,,,,,,,,,,,,,,226.5,,,0.25999999046325684,,,,0.0,,,,0,2026-05-29 13:56:00
14050201184500,11010203145720,,,,,2026-04-21 18:45:00,1405-02-01 18:45:00,,faham,0.0,,,,,,,,,,,,,,,,,225.10000610351562,,,0.47999998927116394,,,,0.0,,,,0,2026-05-29 14:46:00
14050201190000,11010203145720,,,,,2026-04-21 19:00:00,1405-02-01 19:00:00,,faham,0.0,,,,,,,,,,,,,,,,,222.3000030517578,,,0.4000000059604645,,,,0.0,,,,0,2026-05-29 14:46:00
14050201191500,11010203145720,,,,,2026-04-21 19:15:00,1405-02-01 19:15:00,,faham,0.0,,,,,,,,,,,,,,,,,221.0,,,0.14000000059604645,,,,0.0,,,,0,2026-05-29 14:51:00
14050201193000,11010203145720,,,,,2026-04-21 19:30:00,1405-02-01 19:30:00,,faham,0.0,,,,,,,,,,,,,,,,,221.0,,,0.14000000059604645,,,,0.0,,,,0,2026-05-29 14:51:00
14050201194500,11010203145720,,,,,2026-04-21 19:45:00,1405-02-01 19:45:00,,faham,0.0,,,,,,,,,,,,,,,,,220.89999389648438,,,0.41999998688697815,,,,0.0,,,,0,2026-05-29 14:56:00
14050201200000,11010203145720,,,,,2026-04-21 20:00:00,1405-02-01 20:00:00,,faham,0.0,,,,,,,,,,,,,,,,,221.60000610351562,,,0.46000000834465027,,,,0.0,,,,0,2026-05-29 14:56:00
14050201201500,11010203145720,,,,,2026-04-21 20:15:00,1405-02-01 20:15:00,,faham,0.0,,,,,,,,,,,,,,,,,222.10000610351562,,,0.20999999344348907,,,,0.0,,,,0,2026-05-29 15:01:00
14050201203000,11010203145720,,,,,2026-04-21 20:30:00,1405-02-01 20:30:00,,faham,0.0,,,,,,,,,,,,,,,,,221.89999389648438,,,0.14000000059604645,,,,0.0,,,,0,2026-05-29 15:01:00
14050201204500,11010203145720,,,,,2026-04-21 20:45:00,1405-02-01 20:45:00,,faham,0.0,,,,,,,,,,,,,,,,,222.1999969482422,,,0.25999999046325684,,,,0.0,,,,0,2026-05-29 15:06:00
14050201210000,11010203145720,,,,,2026-04-21 21:00:00,1405-02-01 21:00:00,,faham,0.0,,,,,,,,,,,,,,,,,222.3000030517578,,,0.47999998927116394,,,,0.0,,,,0,2026-05-29 15:06:00
14050201211500,11010203145720,,,,,2026-04-21 21:15:00,1405-02-01 21:15:00,,faham,0.0,,,,,,,,,,,,,,,,,222.60000610351562,,,0.3400000035762787,,,,0.0,,,,0,2026-05-29 15:11:00
14050201213000,11010203145720,,,,,2026-04-21 21:30:00,1405-02-01 21:30:00,,faham,0.0,,,,,,,,,,,,,,,,,222.8000030517578,,,0.14000000059604645,,,,0.0,,,,0,2026-05-29 15:11:00
14050201214500,11010203145720,,,,,2026-04-21 21:45:00,1405-02-01 21:45:00,,faham,0.0,,,,,,,,,,,,,,,,,223.1999969482422,,,0.14000000059604645,,,,0.0,,,,0,2026-05-29 15:17:00
14050201220000,11010203145720,,,,,2026-04-21 22:00:00,1405-02-01 22:00:00,,faham,0.0,,,,,,,,,,,,,,,,,223.5,,,0.44999998807907104,,,,0.0,,,,0,2026-05-29 15:17:00
14050201221500,11010203145720,,,,,2026-04-21 22:15:00,1405-02-01 22:15:00,,faham,0.0,,,,,,,,,,,,,,,,,223.5,,,0.4699999988079071,,,,0.0,,,,0,2026-05-29 15:23:00
14050201223000,11010203145720,,,,,2026-04-21 22:30:00,1405-02-01 22:30:00,,faham,0.0,,,,,,,,,,,,,,,,,224.0,,,0.1599999964237213,,,,0.0,,,,0,2026-05-29 15:23:00
14050201224500,11010203145720,,,,,2026-04-21 22:45:00,1405-02-01 22:45:00,,faham,0.0,,,,,,,,,,,,,,,,,224.39999389648438,,,0.14000000059604645,,,,0.0,,,,0,2026-05-29 15:28:00
14050201230000,11010203145720,,,,,2026-04-21 23:00:00,1405-02-01 23:00:00,,faham,0.0,,,,,,,,,,,,,,,,,224.5,,,0.30000001192092896,,,,0.0,,,,0,2026-05-29 15:28:00
14050201231500,11010203145720,,,,,2026-04-21 23:15:00,1405-02-01 23:15:00,,faham,0.0,,,,,,,,,,,,,,,,,225.0,,,0.4699999988079071,,,,0.0,,,,0,2026-05-29 15:33:00
14050201233000,11010203145720,,,,,2026-04-21 23:30:00,1405-02-01 23:30:00,,faham,0.0,,,,,,,,,,,,,,,,,225.1999969482422,,,0.30000001192092896,,,,0.0,,,,0,2026-05-29 15:33:00
14050201234500,11010203145720,,,,,2026-04-21 23:45:00,1405-02-01 23:45:00,,faham,0.0,,,,,,,,,,,,,,,,,225.39999389648438,,,0.14000000059604645,,,,0.0,,,,0,2026-05-29 15:39:00
14050201000000,11010203152869,,,,,2026-04-21 00:00:00,1405-02-01 00:00:00,,faham,0.0,,,,,,,,,,,,,,,,,234.1999969482422,,,1.409999966621399,,,,0.0,,,,0,2026-05-29 10:51:00
14050201001500,11010203152869,,,,,2026-04-21 00:15:00,1405-02-01 00:15:00,,faham,0.0,,,,,,,,,,,,,,,,,235.3000030517578,,,1.3300000429153442,,,,0.0,,,,0,2026-05-29 10:57:00
14050201003000,11010203152869,,,,,2026-04-21 00:30:00,1405-02-01 00:30:00,,faham,0.0,,,,,,,,,,,,,,,,,235.89999389648438,,,0.9599999785423279,,,,0.0,,,,0,2026-05-29 10:57:00
14050201004500,11010203152869,,,,,2026-04-21 00:45:00,1405-02-01 00:45:00,,faham,0.0,,,,,,,,,,,,,,,,,236.0,,,0.800000011920929,,,,0.0,,,,0,2026-05-29 11:03:00
14050201010000,11010203152869,,,,,2026-04-21 01:00:00,1405-02-01 01:00:00,,faham,0.0,,,,,,,,,,,,,,,,,235.3000030517578,,,0.9599999785423279,,,,0.0,,,,0,2026-05-29 11:03:00
14050201011500,11010203152869,,,,,2026-04-21 01:15:00,1405-02-01 01:15:00,,faham,0.0,,,,,,,,,,,,,,,,,234.5,,,1.0099999904632568,,,,0.0,,,,0,2026-05-29 11:09:00
14050201013000,11010203152869,,,,,2026-04-21 01:30:00,1405-02-01 01:30:00,,faham,0.0,,,,,,,,,,,,,,,,,234.6999969482422,,,0.9800000190734863,,,,0.0,,,,0,2026-05-29 11:09:00
14050201014500,11010203152869,,,,,2026-04-21 01:45:00,1405-02-01 01:45:00,,faham,0.0,,,,,,,,,,,,,,,,,235.5,,,1.2100000381469727,,,,0.0,,,,0,2026-05-29 11:14:00
14050201020000,11010203152869,,,,,2026-04-21 02:00:00,1405-02-01 02:00:00,,faham,0.0,,,,,,,,,,,,,,,,,235.1999969482422,,,1.0099999904632568,,,,0.0,,,,0,2026-05-29 11:14:00
14050201021500,11010203152869,,,,,2026-04-21 02:15:00,1405-02-01 02:15:00,,faham,0.0,,,,,,,,,,,,,,,,,236.39999389648438,,,0.8100000023841858,,,,0.0,,,,0,2026-05-29 11:19:00
14050201023000,11010203152869,,,,,2026-04-21 02:30:00,1405-02-01 02:30:00,,faham,0.0,,,,,,,,,,,,,,,,,237.1999969482422,,,0.6100000143051147,,,,0.0,,,,0,2026-05-29 11:19:00
14050201024500,11010203152869,,,,,2026-04-21 02:45:00,1405-02-01 02:45:00,,faham,0.0,,,,,,,,,,,,,,,,,237.3000030517578,,,0.6100000143051147,,,,0.0,,,,0,2026-05-29 11:24:00
14050201030000,11010203152869,,,,,2026-04-21 03:00:00,1405-02-01 03:00:00,,faham,0.0,,,,,,,,,,,,,,,,,237.3000030517578,,,0.8399999737739563,,,,0.0,,,,0,2026-05-29 11:24:00
14050201031500,11010203152869,,,,,2026-04-21 03:15:00,1405-02-01 03:15:00,,faham,0.0,,,,,,,,,,,,,,,,,236.39999389648438,,,0.8100000023841858,,,,0.0,,,,0,2026-05-29 11:28:00
14050201033000,11010203152869,,,,,2026-04-21 03:30:00,1405-02-01 03:30:00,,faham,0.0,,,,,,,,,,,,,,,,,235.89999389648438,,,0.8199999928474426,,,,0.0,,,,0,2026-05-29 11:28:00
14050201034500,11010203152869,,,,,2026-04-21 03:45:00,1405-02-01 03:45:00,,faham,0.0,,,,,,,,,,,,,,,,,236.5,,,0.9300000071525574,,,,0.0,,,,0,2026-05-29 11:34:00
14050201040000,11010203152869,,,,,2026-04-21 04:00:00,1405-02-01 04:00:00,,faham,0.0,,,,,,,,,,,,,,,,,237.3000030517578,,,0.5600000023841858,,,,0.0,,,,0,2026-05-29 11:34:00
14050201041500,11010203152869,,,,,2026-04-21 04:15:00,1405-02-01 04:15:00,,faham,0.0,,,,,,,,,,,,,,,,,237.3000030517578,,,0.6200000047683716,,,,0.0,,,,0,2026-05-29 11:39:00
14050201043000,11010203152869,,,,,2026-04-21 04:30:00,1405-02-01 04:30:00,,faham,0.0,,,,,,,,,,,,,,,,,236.5,,,0.9399999976158142,,,,0.0,,,,0,2026-05-29 11:39:00
14050201044500,11010203152869,,,,,2026-04-21 04:45:00,1405-02-01 04:45:00,,faham,0.0,,,,,,,,,,,,,,,,,237.3000030517578,,,0.9599999785423279,,,,0.0,,,,0,2026-05-29 11:43:00
14050201050000,11010203152869,,,,,2026-04-21 05:00:00,1405-02-01 05:00:00,,faham,0.0,,,,,,,,,,,,,,,,,237.8000030517578,,,0.8899999856948853,,,,0.0,,,,0,2026-05-29 11:43:00
14050201051500,11010203152869,,,,,2026-04-21 05:15:00,1405-02-01 05:15:00,,faham,0.0,,,,,,,,,,,,,,,,,238.5,,,0.8600000143051147,,,,0.0,,,,0,2026-05-29 11:48:00
14050201053000,11010203152869,,,,,2026-04-21 05:30:00,1405-02-01 05:30:00,,faham,0.0,,,,,,,,,,,,,,,,,239.10000610351562,,,1.0499999523162842,,,,0.0,,,,0,2026-05-29 11:48:00
14050201054500,11010203152869,,,,,2026-04-21 05:45:00,1405-02-01 05:45:00,,faham,0.0,,,,,,,,,,,,,,,,,239.3000030517578,,,1.3700000047683716,,,,0.0,,,,0,2026-05-29 11:53:00
14050201060000,11010203152869,,,,,2026-04-21 06:00:00,1405-02-01 06:00:00,,faham,0.0,,,,,,,,,,,,,,,,,238.89999389648438,,,1.659999966621399,,,,0.0,,,,0,2026-05-29 11:53:00
14050201061500,11010203152869,,,,,2026-04-21 06:15:00,1405-02-01 06:15:00,,faham,0.0,,,,,,,,,,,,,,,,,237.8000030517578,,,1.8899999856948853,,,,0.0,,,,0,2026-05-29 11:58:00
14050201063000,11010203152869,,,,,2026-04-21 06:30:00,1405-02-01 06:30:00,,faham,0.0,,,,,,,,,,,,,,,,,236.5,,,1.7200000286102295,,,,0.0,,,,0,2026-05-29 11:58:00
14050201064500,11010203152869,,,,,2026-04-21 06:45:00,1405-02-01 06:45:00,,faham,0.0,,,,,,,,,,,,,,,,,236.5,,,1.1699999570846558,,,,0.0,,,,0,2026-05-29 12:03:00
14050201070000,11010203152869,,,,,2026-04-21 07:00:00,1405-02-01 07:00:00,,faham,0.0,,,,,,,,,,,,,,,,,236.5,,,0.5299999713897705,,,,0.0,,,,0,2026-05-29 12:03:00
14050201071500,11010203152869,,,,,2026-04-21 07:15:00,1405-02-01 07:15:00,,faham,0.0,,,,,,,,,,,,,,,,,235.60000610351562,,,1.3700000047683716,,,,0.0,,,,0,2026-05-29 12:08:00
14050201073000,11010203152869,,,,,2026-04-21 07:30:00,1405-02-01 07:30:00,,faham,0.0,,,,,,,,,,,,,,,,,235.1999969482422,,,1.8899999856948853,,,,0.0,,,,0,2026-05-29 12:08:00
14050201074500,11010203152869,,,,,2026-04-21 07:45:00,1405-02-01 07:45:00,,faham,0.0,,,,,,,,,,,,,,,,,234.89999389648438,,,0.6600000262260437,,,,0.0,,,,0,2026-05-29 12:13:00
14050201080000,11010203152869,,,,,2026-04-21 08:00:00,1405-02-01 08:00:00,,faham,0.0,,,,,,,,,,,,,,,,,234.0,,,0.9700000286102295,,,,0.0,,,,0,2026-05-29 12:13:00
14050201081500,11010203152869,,,,,2026-04-21 08:15:00,1405-02-01 08:15:00,,faham,0.0,,,,,,,,,,,,,,,,,237.60000610351562,,,1.0399999618530273,,,,0.0,,,,0,2026-05-29 12:18:00
14050201083000,11010203152869,,,,,2026-04-21 08:30:00,1405-02-01 08:30:00,,faham,0.0,,,,,,,,,,,,,,,,,238.5,,,1.1200000047683716,,,,0.0,,,,0,2026-05-29 12:18:00
14050201084500,11010203152869,,,,,2026-04-21 08:45:00,1405-02-01 08:45:00,,faham,0.0,,,,,,,,,,,,,,,,,238.1999969482422,,,1.0700000524520874,,,,0.0,,,,0,2026-05-29 12:23:00
14050201090000,11010203152869,,,,,2026-04-21 09:00:00,1405-02-01 09:00:00,,faham,0.0,,,,,,,,,,,,,,,,,239.0,,,0.9200000166893005,,,,0.0,,,,0,2026-05-29 12:23:00
14050201091500,11010203152869,,,,,2026-04-21 09:15:00,1405-02-01 09:15:00,,faham,0.0,,,,,,,,,,,,,,,,,239.5,,,1.149999976158142,,,,0.0,,,,0,2026-05-29 12:28:00
14050201093000,11010203152869,,,,,2026-04-21 09:30:00,1405-02-01 09:30:00,,faham,0.0,,,,,,,,,,,,,,,,,239.0,,,1.4800000190734863,,,,0.0,,,,0,2026-05-29 12:28:00
14050201094500,11010203152869,,,,,2026-04-21 09:45:00,1405-02-01 09:45:00,,faham,0.0,,,,,,,,,,,,,,,,,237.5,,,1.409999966621399,,,,0.0,,,,0,2026-05-29 12:33:00
14050201100000,11010203152869,,,,,2026-04-21 10:00:00,1405-02-01 10:00:00,,faham,0.0,,,,,,,,,,,,,,,,,237.60000610351562,,,2.069999933242798,,,,0.0,,,,0,2026-05-29 12:33:00
14050201101500,11010203152869,,,,,2026-04-21 10:15:00,1405-02-01 10:15:00,,faham,0.0,,,,,,,,,,,,,,,,,237.6999969482422,,,1.159999966621399,,,,0.0,,,,0,2026-05-29 12:39:00
14050201103000,11010203152869,,,,,2026-04-21 10:30:00,1405-02-01 10:30:00,,faham,0.0,,,,,,,,,,,,,,,,,236.89999389648438,,,1.3799999952316284,,,,0.0,,,,0,2026-05-29 12:39:00
14050201104500,11010203152869,,,,,2026-04-21 10:45:00,1405-02-01 10:45:00,,faham,0.0,,,,,,,,,,,,,,,,,236.1999969482422,,,0.949999988079071,,,,0.0,,,,0,2026-05-29 12:43:00
14050201110000,11010203152869,,,,,2026-04-21 11:00:00,1405-02-01 11:00:00,,faham,0.0,,,,,,,,,,,,,,,,,235.1999969482422,,,0.9100000262260437,,,,0.0,,,,0,2026-05-29 12:43:00
14050201111500,11010203152869,,,,,2026-04-21 11:15:00,1405-02-01 11:15:00,,faham,0.0,,,,,,,,,,,,,,,,,234.0,,,3.930000066757202,,,,0.0,,,,0,2026-05-29 12:49:00
14050201113000,11010203152869,,,,,2026-04-21 11:30:00,1405-02-01 11:30:00,,faham,0.0,,,,,,,,,,,,,,,,,234.89999389648438,,,1.8600000143051147,,,,0.0,,,,0,2026-05-29 12:49:00
14050201114500,11010203152869,,,,,2026-04-21 11:45:00,1405-02-01 11:45:00,,faham,0.0,,,,,,,,,,,,,,,,,234.5,,,1.0199999809265137,,,,0.0,,,,0,2026-05-29 12:53:00
14050201120000,11010203152869,,,,,2026-04-21 12:00:00,1405-02-01 12:00:00,,faham,0.0,,,,,,,,,,,,,,,,,236.10000610351562,,,1.2100000381469727,,,,0.0,,,,0,2026-05-29 12:53:00
14050201121500,11010203152869,,,,,2026-04-21 12:15:00,1405-02-01 12:15:00,,faham,0.0,,,,,,,,,,,,,,,,,236.60000610351562,,,1.7999999523162842,,,,0.0,,,,0,2026-05-29 12:58:00
14050201123000,11010203152869,,,,,2026-04-21 12:30:00,1405-02-01 12:30:00,,faham,0.0,,,,,,,,,,,,,,,,,236.89999389648438,,,1.5099999904632568,,,,0.0,,,,0,2026-05-29 12:58:00
14050201124500,11010203152869,,,,,2026-04-21 12:45:00,1405-02-01 12:45:00,,faham,0.0,,,,,,,,,,,,,,,,,236.89999389648438,,,0.8299999833106995,,,,0.0,,,,0,2026-05-29 13:03:00
14050201130000,11010203152869,,,,,2026-04-21 13:00:00,1405-02-01 13:00:00,,faham,0.0,,,,,,,,,,,,,,,,,237.89999389648438,,,1.4800000190734863,,,,0.0,,,,0,2026-05-29 13:03:00
14050201131500,11010203152869,,,,,2026-04-21 13:15:00,1405-02-01 13:15:00,,faham,0.0,,,,,,,,,,,,,,,,,236.3000030517578,,,1.850000023841858,,,,0.0,,,,0,2026-05-29 13:09:00
14050201133000,11010203152869,,,,,2026-04-21 13:30:00,1405-02-01 13:30:00,,faham,0.0,,,,,,,,,,,,,,,,,234.39999389648438,,,3.0199999809265137,,,,0.0,,,,0,2026-05-29 13:09:00
14050201134500,11010203152869,,,,,2026-04-21 13:45:00,1405-02-01 13:45:00,,faham,0.0,,,,,,,,,,,,,,,,,233.39999389648438,,,2.069999933242798,,,,0.0,,,,0,2026-05-29 13:13:00
14050201140000,11010203152869,,,,,2026-04-21 14:00:00,1405-02-01 14:00:00,,faham,0.0,,,,,,,,,,,,,,,,,234.8000030517578,,,1.690000057220459,,,,0.0,,,,0,2026-05-29 13:13:00
14050201141500,11010203152869,,,,,2026-04-21 14:15:00,1405-02-01 14:15:00,,faham,0.0,,,,,,,,,,,,,,,,,233.10000610351562,,,1.440000057220459,,,,0.0,,,,0,2026-05-29 13:19:00
14050201143000,11010203152869,,,,,2026-04-21 14:30:00,1405-02-01 14:30:00,,faham,0.0,,,,,,,,,,,,,,,,,234.5,,,1.0399999618530273,,,,0.0,,,,0,2026-05-29 13:19:00
14050201144500,11010203152869,,,,,2026-04-21 14:45:00,1405-02-01 14:45:00,,faham,0.0,,,,,,,,,,,,,,,,,235.6999969482422,,,1.2999999523162842,,,,0.0,,,,0,2026-05-29 13:24:00
14050201150000,11010203152869,,,,,2026-04-21 15:00:00,1405-02-01 15:00:00,,faham,0.0,,,,,,,,,,,,,,,,,234.6999969482422,,,1.5800000429153442,,,,0.0,,,,0,2026-05-29 13:24:00
14050201151500,11010203152869,,,,,2026-04-21 15:15:00,1405-02-01 15:15:00,,faham,0.0,,,,,,,,,,,,,,,,,235.0,,,1.5700000524520874,,,,0.0,,,,0,2026-05-29 13:30:00
14050201153000,11010203152869,,,,,2026-04-21 15:30:00,1405-02-01 15:30:00,,faham,0.0,,,,,,,,,,,,,,,,,235.10000610351562,,,1.8799999952316284,,,,0.0,,,,0,2026-05-29 13:30:00
14050201154500,11010203152869,,,,,2026-04-21 15:45:00,1405-02-01 15:45:00,,faham,0.0,,,,,,,,,,,,,,,,,234.6999969482422,,,1.2300000190734863,,,,0.0,,,,0,2026-05-29 13:34:00
14050201160000,11010203152869,,,,,2026-04-21 16:00:00,1405-02-01 16:00:00,,faham,0.0,,,,,,,,,,,,,,,,,235.3000030517578,,,1.7699999809265137,,,,0.0,,,,0,2026-05-29 13:34:00
14050201161500,11010203152869,,,,,2026-04-21 16:15:00,1405-02-01 16:15:00,,faham,0.0,,,,,,,,,,,,,,,,,236.60000610351562,,,1.8200000524520874,,,,0.0,,,,0,2026-05-29 13:39:00
14050201163000,11010203152869,,,,,2026-04-21 16:30:00,1405-02-01 16:30:00,,faham,0.0,,,,,,,,,,,,,,,,,236.5,,,1.8300000429153442,,,,0.0,,,,0,2026-05-29 13:39:00
14050201164500,11010203152869,,,,,2026-04-21 16:45:00,1405-02-01 16:45:00,,faham,0.0,,,,,,,,,,,,,,,,,236.10000610351562,,,2.3399999141693115,,,,0.0,,,,0,2026-05-29 13:43:00
14050201170000,11010203152869,,,,,2026-04-21 17:00:00,1405-02-01 17:00:00,,faham,0.0,,,,,,,,,,,,,,,,,236.10000610351562,,,1.649999976158142,,,,0.0,,,,0,2026-05-29 13:43:00
14050201171500,11010203152869,,,,,2026-04-21 17:15:00,1405-02-01 17:15:00,,faham,0.0,,,,,,,,,,,,,,,,,234.89999389648438,,,4.03000020980835,,,,0.0,,,,0,2026-05-29 13:48:00
14050201173000,11010203152869,,,,,2026-04-21 17:30:00,1405-02-01 17:30:00,,faham,0.0,,,,,,,,,,,,,,,,,235.3000030517578,,,3.390000104904175,,,,0.0,,,,0,2026-05-29 13:48:00
14050201174500,11010203152869,,,,,2026-04-21 17:45:00,1405-02-01 17:45:00,,faham,0.0,,,,,,,,,,,,,,,,,235.8000030517578,,,1.350000023841858,,,,0.0,,,,0,2026-05-29 13:53:00
14050201180000,11010203152869,,,,,2026-04-21 18:00:00,1405-02-01 18:00:00,,faham,0.0,,,,,,,,,,,,,,,109.0,1.0,236.1,,,2.1,,,442.0,0.0,0.0,53.0,0,0,
14050201181500,11010203152869,,,,,2026-04-21 18:15:00,1405-02-01 18:15:00,,faham,0.0,,,,,,,,,,,,,,,,,235.10000610351562,,,1.9500000476837158,,,,0.0,,,,0,2026-05-29 13:56:00
14050201183000,11010203152869,,,,,2026-04-21 18:30:00,1405-02-01 18:30:00,,faham,0.0,,,,,,,,,,,,,,,,,235.8000030517578,,,2.380000114440918,,,,0.0,,,,0,2026-05-29 13:56:00
14050201184500,11010203152869,,,,,2026-04-21 18:45:00,1405-02-01 18:45:00,,faham,0.0,,,,,,,,,,,,,,,,,234.3000030517578,,,2.009999990463257,,,,0.0,,,,0,2026-05-29 14:46:00
14050201190000,11010203152869,,,,,2026-04-21 19:00:00,1405-02-01 19:00:00,,faham,0.0,,,,,,,,,,,,,,,,,233.5,,,2.9200000762939453,,,,0.0,,,,0,2026-05-29 14:46:00
14050201191500,11010203152869,,,,,2026-04-21 19:15:00,1405-02-01 19:15:00,,faham,0.0,,,,,,,,,,,,,,,,,234.1999969482422,,,2.940000057220459,,,,0.0,,,,0,2026-05-29 14:51:00
14050201193000,11010203152869,,,,,2026-04-21 19:30:00,1405-02-01 19:30:00,,faham,0.0,,,,,,,,,,,,,,,,,233.60000610351562,,,2.609999895095825,,,,0.0,,,,0,2026-05-29 14:51:00
14050201194500,11010203152869,,,,,2026-04-21 19:45:00,1405-02-01 19:45:00,,faham,0.0,,,,,,,,,,,,,,,,,233.3000030517578,,,2.3299999237060547,,,,0.0,,,,0,2026-05-29 14:56:00
14050201200000,11010203152869,,,,,2026-04-21 20:00:00,1405-02-01 20:00:00,,faham,0.0,,,,,,,,,,,,,,,,,232.6999969482422,,,2.7200000286102295,,,,0.0,,,,0,2026-05-29 14:56:00
14050201201500,11010203152869,,,,,2026-04-21 20:15:00,1405-02-01 20:15:00,,faham,0.0,,,,,,,,,,,,,,,,,233.3000030517578,,,2.9000000953674316,,,,0.0,,,,0,2026-05-29 15:01:00
14050201203000,11010203152869,,,,,2026-04-21 20:30:00,1405-02-01 20:30:00,,faham,0.0,,,,,,,,,,,,,,,,,232.8000030517578,,,2.680000066757202,,,,0.0,,,,0,2026-05-29 15:01:00
14050201204500,11010203152869,,,,,2026-04-21 20:45:00,1405-02-01 20:45:00,,faham,0.0,,,,,,,,,,,,,,,,,233.0,,,2.619999885559082,,,,0.0,,,,0,2026-05-29 15:06:00
14050201210000,11010203152869,,,,,2026-04-21 21:00:00,1405-02-01 21:00:00,,faham,0.0,,,,,,,,,,,,,,,,,234.10000610351562,,,1.9500000476837158,,,,0.0,,,,0,2026-05-29 15:06:00
14050201211500,11010203152869,,,,,2026-04-21 21:15:00,1405-02-01 21:15:00,,faham,0.0,,,,,,,,,,,,,,,,,235.3000030517578,,,1.3600000143051147,,,,0.0,,,,0,2026-05-29 15:11:00
14050201213000,11010203152869,,,,,2026-04-21 21:30:00,1405-02-01 21:30:00,,faham,0.0,,,,,,,,,,,,,,,,,235.1999969482422,,,2.8499999046325684,,,,0.0,,,,0,2026-05-29 15:11:00
14050201214500,11010203152869,,,,,2026-04-21 21:45:00,1405-02-01 21:45:00,,faham,0.0,,,,,,,,,,,,,,,,,235.6999969482422,,,1.7000000476837158,,,,0.0,,,,0,2026-05-29 15:17:00
14050201220000,11010203152869,,,,,2026-04-21 22:00:00,1405-02-01 22:00:00,,faham,0.0,,,,,,,,,,,,,,,,,236.3000030517578,,,1.5700000524520874,,,,0.0,,,,0,2026-05-29 15:17:00
14050201221500,11010203152869,,,,,2026-04-21 22:15:00,1405-02-01 22:15:00,,faham,0.0,,,,,,,,,,,,,,,,,237.1999969482422,,,0.8500000238418579,,,,0.0,,,,0,2026-05-29 15:23:00
14050201223000,11010203152869,,,,,2026-04-21 22:30:00,1405-02-01 22:30:00,,faham,0.0,,,,,,,,,,,,,,,,,237.3000030517578,,,1.0099999904632568,,,,0.0,,,,0,2026-05-29 15:23:00
14050201224500,11010203152869,,,,,2026-04-21 22:45:00,1405-02-01 22:45:00,,faham,0.0,,,,,,,,,,,,,,,,,235.10000610351562,,,1.0700000524520874,,,,0.0,,,,0,2026-05-29 15:28:00
14050201230000,11010203152869,,,,,2026-04-21 23:00:00,1405-02-01 23:00:00,,faham,0.0,,,,,,,,,,,,,,,,,234.5,,,1.0099999904632568,,,,0.0,,,,0,2026-05-29 15:28:00
14050201231500,11010203152869,,,,,2026-04-21 23:15:00,1405-02-01 23:15:00,,faham,0.0,,,,,,,,,,,,,,,,,235.0,,,0.9599999785423279,,,,0.0,,,,0,2026-05-29 15:33:00
14050201233000,11010203152869,,,,,2026-04-21 23:30:00,1405-02-01 23:30:00,,faham,0.0,,,,,,,,,,,,,,,,,235.10000610351562,,,0.949999988079071,,,,0.0,,,,0,2026-05-29 15:33:00
14050201234500,11010203152869,,,,,2026-04-21 23:45:00,1405-02-01 23:45:00,,faham,0.0,,,,,,,,,,,,,,,,,236.10000610351562,,,0.9399999976158142,,,,0.0,,,,0,2026-05-29 15:39:00
14050201000000,11010203156588,,,,,2026-04-21 00:00:00,1405-02-01 00:00:00,,faham,0.0,,,,,,,,,,,,,,,,,228.10000610351562,,,0.6100000143051147,,,,0.0,,,,0,2026-05-29 10:51:00
14050201001500,11010203156588,,,,,2026-04-21 00:15:00,1405-02-01 00:15:00,,faham,0.0,,,,,,,,,,,,,,,,,228.89999389648438,,,1.2000000476837158,,,,0.0,,,,0,2026-05-29 10:57:00
14050201003000,11010203156588,,,,,2026-04-21 00:30:00,1405-02-01 00:30:00,,faham,0.0,,,,,,,,,,,,,,,,,229.39999389648438,,,0.9300000071525574,,,,0.0,,,,0,2026-05-29 10:57:00
14050201004500,11010203156588,,,,,2026-04-21 00:45:00,1405-02-01 00:45:00,,faham,0.0,,,,,,,,,,,,,,,,,230.1999969482422,,,0.9200000166893005,,,,0.0,,,,0,2026-05-29 11:03:00
14050201010000,11010203156588,,,,,2026-04-21 01:00:00,1405-02-01 01:00:00,,faham,0.0,,,,,,,,,,,,,,,,,230.39999389648438,,,0.7799999713897705,,,,0.0,,,,0,2026-05-29 11:03:00
14050201011500,11010203156588,,,,,2026-04-21 01:15:00,1405-02-01 01:15:00,,faham,0.0,,,,,,,,,,,,,,,,,230.6999969482422,,,0.9900000095367432,,,,0.0,,,,0,2026-05-29 11:09:00
14050201013000,11010203156588,,,,,2026-04-21 01:30:00,1405-02-01 01:30:00,,faham,0.0,,,,,,,,,,,,,,,,,231.10000610351562,,,0.7799999713897705,,,,0.0,,,,0,2026-05-29 11:09:00
14050201014500,11010203156588,,,,,2026-04-21 01:45:00,1405-02-01 01:45:00,,faham,0.0,,,,,,,,,,,,,,,,,231.60000610351562,,,0.9200000166893005,,,,0.0,,,,0,2026-05-29 11:14:00
14050201020000,11010203156588,,,,,2026-04-21 02:00:00,1405-02-01 02:00:00,,faham,0.0,,,,,,,,,,,,,,,,,231.8000030517578,,,1.090000033378601,,,,0.0,,,,0,2026-05-29 11:14:00
14050201021500,11010203156588,,,,,2026-04-21 02:15:00,1405-02-01 02:15:00,,faham,0.0,,,,,,,,,,,,,,,,,231.8000030517578,,,0.9700000286102295,,,,0.0,,,,0,2026-05-29 11:19:00
14050201023000,11010203156588,,,,,2026-04-21 02:30:00,1405-02-01 02:30:00,,faham,0.0,,,,,,,,,,,,,,,,,232.10000610351562,,,0.7900000214576721,,,,0.0,,,,0,2026-05-29 11:19:00
14050201024500,11010203156588,,,,,2026-04-21 02:45:00,1405-02-01 02:45:00,,faham,0.0,,,,,,,,,,,,,,,,,232.3000030517578,,,0.8100000023841858,,,,0.0,,,,0,2026-05-29 11:24:00
14050201030000,11010203156588,,,,,2026-04-21 03:00:00,1405-02-01 03:00:00,,faham,0.0,,,,,,,,,,,,,,,,,232.10000610351562,,,0.9800000190734863,,,,0.0,,,,0,2026-05-29 11:24:00
14050201031500,11010203156588,,,,,2026-04-21 03:15:00,1405-02-01 03:15:00,,faham,0.0,,,,,,,,,,,,,,,,,231.6999969482422,,,0.6700000166893005,,,,0.0,,,,0,2026-05-29 11:28:00
14050201033000,11010203156588,,,,,2026-04-21 03:30:00,1405-02-01 03:30:00,,faham,0.0,,,,,,,,,,,,,,,,,231.5,,,0.9700000286102295,,,,0.0,,,,0,2026-05-29 11:28:00
14050201034500,11010203156588,,,,,2026-04-21 03:45:00,1405-02-01 03:45:00,,faham,0.0,,,,,,,,,,,,,,,,,232.10000610351562,,,0.7400000095367432,,,,0.0,,,,0,2026-05-29 11:34:00
14050201040000,11010203156588,,,,,2026-04-21 04:00:00,1405-02-01 04:00:00,,faham,0.0,,,,,,,,,,,,,,,,,232.5,,,0.8600000143051147,,,,0.0,,,,0,2026-05-29 11:34:00
14050201041500,11010203156588,,,,,2026-04-21 04:15:00,1405-02-01 04:15:00,,faham,0.0,,,,,,,,,,,,,,,,,232.10000610351562,,,0.7099999785423279,,,,0.0,,,,0,2026-05-29 11:39:00
14050201043000,11010203156588,,,,,2026-04-21 04:30:00,1405-02-01 04:30:00,,faham,0.0,,,,,,,,,,,,,,,,,231.6999969482422,,,0.9700000286102295,,,,0.0,,,,0,2026-05-29 11:39:00
14050201044500,11010203156588,,,,,2026-04-21 04:45:00,1405-02-01 04:45:00,,faham,0.0,,,,,,,,,,,,,,,,,232.10000610351562,,,0.5899999737739563,,,,0.0,,,,0,2026-05-29 11:43:00
14050201050000,11010203156588,,,,,2026-04-21 05:00:00,1405-02-01 05:00:00,,faham,0.0,,,,,,,,,,,,,,,,,232.10000610351562,,,1.0,,,,0.0,,,,0,2026-05-29 11:43:00
14050201051500,11010203156588,,,,,2026-04-21 05:15:00,1405-02-01 05:15:00,,faham,0.0,,,,,,,,,,,,,,,,,232.10000610351562,,,0.6299999952316284,,,,0.0,,,,0,2026-05-29 11:48:00
14050201053000,11010203156588,,,,,2026-04-21 05:30:00,1405-02-01 05:30:00,,faham,0.0,,,,,,,,,,,,,,,,,232.3000030517578,,,0.949999988079071,,,,0.0,,,,0,2026-05-29 11:48:00
14050201054500,11010203156588,,,,,2026-04-21 05:45:00,1405-02-01 05:45:00,,faham,0.0,,,,,,,,,,,,,,,,,232.89999389648438,,,0.7300000190734863,,,,0.0,,,,0,2026-05-29 11:53:00
14050201060000,11010203156588,,,,,2026-04-21 06:00:00,1405-02-01 06:00:00,,faham,0.0,,,,,,,,,,,,,,,,,232.5,,,0.8399999737739563,,,,0.0,,,,0,2026-05-29 11:53:00
14050201061500,11010203156588,,,,,2026-04-21 06:15:00,1405-02-01 06:15:00,,faham,0.0,,,,,,,,,,,,,,,,,232.0,,,0.8500000238418579,,,,0.0,,,,0,2026-05-29 11:58:00
14050201063000,11010203156588,,,,,2026-04-21 06:30:00,1405-02-01 06:30:00,,faham,0.0,,,,,,,,,,,,,,,,,230.89999389648438,,,0.7300000190734863,,,,0.0,,,,0,2026-05-29 11:58:00
14050201064500,11010203156588,,,,,2026-04-21 06:45:00,1405-02-01 06:45:00,,faham,0.0,,,,,,,,,,,,,,,,,230.60000610351562,,,0.8999999761581421,,,,0.0,,,,0,2026-05-29 12:03:00
14050201070000,11010203156588,,,,,2026-04-21 07:00:00,1405-02-01 07:00:00,,faham,0.0,,,,,,,,,,,,,,,,,230.8000030517578,,,0.699999988079071,,,,0.0,,,,0,2026-05-29 12:03:00
14050201071500,11010203156588,,,,,2026-04-21 07:15:00,1405-02-01 07:15:00,,faham,0.0,,,,,,,,,,,,,,,,,230.39999389648438,,,0.8600000143051147,,,,0.0,,,,0,2026-05-29 12:08:00
14050201073000,11010203156588,,,,,2026-04-21 07:30:00,1405-02-01 07:30:00,,faham,0.0,,,,,,,,,,,,,,,,,229.8000030517578,,,0.8999999761581421,,,,0.0,,,,0,2026-05-29 12:08:00
14050201074500,11010203156588,,,,,2026-04-21 07:45:00,1405-02-01 07:45:00,,faham,0.0,,,,,,,,,,,,,,,,,228.39999389648438,,,0.75,,,,0.0,,,,0,2026-05-29 12:13:00
14050201080000,11010203156588,,,,,2026-04-21 08:00:00,1405-02-01 08:00:00,,faham,0.0,,,,,,,,,,,,,,,,,227.89999389648438,,,0.8700000047683716,,,,0.0,,,,0,2026-05-29 12:13:00
14050201081500,11010203156588,,,,,2026-04-21 08:15:00,1405-02-01 08:15:00,,faham,0.0,,,,,,,,,,,,,,,,,228.89999389648438,,,0.6700000166893005,,,,0.0,,,,0,2026-05-29 12:18:00
14050201083000,11010203156588,,,,,2026-04-21 08:30:00,1405-02-01 08:30:00,,faham,0.0,,,,,,,,,,,,,,,,,229.89999389648438,,,0.9599999785423279,,,,0.0,,,,0,2026-05-29 12:18:00
14050201084500,11010203156588,,,,,2026-04-21 08:45:00,1405-02-01 08:45:00,,faham,0.0,,,,,,,,,,,,,,,,,230.3000030517578,,,0.6499999761581421,,,,0.0,,,,0,2026-05-29 12:23:00
14050201090000,11010203156588,,,,,2026-04-21 09:00:00,1405-02-01 09:00:00,,faham,0.0,,,,,,,,,,,,,,,,,230.3000030517578,,,0.949999988079071,,,,0.0,,,,0,2026-05-29 12:23:00
14050201091500,11010203156588,,,,,2026-04-21 09:15:00,1405-02-01 09:15:00,,faham,0.0,,,,,,,,,,,,,,,,,230.6999969482422,,,0.6499999761581421,,,,0.0,,,,0,2026-05-29 12:28:00
14050201093000,11010203156588,,,,,2026-04-21 09:30:00,1405-02-01 09:30:00,,faham,0.0,,,,,,,,,,,,,,,,,230.0,,,1.2000000476837158,,,,0.0,,,,0,2026-05-29 12:28:00
14050201094500,11010203156588,,,,,2026-04-21 09:45:00,1405-02-01 09:45:00,,faham,0.0,,,,,,,,,,,,,,,,,228.10000610351562,,,1.0800000429153442,,,,0.0,,,,0,2026-05-29 12:33:00
14050201100000,11010203156588,,,,,2026-04-21 10:00:00,1405-02-01 10:00:00,,faham,0.0,,,,,,,,,,,,,,,,,228.6999969482422,,,1.4199999570846558,,,,0.0,,,,0,2026-05-29 12:33:00
14050201101500,11010203156588,,,,,2026-04-21 10:15:00,1405-02-01 10:15:00,,faham,0.0,,,,,,,,,,,,,,,,,228.8000030517578,,,1.2300000190734863,,,,0.0,,,,0,2026-05-29 12:39:00
14050201103000,11010203156588,,,,,2026-04-21 10:30:00,1405-02-01 10:30:00,,faham,0.0,,,,,,,,,,,,,,,,,228.60000610351562,,,1.2599999904632568,,,,0.0,,,,0,2026-05-29 12:39:00
14050201104500,11010203156588,,,,,2026-04-21 10:45:00,1405-02-01 10:45:00,,faham,0.0,,,,,,,,,,,,,,,,,230.60000610351562,,,1.649999976158142,,,,0.0,,,,0,2026-05-29 12:43:00
14050201110000,11010203156588,,,,,2026-04-21 11:00:00,1405-02-01 11:00:00,,faham,0.0,,,,,,,,,,,,,,,,,230.1999969482422,,,1.5399999618530273,,,,0.0,,,,0,2026-05-29 12:43:00
14050201111500,11010203156588,,,,,2026-04-21 11:15:00,1405-02-01 11:15:00,,faham,0.0,,,,,,,,,,,,,,,,,230.60000610351562,,,2.0,,,,0.0,,,,0,2026-05-29 12:49:00
14050201113000,11010203156588,,,,,2026-04-21 11:30:00,1405-02-01 11:30:00,,faham,0.0,,,,,,,,,,,,,,,,,230.39999389648438,,,1.9600000381469727,,,,0.0,,,,0,2026-05-29 12:49:00
14050201114500,11010203156588,,,,,2026-04-21 11:45:00,1405-02-01 11:45:00,,faham,0.0,,,,,,,,,,,,,,,,,229.8000030517578,,,1.409999966621399,,,,0.0,,,,0,2026-05-29 12:53:00
14050201120000,11010203156588,,,,,2026-04-21 12:00:00,1405-02-01 12:00:00,,faham,0.0,,,,,,,,,,,,,,,,,229.60000610351562,,,1.399999976158142,,,,0.0,,,,0,2026-05-29 12:53:00
14050201121500,11010203156588,,,,,2026-04-21 12:15:00,1405-02-01 12:15:00,,faham,0.0,,,,,,,,,,,,,,,,,231.3000030517578,,,1.6399999856948853,,,,0.0,,,,0,2026-05-29 12:58:00
14050201123000,11010203156588,,,,,2026-04-21 12:30:00,1405-02-01 12:30:00,,faham,0.0,,,,,,,,,,,,,,,,,231.5,,,1.3300000429153442,,,,0.0,,,,0,2026-05-29 12:58:00
14050201124500,11010203156588,,,,,2026-04-21 12:45:00,1405-02-01 12:45:00,,faham,0.0,,,,,,,,,,,,,,,,,231.8000030517578,,,1.8700000047683716,,,,0.0,,,,0,2026-05-29 13:03:00
14050201130000,11010203156588,,,,,2026-04-21 13:00:00,1405-02-01 13:00:00,,faham,0.0,,,,,,,,,,,,,,,,,231.60000610351562,,,1.090000033378601,,,,0.0,,,,0,2026-05-29 13:03:00
14050201131500,11010203156588,,,,,2026-04-21 13:15:00,1405-02-01 13:15:00,,faham,0.0,,,,,,,,,,,,,,,,,227.6999969482422,,,1.659999966621399,,,,0.0,,,,0,2026-05-29 13:09:00
14050201133000,11010203156588,,,,,2026-04-21 13:30:00,1405-02-01 13:30:00,,faham,0.0,,,,,,,,,,,,,,,,,228.10000610351562,,,2.140000104904175,,,,0.0,,,,0,2026-05-29 13:09:00
14050201134500,11010203156588,,,,,2026-04-21 13:45:00,1405-02-01 13:45:00,,faham,0.0,,,,,,,,,,,,,,,,,229.60000610351562,,,1.7100000381469727,,,,0.0,,,,0,2026-05-29 13:13:00
14050201140000,11010203156588,,,,,2026-04-21 14:00:00,1405-02-01 14:00:00,,faham,0.0,,,,,,,,,,,,,,,,,230.60000610351562,,,1.6100000143051147,,,,0.0,,,,0,2026-05-29 13:13:00
14050201141500,11010203156588,,,,,2026-04-21 14:15:00,1405-02-01 14:15:00,,faham,0.0,,,,,,,,,,,,,,,,,229.10000610351562,,,1.8200000524520874,,,,0.0,,,,0,2026-05-29 13:19:00
14050201143000,11010203156588,,,,,2026-04-21 14:30:00,1405-02-01 14:30:00,,faham,0.0,,,,,,,,,,,,,,,,,228.5,,,1.149999976158142,,,,0.0,,,,0,2026-05-29 13:19:00
14050201144500,11010203156588,,,,,2026-04-21 14:45:00,1405-02-01 14:45:00,,faham,0.0,,,,,,,,,,,,,,,,,228.89999389648438,,,1.6200000047683716,,,,0.0,,,,0,2026-05-29 13:24:00
14050201150000,11010203156588,,,,,2026-04-21 15:00:00,1405-02-01 15:00:00,,faham,0.0,,,,,,,,,,,,,,,,,230.0,,,0.8399999737739563,,,,0.0,,,,0,2026-05-29 13:24:00
14050201151500,11010203156588,,,,,2026-04-21 15:15:00,1405-02-01 15:15:00,,faham,0.0,,,,,,,,,,,,,,,,,228.8000030517578,,,1.1200000047683716,,,,0.0,,,,0,2026-05-29 13:30:00
14050201153000,11010203156588,,,,,2026-04-21 15:30:00,1405-02-01 15:30:00,,faham,0.0,,,,,,,,,,,,,,,,,229.10000610351562,,,0.8199999928474426,,,,0.0,,,,0,2026-05-29 13:30:00
14050201154500,11010203156588,,,,,2026-04-21 15:45:00,1405-02-01 15:45:00,,faham,0.0,,,,,,,,,,,,,,,,,228.39999389648438,,,1.559999942779541,,,,0.0,,,,0,2026-05-29 13:34:00
14050201160000,11010203156588,,,,,2026-04-21 16:00:00,1405-02-01 16:00:00,,faham,0.0,,,,,,,,,,,,,,,,,228.0,,,1.8700000047683716,,,,0.0,,,,0,2026-05-29 13:34:00
14050201161500,11010203156588,,,,,2026-04-21 16:15:00,1405-02-01 16:15:00,,faham,0.0,,,,,,,,,,,,,,,,,229.60000610351562,,,1.309999942779541,,,,0.0,,,,0,2026-05-29 13:39:00
14050201163000,11010203156588,,,,,2026-04-21 16:30:00,1405-02-01 16:30:00,,faham,0.0,,,,,,,,,,,,,,,,,229.60000610351562,,,1.0,,,,0.0,,,,0,2026-05-29 13:39:00
14050201164500,11010203156588,,,,,2026-04-21 16:45:00,1405-02-01 16:45:00,,faham,0.0,,,,,,,,,,,,,,,,,229.1999969482422,,,1.0499999523162842,,,,0.0,,,,0,2026-05-29 13:43:00
14050201170000,11010203156588,,,,,2026-04-21 17:00:00,1405-02-01 17:00:00,,faham,0.0,,,,,,,,,,,,,,,,,227.5,,,1.100000023841858,,,,0.0,,,,0,2026-05-29 13:43:00
14050201171500,11010203156588,,,,,2026-04-21 17:15:00,1405-02-01 17:15:00,,faham,0.0,,,,,,,,,,,,,,,,,228.39999389648438,,,1.25,,,,0.0,,,,0,2026-05-29 13:48:00
14050201173000,11010203156588,,,,,2026-04-21 17:30:00,1405-02-01 17:30:00,,faham,0.0,,,,,,,,,,,,,,,,,228.8000030517578,,,1.2699999809265137,,,,0.0,,,,0,2026-05-29 13:48:00
14050201174500,11010203156588,,,,,2026-04-21 17:45:00,1405-02-01 17:45:00,,faham,0.0,,,,,,,,,,,,,,,,,228.60000610351562,,,1.350000023841858,,,,0.0,,,,0,2026-05-29 13:53:00
14050201180000,11010203156588,,,,,2026-04-21 18:00:00,1405-02-01 18:00:00,,faham,0.0,,,,,,,,,,,,,,,58.0,0.0,228.3,,,1.15,,,237.0,0.0,0.0,13.0,0,0,
14050201181500,11010203156588,,,,,2026-04-21 18:15:00,1405-02-01 18:15:00,,faham,0.0,,,,,,,,,,,,,,,,,227.8000030517578,,,0.7599999904632568,,,,0.0,,,,0,2026-05-29 13:56:00
14050201183000,11010203156588,,,,,2026-04-21 18:30:00,1405-02-01 18:30:00,,faham,0.0,,,,,,,,,,,,,,,,,229.0,,,1.0099999904632568,,,,0.0,,,,0,2026-05-29 13:56:00
14050201184500,11010203156588,,,,,2026-04-21 18:45:00,1405-02-01 18:45:00,,faham,0.0,,,,,,,,,,,,,,,,,228.10000610351562,,,0.7799999713897705,,,,0.0,,,,0,2026-05-29 14:46:00
14050201190000,11010203156588,,,,,2026-04-21 19:00:00,1405-02-01 19:00:00,,faham,0.0,,,,,,,,,,,,,,,,,227.0,,,1.399999976158142,,,,0.0,,,,0,2026-05-29 14:46:00
14050201191500,11010203156588,,,,,2026-04-21 19:15:00,1405-02-01 19:15:00,,faham,0.0,,,,,,,,,,,,,,,,,228.1999969482422,,,1.4199999570846558,,,,0.0,,,,0,2026-05-29 14:51:00
14050201193000,11010203156588,,,,,2026-04-21 19:30:00,1405-02-01 19:30:00,,faham,0.0,,,,,,,,,,,,,,,,,227.39999389648438,,,2.0299999713897705,,,,0.0,,,,0,2026-05-29 14:51:00
14050201194500,11010203156588,,,,,2026-04-21 19:45:00,1405-02-01 19:45:00,,faham,0.0,,,,,,,,,,,,,,,,,227.60000610351562,,,2.380000114440918,,,,0.0,,,,0,2026-05-29 14:56:00
14050201200000,11010203156588,,,,,2026-04-21 20:00:00,1405-02-01 20:00:00,,faham,0.0,,,,,,,,,,,,,,,,,227.6999969482422,,,1.75,,,,0.0,,,,0,2026-05-29 14:56:00
14050201201500,11010203156588,,,,,2026-04-21 20:15:00,1405-02-01 20:15:00,,faham,0.0,,,,,,,,,,,,,,,,,228.10000610351562,,,1.649999976158142,,,,0.0,,,,0,2026-05-29 15:01:00
14050201203000,11010203156588,,,,,2026-04-21 20:30:00,1405-02-01 20:30:00,,faham,0.0,,,,,,,,,,,,,,,,,229.3000030517578,,,1.409999966621399,,,,0.0,,,,0,2026-05-29 15:01:00
14050201204500,11010203156588,,,,,2026-04-21 20:45:00,1405-02-01 20:45:00,,faham,0.0,,,,,,,,,,,,,,,,,230.10000610351562,,,1.7599999904632568,,,,0.0,,,,0,2026-05-29 15:06:00
14050201210000,11010203156588,,,,,2026-04-21 21:00:00,1405-02-01 21:00:00,,faham,0.0,,,,,,,,,,,,,,,,,229.3000030517578,,,1.4199999570846558,,,,0.0,,,,0,2026-05-29 15:06:00
14050201211500,11010203156588,,,,,2026-04-21 21:15:00,1405-02-01 21:15:00,,faham,0.0,,,,,,,,,,,,,,,,,229.89999389648438,,,1.6699999570846558,,,,0.0,,,,0,2026-05-29 15:11:00
14050201213000,11010203156588,,,,,2026-04-21 21:30:00,1405-02-01 21:30:00,,faham,0.0,,,,,,,,,,,,,,,,,230.10000610351562,,,1.5499999523162842,,,,0.0,,,,0,2026-05-29 15:11:00
14050201214500,11010203156588,,,,,2026-04-21 21:45:00,1405-02-01 21:45:00,,faham,0.0,,,,,,,,,,,,,,,,,229.6999969482422,,,1.7599999904632568,,,,0.0,,,,0,2026-05-29 15:17:00
14050201220000,11010203156588,,,,,2026-04-21 22:00:00,1405-02-01 22:00:00,,faham,0.0,,,,,,,,,,,,,,,,,229.8000030517578,,,1.2699999809265137,,,,0.0,,,,0,2026-05-29 15:17:00
14050201221500,11010203156588,,,,,2026-04-21 22:15:00,1405-02-01 22:15:00,,faham,0.0,,,,,,,,,,,,,,,,,230.39999389648438,,,1.7799999713897705,,,,0.0,,,,0,2026-05-29 15:23:00
14050201223000,11010203156588,,,,,2026-04-21 22:30:00,1405-02-01 22:30:00,,faham,0.0,,,,,,,,,,,,,,,,,230.0,,,1.7000000476837158,,,,0.0,,,,0,2026-05-29 15:23:00
14050201224500,11010203156588,,,,,2026-04-21 22:45:00,1405-02-01 22:45:00,,faham,0.0,,,,,,,,,,,,,,,,,228.39999389648438,,,1.5700000524520874,,,,0.0,,,,0,2026-05-29 15:28:00
14050201230000,11010203156588,,,,,2026-04-21 23:00:00,1405-02-01 23:00:00,,faham,0.0,,,,,,,,,,,,,,,,,229.3000030517578,,,1.6799999475479126,,,,0.0,,,,0,2026-05-29 15:28:00
14050201231500,11010203156588,,,,,2026-04-21 23:15:00,1405-02-01 23:15:00,,faham,0.0,,,,,,,,,,,,,,,,,229.8000030517578,,,1.4500000476837158,,,,0.0,,,,0,2026-05-29 15:33:00
14050201233000,11010203156588,,,,,2026-04-21 23:30:00,1405-02-01 23:30:00,,faham,0.0,,,,,,,,,,,,,,,,,230.89999389648438,,,1.7899999618530273,,,,0.0,,,,0,2026-05-29 15:33:00
14050201234500,11010203156588,,,,,2026-04-21 23:45:00,1405-02-01 23:45:00,,faham,0.0,,,,,,,,,,,,,,,,,231.8000030517578,,,1.6299999952316284,,,,0.0,,,,0,2026-05-29 15:39:00
14050201000000,11010203157187,,,,,2026-04-21 00:00:00,1405-02-01 00:00:00,,faham,0.0,,,,,,,,,,,,,,,24.0,8.0,233.5,,,0.5799999833106995,,,93.0,0.0,0.0,11.0,0,0,2026-05-29 10:51:00
14050201001500,11010203157187,,,,,2026-04-21 00:15:00,1405-02-01 00:15:00,,faham,0.0,,,,,,,,,,,,,,,44.0,21.0,233.60000610351562,,,0.9200000166893005,,,0.0,0.0,0.0,5.0,0,0,2026-05-29 10:57:00
14050201003000,11010203157187,,,,,2026-04-21 00:30:00,1405-02-01 00:30:00,,faham,0.0,,,,,,,,,,,,,,,13.0,2.0,234.10000610351562,,,0.44999998807907104,,,41.0,0.0,0.0,16.0,0,0,2026-05-29 10:57:00
14050201004500,11010203157187,,,,,2026-04-21 00:45:00,1405-02-01 00:45:00,,faham,0.0,,,,,,,,,,,,,,,34.0,14.0,234.5,,,0.7300000190734863,,,149.0,0.0,0.0,7.0,0,0,2026-05-29 11:03:00
14050201010000,11010203157187,,,,,2026-04-21 01:00:00,1405-02-01 01:00:00,,faham,0.0,,,,,,,,,,,,,,,24.0,7.0,235.0,,,0.5699999928474426,,,84.0,0.0,0.0,11.0,0,0,2026-05-29 11:03:00
14050201011500,11010203157187,,,,,2026-04-21 01:15:00,1405-02-01 01:15:00,,faham,0.0,,,,,,,,,,,,,,,43.0,20.0,234.39999389648438,,,0.9100000262260437,,,188.0,0.0,0.0,5.0,0,0,2026-05-29 11:09:00
14050201013000,11010203157187,,,,,2026-04-21 01:30:00,1405-02-01 01:30:00,,faham,0.0,,,,,,,,,,,,,,,16.0,3.0,234.8000030517578,,,0.47999998927116394,,,51.0,0.0,0.0,16.0,0,0,2026-05-29 11:09:00
14050201014500,11010203157187,,,,,2026-04-21 01:45:00,1405-02-01 01:45:00,,faham,0.0,,,,,,,,,,,,,,,31.0,13.0,235.0,,,0.6899999976158142,,,137.0,0.0,0.0,8.0,0,0,2026-05-29 11:14:00
14050201020000,11010203157187,,,,,2026-04-21 02:00:00,1405-02-01 02:00:00,,faham,0.0,,,,,,,,,,,,,,,29.0,10.0,235.10000610351562,,,0.6399999856948853,,,103.0,0.0,0.0,10.0,0,0,2026-05-29 11:14:00
14050201021500,11010203157187,,,,,2026-04-21 02:15:00,1405-02-01 02:15:00,,faham,0.0,,,,,,,,,,,,,,,39.0,18.0,234.89999389648438,,,0.8399999737739563,,,169.0,0.0,0.0,7.0,0,0,2026-05-29 11:19:00
14050201023000,11010203157187,,,,,2026-04-21 02:30:00,1405-02-01 02:30:00,,faham,0.0,,,,,,,,,,,,,,,21.0,7.0,234.89999389648438,,,0.5699999928474426,,,76.0,0.0,0.0,13.0,0,0,2026-05-29 11:19:00
14050201024500,11010203157187,,,,,2026-04-21 02:45:00,1405-02-01 02:45:00,,faham,0.0,,,,,,,,,,,,,,,25.0,9.0,234.6999969482422,,,0.5899999737739563,,,111.0,0.0,0.0,10.0,0,0,2026-05-29 11:24:00
14050201030000,11010203157187,,,,,2026-04-21 03:00:00,1405-02-01 03:00:00,,faham,0.0,,,,,,,,,,,,,,,33.0,13.0,235.60000610351562,,,0.7099999785423279,,,120.0,0.0,0.0,9.0,0,0,2026-05-29 11:24:00
14050201031500,11010203157187,,,,,2026-04-21 03:15:00,1405-02-01 03:15:00,,faham,0.0,,,,,,,,,,,,,,,34.0,15.0,234.6999969482422,,,0.7599999904632568,,,148.0,0.0,0.0,9.0,0,0,2026-05-29 11:28:00
14050201033000,11010203157187,,,,,2026-04-21 03:30:00,1405-02-01 03:30:00,,faham,0.0,,,,,,,,,,,,,,,21.0,7.0,235.10000610351562,,,0.5600000023841858,,,76.0,0.0,0.0,13.0,0,0,2026-05-29 11:28:00
14050201034500,11010203157187,,,,,2026-04-21 03:45:00,1405-02-01 03:45:00,,faham,0.0,,,,,,,,,,,,,,,25.0,9.0,234.1999969482422,,,0.6000000238418579,,,110.0,0.0,0.0,10.0,0,0,2026-05-29 11:34:00
14050201040000,11010203157187,,,,,2026-04-21 04:00:00,1405-02-01 04:00:00,,faham,0.0,,,,,,,,,,,,,,,37.0,15.0,234.39999389648438,,,0.7799999713897705,,,137.0,0.0,0.0,7.0,0,0,2026-05-29 11:34:00
14050201041500,11010203157187,,,,,2026-04-21 04:15:00,1405-02-01 04:15:00,,faham,0.0,,,,,,,,,,,,,,,29.0,12.0,234.5,,,0.6800000071525574,,,126.0,0.0,0.0,10.0,0,0,2026-05-29 11:39:00
14050201043000,11010203157187,,,,,2026-04-21 04:30:00,1405-02-01 04:30:00,,faham,0.0,,,,,,,,,,,,,,,27.0,11.0,234.39999389648438,,,0.6499999761581421,,,101.0,0.0,0.0,11.0,0,0,2026-05-29 11:39:00
14050201044500,11010203157187,,,,,2026-04-21 04:45:00,1405-02-01 04:45:00,,faham,0.0,,,,,,,,,,,,,,,20.0,6.0,235.1999969482422,,,0.5099999904632568,,,88.0,0.0,0.0,13.0,0,0,2026-05-29 11:43:00
14050201050000,11010203157187,,,,,2026-04-21 05:00:00,1405-02-01 05:00:00,,faham,0.0,,,,,,,,,,,,,,,41.0,18.0,235.60000610351562,,,0.8500000238418579,,,154.0,0.0,0.0,6.0,0,0,2026-05-29 11:43:00
14050201051500,11010203157187,,,,,2026-04-21 05:15:00,1405-02-01 05:15:00,,faham,0.0,,,,,,,,,,,,,,,25.0,9.0,233.5,,,0.6200000047683716,,,108.0,0.0,0.0,12.0,0,0,2026-05-29 11:48:00
14050201053000,11010203157187,,,,,2026-04-21 05:30:00,1405-02-01 05:30:00,,faham,0.0,,,,,,,,,,,,,,,32.0,14.0,233.8000030517578,,,0.7300000190734863,,,122.0,0.0,0.0,9.0,0,0,2026-05-29 11:48:00
14050201054500,11010203157187,,,,,2026-04-21 05:45:00,1405-02-01 05:45:00,,faham,0.0,,,,,,,,,,,,,,,14.0,2.0,234.0,,,0.4300000071525574,,,65.0,0.0,0.0,15.0,0,0,2026-05-29 11:53:00
14050201060000,11010203157187,,,,,2026-04-21 06:00:00,1405-02-01 06:00:00,,faham,0.0,,,,,,,,,,,,,,,46.0,21.0,234.0,,,0.9399999976158142,,,178.0,0.0,0.0,4.0,0,0,2026-05-29 11:53:00
14050201061500,11010203157187,,,,,2026-04-21 06:15:00,1405-02-01 06:15:00,,faham,0.0,,,,,,,,,,,,,,,18.0,5.0,234.0,,,0.5199999809265137,,,83.0,0.0,0.0,14.0,0,0,2026-05-29 11:58:00
14050201063000,11010203157187,,,,,2026-04-21 06:30:00,1405-02-01 06:30:00,,faham,0.0,,,,,,,,,,,,,,,35.0,15.0,233.3000030517578,,,0.7699999809265137,,,134.0,0.0,0.0,8.0,0,0,2026-05-29 11:58:00
14050201064500,11010203157187,,,,,2026-04-21 06:45:00,1405-02-01 06:45:00,,faham,0.0,,,,,,,,,,,,,,,11.0,0.0,232.8000030517578,,,0.3700000047683716,,,52.0,0.0,0.0,15.0,0,0,2026-05-29 12:03:00
14050201070000,11010203157187,,,,,2026-04-21 07:00:00,1405-02-01 07:00:00,,faham,0.0,,,,,,,,,,,,,,,52.0,25.0,231.89999389648438,,,1.0399999618530273,,,203.0,0.0,0.0,2.0,0,0,2026-05-29 12:03:00
14050201071500,11010203157187,,,,,2026-04-21 07:15:00,1405-02-01 07:15:00,,faham,0.0,,,,,,,,,,,,,,,13.0,2.0,231.8000030517578,,,0.4399999976158142,,,61.0,0.0,0.0,16.0,0,0,2026-05-29 12:08:00
14050201073000,11010203157187,,,,,2026-04-21 07:30:00,1405-02-01 07:30:00,,faham,0.0,,,,,,,,,,,,,,,38.0,15.0,233.6999969482422,,,0.8100000023841858,,,151.0,0.0,0.0,8.0,0,0,2026-05-29 12:08:00
14050201074500,11010203157187,,,,,2026-04-21 07:45:00,1405-02-01 07:45:00,,faham,0.0,,,,,,,,,,,,,,,10.0,0.0,232.89999389648438,,,0.3499999940395355,,,42.0,0.0,0.0,15.0,0,0,2026-05-29 12:13:00
14050201080000,11010203157187,,,,,2026-04-21 08:00:00,1405-02-01 08:00:00,,faham,0.0,,,,,,,,,,,,,,,56.0,27.0,232.5,,,1.100000023841858,,,222.0,0.0,0.0,1.0,0,0,2026-05-29 12:13:00
14050201081500,11010203157187,,,,,2026-04-21 08:15:00,1405-02-01 08:15:00,,faham,0.0,,,,,,,,,,,,,,,20.0,1.0,232.39999389648438,,,0.5099999904632568,,,80.0,0.0,0.0,15.0,0,0,2026-05-29 12:18:00
14050201083000,11010203157187,,,,,2026-04-21 08:30:00,1405-02-01 08:30:00,,faham,0.0,,,,,,,,,,,,,,,34.0,15.0,231.8000030517578,,,0.7699999809265137,,,139.0,0.0,0.0,8.0,0,0,2026-05-29 12:18:00
14050201084500,11010203157187,,,,,2026-04-21 08:45:00,1405-02-01 08:45:00,,faham,0.0,,,,,,,,,,,,,,,21.0,3.0,232.3000030517578,,,0.5,,,74.0,0.0,0.0,13.0,0,0,2026-05-29 12:23:00
14050201090000,11010203157187,,,,,2026-04-21 09:00:00,1405-02-01 09:00:00,,faham,0.0,,,,,,,,,,,,,,,85.0,32.0,233.89999389648438,,,1.5800000429153442,,,345.0,0.0,0.0,2.0,0,0,2026-05-29 12:23:00
14050201091500,11010203157187,,,,,2026-04-21 09:15:00,1405-02-01 09:15:00,,faham,0.0,,,,,,,,,,,,,,,26.0,0.0,233.6999969482422,,,0.6100000143051147,,,106.0,0.0,0.0,21.0,0,0,2026-05-29 12:28:00
14050201093000,11010203157187,,,,,2026-04-21 09:30:00,1405-02-01 09:30:00,,faham,0.0,,,,,,,,,,,,,,,52.0,15.0,234.39999389648438,,,1.0199999809265137,,,210.0,0.0,0.0,8.0,0,0,2026-05-29 12:28:00
14050201094500,11010203157187,,,,,2026-04-21 09:45:00,1405-02-01 09:45:00,,faham,0.0,,,,,,,,,,,,,,,30.0,1.0,234.6999969482422,,,0.6399999856948853,,,116.0,0.0,0.0,17.0,0,0,2026-05-29 12:33:00
14050201100000,11010203157187,,,,,2026-04-21 10:00:00,1405-02-01 10:00:00,,faham,0.0,,,,,,,,,,,,,,,94.0,37.0,234.39999389648438,,,1.75,,,379.0,0.0,0.0,1.0,0,0,2026-05-29 12:33:00
14050201101500,11010203157187,,,,,2026-04-21 10:15:00,1405-02-01 10:15:00,,faham,0.0,,,,,,,,,,,,,,,40.0,1.0,235.0,,,0.7900000214576721,,,164.0,0.0,0.0,16.0,0,0,2026-05-29 12:39:00
14050201103000,11010203157187,,,,,2026-04-21 10:30:00,1405-02-01 10:30:00,,faham,0.0,,,,,,,,,,,,,,,79.0,29.0,233.8000030517578,,,1.5099999904632568,,,314.0,0.0,0.0,7.0,0,0,2026-05-29 12:39:00
14050201104500,11010203157187,,,,,2026-04-21 10:45:00,1405-02-01 10:45:00,,faham,0.0,,,,,,,,,,,,,,,64.0,8.0,234.1999969482422,,,1.2100000381469727,,,252.0,0.0,0.0,8.0,0,0,2026-05-29 12:43:00
14050201110000,11010203157187,,,,,2026-04-21 11:00:00,1405-02-01 11:00:00,,faham,0.0,,,,,,,,,,,,,,,84.0,22.0,233.89999389648438,,,1.559999942779541,,,339.0,0.0,0.0,3.0,0,0,2026-05-29 12:43:00
14050201111500,11010203157187,,,,,2026-04-21 11:15:00,1405-02-01 11:15:00,,faham,0.0,,,,,,,,,,,,,,,51.0,1.0,234.5,,,1.0800000429153442,,,187.0,0.0,0.0,22.0,0,0,2026-05-29 12:49:00
14050201113000,11010203157187,,,,,2026-04-21 11:30:00,1405-02-01 11:30:00,,faham,0.0,,,,,,,,,,,,,,,93.0,23.0,233.8000030517578,,,1.7200000286102295,,,392.0,0.0,0.0,1.0,0,0,2026-05-29 12:49:00
14050201114500,11010203157187,,,,,2026-04-21 11:45:00,1405-02-01 11:45:00,,faham,0.0,,,,,,,,,,,,,,,41.0,6.0,234.0,,,0.8999999761581421,,,164.0,0.0,0.0,18.0,0,0,2026-05-29 12:53:00
14050201120000,11010203157187,,,,,2026-04-21 12:00:00,1405-02-01 12:00:00,,faham,0.0,,,,,,,,,,,,,,,52.0,20.0,234.3000030517578,,,0.9900000095367432,,,213.0,0.0,0.0,1.0,0,0,2026-05-29 12:53:00
14050201121500,11010203157187,,,,,2026-04-21 12:15:00,1405-02-01 12:15:00,,faham,0.0,,,,,,,,,,,,,,,71.0,39.0,234.3000030517578,,,1.4299999475479126,,,278.0,0.0,0.0,2.0,0,0,2026-05-29 12:58:00
14050201123000,11010203157187,,,,,2026-04-21 12:30:00,1405-02-01 12:30:00,,faham,0.0,,,,,,,,,,,,,,,73.0,19.0,234.39999389648438,,,1.4500000476837158,,,300.0,0.0,0.0,9.0,0,0,2026-05-29 12:58:00
14050201124500,11010203157187,,,,,2026-04-21 12:45:00,1405-02-01 12:45:00,,faham,0.0,,,,,,,,,,,,,,,105.0,0.0,233.6999969482422,,,1.850000023841858,,,417.0,0.0,0.0,18.0,0,0,2026-05-29 13:03:00
14050201130000,11010203157187,,,,,2026-04-21 13:00:00,1405-02-01 13:00:00,,faham,0.0,,,,,,,,,,,,,,,67.0,15.0,235.39999389648438,,,1.2799999713897705,,,266.0,0.0,0.0,7.0,0,0,2026-05-29 13:03:00
14050201131500,11010203157187,,,,,2026-04-21 13:15:00,1405-02-01 13:15:00,,faham,0.0,,,,,,,,,,,,,,,78.0,29.0,234.8000030517578,,,1.4500000476837158,,,311.0,0.0,0.0,0.0,0,0,2026-05-29 13:09:00
14050201133000,11010203157187,,,,,2026-04-21 13:30:00,1405-02-01 13:30:00,,faham,0.0,,,,,,,,,,,,,,,71.0,27.0,233.6999969482422,,,1.340000033378601,,,285.0,0.0,0.0,0.0,0,0,2026-05-29 13:09:00
14050201134500,11010203157187,,,,,2026-04-21 13:45:00,1405-02-01 13:45:00,,faham,0.0,,,,,,,,,,,,,,,26.0,3.0,233.0,,,0.6899999976158142,,,109.0,0.0,0.0,17.0,0,0,2026-05-29 13:13:00
14050201140000,11010203157187,,,,,2026-04-21 14:00:00,1405-02-01 14:00:00,,faham,0.0,,,,,,,,,,,,,,,66.0,25.0,232.89999389648438,,,1.2799999713897705,,,264.0,0.0,0.0,2.0,0,0,2026-05-29 13:13:00
14050201141500,11010203157187,,,,,2026-04-21 14:15:00,1405-02-01 14:15:00,,faham,0.0,,,,,,,,,,,,,,,38.0,9.0,233.10000610351562,,,0.8600000143051147,,,155.0,0.0,0.0,12.0,0,0,2026-05-29 13:19:00
14050201143000,11010203157187,,,,,2026-04-21 14:30:00,1405-02-01 14:30:00,,faham,0.0,,,,,,,,,,,,,,,42.0,11.0,232.6999969482422,,,0.9100000262260437,,,166.0,0.0,0.0,11.0,0,0,2026-05-29 13:19:00
14050201144500,11010203157187,,,,,2026-04-21 14:45:00,1405-02-01 14:45:00,,faham,0.0,,,,,,,,,,,,,,,28.0,4.0,232.60000610351562,,,0.6899999976158142,,,115.0,0.0,0.0,14.0,0,0,2026-05-29 13:24:00
14050201150000,11010203157187,,,,,2026-04-21 15:00:00,1405-02-01 15:00:00,,faham,0.0,,,,,,,,,,,,,,,62.0,22.0,233.0,,,1.2100000381469727,,,247.0,0.0,0.0,3.0,0,0,2026-05-29 13:24:00
14050201151500,11010203157187,,,,,2026-04-21 15:15:00,1405-02-01 15:15:00,,faham,0.0,,,,,,,,,,,,,,,32.0,6.0,233.10000610351562,,,0.7699999809265137,,,128.0,0.0,0.0,15.0,0,0,2026-05-29 13:30:00
14050201153000,11010203157187,,,,,2026-04-21 15:30:00,1405-02-01 15:30:00,,faham,0.0,,,,,,,,,,,,,,,49.0,16.0,232.5,,,1.0199999809265137,,,197.0,0.0,0.0,7.0,0,0,2026-05-29 13:30:00
14050201154500,11010203157187,,,,,2026-04-21 15:45:00,1405-02-01 15:45:00,,faham,0.0,,,,,,,,,,,,,,,21.0,0.0,232.6999969482422,,,0.5799999833106995,,,85.0,0.0,0.0,17.0,0,0,2026-05-29 13:34:00
14050201160000,11010203157187,,,,,2026-04-21 16:00:00,1405-02-01 16:00:00,,faham,0.0,,,,,,,,,,,,,,,68.0,26.0,233.10000610351562,,,1.2999999523162842,,,272.0,0.0,0.0,1.0,0,0,2026-05-29 13:34:00
14050201161500,11010203157187,,,,,2026-04-21 16:15:00,1405-02-01 16:15:00,,faham,0.0,,,,,,,,,,,,,,,22.0,1.0,234.8000030517578,,,0.6299999952316284,,,88.0,0.0,0.0,19.0,0,0,2026-05-29 13:39:00
14050201163000,11010203157187,,,,,2026-04-21 16:30:00,1405-02-01 16:30:00,,faham,0.0,,,,,,,,,,,,,,,50.0,16.0,234.6999969482422,,,1.0299999713897705,,,201.0,0.0,0.0,7.0,0,0,2026-05-29 13:39:00
14050201164500,11010203157187,,,,,2026-04-21 16:45:00,1405-02-01 16:45:00,,faham,0.0,,,,,,,,,,,,,,,24.0,1.0,233.89999389648438,,,0.6299999952316284,,,86.0,0.0,0.0,16.0,0,0,2026-05-29 13:43:00
14050201170000,11010203157187,,,,,2026-04-21 17:00:00,1405-02-01 17:00:00,,faham,0.0,,,,,,,,,,,,,,,65.0,24.0,233.10000610351562,,,1.2599999904632568,,,273.0,0.0,0.0,2.0,0,0,2026-05-29 13:43:00
14050201171500,11010203157187,,,,,2026-04-21 17:15:00,1405-02-01 17:15:00,,faham,0.0,,,,,,,,,,,,,,,20.0,0.0,233.60000610351562,,,0.5899999737739563,,,79.0,0.0,0.0,20.0,0,0,2026-05-29 13:48:00
14050201173000,11010203157187,,,,,2026-04-21 17:30:00,1405-02-01 17:30:00,,faham,0.0,,,,,,,,,,,,,,,47.0,15.0,233.89999389648438,,,0.9900000095367432,,,191.0,0.0,0.0,8.0,0,0,2026-05-29 13:48:00
14050201174500,11010203157187,,,,,2026-04-21 17:45:00,1405-02-01 17:45:00,,faham,0.0,,,,,,,,,,,,,,,45.0,13.0,233.89999389648438,,,0.9399999976158142,,,168.0,0.0,0.0,9.0,0,0,2026-05-29 13:53:00
14050201180000,11010203157187,,,,,2026-04-21 18:00:00,1405-02-01 18:00:00,,faham,0.0,,,,,,,,,,,,,,,39.0,10.0,233.9,,,0.88,,,171.0,0.0,0.0,12.0,0,0,
14050201181500,11010203157187,,,,,2026-04-21 18:15:00,1405-02-01 18:15:00,,faham,0.0,,,,,,,,,,,,,,,44.0,13.0,236.1999969482422,,,0.9399999976158142,,,165.0,0.0,0.0,10.0,0,0,2026-05-29 13:56:00
14050201183000,11010203157187,,,,,2026-04-21 18:30:00,1405-02-01 18:30:00,,faham,0.0,,,,,,,,,,,,,,,23.0,1.0,234.39999389648438,,,0.6200000047683716,,,104.0,0.0,0.0,17.0,0,0,2026-05-29 13:56:00
14050201184500,11010203157187,,,,,2026-04-21 18:45:00,1405-02-01 18:45:00,,faham,0.0,,,,,,,,,,,,,,,63.0,23.0,233.10000610351562,,,1.2300000190734863,,,243.0,0.0,0.0,2.0,0,0,2026-05-29 14:46:00
14050201190000,11010203157187,,,,,2026-04-21 19:00:00,1405-02-01 19:00:00,,faham,0.0,,,,,,,,,,,,,,,22.0,1.0,232.5,,,0.6399999856948853,,,102.0,0.0,0.0,19.0,0,0,2026-05-29 14:46:00
14050201191500,11010203157187,,,,,2026-04-21 19:15:00,1405-02-01 19:15:00,,faham,0.0,,,,,,,,,,,,,,,45.0,13.0,232.5,,,0.9599999785423279,,,181.0,0.0,0.0,9.0,0,0,2026-05-29 14:51:00
14050201193000,11010203157187,,,,,2026-04-21 19:30:00,1405-02-01 19:30:00,,faham,0.0,,,,,,,,,,,,,,,29.0,4.0,233.3000030517578,,,0.7099999785423279,,,106.0,0.0,0.0,15.0,0,0,2026-05-29 14:51:00
14050201194500,11010203157187,,,,,2026-04-21 19:45:00,1405-02-01 19:45:00,,faham,0.0,,,,,,,,,,,,,,,58.0,20.0,232.8000030517578,,,1.149999976158142,,,242.0,0.0,0.0,5.0,0,0,2026-05-29 14:56:00
14050201200000,11010203157187,,,,,2026-04-21 20:00:00,1405-02-01 20:00:00,,faham,0.0,,,,,,,,,,,,,,,26.0,3.0,233.10000610351562,,,0.6800000071525574,,,94.0,0.0,0.0,18.0,0,0,2026-05-29 14:56:00
14050201201500,11010203157187,,,,,2026-04-21 20:15:00,1405-02-01 20:15:00,,faham,0.0,,,,,,,,,,,,,,,39.0,10.0,233.5,,,0.8700000047683716,,,165.0,0.0,0.0,11.0,0,0,2026-05-29 15:01:00
14050201203000,11010203157187,,,,,2026-04-21 20:30:00,1405-02-01 20:30:00,,faham,0.0,,,,,,,,,,,,,,,48.0,15.0,232.8000030517578,,,1.0099999904632568,,,184.0,0.0,0.0,8.0,0,0,2026-05-29 15:01:00
14050201204500,11010203157187,,,,,2026-04-21 20:45:00,1405-02-01 20:45:00,,faham,0.0,,,,,,,,,,,,,,,37.0,9.0,233.39999389648438,,,0.8500000238418579,,,157.0,0.0,0.0,13.0,0,0,2026-05-29 15:06:00
14050201210000,11010203157187,,,,,2026-04-21 21:00:00,1405-02-01 21:00:00,,faham,0.0,,,,,,,,,,,,,,,44.0,13.0,233.39999389648438,,,0.949999988079071,,,169.0,0.0,0.0,9.0,0,0,2026-05-29 15:06:00
14050201211500,11010203157187,,,,,2026-04-21 21:15:00,1405-02-01 21:15:00,,faham,0.0,,,,,,,,,,,,,,,22.0,0.0,234.1999969482422,,,0.6100000143051147,,,97.0,0.0,0.0,18.0,0,0,2026-05-29 15:11:00
14050201213000,11010203157187,,,,,2026-04-21 21:30:00,1405-02-01 21:30:00,,faham,0.0,,,,,,,,,,,,,,,65.0,25.0,234.1999969482422,,,1.25,,,251.0,0.0,0.0,2.0,0,0,2026-05-29 15:11:00
14050201214500,11010203157187,,,,,2026-04-21 21:45:00,1405-02-01 21:45:00,,faham,0.0,,,,,,,,,,,,,,,21.0,0.0,235.5,,,0.6200000047683716,,,94.0,0.0,0.0,20.0,0,0,2026-05-29 15:17:00
14050201220000,11010203157187,,,,,2026-04-21 22:00:00,1405-02-01 22:00:00,,faham,0.0,,,,,,,,,,,,,,,46.0,14.0,235.3000030517578,,,0.9700000286102295,,,183.0,0.0,0.0,9.0,0,0,2026-05-29 15:17:00
14050201221500,11010203157187,,,,,2026-04-21 22:15:00,1405-02-01 22:15:00,,faham,0.0,,,,,,,,,,,,,,,27.0,3.0,236.1999969482422,,,0.6700000166893005,,,98.0,0.0,0.0,16.0,0,0,2026-05-29 15:23:00
14050201223000,11010203157187,,,,,2026-04-21 22:30:00,1405-02-01 22:30:00,,faham,0.0,,,,,,,,,,,,,,,58.0,21.0,235.89999389648438,,,1.159999966621399,,,241.0,0.0,0.0,5.0,0,0,2026-05-29 15:23:00
14050201224500,11010203157187,,,,,2026-04-21 22:45:00,1405-02-01 22:45:00,,faham,0.0,,,,,,,,,,,,,,,27.0,3.0,235.6999969482422,,,0.7099999785423279,,,102.0,0.0,0.0,17.0,0,0,2026-05-29 15:28:00
14050201230000,11010203157187,,,,,2026-04-21 23:00:00,1405-02-01 23:00:00,,faham,0.0,,,,,,,,,,,,,,,38.0,11.0,235.0,,,0.8700000047683716,,,162.0,0.0,0.0,12.0,0,0,2026-05-29 15:28:00
14050201231500,11010203157187,,,,,2026-04-21 23:15:00,1405-02-01 23:15:00,,faham,0.0,,,,,,,,,,,,,,,44.0,12.0,233.60000610351562,,,0.9399999976158142,,,168.0,0.0,0.0,10.0,0,0,2026-05-29 15:33:00
14050201233000,11010203157187,,,,,2026-04-21 23:30:00,1405-02-01 23:30:00,,faham,0.0,,,,,,,,,,,,,,,42.0,12.0,232.1999969482422,,,0.9300000071525574,,,177.0,0.0,0.0,10.0,0,0,2026-05-29 15:33:00
14050201234500,11010203157187,,,,,2026-04-21 23:45:00,1405-02-01 23:45:00,,faham,0.0,,,,,,,,,,,,,,,35.0,8.0,233.39999389648438,,,0.8299999833106995,,,136.0,0.0,0.0,13.0,0,0,2026-05-29 15:39:00
14050201000000,11010203157662,,,,,2026-04-21 00:00:00,1405-02-01 00:00:00,,faham,0.0,,,,,,,,,,,,,,,,,229.3000030517578,,,0.5799999833106995,,,,0.0,,,,0,2026-05-29 10:51:00
14050201001500,11010203157662,,,,,2026-04-21 00:15:00,1405-02-01 00:15:00,,faham,0.0,,,,,,,,,,,,,,,,,229.39999389648438,,,0.5699999928474426,,,,0.0,,,,0,2026-05-29 10:57:00
14050201003000,11010203157662,,,,,2026-04-21 00:30:00,1405-02-01 00:30:00,,faham,0.0,,,,,,,,,,,,,,,,,228.3000030517578,,,0.6100000143051147,,,,0.0,,,,0,2026-05-29 10:57:00
14050201004500,11010203157662,,,,,2026-04-21 00:45:00,1405-02-01 00:45:00,,faham,0.0,,,,,,,,,,,,,,,,,228.8000030517578,,,0.699999988079071,,,,0.0,,,,0,2026-05-29 11:03:00
14050201010000,11010203157662,,,,,2026-04-21 01:00:00,1405-02-01 01:00:00,,faham,0.0,,,,,,,,,,,,,,,,,228.89999389648438,,,0.5799999833106995,,,,0.0,,,,0,2026-05-29 11:03:00
14050201011500,11010203157662,,,,,2026-04-21 01:15:00,1405-02-01 01:15:00,,faham,0.0,,,,,,,,,,,,,,,,,228.8000030517578,,,0.5699999928474426,,,,0.0,,,,0,2026-05-29 11:09:00
14050201013000,11010203157662,,,,,2026-04-21 01:30:00,1405-02-01 01:30:00,,faham,0.0,,,,,,,,,,,,,,,,,229.0,,,0.6600000262260437,,,,0.0,,,,0,2026-05-29 11:09:00
14050201014500,11010203157662,,,,,2026-04-21 01:45:00,1405-02-01 01:45:00,,faham,0.0,,,,,,,,,,,,,,,,,229.39999389648438,,,0.6299999952316284,,,,0.0,,,,0,2026-05-29 11:14:00
14050201020000,11010203157662,,,,,2026-04-21 02:00:00,1405-02-01 02:00:00,,faham,0.0,,,,,,,,,,,,,,,,,229.1999969482422,,,0.5799999833106995,,,,0.0,,,,0,2026-05-29 11:14:00
14050201021500,11010203157662,,,,,2026-04-21 02:15:00,1405-02-01 02:15:00,,faham,0.0,,,,,,,,,,,,,,,,,229.10000610351562,,,0.5699999928474426,,,,0.0,,,,0,2026-05-29 11:19:00
14050201023000,11010203157662,,,,,2026-04-21 02:30:00,1405-02-01 02:30:00,,faham,0.0,,,,,,,,,,,,,,,,,229.0,,,0.7099999785423279,,,,0.0,,,,0,2026-05-29 11:19:00
14050201024500,11010203157662,,,,,2026-04-21 02:45:00,1405-02-01 02:45:00,,faham,0.0,,,,,,,,,,,,,,,,,229.6999969482422,,,0.5699999928474426,,,,0.0,,,,0,2026-05-29 11:24:00
14050201030000,11010203157662,,,,,2026-04-21 03:00:00,1405-02-01 03:00:00,,faham,0.0,,,,,,,,,,,,,,,,,229.60000610351562,,,0.5699999928474426,,,,0.0,,,,0,2026-05-29 11:24:00
14050201031500,11010203157662,,,,,2026-04-21 03:15:00,1405-02-01 03:15:00,,faham,0.0,,,,,,,,,,,,,,,,,229.10000610351562,,,0.5699999928474426,,,,0.0,,,,0,2026-05-29 11:28:00
14050201033000,11010203157662,,,,,2026-04-21 03:30:00,1405-02-01 03:30:00,,faham,0.0,,,,,,,,,,,,,,,,,229.1999969482422,,,0.7200000286102295,,,,0.0,,,,0,2026-05-29 11:28:00
14050201034500,11010203157662,,,,,2026-04-21 03:45:00,1405-02-01 03:45:00,,faham,0.0,,,,,,,,,,,,,,,,,229.6999969482422,,,0.5699999928474426,,,,0.0,,,,0,2026-05-29 11:34:00
14050201040000,11010203157662,,,,,2026-04-21 04:00:00,1405-02-01 04:00:00,,faham,0.0,,,,,,,,,,,,,,,,,230.0,,,0.5699999928474426,,,,0.0,,,,0,2026-05-29 11:34:00
14050201041500,11010203157662,,,,,2026-04-21 04:15:00,1405-02-01 04:15:00,,faham,0.0,,,,,,,,,,,,,,,,,229.39999389648438,,,0.5799999833106995,,,,0.0,,,,0,2026-05-29 11:39:00
14050201043000,11010203157662,,,,,2026-04-21 04:30:00,1405-02-01 04:30:00,,faham,0.0,,,,,,,,,,,,,,,,,229.5,,,0.7300000190734863,,,,0.0,,,,0,2026-05-29 11:39:00
14050201044500,11010203157662,,,,,2026-04-21 04:45:00,1405-02-01 04:45:00,,faham,0.0,,,,,,,,,,,,,,,,,230.39999389648438,,,0.5799999833106995,,,,0.0,,,,0,2026-05-29 11:43:00
14050201050000,11010203157662,,,,,2026-04-21 05:00:00,1405-02-01 05:00:00,,faham,0.0,,,,,,,,,,,,,,,,,230.10000610351562,,,0.5799999833106995,,,,0.0,,,,0,2026-05-29 11:43:00
14050201051500,11010203157662,,,,,2026-04-21 05:15:00,1405-02-01 05:15:00,,faham,0.0,,,,,,,,,,,,,,,,,231.60000610351562,,,0.5699999928474426,,,,0.0,,,,0,2026-05-29 11:48:00
14050201053000,11010203157662,,,,,2026-04-21 05:30:00,1405-02-01 05:30:00,,faham,0.0,,,,,,,,,,,,,,,,,229.3000030517578,,,0.7099999785423279,,,,0.0,,,,0,2026-05-29 11:48:00
14050201054500,11010203157662,,,,,2026-04-21 05:45:00,1405-02-01 05:45:00,,faham,0.0,,,,,,,,,,,,,,,,,230.39999389648438,,,0.5600000023841858,,,,0.0,,,,0,2026-05-29 11:53:00
14050201060000,11010203157662,,,,,2026-04-21 06:00:00,1405-02-01 06:00:00,,faham,0.0,,,,,,,,,,,,,,,,,230.60000610351562,,,0.5600000023841858,,,,0.0,,,,0,2026-05-29 11:53:00
14050201061500,11010203157662,,,,,2026-04-21 06:15:00,1405-02-01 06:15:00,,faham,0.0,,,,,,,,,,,,,,,,,230.10000610351562,,,0.4699999988079071,,,,0.0,,,,0,2026-05-29 11:58:00
14050201063000,11010203157662,,,,,2026-04-21 06:30:00,1405-02-01 06:30:00,,faham,0.0,,,,,,,,,,,,,,,,,227.8000030517578,,,0.3700000047683716,,,,0.0,,,,0,2026-05-29 11:58:00
14050201064500,11010203157662,,,,,2026-04-21 06:45:00,1405-02-01 06:45:00,,faham,0.0,,,,,,,,,,,,,,,,,226.5,,,0.20999999344348907,,,,0.0,,,,0,2026-05-29 12:03:00
14050201070000,11010203157662,,,,,2026-04-21 07:00:00,1405-02-01 07:00:00,,faham,0.0,,,,,,,,,,,,,,,,,227.60000610351562,,,0.20999999344348907,,,,0.0,,,,0,2026-05-29 12:03:00
14050201071500,11010203157662,,,,,2026-04-21 07:15:00,1405-02-01 07:15:00,,faham,0.0,,,,,,,,,,,,,,,,,225.89999389648438,,,0.23000000417232513,,,,0.0,,,,0,2026-05-29 12:08:00
14050201073000,11010203157662,,,,,2026-04-21 07:30:00,1405-02-01 07:30:00,,faham,0.0,,,,,,,,,,,,,,,,,227.6999969482422,,,0.3499999940395355,,,,0.0,,,,0,2026-05-29 12:08:00
14050201074500,11010203157662,,,,,2026-04-21 07:45:00,1405-02-01 07:45:00,,faham,0.0,,,,,,,,,,,,,,,,,227.1999969482422,,,0.20999999344348907,,,,0.0,,,,0,2026-05-29 12:13:00
14050201080000,11010203157662,,,,,2026-04-21 08:00:00,1405-02-01 08:00:00,,faham,0.0,,,,,,,,,,,,,,,,,227.3000030517578,,,0.9800000190734863,,,,0.0,,,,0,2026-05-29 12:13:00
14050201081500,11010203157662,,,,,2026-04-21 08:15:00,1405-02-01 08:15:00,,faham,0.0,,,,,,,,,,,,,,,,,225.5,,,2.0199999809265137,,,,0.0,,,,0,2026-05-29 12:18:00
14050201083000,11010203157662,,,,,2026-04-21 08:30:00,1405-02-01 08:30:00,,faham,0.0,,,,,,,,,,,,,,,,,224.39999389648438,,,2.390000104904175,,,,0.0,,,,0,2026-05-29 12:18:00
14050201084500,11010203157662,,,,,2026-04-21 08:45:00,1405-02-01 08:45:00,,faham,0.0,,,,,,,,,,,,,,,,,225.8000030517578,,,2.319999933242798,,,,0.0,,,,0,2026-05-29 12:23:00
14050201090000,11010203157662,,,,,2026-04-21 09:00:00,1405-02-01 09:00:00,,faham,0.0,,,,,,,,,,,,,,,,,226.6999969482422,,,2.309999942779541,,,,0.0,,,,0,2026-05-29 12:23:00
14050201091500,11010203157662,,,,,2026-04-21 09:15:00,1405-02-01 09:15:00,,faham,0.0,,,,,,,,,,,,,,,,,226.5,,,2.2699999809265137,,,,0.0,,,,0,2026-05-29 12:28:00
14050201093000,11010203157662,,,,,2026-04-21 09:30:00,1405-02-01 09:30:00,,faham,0.0,,,,,,,,,,,,,,,,,225.60000610351562,,,2.4000000953674316,,,,0.0,,,,0,2026-05-29 12:28:00
14050201094500,11010203157662,,,,,2026-04-21 09:45:00,1405-02-01 09:45:00,,faham,0.0,,,,,,,,,,,,,,,,,225.1999969482422,,,2.2799999713897705,,,,0.0,,,,0,2026-05-29 12:33:00
14050201100000,11010203157662,,,,,2026-04-21 10:00:00,1405-02-01 10:00:00,,faham,0.0,,,,,,,,,,,,,,,,,225.10000610351562,,,2.259999990463257,,,,0.0,,,,0,2026-05-29 12:33:00
14050201101500,11010203157662,,,,,2026-04-21 10:15:00,1405-02-01 10:15:00,,faham,0.0,,,,,,,,,,,,,,,,,223.6999969482422,,,2.0799999237060547,,,,0.0,,,,0,2026-05-29 12:39:00
14050201103000,11010203157662,,,,,2026-04-21 10:30:00,1405-02-01 10:30:00,,faham,0.0,,,,,,,,,,,,,,,,,223.89999389648438,,,2.0899999141693115,,,,0.0,,,,0,2026-05-29 12:39:00
14050201104500,11010203157662,,,,,2026-04-21 10:45:00,1405-02-01 10:45:00,,faham,0.0,,,,,,,,,,,,,,,,,222.89999389648438,,,1.9900000095367432,,,,0.0,,,,0,2026-05-29 12:43:00
14050201110000,11010203157662,,,,,2026-04-21 11:00:00,1405-02-01 11:00:00,,faham,0.0,,,,,,,,,,,,,,,,,222.3000030517578,,,1.9900000095367432,,,,0.0,,,,0,2026-05-29 12:43:00
14050201111500,11010203157662,,,,,2026-04-21 11:15:00,1405-02-01 11:15:00,,faham,0.0,,,,,,,,,,,,,,,,,223.5,,,2.059999942779541,,,,0.0,,,,0,2026-05-29 12:49:00
14050201113000,11010203157662,,,,,2026-04-21 11:30:00,1405-02-01 11:30:00,,faham,0.0,,,,,,,,,,,,,,,,,223.89999389648438,,,2.1700000762939453,,,,0.0,,,,0,2026-05-29 12:49:00
14050201114500,11010203157662,,,,,2026-04-21 11:45:00,1405-02-01 11:45:00,,faham,0.0,,,,,,,,,,,,,,,,,222.8000030517578,,,2.059999942779541,,,,0.0,,,,0,2026-05-29 12:53:00
14050201120000,11010203157662,,,,,2026-04-21 12:00:00,1405-02-01 12:00:00,,faham,0.0,,,,,,,,,,,,,,,,,224.1999969482422,,,2.0399999618530273,,,,0.0,,,,0,2026-05-29 12:53:00
14050201121500,11010203157662,,,,,2026-04-21 12:15:00,1405-02-01 12:15:00,,faham,0.0,,,,,,,,,,,,,,,,,227.0,,,1.9900000095367432,,,,0.0,,,,0,2026-05-29 12:58:00
14050201123000,11010203157662,,,,,2026-04-21 12:30:00,1405-02-01 12:30:00,,faham,0.0,,,,,,,,,,,,,,,,,227.39999389648438,,,2.069999933242798,,,,0.0,,,,0,2026-05-29 12:58:00
14050201124500,11010203157662,,,,,2026-04-21 12:45:00,1405-02-01 12:45:00,,faham,0.0,,,,,,,,,,,,,,,,,229.0,,,1.9299999475479126,,,,0.0,,,,0,2026-05-29 13:03:00
14050201130000,11010203157662,,,,,2026-04-21 13:00:00,1405-02-01 13:00:00,,faham,0.0,,,,,,,,,,,,,,,,,229.6999969482422,,,1.9299999475479126,,,,0.0,,,,0,2026-05-29 13:03:00
14050201131500,11010203157662,,,,,2026-04-21 13:15:00,1405-02-01 13:15:00,,faham,0.0,,,,,,,,,,,,,,,,,229.3000030517578,,,1.9299999475479126,,,,0.0,,,,0,2026-05-29 13:09:00
14050201133000,11010203157662,,,,,2026-04-21 13:30:00,1405-02-01 13:30:00,,faham,0.0,,,,,,,,,,,,,,,,,227.6999969482422,,,2.069999933242798,,,,0.0,,,,0,2026-05-29 13:09:00
14050201134500,11010203157662,,,,,2026-04-21 13:45:00,1405-02-01 13:45:00,,faham,0.0,,,,,,,,,,,,,,,,,227.3000030517578,,,1.9700000286102295,,,,0.0,,,,0,2026-05-29 13:13:00
14050201140000,11010203157662,,,,,2026-04-21 14:00:00,1405-02-01 14:00:00,,faham,0.0,,,,,,,,,,,,,,,,,227.1999969482422,,,1.940000057220459,,,,0.0,,,,0,2026-05-29 13:13:00
14050201141500,11010203157662,,,,,2026-04-21 14:15:00,1405-02-01 14:15:00,,faham,0.0,,,,,,,,,,,,,,,,,226.10000610351562,,,1.9700000286102295,,,,0.0,,,,0,2026-05-29 13:19:00
14050201143000,11010203157662,,,,,2026-04-21 14:30:00,1405-02-01 14:30:00,,faham,0.0,,,,,,,,,,,,,,,,,225.5,,,2.049999952316284,,,,0.0,,,,0,2026-05-29 13:19:00
14050201144500,11010203157662,,,,,2026-04-21 14:45:00,1405-02-01 14:45:00,,faham,0.0,,,,,,,,,,,,,,,,,225.60000610351562,,,1.9500000476837158,,,,0.0,,,,0,2026-05-29 13:24:00
14050201150000,11010203157662,,,,,2026-04-21 15:00:00,1405-02-01 15:00:00,,faham,0.0,,,,,,,,,,,,,,,,,225.10000610351562,,,1.9500000476837158,,,,0.0,,,,0,2026-05-29 13:24:00
14050201151500,11010203157662,,,,,2026-04-21 15:15:00,1405-02-01 15:15:00,,faham,0.0,,,,,,,,,,,,,,,,,226.5,,,1.9800000190734863,,,,0.0,,,,0,2026-05-29 13:30:00
14050201153000,11010203157662,,,,,2026-04-21 15:30:00,1405-02-01 15:30:00,,faham,0.0,,,,,,,,,,,,,,,,,226.10000610351562,,,2.0199999809265137,,,,0.0,,,,0,2026-05-29 13:30:00
14050201154500,11010203157662,,,,,2026-04-21 15:45:00,1405-02-01 15:45:00,,faham,0.0,,,,,,,,,,,,,,,,,225.89999389648438,,,1.940000057220459,,,,0.0,,,,0,2026-05-29 13:34:00
14050201160000,11010203157662,,,,,2026-04-21 16:00:00,1405-02-01 16:00:00,,faham,0.0,,,,,,,,,,,,,,,,,226.0,,,1.940000057220459,,,,0.0,,,,0,2026-05-29 13:34:00
14050201161500,11010203157662,,,,,2026-04-21 16:15:00,1405-02-01 16:15:00,,faham,0.0,,,,,,,,,,,,,,,,,228.8000030517578,,,2.0399999618530273,,,,0.0,,,,0,2026-05-29 13:39:00
14050201163000,11010203157662,,,,,2026-04-21 16:30:00,1405-02-01 16:30:00,,faham,0.0,,,,,,,,,,,,,,,,,228.1999969482422,,,2.2200000286102295,,,,0.0,,,,0,2026-05-29 13:39:00
14050201164500,11010203157662,,,,,2026-04-21 16:45:00,1405-02-01 16:45:00,,faham,0.0,,,,,,,,,,,,,,,,,227.8000030517578,,,2.190000057220459,,,,0.0,,,,0,2026-05-29 13:43:00
14050201170000,11010203157662,,,,,2026-04-21 17:00:00,1405-02-01 17:00:00,,faham,0.0,,,,,,,,,,,,,,,,,227.8000030517578,,,2.190000057220459,,,,0.0,,,,0,2026-05-29 13:43:00
14050201171500,11010203157662,,,,,2026-04-21 17:15:00,1405-02-01 17:15:00,,faham,0.0,,,,,,,,,,,,,,,,,228.5,,,2.259999990463257,,,,0.0,,,,0,2026-05-29 13:48:00
14050201173000,11010203157662,,,,,2026-04-21 17:30:00,1405-02-01 17:30:00,,faham,0.0,,,,,,,,,,,,,,,,,229.3000030517578,,,2.2300000190734863,,,,0.0,,,,0,2026-05-29 13:48:00
14050201174500,11010203157662,,,,,2026-04-21 17:45:00,1405-02-01 17:45:00,,faham,0.0,,,,,,,,,,,,,,,,,229.3000030517578,,,2.180000066757202,,,,0.0,,,,0,2026-05-29 13:53:00
14050201180000,11010203157662,,,,,2026-04-21 18:00:00,1405-02-01 18:00:00,,faham,0.0,,,,,,,,,,,,,,,88.0,0.0,228.2,,,2.18,,,354.0,0.0,0.0,18.0,0,0,
14050201181500,11010203157662,,,,,2026-04-21 18:15:00,1405-02-01 18:15:00,,faham,0.0,,,,,,,,,,,,,,,,,227.1999969482422,,,2.4100000858306885,,,,0.0,,,,0,2026-05-29 13:56:00
14050201183000,11010203157662,,,,,2026-04-21 18:30:00,1405-02-01 18:30:00,,faham,0.0,,,,,,,,,,,,,,,,,227.60000610351562,,,2.5399999618530273,,,,0.0,,,,0,2026-05-29 13:56:00
14050201184500,11010203157662,,,,,2026-04-21 18:45:00,1405-02-01 18:45:00,,faham,0.0,,,,,,,,,,,,,,,,,226.5,,,2.630000114440918,,,,0.0,,,,0,2026-05-29 14:46:00
14050201190000,11010203157662,,,,,2026-04-21 19:00:00,1405-02-01 19:00:00,,faham,0.0,,,,,,,,,,,,,,,,,225.39999389648438,,,3.0,,,,0.0,,,,0,2026-05-29 14:46:00
14050201191500,11010203157662,,,,,2026-04-21 19:15:00,1405-02-01 19:15:00,,faham,0.0,,,,,,,,,,,,,,,,,225.5,,,3.130000114440918,,,,0.0,,,,0,2026-05-29 14:51:00
14050201193000,11010203157662,,,,,2026-04-21 19:30:00,1405-02-01 19:30:00,,faham,0.0,,,,,,,,,,,,,,,,,225.3000030517578,,,3.0,,,,0.0,,,,0,2026-05-29 14:51:00
14050201194500,11010203157662,,,,,2026-04-21 19:45:00,1405-02-01 19:45:00,,faham,0.0,,,,,,,,,,,,,,,,,226.3000030517578,,,2.9700000286102295,,,,0.0,,,,0,2026-05-29 14:56:00
14050201200000,11010203157662,,,,,2026-04-21 20:00:00,1405-02-01 20:00:00,,faham,0.0,,,,,,,,,,,,,,,,,224.8000030517578,,,3.0299999713897705,,,,0.0,,,,0,2026-05-29 14:56:00
14050201201500,11010203157662,,,,,2026-04-21 20:15:00,1405-02-01 20:15:00,,faham,0.0,,,,,,,,,,,,,,,,,226.6999969482422,,,3.130000114440918,,,,0.0,,,,0,2026-05-29 15:01:00
14050201203000,11010203157662,,,,,2026-04-21 20:30:00,1405-02-01 20:30:00,,faham,0.0,,,,,,,,,,,,,,,,,226.8000030517578,,,1.7100000381469727,,,,0.0,,,,0,2026-05-29 15:01:00
14050201204500,11010203157662,,,,,2026-04-21 20:45:00,1405-02-01 20:45:00,,faham,0.0,,,,,,,,,,,,,,,,,228.10000610351562,,,0.5899999737739563,,,,0.0,,,,0,2026-05-29 15:06:00
14050201210000,11010203157662,,,,,2026-04-21 21:00:00,1405-02-01 21:00:00,,faham,0.0,,,,,,,,,,,,,,,,,227.89999389648438,,,0.5899999737739563,,,,0.0,,,,0,2026-05-29 15:06:00
14050201211500,11010203157662,,,,,2026-04-21 21:15:00,1405-02-01 21:15:00,,faham,0.0,,,,,,,,,,,,,,,,,229.3000030517578,,,0.75,,,,0.0,,,,0,2026-05-29 15:11:00
14050201213000,11010203157662,,,,,2026-04-21 21:30:00,1405-02-01 21:30:00,,faham,0.0,,,,,,,,,,,,,,,,,229.10000610351562,,,0.5899999737739563,,,,0.0,,,,0,2026-05-29 15:11:00
14050201214500,11010203157662,,,,,2026-04-21 21:45:00,1405-02-01 21:45:00,,faham,0.0,,,,,,,,,,,,,,,,,226.89999389648438,,,0.5899999737739563,,,,0.0,,,,0,2026-05-29 15:17:00
14050201220000,11010203157662,,,,,2026-04-21 22:00:00,1405-02-01 22:00:00,,faham,0.0,,,,,,,,,,,,,,,,,226.1999969482422,,,0.5899999737739563,,,,0.0,,,,0,2026-05-29 15:17:00
14050201221500,11010203157662,,,,,2026-04-21 22:15:00,1405-02-01 22:15:00,,faham,0.0,,,,,,,,,,,,,,,,,226.60000610351562,,,0.75,,,,0.0,,,,0,2026-05-29 15:23:00
14050201223000,11010203157662,,,,,2026-04-21 22:30:00,1405-02-01 22:30:00,,faham,0.0,,,,,,,,,,,,,,,,,226.3000030517578,,,0.5899999737739563,,,,0.0,,,,0,2026-05-29 15:23:00
14050201224500,11010203157662,,,,,2026-04-21 22:45:00,1405-02-01 22:45:00,,faham,0.0,,,,,,,,,,,,,,,,,227.0,,,0.6000000238418579,,,,0.0,,,,0,2026-05-29 15:28:00
14050201230000,11010203157662,,,,,2026-04-21 23:00:00,1405-02-01 23:00:00,,faham,0.0,,,,,,,,,,,,,,,,,224.5,,,0.6000000238418579,,,,0.0,,,,0,2026-05-29 15:28:00
14050201231500,11010203157662,,,,,2026-04-21 23:15:00,1405-02-01 23:15:00,,faham,0.0,,,,,,,,,,,,,,,,,225.60000610351562,,,0.75,,,,0.0,,,,0,2026-05-29 15:33:00
14050201233000,11010203157662,,,,,2026-04-21 23:30:00,1405-02-01 23:30:00,,faham,0.0,,,,,,,,,,,,,,,,,226.0,,,0.6000000238418579,,,,0.0,,,,0,2026-05-29 15:33:00
14050201234500,11010203157662,,,,,2026-04-21 23:45:00,1405-02-01 23:45:00,,faham,0.0,,,,,,,,,,,,,,,,,225.89999389648438,,,0.6000000238418579,,,,0.0,,,,0,2026-05-29 15:39:00
14050201000000,11010203188113,,,,,2026-04-21 00:00:00,1405-02-01 00:00:00,,faham,0.0,,,,,,,,,,,,,,,,,228.39999389648438,,,2.630000114440918,,,,0.0,,,,0,2026-05-29 10:51:00
14050201001500,11010203188113,,,,,2026-04-21 00:15:00,1405-02-01 00:15:00,,faham,0.0,,,,,,,,,,,,,,,,,229.1999969482422,,,2.9800000190734863,,,,0.0,,,,0,2026-05-29 10:57:00
14050201003000,11010203188113,,,,,2026-04-21 00:30:00,1405-02-01 00:30:00,,faham,0.0,,,,,,,,,,,,,,,,,229.60000610351562,,,2.950000047683716,,,,0.0,,,,0,2026-05-29 10:57:00
14050201004500,11010203188113,,,,,2026-04-21 00:45:00,1405-02-01 00:45:00,,faham,0.0,,,,,,,,,,,,,,,,,229.89999389648438,,,2.509999990463257,,,,0.0,,,,0,2026-05-29 11:03:00
14050201010000,11010203188113,,,,,2026-04-21 01:00:00,1405-02-01 01:00:00,,faham,0.0,,,,,,,,,,,,,,,,,230.6999969482422,,,2.309999942779541,,,,0.0,,,,0,2026-05-29 11:03:00
14050201011500,11010203188113,,,,,2026-04-21 01:15:00,1405-02-01 01:15:00,,faham,0.0,,,,,,,,,,,,,,,,,231.3000030517578,,,2.319999933242798,,,,0.0,,,,0,2026-05-29 11:09:00
14050201013000,11010203188113,,,,,2026-04-21 01:30:00,1405-02-01 01:30:00,,faham,0.0,,,,,,,,,,,,,,,,,231.1999969482422,,,2.299999952316284,,,,0.0,,,,0,2026-05-29 11:09:00
14050201014500,11010203188113,,,,,2026-04-21 01:45:00,1405-02-01 01:45:00,,faham,0.0,,,,,,,,,,,,,,,,,231.6999969482422,,,1.2300000190734863,,,,0.0,,,,0,2026-05-29 11:14:00
14050201020000,11010203188113,,,,,2026-04-21 02:00:00,1405-02-01 02:00:00,,faham,0.0,,,,,,,,,,,,,,,,,231.89999389648438,,,1.659999966621399,,,,0.0,,,,0,2026-05-29 11:14:00
14050201021500,11010203188113,,,,,2026-04-21 02:15:00,1405-02-01 02:15:00,,faham,0.0,,,,,,,,,,,,,,,,,231.3000030517578,,,1.9299999475479126,,,,0.0,,,,0,2026-05-29 11:19:00
14050201023000,11010203188113,,,,,2026-04-21 02:30:00,1405-02-01 02:30:00,,faham,0.0,,,,,,,,,,,,,,,,,232.0,,,1.8300000429153442,,,,0.0,,,,0,2026-05-29 11:19:00
14050201024500,11010203188113,,,,,2026-04-21 02:45:00,1405-02-01 02:45:00,,faham,0.0,,,,,,,,,,,,,,,,,232.1999969482422,,,1.2999999523162842,,,,0.0,,,,0,2026-05-29 11:24:00
14050201030000,11010203188113,,,,,2026-04-21 03:00:00,1405-02-01 03:00:00,,faham,0.0,,,,,,,,,,,,,,,,,231.8000030517578,,,1.7599999904632568,,,,0.0,,,,0,2026-05-29 11:24:00
14050201031500,11010203188113,,,,,2026-04-21 03:15:00,1405-02-01 03:15:00,,faham,0.0,,,,,,,,,,,,,,,,,231.8000030517578,,,1.8600000143051147,,,,0.0,,,,0,2026-05-29 11:28:00
14050201033000,11010203188113,,,,,2026-04-21 03:30:00,1405-02-01 03:30:00,,faham,0.0,,,,,,,,,,,,,,,,,232.1999969482422,,,1.100000023841858,,,,0.0,,,,0,2026-05-29 11:28:00
14050201034500,11010203188113,,,,,2026-04-21 03:45:00,1405-02-01 03:45:00,,faham,0.0,,,,,,,,,,,,,,,,,231.89999389648438,,,1.2000000476837158,,,,0.0,,,,0,2026-05-29 11:34:00
14050201040000,11010203188113,,,,,2026-04-21 04:00:00,1405-02-01 04:00:00,,faham,0.0,,,,,,,,,,,,,,,,,231.89999389648438,,,1.3300000429153442,,,,0.0,,,,0,2026-05-29 11:34:00
14050201041500,11010203188113,,,,,2026-04-21 04:15:00,1405-02-01 04:15:00,,faham,0.0,,,,,,,,,,,,,,,,,232.1999969482422,,,1.4600000381469727,,,,0.0,,,,0,2026-05-29 11:39:00
14050201043000,11010203188113,,,,,2026-04-21 04:30:00,1405-02-01 04:30:00,,faham,0.0,,,,,,,,,,,,,,,,,232.3000030517578,,,1.0199999809265137,,,,0.0,,,,0,2026-05-29 11:39:00
14050201044500,11010203188113,,,,,2026-04-21 04:45:00,1405-02-01 04:45:00,,faham,0.0,,,,,,,,,,,,,,,,,232.10000610351562,,,1.309999942779541,,,,0.0,,,,0,2026-05-29 11:43:00
14050201050000,11010203188113,,,,,2026-04-21 05:00:00,1405-02-01 05:00:00,,faham,0.0,,,,,,,,,,,,,,,,,232.10000610351562,,,1.340000033378601,,,,0.0,,,,0,2026-05-29 11:43:00
14050201051500,11010203188113,,,,,2026-04-21 05:15:00,1405-02-01 05:15:00,,faham,0.0,,,,,,,,,,,,,,,,,232.8000030517578,,,1.3799999952316284,,,,0.0,,,,0,2026-05-29 11:48:00
14050201053000,11010203188113,,,,,2026-04-21 05:30:00,1405-02-01 05:30:00,,faham,0.0,,,,,,,,,,,,,,,,,232.5,,,1.309999942779541,,,,0.0,,,,0,2026-05-29 11:48:00
14050201054500,11010203188113,,,,,2026-04-21 05:45:00,1405-02-01 05:45:00,,faham,0.0,,,,,,,,,,,,,,,,,232.1999969482422,,,1.2999999523162842,,,,0.0,,,,0,2026-05-29 11:53:00
14050201060000,11010203188113,,,,,2026-04-21 06:00:00,1405-02-01 06:00:00,,faham,0.0,,,,,,,,,,,,,,,,,231.8000030517578,,,1.1200000047683716,,,,0.0,,,,0,2026-05-29 11:53:00
14050201061500,11010203188113,,,,,2026-04-21 06:15:00,1405-02-01 06:15:00,,faham,0.0,,,,,,,,,,,,,,,,,231.10000610351562,,,1.3300000429153442,,,,0.0,,,,0,2026-05-29 11:58:00
14050201063000,11010203188113,,,,,2026-04-21 06:30:00,1405-02-01 06:30:00,,faham,0.0,,,,,,,,,,,,,,,,,230.1999969482422,,,1.3700000047683716,,,,0.0,,,,0,2026-05-29 11:58:00
14050201064500,11010203188113,,,,,2026-04-21 06:45:00,1405-02-01 06:45:00,,faham,0.0,,,,,,,,,,,,,,,,,230.39999389648438,,,1.1299999952316284,,,,0.0,,,,0,2026-05-29 12:03:00
14050201070000,11010203188113,,,,,2026-04-21 07:00:00,1405-02-01 07:00:00,,faham,0.0,,,,,,,,,,,,,,,,,230.39999389648438,,,1.090000033378601,,,,0.0,,,,0,2026-05-29 12:03:00
14050201071500,11010203188113,,,,,2026-04-21 07:15:00,1405-02-01 07:15:00,,faham,0.0,,,,,,,,,,,,,,,,,228.3000030517578,,,1.6200000047683716,,,,0.0,,,,0,2026-05-29 12:08:00
14050201073000,11010203188113,,,,,2026-04-21 07:30:00,1405-02-01 07:30:00,,faham,0.0,,,,,,,,,,,,,,,,,228.3000030517578,,,1.340000033378601,,,,0.0,,,,0,2026-05-29 12:08:00
14050201074500,11010203188113,,,,,2026-04-21 07:45:00,1405-02-01 07:45:00,,faham,0.0,,,,,,,,,,,,,,,,,228.89999389648438,,,0.9300000071525574,,,,0.0,,,,0,2026-05-29 12:13:00
14050201080000,11010203188113,,,,,2026-04-21 08:00:00,1405-02-01 08:00:00,,faham,0.0,,,,,,,,,,,,,,,,,228.0,,,1.3600000143051147,,,,0.0,,,,0,2026-05-29 12:13:00
14050201081500,11010203188113,,,,,2026-04-21 08:15:00,1405-02-01 08:15:00,,faham,0.0,,,,,,,,,,,,,,,,,228.10000610351562,,,1.4900000095367432,,,,0.0,,,,0,2026-05-29 12:18:00
14050201083000,11010203188113,,,,,2026-04-21 08:30:00,1405-02-01 08:30:00,,faham,0.0,,,,,,,,,,,,,,,,,230.8000030517578,,,1.149999976158142,,,,0.0,,,,0,2026-05-29 12:18:00
14050201084500,11010203188113,,,,,2026-04-21 08:45:00,1405-02-01 08:45:00,,faham,0.0,,,,,,,,,,,,,,,,,231.0,,,0.9300000071525574,,,,0.0,,,,0,2026-05-29 12:23:00
14050201090000,11010203188113,,,,,2026-04-21 09:00:00,1405-02-01 09:00:00,,faham,0.0,,,,,,,,,,,,,,,,,229.39999389648438,,,1.7899999618530273,,,,0.0,,,,0,2026-05-29 12:23:00
14050201091500,11010203188113,,,,,2026-04-21 09:15:00,1405-02-01 09:15:00,,faham,0.0,,,,,,,,,,,,,,,,,229.5,,,1.2899999618530273,,,,0.0,,,,0,2026-05-29 12:28:00
14050201093000,11010203188113,,,,,2026-04-21 09:30:00,1405-02-01 09:30:00,,faham,0.0,,,,,,,,,,,,,,,,,230.3000030517578,,,0.9100000262260437,,,,0.0,,,,0,2026-05-29 12:28:00
14050201094500,11010203188113,,,,,2026-04-21 09:45:00,1405-02-01 09:45:00,,faham,0.0,,,,,,,,,,,,,,,,,228.8000030517578,,,1.409999966621399,,,,0.0,,,,0,2026-05-29 12:33:00
14050201100000,11010203188113,,,,,2026-04-21 10:00:00,1405-02-01 10:00:00,,faham,0.0,,,,,,,,,,,,,,,,,229.1999969482422,,,1.6200000047683716,,,,0.0,,,,0,2026-05-29 12:33:00
14050201101500,11010203188113,,,,,2026-04-21 10:15:00,1405-02-01 10:15:00,,faham,0.0,,,,,,,,,,,,,,,,,229.5,,,1.0700000524520874,,,,0.0,,,,0,2026-05-29 12:39:00
14050201103000,11010203188113,,,,,2026-04-21 10:30:00,1405-02-01 10:30:00,,faham,0.0,,,,,,,,,,,,,,,,,228.0,,,0.9300000071525574,,,,0.0,,,,0,2026-05-29 12:39:00
14050201104500,11010203188113,,,,,2026-04-21 10:45:00,1405-02-01 10:45:00,,faham,0.0,,,,,,,,,,,,,,,,,228.1999969482422,,,1.649999976158142,,,,0.0,,,,0,2026-05-29 12:43:00
14050201110000,11010203188113,,,,,2026-04-21 11:00:00,1405-02-01 11:00:00,,faham,0.0,,,,,,,,,,,,,,,,,229.1999969482422,,,1.4700000286102295,,,,0.0,,,,0,2026-05-29 12:43:00
14050201111500,11010203188113,,,,,2026-04-21 11:15:00,1405-02-01 11:15:00,,faham,0.0,,,,,,,,,,,,,,,,,229.39999389648438,,,0.9100000262260437,,,,0.0,,,,0,2026-05-29 12:49:00
14050201113000,11010203188113,,,,,2026-04-21 11:30:00,1405-02-01 11:30:00,,faham,0.0,,,,,,,,,,,,,,,,,229.60000610351562,,,1.25,,,,0.0,,,,0,2026-05-29 12:49:00
14050201114500,11010203188113,,,,,2026-04-21 11:45:00,1405-02-01 11:45:00,,faham,0.0,,,,,,,,,,,,,,,,,230.39999389648438,,,1.6699999570846558,,,,0.0,,,,0,2026-05-29 12:53:00
14050201120000,11010203188113,,,,,2026-04-21 12:00:00,1405-02-01 12:00:00,,faham,0.0,,,,,,,,,,,,,,,,,230.0,,,1.0700000524520874,,,,0.0,,,,0,2026-05-29 12:53:00
14050201121500,11010203188113,,,,,2026-04-21 12:15:00,1405-02-01 12:15:00,,faham,0.0,,,,,,,,,,,,,,,,,229.60000610351562,,,1.190000057220459,,,,0.0,,,,0,2026-05-29 12:58:00
14050201123000,11010203188113,,,,,2026-04-21 12:30:00,1405-02-01 12:30:00,,faham,0.0,,,,,,,,,,,,,,,,,229.6999969482422,,,1.940000057220459,,,,0.0,,,,0,2026-05-29 12:58:00
14050201124500,11010203188113,,,,,2026-04-21 12:45:00,1405-02-01 12:45:00,,faham,0.0,,,,,,,,,,,,,,,,,229.6999969482422,,,2.0,,,,0.0,,,,0,2026-05-29 13:03:00
14050201130000,11010203188113,,,,,2026-04-21 13:00:00,1405-02-01 13:00:00,,faham,0.0,,,,,,,,,,,,,,,,,231.3000030517578,,,1.850000023841858,,,,0.0,,,,0,2026-05-29 13:03:00
14050201131500,11010203188113,,,,,2026-04-21 13:15:00,1405-02-01 13:15:00,,faham,0.0,,,,,,,,,,,,,,,,,230.8000030517578,,,2.259999990463257,,,,0.0,,,,0,2026-05-29 13:09:00
14050201133000,11010203188113,,,,,2026-04-21 13:30:00,1405-02-01 13:30:00,,faham,0.0,,,,,,,,,,,,,,,,,230.6999969482422,,,2.3399999141693115,,,,0.0,,,,0,2026-05-29 13:09:00
14050201134500,11010203188113,,,,,2026-04-21 13:45:00,1405-02-01 13:45:00,,faham,0.0,,,,,,,,,,,,,,,,,231.39999389648438,,,2.430000066757202,,,,0.0,,,,0,2026-05-29 13:13:00
14050201140000,11010203188113,,,,,2026-04-21 14:00:00,1405-02-01 14:00:00,,faham,0.0,,,,,,,,,,,,,,,,,231.6999969482422,,,2.1500000953674316,,,,0.0,,,,0,2026-05-29 13:13:00
14050201141500,11010203188113,,,,,2026-04-21 14:15:00,1405-02-01 14:15:00,,faham,0.0,,,,,,,,,,,,,,,,,231.6999969482422,,,2.4600000381469727,,,,0.0,,,,0,2026-05-29 13:19:00
14050201143000,11010203188113,,,,,2026-04-21 14:30:00,1405-02-01 14:30:00,,faham,0.0,,,,,,,,,,,,,,,,,231.3000030517578,,,3.319999933242798,,,,0.0,,,,0,2026-05-29 13:19:00
14050201144500,11010203188113,,,,,2026-04-21 14:45:00,1405-02-01 14:45:00,,faham,0.0,,,,,,,,,,,,,,,,,230.5,,,2.630000114440918,,,,0.0,,,,0,2026-05-29 13:24:00
14050201150000,11010203188113,,,,,2026-04-21 15:00:00,1405-02-01 15:00:00,,faham,0.0,,,,,,,,,,,,,,,,,231.3000030517578,,,2.119999885559082,,,,0.0,,,,0,2026-05-29 13:24:00
14050201151500,11010203188113,,,,,2026-04-21 15:15:00,1405-02-01 15:15:00,,faham,0.0,,,,,,,,,,,,,,,,,232.10000610351562,,,2.450000047683716,,,,0.0,,,,0,2026-05-29 13:30:00
14050201153000,11010203188113,,,,,2026-04-21 15:30:00,1405-02-01 15:30:00,,faham,0.0,,,,,,,,,,,,,,,,,231.5,,,3.009999990463257,,,,0.0,,,,0,2026-05-29 13:30:00
14050201154500,11010203188113,,,,,2026-04-21 15:45:00,1405-02-01 15:45:00,,faham,0.0,,,,,,,,,,,,,,,,,232.10000610351562,,,2.950000047683716,,,,0.0,,,,0,2026-05-29 13:34:00
14050201160000,11010203188113,,,,,2026-04-21 16:00:00,1405-02-01 16:00:00,,faham,0.0,,,,,,,,,,,,,,,,,233.0,,,2.390000104904175,,,,0.0,,,,0,2026-05-29 13:34:00
14050201161500,11010203188113,,,,,2026-04-21 16:15:00,1405-02-01 16:15:00,,faham,0.0,,,,,,,,,,,,,,,,,232.8000030517578,,,2.0899999141693115,,,,0.0,,,,0,2026-05-29 13:39:00
14050201163000,11010203188113,,,,,2026-04-21 16:30:00,1405-02-01 16:30:00,,faham,0.0,,,,,,,,,,,,,,,,,232.8000030517578,,,2.3399999141693115,,,,0.0,,,,0,2026-05-29 13:39:00
14050201164500,11010203188113,,,,,2026-04-21 16:45:00,1405-02-01 16:45:00,,faham,0.0,,,,,,,,,,,,,,,,,232.6999969482422,,,1.8899999856948853,,,,0.0,,,,0,2026-05-29 13:43:00
14050201170000,11010203188113,,,,,2026-04-21 17:00:00,1405-02-01 17:00:00,,faham,0.0,,,,,,,,,,,,,,,,,232.0,,,1.4900000095367432,,,,0.0,,,,0,2026-05-29 13:43:00
14050201171500,11010203188113,,,,,2026-04-21 17:15:00,1405-02-01 17:15:00,,faham,0.0,,,,,,,,,,,,,,,,,232.39999389648438,,,2.0399999618530273,,,,0.0,,,,0,2026-05-29 13:48:00
14050201173000,11010203188113,,,,,2026-04-21 17:30:00,1405-02-01 17:30:00,,faham,0.0,,,,,,,,,,,,,,,,,231.6999969482422,,,2.559999942779541,,,,0.0,,,,0,2026-05-29 13:48:00
14050201174500,11010203188113,,,,,2026-04-21 17:45:00,1405-02-01 17:45:00,,faham,0.0,,,,,,,,,,,,,,,,,232.6999969482422,,,2.2799999713897705,,,,0.0,,,,0,2026-05-29 13:53:00
14050201180000,11010203188113,,,,,2026-04-21 18:00:00,1405-02-01 18:00:00,,faham,0.0,,,,,,,,,,,,,,,112.0,0.0,232.5,,,2.18,,,447.0,0.0,0.0,30.0,0,0,
14050201181500,11010203188113,,,,,2026-04-21 18:15:00,1405-02-01 18:15:00,,faham,0.0,,,,,,,,,,,,,,,,,232.10000610351562,,,2.930000066757202,,,,0.0,,,,0,2026-05-29 13:56:00
14050201183000,11010203188113,,,,,2026-04-21 18:30:00,1405-02-01 18:30:00,,faham,0.0,,,,,,,,,,,,,,,,,231.6999969482422,,,3.309999942779541,,,,0.0,,,,0,2026-05-29 13:56:00
14050201184500,11010203188113,,,,,2026-04-21 18:45:00,1405-02-01 18:45:00,,faham,0.0,,,,,,,,,,,,,,,,,231.60000610351562,,,2.7200000286102295,,,,0.0,,,,0,2026-05-29 14:46:00
14050201190000,11010203188113,,,,,2026-04-21 19:00:00,1405-02-01 19:00:00,,faham,0.0,,,,,,,,,,,,,,,,,229.1999969482422,,,3.440000057220459,,,,0.0,,,,0,2026-05-29 14:46:00
14050201191500,11010203188113,,,,,2026-04-21 19:15:00,1405-02-01 19:15:00,,faham,0.0,,,,,,,,,,,,,,,,,226.89999389648438,,,7.769999980926514,,,,0.0,,,,0,2026-05-29 14:51:00
14050201193000,11010203188113,,,,,2026-04-21 19:30:00,1405-02-01 19:30:00,,faham,0.0,,,,,,,,,,,,,,,,,229.1999969482422,,,4.25,,,,0.0,,,,0,2026-05-29 14:51:00
14050201194500,11010203188113,,,,,2026-04-21 19:45:00,1405-02-01 19:45:00,,faham,0.0,,,,,,,,,,,,,,,,,229.60000610351562,,,3.569999933242798,,,,0.0,,,,0,2026-05-29 14:56:00
14050201200000,11010203188113,,,,,2026-04-21 20:00:00,1405-02-01 20:00:00,,faham,0.0,,,,,,,,,,,,,,,,,230.8000030517578,,,3.2200000286102295,,,,0.0,,,,0,2026-05-29 14:56:00
14050201201500,11010203188113,,,,,2026-04-21 20:15:00,1405-02-01 20:15:00,,faham,0.0,,,,,,,,,,,,,,,,,230.6999969482422,,,3.2100000381469727,,,,0.0,,,,0,2026-05-29 15:01:00
14050201203000,11010203188113,,,,,2026-04-21 20:30:00,1405-02-01 20:30:00,,faham,0.0,,,,,,,,,,,,,,,,,231.3000030517578,,,1.7999999523162842,,,,0.0,,,,0,2026-05-29 15:01:00
14050201204500,11010203188113,,,,,2026-04-21 20:45:00,1405-02-01 20:45:00,,faham,0.0,,,,,,,,,,,,,,,,,230.39999389648438,,,1.9900000095367432,,,,0.0,,,,0,2026-05-29 15:06:00
14050201210000,11010203188113,,,,,2026-04-21 21:00:00,1405-02-01 21:00:00,,faham,0.0,,,,,,,,,,,,,,,,,230.60000610351562,,,2.130000114440918,,,,0.0,,,,0,2026-05-29 15:06:00
14050201211500,11010203188113,,,,,2026-04-21 21:15:00,1405-02-01 21:15:00,,faham,0.0,,,,,,,,,,,,,,,,,231.10000610351562,,,2.0399999618530273,,,,0.0,,,,0,2026-05-29 15:11:00
14050201213000,11010203188113,,,,,2026-04-21 21:30:00,1405-02-01 21:30:00,,faham,0.0,,,,,,,,,,,,,,,,,230.1999969482422,,,1.9500000476837158,,,,0.0,,,,0,2026-05-29 15:11:00
14050201214500,11010203188113,,,,,2026-04-21 21:45:00,1405-02-01 21:45:00,,faham,0.0,,,,,,,,,,,,,,,,,232.0,,,2.0899999141693115,,,,0.0,,,,0,2026-05-29 15:17:00
14050201220000,11010203188113,,,,,2026-04-21 22:00:00,1405-02-01 22:00:00,,faham,0.0,,,,,,,,,,,,,,,,,232.39999389648438,,,1.9700000286102295,,,,0.0,,,,0,2026-05-29 15:17:00
14050201221500,11010203188113,,,,,2026-04-21 22:15:00,1405-02-01 22:15:00,,faham,0.0,,,,,,,,,,,,,,,,,232.0,,,1.9700000286102295,,,,0.0,,,,0,2026-05-29 15:23:00
14050201223000,11010203188113,,,,,2026-04-21 22:30:00,1405-02-01 22:30:00,,faham,0.0,,,,,,,,,,,,,,,,,232.1999969482422,,,2.140000104904175,,,,0.0,,,,0,2026-05-29 15:23:00
14050201224500,11010203188113,,,,,2026-04-21 22:45:00,1405-02-01 22:45:00,,faham,0.0,,,,,,,,,,,,,,,,,232.10000610351562,,,2.0999999046325684,,,,0.0,,,,0,2026-05-29 15:28:00
14050201230000,11010203188113,,,,,2026-04-21 23:00:00,1405-02-01 23:00:00,,faham,0.0,,,,,,,,,,,,,,,,,232.89999389648438,,,1.7999999523162842,,,,0.0,,,,0,2026-05-29 15:28:00
14050201231500,11010203188113,,,,,2026-04-21 23:15:00,1405-02-01 23:15:00,,faham,0.0,,,,,,,,,,,,,,,,,232.89999389648438,,,2.4700000286102295,,,,0.0,,,,0,2026-05-29 15:33:00
14050201233000,11010203188113,,,,,2026-04-21 23:30:00,1405-02-01 23:30:00,,faham,0.0,,,,,,,,,,,,,,,,,233.0,,,2.2699999809265137,,,,0.0,,,,0,2026-05-29 15:33:00
14050201234500,11010203188113,,,,,2026-04-21 23:45:00,1405-02-01 23:45:00,,faham,0.0,,,,,,,,,,,,,,,,,234.1999969482422,,,1.9600000381469727,,,,0.0,,,,0,2026-05-29 15:39:00
14050201000000,11010203192967,,,,,2026-04-21 00:00:00,1405-02-01 00:00:00,,faham,0.0,,,,,,,,,,,,,,,,,224.5,,,0.6499999761581421,,,,0.0,,,,0,2026-05-29 10:51:00
14050201001500,11010203192967,,,,,2026-04-21 00:15:00,1405-02-01 00:15:00,,faham,0.0,,,,,,,,,,,,,,,,,222.8000030517578,,,0.8600000143051147,,,,0.0,,,,0,2026-05-29 10:57:00
14050201003000,11010203192967,,,,,2026-04-21 00:30:00,1405-02-01 00:30:00,,faham,0.0,,,,,,,,,,,,,,,,,221.89999389648438,,,0.38999998569488525,,,,0.0,,,,0,2026-05-29 10:57:00
14050201004500,11010203192967,,,,,2026-04-21 00:45:00,1405-02-01 00:45:00,,faham,0.0,,,,,,,,,,,,,,,,,222.39999389648438,,,0.5600000023841858,,,,0.0,,,,0,2026-05-29 11:03:00
14050201010000,11010203192967,,,,,2026-04-21 01:00:00,1405-02-01 01:00:00,,faham,0.0,,,,,,,,,,,,,,,,,223.89999389648438,,,0.8500000238418579,,,,0.0,,,,0,2026-05-29 11:03:00
14050201011500,11010203192967,,,,,2026-04-21 01:15:00,1405-02-01 01:15:00,,faham,0.0,,,,,,,,,,,,,,,,,223.39999389648438,,,0.4000000059604645,,,,0.0,,,,0,2026-05-29 11:09:00
14050201013000,11010203192967,,,,,2026-04-21 01:30:00,1405-02-01 01:30:00,,faham,0.0,,,,,,,,,,,,,,,,,224.5,,,0.5699999928474426,,,,0.0,,,,0,2026-05-29 11:09:00
14050201014500,11010203192967,,,,,2026-04-21 01:45:00,1405-02-01 01:45:00,,faham,0.0,,,,,,,,,,,,,,,,,224.5,,,0.75,,,,0.0,,,,0,2026-05-29 11:14:00
14050201020000,11010203192967,,,,,2026-04-21 02:00:00,1405-02-01 02:00:00,,faham,0.0,,,,,,,,,,,,,,,,,224.8000030517578,,,0.25999999046325684,,,,0.0,,,,0,2026-05-29 11:14:00
14050201021500,11010203192967,,,,,2026-04-21 02:15:00,1405-02-01 02:15:00,,faham,0.0,,,,,,,,,,,,,,,,,224.3000030517578,,,0.23000000417232513,,,,0.0,,,,0,2026-05-29 11:19:00
14050201023000,11010203192967,,,,,2026-04-21 02:30:00,1405-02-01 02:30:00,,faham,0.0,,,,,,,,,,,,,,,,,224.60000610351562,,,0.6800000071525574,,,,0.0,,,,0,2026-05-29 11:19:00
14050201024500,11010203192967,,,,,2026-04-21 02:45:00,1405-02-01 02:45:00,,faham,0.0,,,,,,,,,,,,,,,,,225.6999969482422,,,0.4099999964237213,,,,0.0,,,,0,2026-05-29 11:24:00
14050201030000,11010203192967,,,,,2026-04-21 03:00:00,1405-02-01 03:00:00,,faham,0.0,,,,,,,,,,,,,,,,,226.1999969482422,,,0.12999999523162842,,,,0.0,,,,0,2026-05-29 11:24:00
14050201031500,11010203192967,,,,,2026-04-21 03:15:00,1405-02-01 03:15:00,,faham,0.0,,,,,,,,,,,,,,,,,225.5,,,0.5799999833106995,,,,0.0,,,,0,2026-05-29 11:28:00
14050201033000,11010203192967,,,,,2026-04-21 03:30:00,1405-02-01 03:30:00,,faham,0.0,,,,,,,,,,,,,,,,,226.0,,,0.6000000238418579,,,,0.0,,,,0,2026-05-29 11:28:00
14050201034500,11010203192967,,,,,2026-04-21 03:45:00,1405-02-01 03:45:00,,faham,0.0,,,,,,,,,,,,,,,,,225.0,,,0.12999999523162842,,,,0.0,,,,0,2026-05-29 11:34:00
14050201040000,11010203192967,,,,,2026-04-21 04:00:00,1405-02-01 04:00:00,,faham,0.0,,,,,,,,,,,,,,,,,226.1999969482422,,,0.33000001311302185,,,,0.0,,,,0,2026-05-29 11:34:00
14050201041500,11010203192967,,,,,2026-04-21 04:15:00,1405-02-01 04:15:00,,faham,0.0,,,,,,,,,,,,,,,,,226.10000610351562,,,0.6700000166893005,,,,0.0,,,,0,2026-05-29 11:39:00
14050201043000,11010203192967,,,,,2026-04-21 04:30:00,1405-02-01 04:30:00,,faham,0.0,,,,,,,,,,,,,,,,,224.10000610351562,,,0.30000001192092896,,,,0.0,,,,0,2026-05-29 11:39:00
14050201044500,11010203192967,,,,,2026-04-21 04:45:00,1405-02-01 04:45:00,,faham,0.0,,,,,,,,,,,,,,,,,225.10000610351562,,,0.17000000178813934,,,,0.0,,,,0,2026-05-29 11:43:00
14050201050000,11010203192967,,,,,2026-04-21 05:00:00,1405-02-01 05:00:00,,faham,0.0,,,,,,,,,,,,,,,,,224.5,,,0.6800000071525574,,,,0.0,,,,0,2026-05-29 11:43:00
14050201051500,11010203192967,,,,,2026-04-21 05:15:00,1405-02-01 05:15:00,,faham,0.0,,,,,,,,,,,,,,,,,225.5,,,0.41999998688697815,,,,0.0,,,,0,2026-05-29 11:48:00
14050201053000,11010203192967,,,,,2026-04-21 05:30:00,1405-02-01 05:30:00,,faham,0.0,,,,,,,,,,,,,,,,,224.1999969482422,,,0.12999999523162842,,,,0.0,,,,0,2026-05-29 11:48:00
14050201054500,11010203192967,,,,,2026-04-21 05:45:00,1405-02-01 05:45:00,,faham,0.0,,,,,,,,,,,,,,,,,226.8000030517578,,,0.5600000023841858,,,,0.0,,,,0,2026-05-29 11:53:00
14050201060000,11010203192967,,,,,2026-04-21 06:00:00,1405-02-01 06:00:00,,faham,0.0,,,,,,,,,,,,,,,,,225.89999389648438,,,0.5699999928474426,,,,0.0,,,,0,2026-05-29 11:53:00
14050201061500,11010203192967,,,,,2026-04-21 06:15:00,1405-02-01 06:15:00,,faham,0.0,,,,,,,,,,,,,,,,,222.39999389648438,,,0.15000000596046448,,,,0.0,,,,0,2026-05-29 11:58:00
14050201063000,11010203192967,,,,,2026-04-21 06:30:00,1405-02-01 06:30:00,,faham,0.0,,,,,,,,,,,,,,,,,223.3000030517578,,,0.38999998569488525,,,,0.0,,,,0,2026-05-29 11:58:00
14050201064500,11010203192967,,,,,2026-04-21 06:45:00,1405-02-01 06:45:00,,faham,0.0,,,,,,,,,,,,,,,,,223.6999969482422,,,0.6800000071525574,,,,0.0,,,,0,2026-05-29 12:03:00
14050201070000,11010203192967,,,,,2026-04-21 07:00:00,1405-02-01 07:00:00,,faham,0.0,,,,,,,,,,,,,,,,,222.1999969482422,,,0.44999998807907104,,,,0.0,,,,0,2026-05-29 12:03:00
14050201071500,11010203192967,,,,,2026-04-21 07:15:00,1405-02-01 07:15:00,,faham,0.0,,,,,,,,,,,,,,,,,222.39999389648438,,,0.7099999785423279,,,,0.0,,,,0,2026-05-29 12:08:00
14050201073000,11010203192967,,,,,2026-04-21 07:30:00,1405-02-01 07:30:00,,faham,0.0,,,,,,,,,,,,,,,,,224.0,,,1.2599999904632568,,,,0.0,,,,0,2026-05-29 12:08:00
14050201074500,11010203192967,,,,,2026-04-21 07:45:00,1405-02-01 07:45:00,,faham,0.0,,,,,,,,,,,,,,,,,225.10000610351562,,,0.9700000286102295,,,,0.0,,,,0,2026-05-29 12:13:00
14050201080000,11010203192967,,,,,2026-04-21 08:00:00,1405-02-01 08:00:00,,faham,0.0,,,,,,,,,,,,,,,,,225.89999389648438,,,0.6499999761581421,,,,0.0,,,,0,2026-05-29 12:13:00
14050201081500,11010203192967,,,,,2026-04-21 08:15:00,1405-02-01 08:15:00,,faham,0.0,,,,,,,,,,,,,,,,,224.6999969482422,,,1.0700000524520874,,,,0.0,,,,0,2026-05-29 12:18:00
14050201083000,11010203192967,,,,,2026-04-21 08:30:00,1405-02-01 08:30:00,,faham,0.0,,,,,,,,,,,,,,,,,223.39999389648438,,,1.0199999809265137,,,,0.0,,,,0,2026-05-29 12:18:00
14050201084500,11010203192967,,,,,2026-04-21 08:45:00,1405-02-01 08:45:00,,faham,0.0,,,,,,,,,,,,,,,,,222.3000030517578,,,0.36000001430511475,,,,0.0,,,,0,2026-05-29 12:23:00
14050201090000,11010203192967,,,,,2026-04-21 09:00:00,1405-02-01 09:00:00,,faham,0.0,,,,,,,,,,,,,,,,,220.8000030517578,,,0.12999999523162842,,,,0.0,,,,0,2026-05-29 12:23:00
14050201091500,11010203192967,,,,,2026-04-21 09:15:00,1405-02-01 09:15:00,,faham,0.0,,,,,,,,,,,,,,,,,221.89999389648438,,,0.699999988079071,,,,0.0,,,,0,2026-05-29 12:28:00
14050201093000,11010203192967,,,,,2026-04-21 09:30:00,1405-02-01 09:30:00,,faham,0.0,,,,,,,,,,,,,,,,,222.89999389648438,,,0.49000000953674316,,,,0.0,,,,0,2026-05-29 12:28:00
14050201094500,11010203192967,,,,,2026-04-21 09:45:00,1405-02-01 09:45:00,,faham,0.0,,,,,,,,,,,,,,,,,220.89999389648438,,,0.12999999523162842,,,,0.0,,,,0,2026-05-29 12:33:00
14050201100000,11010203192967,,,,,2026-04-21 10:00:00,1405-02-01 10:00:00,,faham,0.0,,,,,,,,,,,,,,,,,225.60000610351562,,,0.5299999713897705,,,,0.0,,,,0,2026-05-29 12:33:00
14050201101500,11010203192967,,,,,2026-04-21 10:15:00,1405-02-01 10:15:00,,faham,0.0,,,,,,,,,,,,,,,,,226.5,,,0.6000000238418579,,,,0.0,,,,0,2026-05-29 12:39:00
14050201103000,11010203192967,,,,,2026-04-21 10:30:00,1405-02-01 10:30:00,,faham,0.0,,,,,,,,,,,,,,,,,226.5,,,0.09000000357627869,,,,0.0,,,,0,2026-05-29 12:39:00
14050201104500,11010203192967,,,,,2026-04-21 10:45:00,1405-02-01 10:45:00,,faham,0.0,,,,,,,,,,,,,,,,,225.0,,,0.25999999046325684,,,,0.0,,,,0,2026-05-29 12:43:00
14050201110000,11010203192967,,,,,2026-04-21 11:00:00,1405-02-01 11:00:00,,faham,0.0,,,,,,,,,,,,,,,,,225.10000610351562,,,0.6700000166893005,,,,0.0,,,,0,2026-05-29 12:43:00
14050201111500,11010203192967,,,,,2026-04-21 11:15:00,1405-02-01 11:15:00,,faham,0.0,,,,,,,,,,,,,,,,,225.8000030517578,,,0.27000001072883606,,,,0.0,,,,0,2026-05-29 12:49:00
14050201113000,11010203192967,,,,,2026-04-21 11:30:00,1405-02-01 11:30:00,,faham,0.0,,,,,,,,,,,,,,,,,225.39999389648438,,,0.10999999940395355,,,,0.0,,,,0,2026-05-29 12:49:00
14050201114500,11010203192967,,,,,2026-04-21 11:45:00,1405-02-01 11:45:00,,faham,0.0,,,,,,,,,,,,,,,,,222.8000030517578,,,0.6700000166893005,,,,0.0,,,,0,2026-05-29 12:53:00
14050201120000,11010203192967,,,,,2026-04-21 12:00:00,1405-02-01 12:00:00,,faham,0.0,,,,,,,,,,,,,,,,,225.8000030517578,,,0.3199999928474426,,,,0.0,,,,0,2026-05-29 12:53:00
14050201121500,11010203192967,,,,,2026-04-21 12:15:00,1405-02-01 12:15:00,,faham,0.0,,,,,,,,,,,,,,,,,224.8000030517578,,,0.07999999821186066,,,,0.0,,,,0,2026-05-29 12:58:00
14050201123000,11010203192967,,,,,2026-04-21 12:30:00,1405-02-01 12:30:00,,faham,0.0,,,,,,,,,,,,,,,,,222.89999389648438,,,0.5199999809265137,,,,0.0,,,,0,2026-05-29 12:58:00
14050201124500,11010203192967,,,,,2026-04-21 12:45:00,1405-02-01 12:45:00,,faham,0.0,,,,,,,,,,,,,,,,,224.5,,,0.4699999988079071,,,,0.0,,,,0,2026-05-29 13:03:00
14050201130000,11010203192967,,,,,2026-04-21 13:00:00,1405-02-01 13:00:00,,faham,0.0,,,,,,,,,,,,,,,,,226.10000610351562,,,0.07999999821186066,,,,0.0,,,,0,2026-05-29 13:03:00
14050201131500,11010203192967,,,,,2026-04-21 13:15:00,1405-02-01 13:15:00,,faham,0.0,,,,,,,,,,,,,,,,,222.0,,,0.8899999856948853,,,,0.0,,,,0,2026-05-29 13:09:00
14050201133000,11010203192967,,,,,2026-04-21 13:30:00,1405-02-01 13:30:00,,faham,0.0,,,,,,,,,,,,,,,,,223.1999969482422,,,1.0199999809265137,,,,0.0,,,,0,2026-05-29 13:09:00
14050201134500,11010203192967,,,,,2026-04-21 13:45:00,1405-02-01 13:45:00,,faham,0.0,,,,,,,,,,,,,,,,,224.0,,,0.5600000023841858,,,,0.0,,,,0,2026-05-29 13:13:00
14050201140000,11010203192967,,,,,2026-04-21 14:00:00,1405-02-01 14:00:00,,faham,0.0,,,,,,,,,,,,,,,,,222.3000030517578,,,0.800000011920929,,,,0.0,,,,0,2026-05-29 13:13:00
14050201141500,11010203192967,,,,,2026-04-21 14:15:00,1405-02-01 14:15:00,,faham,0.0,,,,,,,,,,,,,,,,,220.1999969482422,,,1.0299999713897705,,,,0.0,,,,0,2026-05-29 13:19:00
14050201143000,11010203192967,,,,,2026-04-21 14:30:00,1405-02-01 14:30:00,,faham,0.0,,,,,,,,,,,,,,,,,224.0,,,0.6000000238418579,,,,0.0,,,,0,2026-05-29 13:19:00
14050201144500,11010203192967,,,,,2026-04-21 14:45:00,1405-02-01 14:45:00,,faham,0.0,,,,,,,,,,,,,,,,,224.8000030517578,,,0.5899999737739563,,,,0.0,,,,0,2026-05-29 13:24:00
14050201150000,11010203192967,,,,,2026-04-21 15:00:00,1405-02-01 15:00:00,,faham,0.0,,,,,,,,,,,,,,,,,224.3000030517578,,,0.7200000286102295,,,,0.0,,,,0,2026-05-29 13:24:00
14050201151500,11010203192967,,,,,2026-04-21 15:15:00,1405-02-01 15:15:00,,faham,0.0,,,,,,,,,,,,,,,,,222.39999389648438,,,0.4699999988079071,,,,0.0,,,,0,2026-05-29 13:30:00
14050201153000,11010203192967,,,,,2026-04-21 15:30:00,1405-02-01 15:30:00,,faham,0.0,,,,,,,,,,,,,,,,,222.6999969482422,,,0.17000000178813934,,,,0.0,,,,0,2026-05-29 13:30:00
14050201154500,11010203192967,,,,,2026-04-21 15:45:00,1405-02-01 15:45:00,,faham,0.0,,,,,,,,,,,,,,,,,222.8000030517578,,,1.4700000286102295,,,,0.0,,,,0,2026-05-29 13:34:00
14050201160000,11010203192967,,,,,2026-04-21 16:00:00,1405-02-01 16:00:00,,faham,0.0,,,,,,,,,,,,,,,,,226.0,,,1.5399999618530273,,,,0.0,,,,0,2026-05-29 13:34:00
14050201161500,11010203192967,,,,,2026-04-21 16:15:00,1405-02-01 16:15:00,,faham,0.0,,,,,,,,,,,,,,,,,222.8000030517578,,,1.2200000286102295,,,,0.0,,,,0,2026-05-29 13:39:00
14050201163000,11010203192967,,,,,2026-04-21 16:30:00,1405-02-01 16:30:00,,faham,0.0,,,,,,,,,,,,,,,,,221.39999389648438,,,1.3300000429153442,,,,0.0,,,,0,2026-05-29 13:39:00
14050201164500,11010203192967,,,,,2026-04-21 16:45:00,1405-02-01 16:45:00,,faham,0.0,,,,,,,,,,,,,,,,,223.60000610351562,,,1.8200000524520874,,,,0.0,,,,0,2026-05-29 13:43:00
14050201170000,11010203192967,,,,,2026-04-21 17:00:00,1405-02-01 17:00:00,,faham,0.0,,,,,,,,,,,,,,,,,223.8000030517578,,,1.340000033378601,,,,0.0,,,,0,2026-05-29 13:43:00
14050201171500,11010203192967,,,,,2026-04-21 17:15:00,1405-02-01 17:15:00,,faham,0.0,,,,,,,,,,,,,,,,,224.5,,,0.9700000286102295,,,,0.0,,,,0,2026-05-29 13:48:00
14050201173000,11010203192967,,,,,2026-04-21 17:30:00,1405-02-01 17:30:00,,faham,0.0,,,,,,,,,,,,,,,,,224.1999969482422,,,1.5399999618530273,,,,0.0,,,,0,2026-05-29 13:48:00
14050201174500,11010203192967,,,,,2026-04-21 17:45:00,1405-02-01 17:45:00,,faham,0.0,,,,,,,,,,,,,,,,,225.89999389648438,,,1.2000000476837158,,,,0.0,,,,0,2026-05-29 13:53:00
14050201180000,11010203192967,,,,,2026-04-21 18:00:00,1405-02-01 18:00:00,,faham,0.0,,,,,,,,,,,,,,,48.0,10.0,224.3,,,0.9,,,195.0,0.0,0.0,0.0,0,0,
14050201181500,11010203192967,,,,,2026-04-21 18:15:00,1405-02-01 18:15:00,,faham,0.0,,,,,,,,,,,,,,,,,223.60000610351562,,,1.4900000095367432,,,,0.0,,,,0,2026-05-29 13:56:00
14050201183000,11010203192967,,,,,2026-04-21 18:30:00,1405-02-01 18:30:00,,faham,0.0,,,,,,,,,,,,,,,,,226.0,,,1.5299999713897705,,,,0.0,,,,0,2026-05-29 13:56:00
14050201184500,11010203192967,,,,,2026-04-21 18:45:00,1405-02-01 18:45:00,,faham,0.0,,,,,,,,,,,,,,,,,224.60000610351562,,,1.1200000047683716,,,,0.0,,,,0,2026-05-29 14:46:00
14050201190000,11010203192967,,,,,2026-04-21 19:00:00,1405-02-01 19:00:00,,faham,0.0,,,,,,,,,,,,,,,,,224.39999389648438,,,1.409999966621399,,,,0.0,,,,0,2026-05-29 14:46:00
14050201191500,11010203192967,,,,,2026-04-21 19:15:00,1405-02-01 19:15:00,,faham,0.0,,,,,,,,,,,,,,,,,217.60000610351562,,,2.049999952316284,,,,0.0,,,,0,2026-05-29 14:51:00
14050201193000,11010203192967,,,,,2026-04-21 19:30:00,1405-02-01 19:30:00,,faham,0.0,,,,,,,,,,,,,,,,,217.1999969482422,,,1.6100000143051147,,,,0.0,,,,0,2026-05-29 14:51:00
14050201194500,11010203192967,,,,,2026-04-21 19:45:00,1405-02-01 19:45:00,,faham,0.0,,,,,,,,,,,,,,,,,217.0,,,1.9800000190734863,,,,0.0,,,,0,2026-05-29 14:56:00
14050201200000,11010203192967,,,,,2026-04-21 20:00:00,1405-02-01 20:00:00,,faham,0.0,,,,,,,,,,,,,,,,,217.1999969482422,,,2.0899999141693115,,,,0.0,,,,0,2026-05-29 14:56:00
14050201201500,11010203192967,,,,,2026-04-21 20:15:00,1405-02-01 20:15:00,,faham,0.0,,,,,,,,,,,,,,,,,217.6999969482422,,,1.690000057220459,,,,0.0,,,,0,2026-05-29 15:01:00
14050201203000,11010203192967,,,,,2026-04-21 20:30:00,1405-02-01 20:30:00,,faham,0.0,,,,,,,,,,,,,,,,,219.1999969482422,,,1.590000033378601,,,,0.0,,,,0,2026-05-29 15:01:00
14050201204500,11010203192967,,,,,2026-04-21 20:45:00,1405-02-01 20:45:00,,faham,0.0,,,,,,,,,,,,,,,,,219.39999389648438,,,1.909999966621399,,,,0.0,,,,0,2026-05-29 15:06:00
14050201210000,11010203192967,,,,,2026-04-21 21:00:00,1405-02-01 21:00:00,,faham,0.0,,,,,,,,,,,,,,,,,220.60000610351562,,,1.3700000047683716,,,,0.0,,,,0,2026-05-29 15:06:00
14050201211500,11010203192967,,,,,2026-04-21 21:15:00,1405-02-01 21:15:00,,faham,0.0,,,,,,,,,,,,,,,,,221.10000610351562,,,1.2899999618530273,,,,0.0,,,,0,2026-05-29 15:11:00
14050201213000,11010203192967,,,,,2026-04-21 21:30:00,1405-02-01 21:30:00,,faham,0.0,,,,,,,,,,,,,,,,,220.0,,,1.8899999856948853,,,,0.0,,,,0,2026-05-29 15:11:00
14050201214500,11010203192967,,,,,2026-04-21 21:45:00,1405-02-01 21:45:00,,faham,0.0,,,,,,,,,,,,,,,,,221.5,,,1.5399999618530273,,,,0.0,,,,0,2026-05-29 15:17:00
14050201220000,11010203192967,,,,,2026-04-21 22:00:00,1405-02-01 22:00:00,,faham,0.0,,,,,,,,,,,,,,,,,221.5,,,1.4299999475479126,,,,0.0,,,,0,2026-05-29 15:17:00
14050201221500,11010203192967,,,,,2026-04-21 22:15:00,1405-02-01 22:15:00,,faham,0.0,,,,,,,,,,,,,,,,,222.39999389648438,,,1.9600000381469727,,,,0.0,,,,0,2026-05-29 15:23:00
14050201223000,11010203192967,,,,,2026-04-21 22:30:00,1405-02-01 22:30:00,,faham,0.0,,,,,,,,,,,,,,,,,223.8000030517578,,,1.440000057220459,,,,0.0,,,,0,2026-05-29 15:23:00
14050201224500,11010203192967,,,,,2026-04-21 22:45:00,1405-02-01 22:45:00,,faham,0.0,,,,,,,,,,,,,,,,,223.89999389648438,,,1.2400000095367432,,,,0.0,,,,0,2026-05-29 15:28:00
14050201230000,11010203192967,,,,,2026-04-21 23:00:00,1405-02-01 23:00:00,,faham,0.0,,,,,,,,,,,,,,,,,222.5,,,1.7999999523162842,,,,0.0,,,,0,2026-05-29 15:28:00
14050201231500,11010203192967,,,,,2026-04-21 23:15:00,1405-02-01 23:15:00,,faham,0.0,,,,,,,,,,,,,,,,,222.5,,,1.8300000429153442,,,,0.0,,,,0,2026-05-29 15:33:00
14050201233000,11010203192967,,,,,2026-04-21 23:30:00,1405-02-01 23:30:00,,faham,0.0,,,,,,,,,,,,,,,,,222.60000610351562,,,1.5299999713897705,,,,0.0,,,,0,2026-05-29 15:33:00
14050201234500,11010203192967,,,,,2026-04-21 23:45:00,1405-02-01 23:45:00,,faham,0.0,,,,,,,,,,,,,,,,,223.0,,,1.8799999952316284,,,,0.0,,,,0,2026-05-29 15:39:00
14050201000000,11010203222869,,,,,2026-04-21 00:00:00,1405-02-01 00:00:00,,faham,0.0,,,,,,,,,,,,,,,0.0,0.0,220.3000030517578,,,0.05999999865889549,,,0.0,0.0,0.0,3.0,0,0,2026-05-29 10:51:00
14050201001500,11010203222869,,,,,2026-04-21 00:15:00,1405-02-01 00:15:00,,faham,0.0,,,,,,,,,,,,,,,0.0,0.0,220.39999389648438,,,0.05999999865889549,,,0.0,0.0,0.0,3.0,0,0,2026-05-29 10:57:00
14050201003000,11010203222869,,,,,2026-04-21 00:30:00,1405-02-01 00:30:00,,faham,0.0,,,,,,,,,,,,,,,0.0,0.0,221.1999969482422,,,0.05999999865889549,,,0.0,0.0,0.0,3.0,0,0,2026-05-29 10:57:00
14050201004500,11010203222869,,,,,2026-04-21 00:45:00,1405-02-01 00:45:00,,faham,0.0,,,,,,,,,,,,,,,0.0,0.0,221.0,,,0.05999999865889549,,,0.0,0.0,0.0,3.0,0,0,2026-05-29 11:03:00
14050201010000,11010203222869,,,,,2026-04-21 01:00:00,1405-02-01 01:00:00,,faham,0.0,,,,,,,,,,,,,,,0.0,0.0,219.6999969482422,,,0.05999999865889549,,,0.0,0.0,0.0,3.0,0,0,2026-05-29 11:03:00
14050201011500,11010203222869,,,,,2026-04-21 01:15:00,1405-02-01 01:15:00,,faham,0.0,,,,,,,,,,,,,,,0.0,0.0,219.1999969482422,,,0.05999999865889549,,,0.0,0.0,0.0,3.0,0,0,2026-05-29 11:09:00
14050201013000,11010203222869,,,,,2026-04-21 01:30:00,1405-02-01 01:30:00,,faham,0.0,,,,,,,,,,,,,,,0.0,0.0,219.39999389648438,,,0.05999999865889549,,,0.0,0.0,0.0,3.0,0,0,2026-05-29 11:09:00
14050201014500,11010203222869,,,,,2026-04-21 01:45:00,1405-02-01 01:45:00,,faham,0.0,,,,,,,,,,,,,,,0.0,0.0,219.6999969482422,,,0.05999999865889549,,,0.0,0.0,0.0,3.0,0,0,2026-05-29 11:14:00
14050201020000,11010203222869,,,,,2026-04-21 02:00:00,1405-02-01 02:00:00,,faham,0.0,,,,,,,,,,,,,,,0.0,0.0,219.3000030517578,,,0.05999999865889549,,,0.0,0.0,0.0,3.0,0,0,2026-05-29 11:14:00
14050201021500,11010203222869,,,,,2026-04-21 02:15:00,1405-02-01 02:15:00,,faham,0.0,,,,,,,,,,,,,,,0.0,0.0,219.6999969482422,,,0.05999999865889549,,,0.0,0.0,0.0,3.0,0,0,2026-05-29 11:19:00
14050201023000,11010203222869,,,,,2026-04-21 02:30:00,1405-02-01 02:30:00,,faham,0.0,,,,,,,,,,,,,,,0.0,0.0,218.8000030517578,,,0.05999999865889549,,,0.0,0.0,0.0,3.0,0,0,2026-05-29 11:19:00
14050201024500,11010203222869,,,,,2026-04-21 02:45:00,1405-02-01 02:45:00,,faham,0.0,,,,,,,,,,,,,,,0.0,0.0,218.89999389648438,,,0.05999999865889549,,,0.0,0.0,0.0,3.0,0,0,2026-05-29 11:24:00
14050201030000,11010203222869,,,,,2026-04-21 03:00:00,1405-02-01 03:00:00,,faham,0.0,,,,,,,,,,,,,,,0.0,0.0,219.39999389648438,,,0.05999999865889549,,,0.0,0.0,0.0,3.0,0,0,2026-05-29 11:24:00
14050201031500,11010203222869,,,,,2026-04-21 03:15:00,1405-02-01 03:15:00,,faham,0.0,,,,,,,,,,,,,,,0.0,0.0,217.8000030517578,,,0.05999999865889549,,,0.0,0.0,0.0,3.0,0,0,2026-05-29 11:28:00
14050201033000,11010203222869,,,,,2026-04-21 03:30:00,1405-02-01 03:30:00,,faham,0.0,,,,,,,,,,,,,,,0.0,0.0,218.5,,,0.05999999865889549,,,0.0,0.0,0.0,3.0,0,0,2026-05-29 11:28:00
14050201034500,11010203222869,,,,,2026-04-21 03:45:00,1405-02-01 03:45:00,,faham,0.0,,,,,,,,,,,,,,,0.0,0.0,220.1999969482422,,,0.05999999865889549,,,0.0,0.0,0.0,3.0,0,0,2026-05-29 11:34:00
14050201040000,11010203222869,,,,,2026-04-21 04:00:00,1405-02-01 04:00:00,,faham,0.0,,,,,,,,,,,,,,,0.0,0.0,219.8000030517578,,,0.05999999865889549,,,0.0,0.0,0.0,3.0,0,0,2026-05-29 11:34:00
14050201041500,11010203222869,,,,,2026-04-21 04:15:00,1405-02-01 04:15:00,,faham,0.0,,,,,,,,,,,,,,,0.0,0.0,218.1999969482422,,,0.05999999865889549,,,0.0,0.0,0.0,3.0,0,0,2026-05-29 11:39:00
14050201043000,11010203222869,,,,,2026-04-21 04:30:00,1405-02-01 04:30:00,,faham,0.0,,,,,,,,,,,,,,,0.0,0.0,218.60000610351562,,,0.05999999865889549,,,0.0,0.0,0.0,3.0,0,0,2026-05-29 11:39:00
14050201044500,11010203222869,,,,,2026-04-21 04:45:00,1405-02-01 04:45:00,,faham,0.0,,,,,,,,,,,,,,,0.0,0.0,218.10000610351562,,,0.05999999865889549,,,0.0,0.0,0.0,3.0,0,0,2026-05-29 11:43:00
14050201050000,11010203222869,,,,,2026-04-21 05:00:00,1405-02-01 05:00:00,,faham,0.0,,,,,,,,,,,,,,,0.0,0.0,217.60000610351562,,,0.05999999865889549,,,0.0,0.0,0.0,3.0,0,0,2026-05-29 11:43:00
14050201051500,11010203222869,,,,,2026-04-21 05:15:00,1405-02-01 05:15:00,,faham,0.0,,,,,,,,,,,,,,,0.0,0.0,217.6999969482422,,,0.05999999865889549,,,0.0,0.0,0.0,3.0,0,0,2026-05-29 11:48:00
14050201053000,11010203222869,,,,,2026-04-21 05:30:00,1405-02-01 05:30:00,,faham,0.0,,,,,,,,,,,,,,,0.0,0.0,217.1999969482422,,,0.05999999865889549,,,0.0,0.0,0.0,3.0,0,0,2026-05-29 11:48:00
14050201054500,11010203222869,,,,,2026-04-21 05:45:00,1405-02-01 05:45:00,,faham,0.0,,,,,,,,,,,,,,,0.0,0.0,217.1999969482422,,,0.05999999865889549,,,0.0,0.0,0.0,3.0,0,0,2026-05-29 11:53:00
14050201060000,11010203222869,,,,,2026-04-21 06:00:00,1405-02-01 06:00:00,,faham,0.0,,,,,,,,,,,,,,,1.0,0.0,217.8000030517578,,,0.3400000035762787,,,7.0,0.0,0.0,0.0,0,0,2026-05-29 11:53:00
14050201061500,11010203222869,,,,,2026-04-21 06:15:00,1405-02-01 06:15:00,,faham,0.0,,,,,,,,,,,,,,,0.0,0.0,217.1999969482422,,,0.4399999976158142,,,43.0,0.0,11.0,0.0,0,0,2026-05-29 11:58:00
14050201063000,11010203222869,,,,,2026-04-21 06:30:00,1405-02-01 06:30:00,,faham,0.0,,,,,,,,,,,,,,,0.0,0.0,216.8000030517578,,,0.75,,,136.0,0.0,35.0,0.0,0,0,2026-05-29 11:58:00
14050201064500,11010203222869,,,,,2026-04-21 06:45:00,1405-02-01 06:45:00,,faham,0.0,,,,,,,,,,,,,,,0.0,1.0,221.8000030517578,,,1.2200000286102295,,,258.0,0.0,66.0,0.0,0,0,2026-05-29 12:03:00
14050201070000,11010203222869,,,,,2026-04-21 07:00:00,1405-02-01 07:00:00,,faham,0.0,,,,,,,,,,,,,,,0.0,1.0,224.39999389648438,,,1.7699999809265137,,,384.0,0.0,98.0,0.0,0,0,2026-05-29 12:03:00
14050201071500,11010203222869,,,,,2026-04-21 07:15:00,1405-02-01 07:15:00,,faham,0.0,,,,,,,,,,,,,,,0.0,1.0,224.89999389648438,,,2.7899999618530273,,,611.0,0.0,156.0,0.0,0,0,2026-05-29 12:08:00
14050201073000,11010203222869,,,,,2026-04-21 07:30:00,1405-02-01 07:30:00,,faham,0.0,,,,,,,,,,,,,,,0.0,1.0,227.6999969482422,,,4.090000152587891,,,917.0,0.0,233.0,0.0,0,0,2026-05-29 12:08:00
14050201074500,11010203222869,,,,,2026-04-21 07:45:00,1405-02-01 07:45:00,,faham,0.0,,,,,,,,,,,,,,,0.0,1.0,228.6999969482422,,,5.53000020980835,,,1250.0,0.0,317.0,0.0,0,0,2026-05-29 12:13:00
14050201080000,11010203222869,,,,,2026-04-21 08:00:00,1405-02-01 08:00:00,,faham,0.0,,,,,,,,,,,,,,,0.0,1.0,229.39999389648438,,,7.010000228881836,,,1592.0,0.0,402.0,0.0,0,0,2026-05-29 12:13:00
14050201081500,11010203222869,,,,,2026-04-21 08:15:00,1405-02-01 08:15:00,,faham,0.0,,,,,,,,,,,,,,,0.0,1.0,230.10000610351562,,,8.399999618530273,,,1919.0,0.0,485.0,0.0,0,0,2026-05-29 12:18:00
14050201083000,11010203222869,,,,,2026-04-21 08:30:00,1405-02-01 08:30:00,,faham,0.0,,,,,,,,,,,,,,,0.0,1.0,231.0,,,9.680000305175781,,,2223.0,0.0,560.0,0.0,0,0,2026-05-29 12:18:00
14050201084500,11010203222869,,,,,2026-04-21 08:45:00,1405-02-01 08:45:00,,faham,0.0,,,,,,,,,,,,,,,0.0,2.0,231.89999389648438,,,10.890000343322754,,,2513.0,0.0,632.0,0.0,0,0,2026-05-29 12:23:00
14050201090000,11010203222869,,,,,2026-04-21 09:00:00,1405-02-01 09:00:00,,faham,0.0,,,,,,,,,,,,,,,0.0,2.0,234.0,,,11.869999885559082,,,2766.0,0.0,696.0,0.0,0,0,2026-05-29 12:23:00
14050201091500,11010203222869,,,,,2026-04-21 09:15:00,1405-02-01 09:15:00,,faham,0.0,,,,,,,,,,,,,,,0.0,2.0,233.39999389648438,,,12.960000038146973,,,3020.0,0.0,758.0,0.0,0,0,2026-05-29 12:28:00
14050201093000,11010203222869,,,,,2026-04-21 09:30:00,1405-02-01 09:30:00,,faham,0.0,,,,,,,,,,,,,,,0.0,2.0,230.1999969482422,,,12.609999656677246,,,2883.0,0.0,728.0,0.0,0,0,2026-05-29 12:28:00
14050201094500,11010203222869,,,,,2026-04-21 09:45:00,1405-02-01 09:45:00,,faham,0.0,,,,,,,,,,,,,,,0.0,3.0,232.3000030517578,,,14.989999771118164,,,3476.0,0.0,872.0,0.0,0,0,2026-05-29 12:33:00
14050201100000,11010203222869,,,,,2026-04-21 10:00:00,1405-02-01 10:00:00,,faham,0.0,,,,,,,,,,,,,,,0.0,2.0,231.0,,,13.899999618530273,,,3280.0,0.0,806.0,0.0,0,0,2026-05-29 12:33:00
14050201101500,11010203222869,,,,,2026-04-21 10:15:00,1405-02-01 10:15:00,,faham,0.0,,,,,,,,,,,,,,,0.0,1.0,227.89999389648438,,,6.519999980926514,,,1517.0,0.0,372.0,0.0,0,0,2026-05-29 12:39:00
14050201103000,11010203222869,,,,,2026-04-21 10:30:00,1405-02-01 10:30:00,,faham,0.0,,,,,,,,,,,,,,,0.0,2.0,228.1999969482422,,,9.449999809265137,,,2114.0,0.0,543.0,0.0,0,0,2026-05-29 12:39:00
14050201104500,11010203222869,,,,,2026-04-21 10:45:00,1405-02-01 10:45:00,,faham,0.0,,,,,,,,,,,,,,,0.0,2.0,230.10000610351562,,,12.989999771118164,,,2976.0,0.0,751.0,0.0,0,0,2026-05-29 12:43:00
14050201110000,11010203222869,,,,,2026-04-21 11:00:00,1405-02-01 11:00:00,,faham,0.0,,,,,,,,,,,,,,,0.0,2.0,229.5,,,11.760000228881836,,,2723.0,0.0,678.0,0.0,0,0,2026-05-29 12:43:00
14050201111500,11010203222869,,,,,2026-04-21 11:15:00,1405-02-01 11:15:00,,faham,0.0,,,,,,,,,,,,,,,0.0,3.0,232.10000610351562,,,15.140000343322754,,,3523.0,0.0,882.0,0.0,0,0,2026-05-29 12:49:00
14050201113000,11010203222869,,,,,2026-04-21 11:30:00,1405-02-01 11:30:00,,faham,0.0,,,,,,,,,,,,,,,0.0,3.0,232.60000610351562,,,17.34000015258789,,,3970.0,0.0,1014.0,0.0,0,0,2026-05-29 12:49:00
14050201114500,11010203222869,,,,,2026-04-21 11:45:00,1405-02-01 11:45:00,,faham,0.0,,,,,,,,,,,,,,,0.0,3.0,233.1999969482422,,,18.68000030517578,,,4376.0,0.0,1091.0,0.0,0,0,2026-05-29 12:53:00
14050201120000,11010203222869,,,,,2026-04-21 12:00:00,1405-02-01 12:00:00,,faham,0.0,,,,,,,,,,,,,,,0.0,2.0,231.89999389648438,,,11.869999885559082,,,2818.0,0.0,691.0,0.0,0,0,2026-05-29 12:53:00
14050201121500,11010203222869,,,,,2026-04-21 12:15:00,1405-02-01 12:15:00,,faham,0.0,,,,,,,,,,,,,,,0.0,4.0,235.39999389648438,,,18.719999313354492,,,4327.0,0.0,1108.0,0.0,0,0,2026-05-29 12:58:00
14050201123000,11010203222869,,,,,2026-04-21 12:30:00,1405-02-01 12:30:00,,faham,0.0,,,,,,,,,,,,,,,0.0,4.0,238.0,,,19.6299991607666,,,4711.0,0.0,1171.0,0.0,0,0,2026-05-29 12:58:00
14050201124500,11010203222869,,,,,2026-04-21 12:45:00,1405-02-01 12:45:00,,faham,0.0,,,,,,,,,,,,,,,0.0,4.0,237.3000030517578,,,19.969999313354492,,,4713.0,0.0,1188.0,0.0,0,0,2026-05-29 13:03:00
14050201130000,11010203222869,,,,,2026-04-21 13:00:00,1405-02-01 13:00:00,,faham,0.0,,,,,,,,,,,,,,,0.0,4.0,237.60000610351562,,,18.770000457763672,,,4459.0,0.0,1117.0,0.0,0,0,2026-05-29 13:03:00
14050201131500,11010203222869,,,,,2026-04-21 13:15:00,1405-02-01 13:15:00,,faham,0.0,,,,,,,,,,,,,,,0.0,4.0,238.3000030517578,,,18.649999618530273,,,4440.0,0.0,1113.0,0.0,0,0,2026-05-29 13:09:00
14050201133000,11010203222869,,,,,2026-04-21 13:30:00,1405-02-01 13:30:00,,faham,0.0,,,,,,,,,,,,,,,0.0,4.0,237.3000030517578,,,18.280000686645508,,,4408.0,0.0,1086.0,0.0,0,0,2026-05-29 13:09:00
14050201134500,11010203222869,,,,,2026-04-21 13:45:00,1405-02-01 13:45:00,,faham,0.0,,,,,,,,,,,,,,,0.0,2.0,229.8000030517578,,,4.829999923706055,,,1101.0,0.0,278.0,0.0,0,0,2026-05-29 13:13:00
14050201140000,11010203222869,,,,,2026-04-21 14:00:00,1405-02-01 14:00:00,,faham,0.0,,,,,,,,,,,,,,,0.0,2.0,231.39999389648438,,,10.979999542236328,,,2548.0,0.0,639.0,0.0,0,0,2026-05-29 13:13:00
14050201141500,11010203222869,,,,,2026-04-21 14:15:00,1405-02-01 14:15:00,,faham,0.0,,,,,,,,,,,,,,,0.0,3.0,231.1999969482422,,,14.710000038146973,,,3358.0,0.0,857.0,0.0,0,0,2026-05-29 13:19:00
14050201143000,11010203222869,,,,,2026-04-21 14:30:00,1405-02-01 14:30:00,,faham,0.0,,,,,,,,,,,,,,,0.0,2.0,229.60000610351562,,,7.0,,,1665.0,0.0,401.0,0.0,0,0,2026-05-29 13:19:00
14050201144500,11010203222869,,,,,2026-04-21 14:45:00,1405-02-01 14:45:00,,faham,0.0,,,,,,,,,,,,,,,0.0,1.0,229.89999389648438,,,7.019999980926514,,,1602.0,0.0,405.0,0.0,0,0,2026-05-29 13:24:00
14050201150000,11010203222869,,,,,2026-04-21 15:00:00,1405-02-01 15:00:00,,faham,0.0,,,,,,,,,,,,,,,0.0,2.0,229.39999389648438,,,5.369999885559082,,,1254.0,0.0,309.0,0.0,0,0,2026-05-29 13:24:00
14050201151500,11010203222869,,,,,2026-04-21 15:15:00,1405-02-01 15:15:00,,faham,0.0,,,,,,,,,,,,,,,0.0,1.0,227.89999389648438,,,3.630000114440918,,,825.0,0.0,207.0,0.0,0,0,2026-05-29 13:30:00
14050201153000,11010203222869,,,,,2026-04-21 15:30:00,1405-02-01 15:30:00,,faham,0.0,,,,,,,,,,,,,,,0.0,2.0,228.1999969482422,,,3.0299999713897705,,,691.0,0.0,172.0,0.0,0,0,2026-05-29 13:30:00
14050201154500,11010203222869,,,,,2026-04-21 15:45:00,1405-02-01 15:45:00,,faham,0.0,,,,,,,,,,,,,,,0.0,2.0,227.3000030517578,,,2.9100000858306885,,,660.0,0.0,165.0,0.0,0,0,2026-05-29 13:34:00
14050201160000,11010203222869,,,,,2026-04-21 16:00:00,1405-02-01 16:00:00,,faham,0.0,,,,,,,,,,,,,,,0.0,2.0,227.10000610351562,,,2.3499999046325684,,,525.0,0.0,132.0,0.0,0,0,2026-05-29 13:34:00
14050201161500,11010203222869,,,,,2026-04-21 16:15:00,1405-02-01 16:15:00,,faham,0.0,,,,,,,,,,,,,,,0.0,1.0,228.5,,,3.890000104904175,,,889.0,0.0,222.0,0.0,0,0,2026-05-29 13:39:00
14050201163000,11010203222869,,,,,2026-04-21 16:30:00,1405-02-01 16:30:00,,faham,0.0,,,,,,,,,,,,,,,0.0,1.0,230.89999389648438,,,5.880000114440918,,,1343.0,0.0,341.0,0.0,0,0,2026-05-29 13:39:00
14050201164500,11010203222869,,,,,2026-04-21 16:45:00,1405-02-01 16:45:00,,faham,0.0,,,,,,,,,,,,,,,0.0,1.0,231.6999969482422,,,5.139999866485596,,,1206.0,0.0,297.0,0.0,0,0,2026-05-29 13:43:00
14050201170000,11010203222869,,,,,2026-04-21 17:00:00,1405-02-01 17:00:00,,faham,0.0,,,,,,,,,,,,,,,0.0,2.0,228.60000610351562,,,3.0,,,687.0,0.0,171.0,0.0,0,0,2026-05-29 13:43:00
14050201171500,11010203222869,,,,,2026-04-21 17:15:00,1405-02-01 17:15:00,,faham,0.0,,,,,,,,,,,,,,,0.0,2.0,223.89999389648438,,,1.9700000286102295,,,436.0,0.0,109.0,0.0,0,0,2026-05-29 13:48:00
14050201173000,11010203222869,,,,,2026-04-21 17:30:00,1405-02-01 17:30:00,,faham,0.0,,,,,,,,,,,,,,,0.0,2.0,222.39999389648438,,,1.6799999475479126,,,369.0,0.0,92.0,0.0,0,0,2026-05-29 13:48:00
14050201174500,11010203222869,,,,,2026-04-21 17:45:00,1405-02-01 17:45:00,,faham,0.0,,,,,,,,,,,,,,,0.0,2.0,221.60000610351562,,,1.4500000476837158,,,314.0,0.0,78.0,0.0,0,0,2026-05-29 13:53:00
14050201180000,11010203222869,,,,,2026-04-21 18:00:00,1405-02-01 18:00:00,,faham,0.0,,,,,,,,,,,,,,,0.0,1.0,219.4,,,1.13,,,239.0,0.0,59.0,0.0,0,0,
14050201181500,11010203222869,,,,,2026-04-21 18:15:00,1405-02-01 18:15:00,,faham,0.0,,,,,,,,,,,,,,,0.0,0.0,220.10000610351562,,,0.5799999833106995,,,101.0,0.0,25.0,0.0,0,0,2026-05-29 13:56:00
14050201183000,11010203222869,,,,,2026-04-21 18:30:00,1405-02-01 18:30:00,,faham,0.0,,,,,,,,,,,,,,,0.0,0.0,220.10000610351562,,,0.5,,,65.0,0.0,15.0,0.0,0,0,2026-05-29 13:56:00
14050201184500,11010203222869,,,,,2026-04-21 18:45:00,1405-02-01 18:45:00,,faham,0.0,,,,,,,,,,,,,,,3.0,0.0,219.5,,,0.4000000059604645,,,13.0,0.0,0.0,0.0,0,0,2026-05-29 14:46:00
14050201190000,11010203222869,,,,,2026-04-21 19:00:00,1405-02-01 19:00:00,,faham,0.0,,,,,,,,,,,,,,,3.0,0.0,218.1999969482422,,,0.41999998688697815,,,15.0,0.0,0.0,0.0,0,0,2026-05-29 14:46:00
14050201191500,11010203222869,,,,,2026-04-21 19:15:00,1405-02-01 19:15:00,,faham,0.0,,,,,,,,,,,,,,,0.0,0.0,218.89999389648438,,,0.10000000149011612,,,1.0,0.0,0.0,2.0,0,0,2026-05-29 14:51:00
14050201193000,11010203222869,,,,,2026-04-21 19:30:00,1405-02-01 19:30:00,,faham,0.0,,,,,,,,,,,,,,,0.0,0.0,218.8000030517578,,,0.05999999865889549,,,0.0,0.0,0.0,3.0,0,0,2026-05-29 14:51:00
14050201194500,11010203222869,,,,,2026-04-21 19:45:00,1405-02-01 19:45:00,,faham,0.0,,,,,,,,,,,,,,,0.0,0.0,217.3000030517578,,,0.05999999865889549,,,0.0,0.0,0.0,3.0,0,0,2026-05-29 14:56:00
14050201200000,11010203222869,,,,,2026-04-21 20:00:00,1405-02-01 20:00:00,,faham,0.0,,,,,,,,,,,,,,,0.0,0.0,216.60000610351562,,,0.05999999865889549,,,0.0,0.0,0.0,3.0,0,0,2026-05-29 14:56:00
14050201201500,11010203222869,,,,,2026-04-21 20:15:00,1405-02-01 20:15:00,,faham,0.0,,,,,,,,,,,,,,,0.0,0.0,215.89999389648438,,,0.05999999865889549,,,0.0,0.0,0.0,3.0,0,0,2026-05-29 15:01:00
14050201203000,11010203222869,,,,,2026-04-21 20:30:00,1405-02-01 20:30:00,,faham,0.0,,,,,,,,,,,,,,,0.0,0.0,215.1999969482422,,,0.05999999865889549,,,0.0,0.0,0.0,3.0,0,0,2026-05-29 15:01:00
14050201204500,11010203222869,,,,,2026-04-21 20:45:00,1405-02-01 20:45:00,,faham,0.0,,,,,,,,,,,,,,,0.0,0.0,215.3000030517578,,,0.05999999865889549,,,0.0,0.0,0.0,3.0,0,0,2026-05-29 15:06:00
14050201210000,11010203222869,,,,,2026-04-21 21:00:00,1405-02-01 21:00:00,,faham,0.0,,,,,,,,,,,,,,,0.0,0.0,215.6999969482422,,,0.05999999865889549,,,0.0,0.0,0.0,3.0,0,0,2026-05-29 15:06:00
14050201211500,11010203222869,,,,,2026-04-21 21:15:00,1405-02-01 21:15:00,,faham,0.0,,,,,,,,,,,,,,,0.0,0.0,214.6999969482422,,,0.05999999865889549,,,0.0,0.0,0.0,3.0,0,0,2026-05-29 15:11:00
14050201213000,11010203222869,,,,,2026-04-21 21:30:00,1405-02-01 21:30:00,,faham,0.0,,,,,,,,,,,,,,,0.0,0.0,214.5,,,0.05999999865889549,,,0.0,0.0,0.0,3.0,0,0,2026-05-29 15:11:00
14050201214500,11010203222869,,,,,2026-04-21 21:45:00,1405-02-01 21:45:00,,faham,0.0,,,,,,,,,,,,,,,0.0,0.0,213.1999969482422,,,0.05999999865889549,,,0.0,0.0,0.0,3.0,0,0,2026-05-29 15:17:00
14050201220000,11010203222869,,,,,2026-04-21 22:00:00,1405-02-01 22:00:00,,faham,0.0,,,,,,,,,,,,,,,0.0,0.0,214.3000030517578,,,0.05999999865889549,,,0.0,0.0,0.0,3.0,0,0,2026-05-29 15:17:00
14050201221500,11010203222869,,,,,2026-04-21 22:15:00,1405-02-01 22:15:00,,faham,0.0,,,,,,,,,,,,,,,0.0,0.0,214.39999389648438,,,0.05999999865889549,,,0.0,0.0,0.0,3.0,0,0,2026-05-29 15:23:00
14050201223000,11010203222869,,,,,2026-04-21 22:30:00,1405-02-01 22:30:00,,faham,0.0,,,,,,,,,,,,,,,0.0,0.0,214.39999389648438,,,0.05999999865889549,,,0.0,0.0,0.0,3.0,0,0,2026-05-29 15:23:00
14050201224500,11010203222869,,,,,2026-04-21 22:45:00,1405-02-01 22:45:00,,faham,0.0,,,,,,,,,,,,,,,0.0,0.0,215.10000610351562,,,0.05999999865889549,,,0.0,0.0,0.0,3.0,0,0,2026-05-29 15:28:00
14050201230000,11010203222869,,,,,2026-04-21 23:00:00,1405-02-01 23:00:00,,faham,0.0,,,,,,,,,,,,,,,0.0,0.0,214.6999969482422,,,0.05999999865889549,,,0.0,0.0,0.0,3.0,0,0,2026-05-29 15:28:00
14050201231500,11010203222869,,,,,2026-04-21 23:15:00,1405-02-01 23:15:00,,faham,0.0,,,,,,,,,,,,,,,0.0,0.0,214.89999389648438,,,0.05999999865889549,,,0.0,0.0,0.0,3.0,0,0,2026-05-29 15:33:00
14050201233000,11010203222869,,,,,2026-04-21 23:30:00,1405-02-01 23:30:00,,faham,0.0,,,,,,,,,,,,,,,0.0,0.0,216.6999969482422,,,0.05999999865889549,,,0.0,0.0,0.0,3.0,0,0,2026-05-29 15:33:00
14050201234500,11010203222869,,,,,2026-04-21 23:45:00,1405-02-01 23:45:00,,faham,0.0,,,,,,,,,,,,,,,0.0,0.0,217.8000030517578,,,0.05999999865889549,,,0.0,0.0,0.0,3.0,0,0,2026-05-29 15:39:00
14050201000000,11010203269238,,,,,2026-04-21 00:00:00,1405-02-01 00:00:00,,faham,0.0,,,,,,,,,,,,,,,,,231.5,,,0.07000000029802322,,,,0.0,,,,0,2026-05-29 10:51:00
14050201001500,11010203269238,,,,,2026-04-21 00:15:00,1405-02-01 00:15:00,,faham,0.0,,,,,,,,,,,,,,,,,231.5,,,0.07000000029802322,,,,0.0,,,,0,2026-05-29 10:57:00
14050201003000,11010203269238,,,,,2026-04-21 00:30:00,1405-02-01 00:30:00,,faham,0.0,,,,,,,,,,,,,,,,,231.3000030517578,,,0.07000000029802322,,,,0.0,,,,0,2026-05-29 10:57:00
14050201004500,11010203269238,,,,,2026-04-21 00:45:00,1405-02-01 00:45:00,,faham,0.0,,,,,,,,,,,,,,,,,231.3000030517578,,,0.07000000029802322,,,,0.0,,,,0,2026-05-29 11:03:00
14050201010000,11010203269238,,,,,2026-04-21 01:00:00,1405-02-01 01:00:00,,faham,0.0,,,,,,,,,,,,,,,,,232.39999389648438,,,0.07000000029802322,,,,0.0,,,,0,2026-05-29 11:03:00
14050201011500,11010203269238,,,,,2026-04-21 01:15:00,1405-02-01 01:15:00,,faham,0.0,,,,,,,,,,,,,,,,,231.6999969482422,,,0.07000000029802322,,,,0.0,,,,0,2026-05-29 11:09:00
14050201013000,11010203269238,,,,,2026-04-21 01:30:00,1405-02-01 01:30:00,,faham,0.0,,,,,,,,,,,,,,,,,231.3000030517578,,,0.07000000029802322,,,,0.0,,,,0,2026-05-29 11:09:00
14050201014500,11010203269238,,,,,2026-04-21 01:45:00,1405-02-01 01:45:00,,faham,0.0,,,,,,,,,,,,,,,,,232.39999389648438,,,0.07000000029802322,,,,0.0,,,,0,2026-05-29 11:14:00
14050201020000,11010203269238,,,,,2026-04-21 02:00:00,1405-02-01 02:00:00,,faham,0.0,,,,,,,,,,,,,,,,,232.39999389648438,,,0.07000000029802322,,,,0.0,,,,0,2026-05-29 11:14:00
14050201021500,11010203269238,,,,,2026-04-21 02:15:00,1405-02-01 02:15:00,,faham,0.0,,,,,,,,,,,,,,,,,232.3000030517578,,,0.07000000029802322,,,,0.0,,,,0,2026-05-29 11:19:00
14050201023000,11010203269238,,,,,2026-04-21 02:30:00,1405-02-01 02:30:00,,faham,0.0,,,,,,,,,,,,,,,,,231.6999969482422,,,0.07000000029802322,,,,0.0,,,,0,2026-05-29 11:19:00
14050201024500,11010203269238,,,,,2026-04-21 02:45:00,1405-02-01 02:45:00,,faham,0.0,,,,,,,,,,,,,,,,,232.6999969482422,,,0.07000000029802322,,,,0.0,,,,0,2026-05-29 11:24:00
14050201030000,11010203269238,,,,,2026-04-21 03:00:00,1405-02-01 03:00:00,,faham,0.0,,,,,,,,,,,,,,,,,232.89999389648438,,,0.07000000029802322,,,,0.0,,,,0,2026-05-29 11:24:00
14050201031500,11010203269238,,,,,2026-04-21 03:15:00,1405-02-01 03:15:00,,faham,0.0,,,,,,,,,,,,,,,,,232.10000610351562,,,0.07000000029802322,,,,0.0,,,,0,2026-05-29 11:28:00
14050201033000,11010203269238,,,,,2026-04-21 03:30:00,1405-02-01 03:30:00,,faham,0.0,,,,,,,,,,,,,,,,,232.0,,,0.07000000029802322,,,,0.0,,,,0,2026-05-29 11:28:00
14050201034500,11010203269238,,,,,2026-04-21 03:45:00,1405-02-01 03:45:00,,faham,0.0,,,,,,,,,,,,,,,,,232.6999969482422,,,0.07000000029802322,,,,0.0,,,,0,2026-05-29 11:34:00
14050201040000,11010203269238,,,,,2026-04-21 04:00:00,1405-02-01 04:00:00,,faham,0.0,,,,,,,,,,,,,,,,,232.8000030517578,,,0.07000000029802322,,,,0.0,,,,0,2026-05-29 11:34:00
14050201041500,11010203269238,,,,,2026-04-21 04:15:00,1405-02-01 04:15:00,,faham,0.0,,,,,,,,,,,,,,,,,232.6999969482422,,,0.07000000029802322,,,,0.0,,,,0,2026-05-29 11:39:00
14050201043000,11010203269238,,,,,2026-04-21 04:30:00,1405-02-01 04:30:00,,faham,0.0,,,,,,,,,,,,,,,,,231.89999389648438,,,0.07000000029802322,,,,0.0,,,,0,2026-05-29 11:39:00
14050201044500,11010203269238,,,,,2026-04-21 04:45:00,1405-02-01 04:45:00,,faham,0.0,,,,,,,,,,,,,,,,,232.89999389648438,,,0.07000000029802322,,,,0.0,,,,0,2026-05-29 11:43:00
14050201050000,11010203269238,,,,,2026-04-21 05:00:00,1405-02-01 05:00:00,,faham,0.0,,,,,,,,,,,,,,,,,232.89999389648438,,,0.07000000029802322,,,,0.0,,,,0,2026-05-29 11:43:00
14050201051500,11010203269238,,,,,2026-04-21 05:15:00,1405-02-01 05:15:00,,faham,0.0,,,,,,,,,,,,,,,,,233.3000030517578,,,0.07000000029802322,,,,0.0,,,,0,2026-05-29 11:48:00
14050201053000,11010203269238,,,,,2026-04-21 05:30:00,1405-02-01 05:30:00,,faham,0.0,,,,,,,,,,,,,,,,,233.10000610351562,,,0.07000000029802322,,,,0.0,,,,0,2026-05-29 11:48:00
14050201054500,11010203269238,,,,,2026-04-21 05:45:00,1405-02-01 05:45:00,,faham,0.0,,,,,,,,,,,,,,,,,234.0,,,0.07000000029802322,,,,0.0,,,,0,2026-05-29 11:53:00
14050201060000,11010203269238,,,,,2026-04-21 06:00:00,1405-02-01 06:00:00,,faham,0.0,,,,,,,,,,,,,,,,,233.5,,,0.07000000029802322,,,,0.0,,,,0,2026-05-29 11:53:00
14050201061500,11010203269238,,,,,2026-04-21 06:15:00,1405-02-01 06:15:00,,faham,0.0,,,,,,,,,,,,,,,,,233.0,,,0.07000000029802322,,,,0.0,,,,0,2026-05-29 11:58:00
14050201063000,11010203269238,,,,,2026-04-21 06:30:00,1405-02-01 06:30:00,,faham,0.0,,,,,,,,,,,,,,,,,232.10000610351562,,,0.07000000029802322,,,,0.0,,,,0,2026-05-29 11:58:00
14050201064500,11010203269238,,,,,2026-04-21 06:45:00,1405-02-01 06:45:00,,faham,0.0,,,,,,,,,,,,,,,,,232.0,,,0.07000000029802322,,,,0.0,,,,0,2026-05-29 12:03:00
14050201070000,11010203269238,,,,,2026-04-21 07:00:00,1405-02-01 07:00:00,,faham,0.0,,,,,,,,,,,,,,,,,230.89999389648438,,,0.07000000029802322,,,,0.0,,,,0,2026-05-29 12:03:00
14050201071500,11010203269238,,,,,2026-04-21 07:15:00,1405-02-01 07:15:00,,faham,0.0,,,,,,,,,,,,,,,,,230.39999389648438,,,0.07000000029802322,,,,0.0,,,,0,2026-05-29 12:08:00
14050201073000,11010203269238,,,,,2026-04-21 07:30:00,1405-02-01 07:30:00,,faham,0.0,,,,,,,,,,,,,,,,,232.8000030517578,,,0.07000000029802322,,,,0.0,,,,0,2026-05-29 12:08:00
14050201074500,11010203269238,,,,,2026-04-21 07:45:00,1405-02-01 07:45:00,,faham,0.0,,,,,,,,,,,,,,,,,232.3000030517578,,,0.07000000029802322,,,,0.0,,,,0,2026-05-29 12:13:00
14050201080000,11010203269238,,,,,2026-04-21 08:00:00,1405-02-01 08:00:00,,faham,0.0,,,,,,,,,,,,,,,,,232.1999969482422,,,0.07000000029802322,,,,0.0,,,,0,2026-05-29 12:13:00
14050201081500,11010203269238,,,,,2026-04-21 08:15:00,1405-02-01 08:15:00,,faham,0.0,,,,,,,,,,,,,,,,,230.6999969482422,,,0.07000000029802322,,,,0.0,,,,0,2026-05-29 12:18:00
14050201083000,11010203269238,,,,,2026-04-21 08:30:00,1405-02-01 08:30:00,,faham,0.0,,,,,,,,,,,,,,,,,230.3000030517578,,,0.07000000029802322,,,,0.0,,,,0,2026-05-29 12:18:00
14050201084500,11010203269238,,,,,2026-04-21 08:45:00,1405-02-01 08:45:00,,faham,0.0,,,,,,,,,,,,,,,,,230.5,,,0.07000000029802322,,,,0.0,,,,0,2026-05-29 12:23:00
14050201090000,11010203269238,,,,,2026-04-21 09:00:00,1405-02-01 09:00:00,,faham,0.0,,,,,,,,,,,,,,,,,229.8000030517578,,,0.07000000029802322,,,,0.0,,,,0,2026-05-29 12:23:00
14050201091500,11010203269238,,,,,2026-04-21 09:15:00,1405-02-01 09:15:00,,faham,0.0,,,,,,,,,,,,,,,,,230.10000610351562,,,0.07000000029802322,,,,0.0,,,,0,2026-05-29 12:28:00
14050201093000,11010203269238,,,,,2026-04-21 09:30:00,1405-02-01 09:30:00,,faham,0.0,,,,,,,,,,,,,,,,,229.39999389648438,,,0.07000000029802322,,,,0.0,,,,0,2026-05-29 12:28:00
14050201094500,11010203269238,,,,,2026-04-21 09:45:00,1405-02-01 09:45:00,,faham,0.0,,,,,,,,,,,,,,,,,231.0,,,0.07000000029802322,,,,0.0,,,,0,2026-05-29 12:33:00
14050201100000,11010203269238,,,,,2026-04-21 10:00:00,1405-02-01 10:00:00,,faham,0.0,,,,,,,,,,,,,,,,,232.5,,,0.07000000029802322,,,,0.0,,,,0,2026-05-29 12:33:00
14050201101500,11010203269238,,,,,2026-04-21 10:15:00,1405-02-01 10:15:00,,faham,0.0,,,,,,,,,,,,,,,,,233.0,,,0.07000000029802322,,,,0.0,,,,0,2026-05-29 12:39:00
14050201103000,11010203269238,,,,,2026-04-21 10:30:00,1405-02-01 10:30:00,,faham,0.0,,,,,,,,,,,,,,,,,234.0,,,0.07000000029802322,,,,0.0,,,,0,2026-05-29 12:39:00
14050201104500,11010203269238,,,,,2026-04-21 10:45:00,1405-02-01 10:45:00,,faham,0.0,,,,,,,,,,,,,,,,,234.89999389648438,,,0.07000000029802322,,,,0.0,,,,0,2026-05-29 12:43:00
14050201110000,11010203269238,,,,,2026-04-21 11:00:00,1405-02-01 11:00:00,,faham,0.0,,,,,,,,,,,,,,,,,234.5,,,0.07000000029802322,,,,0.0,,,,0,2026-05-29 12:43:00
14050201111500,11010203269238,,,,,2026-04-21 11:15:00,1405-02-01 11:15:00,,faham,0.0,,,,,,,,,,,,,,,,,234.8000030517578,,,0.07000000029802322,,,,0.0,,,,0,2026-05-29 12:49:00
14050201113000,11010203269238,,,,,2026-04-21 11:30:00,1405-02-01 11:30:00,,faham,0.0,,,,,,,,,,,,,,,,,235.3000030517578,,,0.07000000029802322,,,,0.0,,,,0,2026-05-29 12:49:00
14050201114500,11010203269238,,,,,2026-04-21 11:45:00,1405-02-01 11:45:00,,faham,0.0,,,,,,,,,,,,,,,,,235.10000610351562,,,0.07000000029802322,,,,0.0,,,,0,2026-05-29 12:53:00
14050201120000,11010203269238,,,,,2026-04-21 12:00:00,1405-02-01 12:00:00,,faham,0.0,,,,,,,,,,,,,,,,,234.39999389648438,,,0.07000000029802322,,,,0.0,,,,0,2026-05-29 12:53:00
14050201121500,11010203269238,,,,,2026-04-21 12:15:00,1405-02-01 12:15:00,,faham,0.0,,,,,,,,,,,,,,,,,232.39999389648438,,,0.07000000029802322,,,,0.0,,,,0,2026-05-29 12:58:00
14050201123000,11010203269238,,,,,2026-04-21 12:30:00,1405-02-01 12:30:00,,faham,0.0,,,,,,,,,,,,,,,,,232.60000610351562,,,0.07000000029802322,,,,0.0,,,,0,2026-05-29 12:58:00
14050201124500,11010203269238,,,,,2026-04-21 12:45:00,1405-02-01 12:45:00,,faham,0.0,,,,,,,,,,,,,,,,,232.89999389648438,,,0.07000000029802322,,,,0.0,,,,0,2026-05-29 13:03:00
14050201130000,11010203269238,,,,,2026-04-21 13:00:00,1405-02-01 13:00:00,,faham,0.0,,,,,,,,,,,,,,,,,234.10000610351562,,,0.07000000029802322,,,,0.0,,,,0,2026-05-29 13:03:00
14050201131500,11010203269238,,,,,2026-04-21 13:15:00,1405-02-01 13:15:00,,faham,0.0,,,,,,,,,,,,,,,,,235.0,,,0.07000000029802322,,,,0.0,,,,0,2026-05-29 13:09:00
14050201133000,11010203269238,,,,,2026-04-21 13:30:00,1405-02-01 13:30:00,,faham,0.0,,,,,,,,,,,,,,,,,234.1999969482422,,,0.07000000029802322,,,,0.0,,,,0,2026-05-29 13:09:00
14050201134500,11010203269238,,,,,2026-04-21 13:45:00,1405-02-01 13:45:00,,faham,0.0,,,,,,,,,,,,,,,,,233.0,,,0.07000000029802322,,,,0.0,,,,0,2026-05-29 13:13:00
14050201140000,11010203269238,,,,,2026-04-21 14:00:00,1405-02-01 14:00:00,,faham,0.0,,,,,,,,,,,,,,,,,232.60000610351562,,,0.07000000029802322,,,,0.0,,,,0,2026-05-29 13:13:00
14050201141500,11010203269238,,,,,2026-04-21 14:15:00,1405-02-01 14:15:00,,faham,0.0,,,,,,,,,,,,,,,,,231.60000610351562,,,0.07000000029802322,,,,0.0,,,,0,2026-05-29 13:19:00
14050201143000,11010203269238,,,,,2026-04-21 14:30:00,1405-02-01 14:30:00,,faham,0.0,,,,,,,,,,,,,,,,,230.60000610351562,,,0.07000000029802322,,,,0.0,,,,0,2026-05-29 13:19:00
14050201144500,11010203269238,,,,,2026-04-21 14:45:00,1405-02-01 14:45:00,,faham,0.0,,,,,,,,,,,,,,,,,231.3000030517578,,,0.07000000029802322,,,,0.0,,,,0,2026-05-29 13:24:00
14050201150000,11010203269238,,,,,2026-04-21 15:00:00,1405-02-01 15:00:00,,faham,0.0,,,,,,,,,,,,,,,,,231.39999389648438,,,0.07000000029802322,,,,0.0,,,,0,2026-05-29 13:24:00
14050201151500,11010203269238,,,,,2026-04-21 15:15:00,1405-02-01 15:15:00,,faham,0.0,,,,,,,,,,,,,,,,,232.0,,,0.07000000029802322,,,,0.0,,,,0,2026-05-29 13:30:00
14050201153000,11010203269238,,,,,2026-04-21 15:30:00,1405-02-01 15:30:00,,faham,0.0,,,,,,,,,,,,,,,,,231.39999389648438,,,0.07000000029802322,,,,0.0,,,,0,2026-05-29 13:30:00
14050201154500,11010203269238,,,,,2026-04-21 15:45:00,1405-02-01 15:45:00,,faham,0.0,,,,,,,,,,,,,,,,,231.10000610351562,,,0.07000000029802322,,,,0.0,,,,0,2026-05-29 13:34:00
14050201160000,11010203269238,,,,,2026-04-21 16:00:00,1405-02-01 16:00:00,,faham,0.0,,,,,,,,,,,,,,,,,231.8000030517578,,,0.07000000029802322,,,,0.0,,,,0,2026-05-29 13:34:00
14050201161500,11010203269238,,,,,2026-04-21 16:15:00,1405-02-01 16:15:00,,faham,0.0,,,,,,,,,,,,,,,,,232.0,,,0.07000000029802322,,,,0.0,,,,0,2026-05-29 13:39:00
14050201163000,11010203269238,,,,,2026-04-21 16:30:00,1405-02-01 16:30:00,,faham,0.0,,,,,,,,,,,,,,,,,232.5,,,0.07000000029802322,,,,0.0,,,,0,2026-05-29 13:39:00
14050201164500,11010203269238,,,,,2026-04-21 16:45:00,1405-02-01 16:45:00,,faham,0.0,,,,,,,,,,,,,,,,,233.1999969482422,,,0.07000000029802322,,,,0.0,,,,0,2026-05-29 13:43:00
14050201170000,11010203269238,,,,,2026-04-21 17:00:00,1405-02-01 17:00:00,,faham,0.0,,,,,,,,,,,,,,,,,232.1999969482422,,,0.07000000029802322,,,,0.0,,,,0,2026-05-29 13:43:00
14050201171500,11010203269238,,,,,2026-04-21 17:15:00,1405-02-01 17:15:00,,faham,0.0,,,,,,,,,,,,,,,,,233.0,,,0.07000000029802322,,,,0.0,,,,0,2026-05-29 13:48:00
14050201173000,11010203269238,,,,,2026-04-21 17:30:00,1405-02-01 17:30:00,,faham,0.0,,,,,,,,,,,,,,,,,232.3000030517578,,,0.07000000029802322,,,,0.0,,,,0,2026-05-29 13:48:00
14050201174500,11010203269238,,,,,2026-04-21 17:45:00,1405-02-01 17:45:00,,faham,0.0,,,,,,,,,,,,,,,,,232.60000610351562,,,0.07000000029802322,,,,0.0,,,,0,2026-05-29 13:53:00
14050201180000,11010203269238,,,,,2026-04-21 18:00:00,1405-02-01 18:00:00,,faham,0.0,,,,,,,,,,,,,,,2.0,0.0,231.7,,,0.06,,,10.0,0.0,0.0,0.0,0,0,
14050201181500,11010203269238,,,,,2026-04-21 18:15:00,1405-02-01 18:15:00,,faham,0.0,,,,,,,,,,,,,,,,,232.1999969482422,,,0.05999999865889549,,,,0.0,,,,0,2026-05-29 13:56:00
14050201183000,11010203269238,,,,,2026-04-21 18:30:00,1405-02-01 18:30:00,,faham,0.0,,,,,,,,,,,,,,,,,232.0,,,0.05999999865889549,,,,0.0,,,,0,2026-05-29 13:56:00
14050201184500,11010203269238,,,,,2026-04-21 18:45:00,1405-02-01 18:45:00,,faham,0.0,,,,,,,,,,,,,,,,,231.8000030517578,,,0.05999999865889549,,,,0.0,,,,0,2026-05-29 14:46:00
14050201190000,11010203269238,,,,,2026-04-21 19:00:00,1405-02-01 19:00:00,,faham,0.0,,,,,,,,,,,,,,,,,232.1999969482422,,,0.05999999865889549,,,,0.0,,,,0,2026-05-29 14:46:00
14050201191500,11010203269238,,,,,2026-04-21 19:15:00,1405-02-01 19:15:00,,faham,0.0,,,,,,,,,,,,,,,,,233.5,,,0.05999999865889549,,,,0.0,,,,0,2026-05-29 14:51:00
14050201193000,11010203269238,,,,,2026-04-21 19:30:00,1405-02-01 19:30:00,,faham,0.0,,,,,,,,,,,,,,,,,233.3000030517578,,,0.05999999865889549,,,,0.0,,,,0,2026-05-29 14:51:00
14050201194500,11010203269238,,,,,2026-04-21 19:45:00,1405-02-01 19:45:00,,faham,0.0,,,,,,,,,,,,,,,,,233.0,,,0.05999999865889549,,,,0.0,,,,0,2026-05-29 14:56:00
14050201200000,11010203269238,,,,,2026-04-21 20:00:00,1405-02-01 20:00:00,,faham,0.0,,,,,,,,,,,,,,,,,232.8000030517578,,,0.07000000029802322,,,,0.0,,,,0,2026-05-29 14:56:00
14050201201500,11010203269238,,,,,2026-04-21 20:15:00,1405-02-01 20:15:00,,faham,0.0,,,,,,,,,,,,,,,,,233.1999969482422,,,0.07000000029802322,,,,0.0,,,,0,2026-05-29 15:01:00
14050201203000,11010203269238,,,,,2026-04-21 20:30:00,1405-02-01 20:30:00,,faham,0.0,,,,,,,,,,,,,,,,,233.8000030517578,,,0.07000000029802322,,,,0.0,,,,0,2026-05-29 15:01:00
14050201204500,11010203269238,,,,,2026-04-21 20:45:00,1405-02-01 20:45:00,,faham,0.0,,,,,,,,,,,,,,,,,233.60000610351562,,,0.07000000029802322,,,,0.0,,,,0,2026-05-29 15:06:00
14050201210000,11010203269238,,,,,2026-04-21 21:00:00,1405-02-01 21:00:00,,faham,0.0,,,,,,,,,,,,,,,,,234.60000610351562,,,0.07000000029802322,,,,0.0,,,,0,2026-05-29 15:06:00
14050201211500,11010203269238,,,,,2026-04-21 21:15:00,1405-02-01 21:15:00,,faham,0.0,,,,,,,,,,,,,,,,,233.5,,,0.07000000029802322,,,,0.0,,,,0,2026-05-29 15:11:00
14050201213000,11010203269238,,,,,2026-04-21 21:30:00,1405-02-01 21:30:00,,faham,0.0,,,,,,,,,,,,,,,,,232.89999389648438,,,0.07000000029802322,,,,0.0,,,,0,2026-05-29 15:11:00
14050201214500,11010203269238,,,,,2026-04-21 21:45:00,1405-02-01 21:45:00,,faham,0.0,,,,,,,,,,,,,,,,,232.39999389648438,,,0.07000000029802322,,,,0.0,,,,0,2026-05-29 15:17:00
14050201220000,11010203269238,,,,,2026-04-21 22:00:00,1405-02-01 22:00:00,,faham,0.0,,,,,,,,,,,,,,,,,233.10000610351562,,,0.07000000029802322,,,,0.0,,,,0,2026-05-29 15:17:00
14050201221500,11010203269238,,,,,2026-04-21 22:15:00,1405-02-01 22:15:00,,faham,0.0,,,,,,,,,,,,,,,,,234.10000610351562,,,0.07000000029802322,,,,0.0,,,,0,2026-05-29 15:23:00
14050201223000,11010203269238,,,,,2026-04-21 22:30:00,1405-02-01 22:30:00,,faham,0.0,,,,,,,,,,,,,,,,,233.89999389648438,,,0.07000000029802322,,,,0.0,,,,0,2026-05-29 15:23:00
14050201224500,11010203269238,,,,,2026-04-21 22:45:00,1405-02-01 22:45:00,,faham,0.0,,,,,,,,,,,,,,,,,234.1999969482422,,,0.07000000029802322,,,,0.0,,,,0,2026-05-29 15:28:00
14050201230000,11010203269238,,,,,2026-04-21 23:00:00,1405-02-01 23:00:00,,faham,0.0,,,,,,,,,,,,,,,,,234.60000610351562,,,0.07000000029802322,,,,0.0,,,,0,2026-05-29 15:28:00
14050201231500,11010203269238,,,,,2026-04-21 23:15:00,1405-02-01 23:15:00,,faham,0.0,,,,,,,,,,,,,,,,,234.10000610351562,,,0.07000000029802322,,,,0.0,,,,0,2026-05-29 15:33:00
14050201233000,11010203269238,,,,,2026-04-21 23:30:00,1405-02-01 23:30:00,,faham,0.0,,,,,,,,,,,,,,,,,233.6999969482422,,,0.07000000029802322,,,,0.0,,,,0,2026-05-29 15:33:00
14050201234500,11010203269238,,,,,2026-04-21 23:45:00,1405-02-01 23:45:00,,faham,0.0,,,,,,,,,,,,,,,,,234.6999969482422,,,0.07000000029802322,,,,0.0,,,,0,2026-05-29 15:39:00
14050201000000,11010203290118,,,,,2026-04-21 00:00:00,1405-02-01 00:00:00,,faham,0.0,,,,,,,,,,,,,,,31.0,21.0,226.0,,,0.6700000166893005,,,124.0,0.0,0.0,0.0,0,0,2026-05-29 10:51:00
14050201001500,11010203290118,,,,,2026-04-21 00:15:00,1405-02-01 00:15:00,,faham,0.0,,,,,,,,,,,,,,,31.0,21.0,226.89999389648438,,,0.6700000166893005,,,124.0,0.0,0.0,0.0,0,0,2026-05-29 10:57:00
14050201003000,11010203290118,,,,,2026-04-21 00:30:00,1405-02-01 00:30:00,,faham,0.0,,,,,,,,,,,,,,,31.0,21.0,227.3000030517578,,,0.6700000166893005,,,124.0,0.0,0.0,0.0,0,0,2026-05-29 10:57:00
14050201004500,11010203290118,,,,,2026-04-21 00:45:00,1405-02-01 00:45:00,,faham,0.0,,,,,,,,,,,,,,,23.0,15.0,227.3000030517578,,,0.5400000214576721,,,99.0,0.0,0.0,3.0,0,0,2026-05-29 11:03:00
14050201010000,11010203290118,,,,,2026-04-21 01:00:00,1405-02-01 01:00:00,,faham,0.0,,,,,,,,,,,,,,,2.0,0.0,228.5,,,0.20000000298023224,,,8.0,0.0,0.0,10.0,0,0,2026-05-29 11:03:00
14050201011500,11010203290118,,,,,2026-04-21 01:15:00,1405-02-01 01:15:00,,faham,0.0,,,,,,,,,,,,,,,2.0,0.0,229.1999969482422,,,0.20000000298023224,,,8.0,0.0,0.0,10.0,0,0,2026-05-29 11:09:00
14050201013000,11010203290118,,,,,2026-04-21 01:30:00,1405-02-01 01:30:00,,faham,0.0,,,,,,,,,,,,,,,5.0,0.0,228.3000030517578,,,0.23999999463558197,,,16.0,0.0,0.0,10.0,0,0,2026-05-29 11:09:00
14050201014500,11010203290118,,,,,2026-04-21 01:45:00,1405-02-01 01:45:00,,faham,0.0,,,,,,,,,,,,,,,5.0,0.0,229.39999389648438,,,0.23999999463558197,,,28.0,0.0,0.0,10.0,0,0,2026-05-29 11:14:00
14050201020000,11010203290118,,,,,2026-04-21 02:00:00,1405-02-01 02:00:00,,faham,0.0,,,,,,,,,,,,,,,32.0,20.0,229.39999389648438,,,0.6899999976158142,,,123.0,0.0,0.0,1.0,0,0,2026-05-29 11:14:00
14050201021500,11010203290118,,,,,2026-04-21 02:15:00,1405-02-01 02:15:00,,faham,0.0,,,,,,,,,,,,,,,33.0,21.0,226.3000030517578,,,0.7099999785423279,,,135.0,0.0,0.0,0.0,0,0,2026-05-29 11:19:00
14050201023000,11010203290118,,,,,2026-04-21 02:30:00,1405-02-01 02:30:00,,faham,0.0,,,,,,,,,,,,,,,32.0,21.0,226.89999389648438,,,0.6899999976158142,,,130.0,0.0,0.0,0.0,0,0,2026-05-29 11:19:00
14050201024500,11010203290118,,,,,2026-04-21 02:45:00,1405-02-01 02:45:00,,faham,0.0,,,,,,,,,,,,,,,31.0,21.0,227.39999389648438,,,0.6800000071525574,,,128.0,0.0,0.0,0.0,0,0,2026-05-29 11:24:00
14050201030000,11010203290118,,,,,2026-04-21 03:00:00,1405-02-01 03:00:00,,faham,0.0,,,,,,,,,,,,,,,31.0,21.0,226.6999969482422,,,0.6700000166893005,,,125.0,0.0,0.0,0.0,0,0,2026-05-29 11:24:00
14050201031500,11010203290118,,,,,2026-04-21 03:15:00,1405-02-01 03:15:00,,faham,0.0,,,,,,,,,,,,,,,30.0,21.0,226.60000610351562,,,0.6600000262260437,,,123.0,0.0,0.0,0.0,0,0,2026-05-29 11:28:00
14050201033000,11010203290118,,,,,2026-04-21 03:30:00,1405-02-01 03:30:00,,faham,0.0,,,,,,,,,,,,,,,30.0,21.0,226.89999389648438,,,0.6499999761581421,,,121.0,0.0,0.0,0.0,0,0,2026-05-29 11:28:00
14050201034500,11010203290118,,,,,2026-04-21 03:45:00,1405-02-01 03:45:00,,faham,0.0,,,,,,,,,,,,,,,41.0,2.0,227.60000610351562,,,0.75,,,161.0,0.0,0.0,9.0,0,0,2026-05-29 11:34:00
14050201040000,11010203290118,,,,,2026-04-21 04:00:00,1405-02-01 04:00:00,,faham,0.0,,,,,,,,,,,,,,,33.0,0.0,228.39999389648438,,,0.6399999856948853,,,145.0,0.0,0.0,10.0,0,0,2026-05-29 11:34:00
14050201041500,11010203290118,,,,,2026-04-21 04:15:00,1405-02-01 04:15:00,,faham,0.0,,,,,,,,,,,,,,,39.0,21.0,227.8000030517578,,,0.800000011920929,,,149.0,0.0,0.0,0.0,0,0,2026-05-29 11:39:00
14050201043000,11010203290118,,,,,2026-04-21 04:30:00,1405-02-01 04:30:00,,faham,0.0,,,,,,,,,,,,,,,35.0,21.0,227.10000610351562,,,0.7300000190734863,,,141.0,0.0,0.0,0.0,0,0,2026-05-29 11:39:00
14050201044500,11010203290118,,,,,2026-04-21 04:45:00,1405-02-01 04:45:00,,faham,0.0,,,,,,,,,,,,,,,34.0,21.0,227.10000610351562,,,0.7099999785423279,,,137.0,0.0,0.0,0.0,0,0,2026-05-29 11:43:00
14050201050000,11010203290118,,,,,2026-04-21 05:00:00,1405-02-01 05:00:00,,faham,0.0,,,,,,,,,,,,,,,33.0,21.0,228.39999389648438,,,0.6899999976158142,,,132.0,0.0,0.0,0.0,0,0,2026-05-29 11:43:00
14050201051500,11010203290118,,,,,2026-04-21 05:15:00,1405-02-01 05:15:00,,faham,0.0,,,,,,,,,,,,,,,32.0,22.0,229.3000030517578,,,0.6800000071525574,,,129.0,0.0,0.0,0.0,0,0,2026-05-29 11:48:00
14050201053000,11010203290118,,,,,2026-04-21 05:30:00,1405-02-01 05:30:00,,faham,0.0,,,,,,,,,,,,,,,31.0,22.0,229.1999969482422,,,0.6700000166893005,,,125.0,0.0,0.0,0.0,0,0,2026-05-29 11:48:00
14050201054500,11010203290118,,,,,2026-04-21 05:45:00,1405-02-01 05:45:00,,faham,0.0,,,,,,,,,,,,,,,30.0,21.0,228.1999969482422,,,0.6600000262260437,,,123.0,0.0,0.0,0.0,0,0,2026-05-29 11:53:00
14050201060000,11010203290118,,,,,2026-04-21 06:00:00,1405-02-01 06:00:00,,faham,0.0,,,,,,,,,,,,,,,30.0,21.0,227.89999389648438,,,0.6600000262260437,,,122.0,0.0,0.0,0.0,0,0,2026-05-29 11:53:00
14050201061500,11010203290118,,,,,2026-04-21 06:15:00,1405-02-01 06:15:00,,faham,0.0,,,,,,,,,,,,,,,30.0,21.0,226.5,,,0.6499999761581421,,,121.0,0.0,0.0,0.0,0,0,2026-05-29 11:58:00
14050201063000,11010203290118,,,,,2026-04-21 06:30:00,1405-02-01 06:30:00,,faham,0.0,,,,,,,,,,,,,,,30.0,21.0,226.1999969482422,,,0.6499999761581421,,,120.0,0.0,0.0,0.0,0,0,2026-05-29 11:58:00
14050201064500,11010203290118,,,,,2026-04-21 06:45:00,1405-02-01 06:45:00,,faham,0.0,,,,,,,,,,,,,,,30.0,21.0,226.8000030517578,,,0.6499999761581421,,,120.0,0.0,0.0,0.0,0,0,2026-05-29 12:03:00
14050201070000,11010203290118,,,,,2026-04-21 07:00:00,1405-02-01 07:00:00,,faham,0.0,,,,,,,,,,,,,,,30.0,20.0,225.60000610351562,,,0.6600000262260437,,,122.0,0.0,0.0,0.0,0,0,2026-05-29 12:03:00
14050201071500,11010203290118,,,,,2026-04-21 07:15:00,1405-02-01 07:15:00,,faham,0.0,,,,,,,,,,,,,,,29.0,20.0,224.10000610351562,,,0.6499999761581421,,,118.0,0.0,0.0,0.0,0,0,2026-05-29 12:08:00
14050201073000,11010203290118,,,,,2026-04-21 07:30:00,1405-02-01 07:30:00,,faham,0.0,,,,,,,,,,,,,,,29.0,20.0,224.6999969482422,,,0.6499999761581421,,,118.0,0.0,0.0,0.0,0,0,2026-05-29 12:08:00
14050201074500,11010203290118,,,,,2026-04-21 07:45:00,1405-02-01 07:45:00,,faham,0.0,,,,,,,,,,,,,,,29.0,20.0,223.6999969482422,,,0.6399999856948853,,,118.0,0.0,0.0,0.0,0,0,2026-05-29 12:13:00
14050201080000,11010203290118,,,,,2026-04-21 08:00:00,1405-02-01 08:00:00,,faham,0.0,,,,,,,,,,,,,,,29.0,21.0,226.6999969482422,,,0.6499999761581421,,,119.0,0.0,0.0,0.0,0,0,2026-05-29 12:13:00
14050201081500,11010203290118,,,,,2026-04-21 08:15:00,1405-02-01 08:15:00,,faham,0.0,,,,,,,,,,,,,,,29.0,21.0,227.1999969482422,,,0.6499999761581421,,,119.0,0.0,0.0,0.0,0,0,2026-05-29 12:18:00
14050201083000,11010203290118,,,,,2026-04-21 08:30:00,1405-02-01 08:30:00,,faham,0.0,,,,,,,,,,,,,,,29.0,21.0,226.6999969482422,,,0.6499999761581421,,,119.0,0.0,0.0,0.0,0,0,2026-05-29 12:18:00
14050201084500,11010203290118,,,,,2026-04-21 08:45:00,1405-02-01 08:45:00,,faham,0.0,,,,,,,,,,,,,,,29.0,21.0,226.8000030517578,,,0.6499999761581421,,,119.0,0.0,0.0,0.0,0,0,2026-05-29 12:23:00
14050201090000,11010203290118,,,,,2026-04-21 09:00:00,1405-02-01 09:00:00,,faham,0.0,,,,,,,,,,,,,,,29.0,20.0,223.8000030517578,,,0.6399999856948853,,,118.0,0.0,0.0,0.0,0,0,2026-05-29 12:23:00
14050201091500,11010203290118,,,,,2026-04-21 09:15:00,1405-02-01 09:15:00,,faham,0.0,,,,,,,,,,,,,,,29.0,20.0,225.1999969482422,,,0.6499999761581421,,,118.0,0.0,0.0,0.0,0,0,2026-05-29 12:28:00
14050201093000,11010203290118,,,,,2026-04-21 09:30:00,1405-02-01 09:30:00,,faham,0.0,,,,,,,,,,,,,,,29.0,20.0,224.60000610351562,,,0.6499999761581421,,,118.0,0.0,0.0,0.0,0,0,2026-05-29 12:28:00
14050201094500,11010203290118,,,,,2026-04-21 09:45:00,1405-02-01 09:45:00,,faham,0.0,,,,,,,,,,,,,,,29.0,20.0,224.5,,,0.6499999761581421,,,118.0,0.0,0.0,0.0,0,0,2026-05-29 12:33:00
14050201100000,11010203290118,,,,,2026-04-21 10:00:00,1405-02-01 10:00:00,,faham,0.0,,,,,,,,,,,,,,,29.0,20.0,224.10000610351562,,,0.6399999856948853,,,118.0,0.0,0.0,0.0,0,0,2026-05-29 12:33:00
14050201101500,11010203290118,,,,,2026-04-21 10:15:00,1405-02-01 10:15:00,,faham,0.0,,,,,,,,,,,,,,,29.0,20.0,224.10000610351562,,,0.6399999856948853,,,118.0,0.0,0.0,0.0,0,0,2026-05-29 12:39:00
14050201103000,11010203290118,,,,,2026-04-21 10:30:00,1405-02-01 10:30:00,,faham,0.0,,,,,,,,,,,,,,,29.0,20.0,223.5,,,0.6399999856948853,,,118.0,0.0,0.0,0.0,0,0,2026-05-29 12:39:00
14050201104500,11010203290118,,,,,2026-04-21 10:45:00,1405-02-01 10:45:00,,faham,0.0,,,,,,,,,,,,,,,29.0,21.0,225.60000610351562,,,0.6499999761581421,,,119.0,0.0,0.0,0.0,0,0,2026-05-29 12:43:00
14050201110000,11010203290118,,,,,2026-04-21 11:00:00,1405-02-01 11:00:00,,faham,0.0,,,,,,,,,,,,,,,30.0,21.0,227.5,,,0.6600000262260437,,,120.0,0.0,0.0,0.0,0,0,2026-05-29 12:43:00
14050201111500,11010203290118,,,,,2026-04-21 11:15:00,1405-02-01 11:15:00,,faham,0.0,,,,,,,,,,,,,,,29.0,21.0,226.1999969482422,,,0.6499999761581421,,,119.0,0.0,0.0,0.0,0,0,2026-05-29 12:49:00
14050201113000,11010203290118,,,,,2026-04-21 11:30:00,1405-02-01 11:30:00,,faham,0.0,,,,,,,,,,,,,,,31.0,19.0,227.60000610351562,,,0.6700000166893005,,,123.0,0.0,0.0,1.0,0,0,2026-05-29 12:49:00
14050201114500,11010203290118,,,,,2026-04-21 11:45:00,1405-02-01 11:45:00,,faham,0.0,,,,,,,,,,,,,,,43.0,0.0,229.0,,,0.7699999809265137,,,172.0,0.0,0.0,10.0,0,0,2026-05-29 12:53:00
14050201120000,11010203290118,,,,,2026-04-21 12:00:00,1405-02-01 12:00:00,,faham,0.0,,,,,,,,,,,,,,,33.0,3.0,228.8000030517578,,,0.6600000262260437,,,133.0,0.0,0.0,8.0,0,0,2026-05-29 12:53:00
14050201121500,11010203290118,,,,,2026-04-21 12:15:00,1405-02-01 12:15:00,,faham,0.0,,,,,,,,,,,,,,,38.0,22.0,228.39999389648438,,,0.7900000214576721,,,157.0,0.0,0.0,0.0,0,0,2026-05-29 12:58:00
14050201123000,11010203290118,,,,,2026-04-21 12:30:00,1405-02-01 12:30:00,,faham,0.0,,,,,,,,,,,,,,,35.0,21.0,227.60000610351562,,,0.7300000190734863,,,140.0,0.0,0.0,0.0,0,0,2026-05-29 12:58:00
14050201124500,11010203290118,,,,,2026-04-21 12:45:00,1405-02-01 12:45:00,,faham,0.0,,,,,,,,,,,,,,,32.0,21.0,227.39999389648438,,,0.699999988079071,,,131.0,0.0,0.0,0.0,0,0,2026-05-29 13:03:00
14050201130000,11010203290118,,,,,2026-04-21 13:00:00,1405-02-01 13:00:00,,faham,0.0,,,,,,,,,,,,,,,31.0,21.0,226.8000030517578,,,0.6800000071525574,,,125.0,0.0,0.0,0.0,0,0,2026-05-29 13:03:00
14050201131500,11010203290118,,,,,2026-04-21 13:15:00,1405-02-01 13:15:00,,faham,0.0,,,,,,,,,,,,,,,30.0,21.0,227.1999969482422,,,0.6600000262260437,,,121.0,0.0,0.0,0.0,0,0,2026-05-29 13:09:00
14050201133000,11010203290118,,,,,2026-04-21 13:30:00,1405-02-01 13:30:00,,faham,0.0,,,,,,,,,,,,,,,30.0,21.0,227.60000610351562,,,0.6600000262260437,,,121.0,0.0,0.0,0.0,0,0,2026-05-29 13:09:00
14050201134500,11010203290118,,,,,2026-04-21 13:45:00,1405-02-01 13:45:00,,faham,0.0,,,,,,,,,,,,,,,30.0,22.0,228.5,,,0.6700000166893005,,,122.0,0.0,0.0,0.0,0,0,2026-05-29 13:13:00
14050201140000,11010203290118,,,,,2026-04-21 14:00:00,1405-02-01 14:00:00,,faham,0.0,,,,,,,,,,,,,,,30.0,22.0,230.0,,,0.6600000262260437,,,120.0,0.0,0.0,0.0,0,0,2026-05-29 13:13:00
14050201141500,11010203290118,,,,,2026-04-21 14:15:00,1405-02-01 14:15:00,,faham,0.0,,,,,,,,,,,,,,,30.0,22.0,229.10000610351562,,,0.6700000166893005,,,123.0,0.0,0.0,0.0,0,0,2026-05-29 13:19:00
14050201143000,11010203290118,,,,,2026-04-21 14:30:00,1405-02-01 14:30:00,,faham,0.0,,,,,,,,,,,,,,,31.0,22.0,229.0,,,0.6800000071525574,,,126.0,0.0,0.0,0.0,0,0,2026-05-29 13:19:00
14050201144500,11010203290118,,,,,2026-04-21 14:45:00,1405-02-01 14:45:00,,faham,0.0,,,,,,,,,,,,,,,31.0,22.0,229.5,,,0.6800000071525574,,,126.0,0.0,0.0,0.0,0,0,2026-05-29 13:24:00
14050201150000,11010203290118,,,,,2026-04-21 15:00:00,1405-02-01 15:00:00,,faham,0.0,,,,,,,,,,,,,,,31.0,22.0,229.3000030517578,,,0.6800000071525574,,,125.0,0.0,0.0,0.0,0,0,2026-05-29 13:24:00
14050201151500,11010203290118,,,,,2026-04-21 15:15:00,1405-02-01 15:15:00,,faham,0.0,,,,,,,,,,,,,,,31.0,22.0,230.10000610351562,,,0.6800000071525574,,,126.0,0.0,0.0,0.0,0,0,2026-05-29 13:30:00
14050201153000,11010203290118,,,,,2026-04-21 15:30:00,1405-02-01 15:30:00,,faham,0.0,,,,,,,,,,,,,,,31.0,22.0,228.89999389648438,,,0.6700000166893005,,,124.0,0.0,0.0,0.0,0,0,2026-05-29 13:30:00
14050201154500,11010203290118,,,,,2026-04-21 15:45:00,1405-02-01 15:45:00,,faham,0.0,,,,,,,,,,,,,,,30.0,22.0,228.6999969482422,,,0.6600000262260437,,,121.0,0.0,0.0,0.0,0,0,2026-05-29 13:34:00
14050201160000,11010203290118,,,,,2026-04-21 16:00:00,1405-02-01 16:00:00,,faham,0.0,,,,,,,,,,,,,,,31.0,22.0,230.10000610351562,,,0.6800000071525574,,,124.0,0.0,0.0,0.0,0,0,2026-05-29 13:34:00
14050201161500,11010203290118,,,,,2026-04-21 16:15:00,1405-02-01 16:15:00,,faham,0.0,,,,,,,,,,,,,,,31.0,22.0,229.60000610351562,,,0.6800000071525574,,,125.0,0.0,0.0,0.0,0,0,2026-05-29 13:39:00
14050201163000,11010203290118,,,,,2026-04-21 16:30:00,1405-02-01 16:30:00,,faham,0.0,,,,,,,,,,,,,,,31.0,22.0,228.60000610351562,,,0.6700000166893005,,,124.0,0.0,0.0,0.0,0,0,2026-05-29 13:39:00
14050201164500,11010203290118,,,,,2026-04-21 16:45:00,1405-02-01 16:45:00,,faham,0.0,,,,,,,,,,,,,,,31.0,22.0,229.60000610351562,,,0.6800000071525574,,,124.0,0.0,0.0,0.0,0,0,2026-05-29 13:43:00
14050201170000,11010203290118,,,,,2026-04-21 17:00:00,1405-02-01 17:00:00,,faham,0.0,,,,,,,,,,,,,,,30.0,22.0,228.60000610351562,,,0.6700000166893005,,,123.0,0.0,0.0,0.0,0,0,2026-05-29 13:43:00
14050201171500,11010203290118,,,,,2026-04-21 17:15:00,1405-02-01 17:15:00,,faham,0.0,,,,,,,,,,,,,,,30.0,22.0,228.3000030517578,,,0.6700000166893005,,,123.0,0.0,0.0,0.0,0,0,2026-05-29 13:48:00
14050201173000,11010203290118,,,,,2026-04-21 17:30:00,1405-02-01 17:30:00,,faham,0.0,,,,,,,,,,,,,,,30.0,22.0,228.5,,,0.6700000166893005,,,122.0,0.0,0.0,0.0,0,0,2026-05-29 13:48:00
14050201174500,11010203290118,,,,,2026-04-21 17:45:00,1405-02-01 17:45:00,,faham,0.0,,,,,,,,,,,,,,,37.0,20.0,228.3000030517578,,,0.7599999904632568,,,148.0,0.0,0.0,0.0,0,0,2026-05-29 13:53:00
14050201180000,11010203290118,,,,,2026-04-21 18:00:00,1405-02-01 18:00:00,,faham,0.0,,,,,,,,,,,,,,,62.0,17.0,227.9,,,1.28,,,241.0,0.0,0.0,0.0,0,0,
14050201181500,11010203290118,,,,,2026-04-21 18:15:00,1405-02-01 18:15:00,,faham,0.0,,,,,,,,,,,,,,,109.0,15.0,228.0,,,2.240000009536743,,,439.0,0.0,0.0,0.0,0,0,2026-05-29 13:56:00
14050201183000,11010203290118,,,,,2026-04-21 18:30:00,1405-02-01 18:30:00,,faham,0.0,,,,,,,,,,,,,,,96.0,12.0,229.10000610351562,,,1.9900000095367432,,,384.0,0.0,0.0,0.0,0,0,2026-05-29 13:56:00
14050201184500,11010203290118,,,,,2026-04-21 18:45:00,1405-02-01 18:45:00,,faham,0.0,,,,,,,,,,,,,,,94.0,11.0,227.3000030517578,,,1.9700000286102295,,,378.0,0.0,0.0,0.0,0,0,2026-05-29 14:46:00
14050201190000,11010203290118,,,,,2026-04-21 19:00:00,1405-02-01 19:00:00,,faham,0.0,,,,,,,,,,,,,,,93.0,10.0,225.0,,,1.9800000190734863,,,376.0,0.0,0.0,0.0,0,0,2026-05-29 14:46:00
14050201191500,11010203290118,,,,,2026-04-21 19:15:00,1405-02-01 19:15:00,,faham,0.0,,,,,,,,,,,,,,,93.0,11.0,225.5,,,1.9600000381469727,,,374.0,0.0,0.0,0.0,0,0,2026-05-29 14:51:00
14050201193000,11010203290118,,,,,2026-04-21 19:30:00,1405-02-01 19:30:00,,faham,0.0,,,,,,,,,,,,,,,97.0,8.0,226.1999969482422,,,2.0399999618530273,,,387.0,0.0,0.0,5.0,0,0,2026-05-29 14:51:00
14050201194500,11010203290118,,,,,2026-04-21 19:45:00,1405-02-01 19:45:00,,faham,0.0,,,,,,,,,,,,,,,105.0,0.0,225.3000030517578,,,2.240000009536743,,,423.0,0.0,0.0,18.0,0,0,2026-05-29 14:56:00
14050201200000,11010203290118,,,,,2026-04-21 20:00:00,1405-02-01 20:00:00,,faham,0.0,,,,,,,,,,,,,,,97.0,3.0,226.3000030517578,,,2.0899999141693115,,,389.0,0.0,0.0,13.0,0,0,2026-05-29 14:56:00
14050201201500,11010203290118,,,,,2026-04-21 20:15:00,1405-02-01 20:15:00,,faham,0.0,,,,,,,,,,,,,,,78.0,16.0,226.1999969482422,,,1.600000023841858,,,324.0,0.0,0.0,0.0,0,0,2026-05-29 15:01:00
14050201203000,11010203290118,,,,,2026-04-21 20:30:00,1405-02-01 20:30:00,,faham,0.0,,,,,,,,,,,,,,,41.0,20.0,226.5,,,0.8199999928474426,,,168.0,0.0,0.0,0.0,0,0,2026-05-29 15:01:00
14050201204500,11010203290118,,,,,2026-04-21 20:45:00,1405-02-01 20:45:00,,faham,0.0,,,,,,,,,,,,,,,36.0,21.0,226.60000610351562,,,0.75,,,147.0,0.0,0.0,0.0,0,0,2026-05-29 15:06:00
14050201210000,11010203290118,,,,,2026-04-21 21:00:00,1405-02-01 21:00:00,,faham,0.0,,,,,,,,,,,,,,,35.0,21.0,227.5,,,0.7400000095367432,,,142.0,0.0,0.0,0.0,0,0,2026-05-29 15:06:00
14050201211500,11010203290118,,,,,2026-04-21 21:15:00,1405-02-01 21:15:00,,faham,0.0,,,,,,,,,,,,,,,36.0,21.0,227.10000610351562,,,0.7400000095367432,,,144.0,0.0,0.0,0.0,0,0,2026-05-29 15:11:00
14050201213000,11010203290118,,,,,2026-04-21 21:30:00,1405-02-01 21:30:00,,faham,0.0,,,,,,,,,,,,,,,36.0,21.0,227.39999389648438,,,0.75,,,145.0,0.0,0.0,0.0,0,0,2026-05-29 15:11:00
14050201214500,11010203290118,,,,,2026-04-21 21:45:00,1405-02-01 21:45:00,,faham,0.0,,,,,,,,,,,,,,,36.0,22.0,228.39999389648438,,,0.7400000095367432,,,144.0,0.0,0.0,0.0,0,0,2026-05-29 15:17:00
14050201220000,11010203290118,,,,,2026-04-21 22:00:00,1405-02-01 22:00:00,,faham,0.0,,,,,,,,,,,,,,,35.0,21.0,227.89999389648438,,,0.7400000095367432,,,142.0,0.0,0.0,0.0,0,0,2026-05-29 15:17:00
14050201221500,11010203290118,,,,,2026-04-21 22:15:00,1405-02-01 22:15:00,,faham,0.0,,,,,,,,,,,,,,,35.0,21.0,226.3000030517578,,,0.7300000190734863,,,142.0,0.0,0.0,0.0,0,0,2026-05-29 15:23:00
14050201223000,11010203290118,,,,,2026-04-21 22:30:00,1405-02-01 22:30:00,,faham,0.0,,,,,,,,,,,,,,,35.0,21.0,227.8000030517578,,,0.7300000190734863,,,142.0,0.0,0.0,0.0,0,0,2026-05-29 15:23:00
14050201224500,11010203290118,,,,,2026-04-21 22:45:00,1405-02-01 22:45:00,,faham,0.0,,,,,,,,,,,,,,,35.0,22.0,229.0,,,0.7300000190734863,,,142.0,0.0,0.0,0.0,0,0,2026-05-29 15:28:00
14050201230000,11010203290118,,,,,2026-04-21 23:00:00,1405-02-01 23:00:00,,faham,0.0,,,,,,,,,,,,,,,35.0,21.0,227.5,,,0.7300000190734863,,,142.0,0.0,0.0,0.0,0,0,2026-05-29 15:28:00
14050201231500,11010203290118,,,,,2026-04-21 23:15:00,1405-02-01 23:15:00,,faham,0.0,,,,,,,,,,,,,,,35.0,21.0,226.6999969482422,,,0.7300000190734863,,,140.0,0.0,0.0,0.0,0,0,2026-05-29 15:33:00
14050201233000,11010203290118,,,,,2026-04-21 23:30:00,1405-02-01 23:30:00,,faham,0.0,,,,,,,,,,,,,,,35.0,21.0,226.1999969482422,,,0.7300000190734863,,,140.0,0.0,0.0,0.0,0,0,2026-05-29 15:33:00
14050201234500,11010203290118,,,,,2026-04-21 23:45:00,1405-02-01 23:45:00,,faham,0.0,,,,,,,,,,,,,,,34.0,21.0,226.6999969482422,,,0.7200000286102295,,,137.0,0.0,0.0,0.0,0,0,2026-05-29 15:39:00
14050201000000,11010303309858,,,,,2026-04-21 00:00:00,1405-02-01 00:00:00,,faham,0.0,,,,,,,,,,,,,,,,,234.0,,,1.9900000095367432,,,,0.0,,,,0,2026-05-29 10:51:00
14050201001500,11010303309858,,,,,2026-04-21 00:15:00,1405-02-01 00:15:00,,faham,0.0,,,,,,,,,,,,,,,,,235.0,,,1.840000033378601,,,,0.0,,,,0,2026-05-29 10:57:00
14050201003000,11010303309858,,,,,2026-04-21 00:30:00,1405-02-01 00:30:00,,faham,0.0,,,,,,,,,,,,,,,,,236.10000610351562,,,2.2100000381469727,,,,0.0,,,,0,2026-05-29 10:57:00
14050201004500,11010303309858,,,,,2026-04-21 00:45:00,1405-02-01 00:45:00,,faham,0.0,,,,,,,,,,,,,,,,,237.0,,,2.0199999809265137,,,,0.0,,,,0,2026-05-29 11:03:00
14050201010000,11010303309858,,,,,2026-04-21 01:00:00,1405-02-01 01:00:00,,faham,0.0,,,,,,,,,,,,,,,,,234.5,,,1.840000033378601,,,,0.0,,,,0,2026-05-29 11:03:00
14050201011500,11010303309858,,,,,2026-04-21 01:15:00,1405-02-01 01:15:00,,faham,0.0,,,,,,,,,,,,,,,,,234.6999969482422,,,2.1500000953674316,,,,0.0,,,,0,2026-05-29 11:09:00
14050201013000,11010303309858,,,,,2026-04-21 01:30:00,1405-02-01 01:30:00,,faham,0.0,,,,,,,,,,,,,,,,,234.5,,,2.0899999141693115,,,,0.0,,,,0,2026-05-29 11:09:00
14050201014500,11010303309858,,,,,2026-04-21 01:45:00,1405-02-01 01:45:00,,faham,0.0,,,,,,,,,,,,,,,,,236.10000610351562,,,1.4199999570846558,,,,0.0,,,,0,2026-05-29 11:14:00
14050201020000,11010303309858,,,,,2026-04-21 02:00:00,1405-02-01 02:00:00,,faham,0.0,,,,,,,,,,,,,,,,,236.60000610351562,,,0.47999998927116394,,,,0.0,,,,0,2026-05-29 11:14:00
14050201021500,11010303309858,,,,,2026-04-21 02:15:00,1405-02-01 02:15:00,,faham,0.0,,,,,,,,,,,,,,,,,235.8000030517578,,,0.7300000190734863,,,,0.0,,,,0,2026-05-29 11:19:00
14050201023000,11010303309858,,,,,2026-04-21 02:30:00,1405-02-01 02:30:00,,faham,0.0,,,,,,,,,,,,,,,,,234.89999389648438,,,0.5299999713897705,,,,0.0,,,,0,2026-05-29 11:19:00
14050201024500,11010303309858,,,,,2026-04-21 02:45:00,1405-02-01 02:45:00,,faham,0.0,,,,,,,,,,,,,,,,,235.10000610351562,,,0.699999988079071,,,,0.0,,,,0,2026-05-29 11:24:00
14050201030000,11010303309858,,,,,2026-04-21 03:00:00,1405-02-01 03:00:00,,faham,0.0,,,,,,,,,,,,,,,,,234.0,,,0.949999988079071,,,,0.0,,,,0,2026-05-29 11:24:00
14050201031500,11010303309858,,,,,2026-04-21 03:15:00,1405-02-01 03:15:00,,faham,0.0,,,,,,,,,,,,,,,,,233.6999969482422,,,0.5299999713897705,,,,0.0,,,,0,2026-05-29 11:28:00
14050201033000,11010303309858,,,,,2026-04-21 03:30:00,1405-02-01 03:30:00,,faham,0.0,,,,,,,,,,,,,,,,,233.3000030517578,,,0.6000000238418579,,,,0.0,,,,0,2026-05-29 11:28:00
14050201034500,11010303309858,,,,,2026-04-21 03:45:00,1405-02-01 03:45:00,,faham,0.0,,,,,,,,,,,,,,,,,233.39999389648438,,,0.9599999785423279,,,,0.0,,,,0,2026-05-29 11:34:00
14050201040000,11010303309858,,,,,2026-04-21 04:00:00,1405-02-01 04:00:00,,faham,0.0,,,,,,,,,,,,,,,,,233.3000030517578,,,0.6200000047683716,,,,0.0,,,,0,2026-05-29 11:34:00
14050201041500,11010303309858,,,,,2026-04-21 04:15:00,1405-02-01 04:15:00,,faham,0.0,,,,,,,,,,,,,,,,,233.10000610351562,,,0.5199999809265137,,,,0.0,,,,0,2026-05-29 11:39:00
14050201043000,11010303309858,,,,,2026-04-21 04:30:00,1405-02-01 04:30:00,,faham,0.0,,,,,,,,,,,,,,,,,233.10000610351562,,,0.9399999976158142,,,,0.0,,,,0,2026-05-29 11:39:00
14050201044500,11010303309858,,,,,2026-04-21 04:45:00,1405-02-01 04:45:00,,faham,0.0,,,,,,,,,,,,,,,,,232.6999969482422,,,0.7099999785423279,,,,0.0,,,,0,2026-05-29 11:43:00
14050201050000,11010303309858,,,,,2026-04-21 05:00:00,1405-02-01 05:00:00,,faham,0.0,,,,,,,,,,,,,,,,,233.6999969482422,,,0.5299999713897705,,,,0.0,,,,0,2026-05-29 11:43:00
14050201051500,11010303309858,,,,,2026-04-21 05:15:00,1405-02-01 05:15:00,,faham,0.0,,,,,,,,,,,,,,,,,234.60000610351562,,,0.8600000143051147,,,,0.0,,,,0,2026-05-29 11:48:00
14050201053000,11010303309858,,,,,2026-04-21 05:30:00,1405-02-01 05:30:00,,faham,0.0,,,,,,,,,,,,,,,,,235.10000610351562,,,0.800000011920929,,,,0.0,,,,0,2026-05-29 11:48:00
14050201054500,11010303309858,,,,,2026-04-21 05:45:00,1405-02-01 05:45:00,,faham,0.0,,,,,,,,,,,,,,,,,234.3000030517578,,,0.5299999713897705,,,,0.0,,,,0,2026-05-29 11:53:00
14050201060000,11010303309858,,,,,2026-04-21 06:00:00,1405-02-01 06:00:00,,faham,0.0,,,,,,,,,,,,,,,,,234.39999389648438,,,0.7699999809265137,,,,0.0,,,,0,2026-05-29 11:53:00
14050201061500,11010303309858,,,,,2026-04-21 06:15:00,1405-02-01 06:15:00,,faham,0.0,,,,,,,,,,,,,,,,,233.1999969482422,,,0.8899999856948853,,,,0.0,,,,0,2026-05-29 11:58:00
14050201063000,11010303309858,,,,,2026-04-21 06:30:00,1405-02-01 06:30:00,,faham,0.0,,,,,,,,,,,,,,,,,233.10000610351562,,,0.5299999713897705,,,,0.0,,,,0,2026-05-29 11:58:00
14050201064500,11010303309858,,,,,2026-04-21 06:45:00,1405-02-01 06:45:00,,faham,0.0,,,,,,,,,,,,,,,,,231.89999389648438,,,0.6800000071525574,,,,0.0,,,,0,2026-05-29 12:03:00
14050201070000,11010303309858,,,,,2026-04-21 07:00:00,1405-02-01 07:00:00,,faham,0.0,,,,,,,,,,,,,,,,,233.60000610351562,,,0.9599999785423279,,,,0.0,,,,0,2026-05-29 12:03:00
14050201071500,11010303309858,,,,,2026-04-21 07:15:00,1405-02-01 07:15:00,,faham,0.0,,,,,,,,,,,,,,,,,233.39999389648438,,,0.550000011920929,,,,0.0,,,,0,2026-05-29 12:08:00
14050201073000,11010303309858,,,,,2026-04-21 07:30:00,1405-02-01 07:30:00,,faham,0.0,,,,,,,,,,,,,,,,,234.10000610351562,,,0.6000000238418579,,,,0.0,,,,0,2026-05-29 12:08:00
14050201074500,11010303309858,,,,,2026-04-21 07:45:00,1405-02-01 07:45:00,,faham,0.0,,,,,,,,,,,,,,,,,232.0,,,0.949999988079071,,,,0.0,,,,0,2026-05-29 12:13:00
14050201080000,11010303309858,,,,,2026-04-21 08:00:00,1405-02-01 08:00:00,,faham,0.0,,,,,,,,,,,,,,,,,231.3000030517578,,,0.6499999761581421,,,,0.0,,,,0,2026-05-29 12:13:00
14050201081500,11010303309858,,,,,2026-04-21 08:15:00,1405-02-01 08:15:00,,faham,0.0,,,,,,,,,,,,,,,,,233.10000610351562,,,0.5299999713897705,,,,0.0,,,,0,2026-05-29 12:18:00
14050201083000,11010303309858,,,,,2026-04-21 08:30:00,1405-02-01 08:30:00,,faham,0.0,,,,,,,,,,,,,,,,,234.8000030517578,,,0.8500000238418579,,,,0.0,,,,0,2026-05-29 12:18:00
14050201084500,11010303309858,,,,,2026-04-21 08:45:00,1405-02-01 08:45:00,,faham,0.0,,,,,,,,,,,,,,,,,235.10000610351562,,,0.5899999737739563,,,,0.0,,,,0,2026-05-29 12:23:00
14050201090000,11010303309858,,,,,2026-04-21 09:00:00,1405-02-01 09:00:00,,faham,0.0,,,,,,,,,,,,,,,,,233.0,,,0.41999998688697815,,,,0.0,,,,0,2026-05-29 12:23:00
14050201091500,11010303309858,,,,,2026-04-21 09:15:00,1405-02-01 09:15:00,,faham,0.0,,,,,,,,,,,,,,,,,233.8000030517578,,,0.6499999761581421,,,,0.0,,,,0,2026-05-29 12:28:00
14050201093000,11010303309858,,,,,2026-04-21 09:30:00,1405-02-01 09:30:00,,faham,0.0,,,,,,,,,,,,,,,,,234.6999969482422,,,0.6399999856948853,,,,0.0,,,,0,2026-05-29 12:28:00
14050201094500,11010303309858,,,,,2026-04-21 09:45:00,1405-02-01 09:45:00,,faham,0.0,,,,,,,,,,,,,,,,,234.60000610351562,,,0.41999998688697815,,,,0.0,,,,0,2026-05-29 12:33:00
14050201100000,11010303309858,,,,,2026-04-21 10:00:00,1405-02-01 10:00:00,,faham,0.0,,,,,,,,,,,,,,,,,235.0,,,0.75,,,,0.0,,,,0,2026-05-29 12:33:00
14050201101500,11010303309858,,,,,2026-04-21 10:15:00,1405-02-01 10:15:00,,faham,0.0,,,,,,,,,,,,,,,,,233.3000030517578,,,0.9200000166893005,,,,0.0,,,,0,2026-05-29 12:39:00
14050201103000,11010303309858,,,,,2026-04-21 10:30:00,1405-02-01 10:30:00,,faham,0.0,,,,,,,,,,,,,,,,,234.10000610351562,,,0.6499999761581421,,,,0.0,,,,0,2026-05-29 12:39:00
14050201104500,11010303309858,,,,,2026-04-21 10:45:00,1405-02-01 10:45:00,,faham,0.0,,,,,,,,,,,,,,,,,230.1999969482422,,,0.7900000214576721,,,,0.0,,,,0,2026-05-29 12:43:00
14050201110000,11010303309858,,,,,2026-04-21 11:00:00,1405-02-01 11:00:00,,faham,0.0,,,,,,,,,,,,,,,,,234.5,,,1.0,,,,0.0,,,,0,2026-05-29 12:43:00
14050201111500,11010303309858,,,,,2026-04-21 11:15:00,1405-02-01 11:15:00,,faham,0.0,,,,,,,,,,,,,,,,,232.6999969482422,,,0.7599999904632568,,,,0.0,,,,0,2026-05-29 12:49:00
14050201113000,11010303309858,,,,,2026-04-21 11:30:00,1405-02-01 11:30:00,,faham,0.0,,,,,,,,,,,,,,,,,233.89999389648438,,,0.6100000143051147,,,,0.0,,,,0,2026-05-29 12:49:00
14050201114500,11010303309858,,,,,2026-04-21 11:45:00,1405-02-01 11:45:00,,faham,0.0,,,,,,,,,,,,,,,,,234.10000610351562,,,0.7300000190734863,,,,0.0,,,,0,2026-05-29 12:53:00
14050201120000,11010303309858,,,,,2026-04-21 12:00:00,1405-02-01 12:00:00,,faham,0.0,,,,,,,,,,,,,,,,,235.10000610351562,,,0.5600000023841858,,,,0.0,,,,0,2026-05-29 12:53:00
14050201121500,11010303309858,,,,,2026-04-21 12:15:00,1405-02-01 12:15:00,,faham,0.0,,,,,,,,,,,,,,,,,231.8000030517578,,,0.41999998688697815,,,,0.0,,,,0,2026-05-29 12:58:00
14050201123000,11010303309858,,,,,2026-04-21 12:30:00,1405-02-01 12:30:00,,faham,0.0,,,,,,,,,,,,,,,,,231.3000030517578,,,0.7300000190734863,,,,0.0,,,,0,2026-05-29 12:58:00
14050201124500,11010303309858,,,,,2026-04-21 12:45:00,1405-02-01 12:45:00,,faham,0.0,,,,,,,,,,,,,,,,,233.39999389648438,,,0.8100000023841858,,,,0.0,,,,0,2026-05-29 13:03:00
14050201130000,11010303309858,,,,,2026-04-21 13:00:00,1405-02-01 13:00:00,,faham,0.0,,,,,,,,,,,,,,,,,233.8000030517578,,,0.7900000214576721,,,,0.0,,,,0,2026-05-29 13:03:00
14050201131500,11010303309858,,,,,2026-04-21 13:15:00,1405-02-01 13:15:00,,faham,0.0,,,,,,,,,,,,,,,,,234.3000030517578,,,0.6499999761581421,,,,0.0,,,,0,2026-05-29 13:09:00
14050201133000,11010303309858,,,,,2026-04-21 13:30:00,1405-02-01 13:30:00,,faham,0.0,,,,,,,,,,,,,,,,,234.0,,,0.6700000166893005,,,,0.0,,,,0,2026-05-29 13:09:00
14050201134500,11010303309858,,,,,2026-04-21 13:45:00,1405-02-01 13:45:00,,faham,0.0,,,,,,,,,,,,,,,,,235.10000610351562,,,0.41999998688697815,,,,0.0,,,,0,2026-05-29 13:13:00
14050201140000,11010303309858,,,,,2026-04-21 14:00:00,1405-02-01 14:00:00,,faham,0.0,,,,,,,,,,,,,,,,,234.39999389648438,,,0.6200000047683716,,,,0.0,,,,0,2026-05-29 13:13:00
14050201141500,11010303309858,,,,,2026-04-21 14:15:00,1405-02-01 14:15:00,,faham,0.0,,,,,,,,,,,,,,,,,233.3000030517578,,,0.8299999833106995,,,,0.0,,,,0,2026-05-29 13:19:00
14050201143000,11010303309858,,,,,2026-04-21 14:30:00,1405-02-01 14:30:00,,faham,0.0,,,,,,,,,,,,,,,,,233.0,,,0.4699999988079071,,,,0.0,,,,0,2026-05-29 13:19:00
14050201144500,11010303309858,,,,,2026-04-21 14:45:00,1405-02-01 14:45:00,,faham,0.0,,,,,,,,,,,,,,,,,233.39999389648438,,,0.4699999988079071,,,,0.0,,,,0,2026-05-29 13:24:00
14050201150000,11010303309858,,,,,2026-04-21 15:00:00,1405-02-01 15:00:00,,faham,0.0,,,,,,,,,,,,,,,,,232.39999389648438,,,0.8700000047683716,,,,0.0,,,,0,2026-05-29 13:24:00
14050201151500,11010303309858,,,,,2026-04-21 15:15:00,1405-02-01 15:15:00,,faham,0.0,,,,,,,,,,,,,,,,,233.8000030517578,,,0.6399999856948853,,,,0.0,,,,0,2026-05-29 13:30:00
14050201153000,11010303309858,,,,,2026-04-21 15:30:00,1405-02-01 15:30:00,,faham,0.0,,,,,,,,,,,,,,,,,233.1999969482422,,,0.5,,,,0.0,,,,0,2026-05-29 13:30:00
14050201154500,11010303309858,,,,,2026-04-21 15:45:00,1405-02-01 15:45:00,,faham,0.0,,,,,,,,,,,,,,,,,232.8000030517578,,,0.8399999737739563,,,,0.0,,,,0,2026-05-29 13:34:00
14050201160000,11010303309858,,,,,2026-04-21 16:00:00,1405-02-01 16:00:00,,faham,0.0,,,,,,,,,,,,,,,,,234.0,,,0.6399999856948853,,,,0.0,,,,0,2026-05-29 13:34:00
14050201161500,11010303309858,,,,,2026-04-21 16:15:00,1405-02-01 16:15:00,,faham,0.0,,,,,,,,,,,,,,,,,233.1999969482422,,,0.41999998688697815,,,,0.0,,,,0,2026-05-29 13:39:00
14050201163000,11010303309858,,,,,2026-04-21 16:30:00,1405-02-01 16:30:00,,faham,0.0,,,,,,,,,,,,,,,,,232.5,,,0.6499999761581421,,,,0.0,,,,0,2026-05-29 13:39:00
14050201164500,11010303309858,,,,,2026-04-21 16:45:00,1405-02-01 16:45:00,,faham,0.0,,,,,,,,,,,,,,,,,232.39999389648438,,,0.9300000071525574,,,,0.0,,,,0,2026-05-29 13:43:00
14050201170000,11010303309858,,,,,2026-04-21 17:00:00,1405-02-01 17:00:00,,faham,0.0,,,,,,,,,,,,,,,,,233.39999389648438,,,0.6899999976158142,,,,0.0,,,,0,2026-05-29 13:43:00
14050201171500,11010303309858,,,,,2026-04-21 17:15:00,1405-02-01 17:15:00,,faham,0.0,,,,,,,,,,,,,,,,,233.8000030517578,,,0.6000000238418579,,,,0.0,,,,0,2026-05-29 13:48:00
14050201173000,11010303309858,,,,,2026-04-21 17:30:00,1405-02-01 17:30:00,,faham,0.0,,,,,,,,,,,,,,,,,233.8000030517578,,,0.9700000286102295,,,,0.0,,,,0,2026-05-29 13:48:00
14050201174500,11010303309858,,,,,2026-04-21 17:45:00,1405-02-01 17:45:00,,faham,0.0,,,,,,,,,,,,,,,,,231.0,,,0.7699999809265137,,,,0.0,,,,0,2026-05-29 13:53:00
14050201180000,11010303309858,,,,,2026-04-21 18:00:00,1405-02-01 18:00:00,,faham,0.0,,,,,,,,,,,,,,,34.0,0.0,232.6,,,0.86,,,133.0,0.0,0.0,20.0,0,0,
14050201181500,11010303309858,,,,,2026-04-21 18:15:00,1405-02-01 18:15:00,,faham,0.0,,,,,,,,,,,,,,,,,234.0,,,1.2200000286102295,,,,0.0,,,,0,2026-05-29 13:56:00
14050201183000,11010303309858,,,,,2026-04-21 18:30:00,1405-02-01 18:30:00,,faham,0.0,,,,,,,,,,,,,,,,,232.89999389648438,,,1.3799999952316284,,,,0.0,,,,0,2026-05-29 13:56:00
14050201184500,11010303309858,,,,,2026-04-21 18:45:00,1405-02-01 18:45:00,,faham,0.0,,,,,,,,,,,,,,,,,230.1999969482422,,,1.1399999856948853,,,,0.0,,,,0,2026-05-29 14:46:00
14050201190000,11010303309858,,,,,2026-04-21 19:00:00,1405-02-01 19:00:00,,faham,0.0,,,,,,,,,,,,,,,,,228.6999969482422,,,1.340000033378601,,,,0.0,,,,0,2026-05-29 14:46:00
14050201191500,11010303309858,,,,,2026-04-21 19:15:00,1405-02-01 19:15:00,,faham,0.0,,,,,,,,,,,,,,,,,229.3000030517578,,,1.649999976158142,,,,0.0,,,,0,2026-05-29 14:51:00
14050201193000,11010303309858,,,,,2026-04-21 19:30:00,1405-02-01 19:30:00,,faham,0.0,,,,,,,,,,,,,,,,,227.39999389648438,,,1.3300000429153442,,,,0.0,,,,0,2026-05-29 14:51:00
14050201194500,11010303309858,,,,,2026-04-21 19:45:00,1405-02-01 19:45:00,,faham,0.0,,,,,,,,,,,,,,,,,228.1999969482422,,,1.4500000476837158,,,,0.0,,,,0,2026-05-29 14:56:00
14050201200000,11010303309858,,,,,2026-04-21 20:00:00,1405-02-01 20:00:00,,faham,0.0,,,,,,,,,,,,,,,,,228.3000030517578,,,1.690000057220459,,,,0.0,,,,0,2026-05-29 14:56:00
14050201201500,11010303309858,,,,,2026-04-21 20:15:00,1405-02-01 20:15:00,,faham,0.0,,,,,,,,,,,,,,,,,228.10000610351562,,,2.180000066757202,,,,0.0,,,,0,2026-05-29 15:01:00
14050201203000,11010303309858,,,,,2026-04-21 20:30:00,1405-02-01 20:30:00,,faham,0.0,,,,,,,,,,,,,,,,,227.39999389648438,,,2.609999895095825,,,,0.0,,,,0,2026-05-29 15:01:00
14050201204500,11010303309858,,,,,2026-04-21 20:45:00,1405-02-01 20:45:00,,faham,0.0,,,,,,,,,,,,,,,,,227.3000030517578,,,2.6500000953674316,,,,0.0,,,,0,2026-05-29 15:06:00
14050201210000,11010303309858,,,,,2026-04-21 21:00:00,1405-02-01 21:00:00,,faham,0.0,,,,,,,,,,,,,,,,,227.3000030517578,,,2.690000057220459,,,,0.0,,,,0,2026-05-29 15:06:00
14050201211500,11010303309858,,,,,2026-04-21 21:15:00,1405-02-01 21:15:00,,faham,0.0,,,,,,,,,,,,,,,,,229.60000610351562,,,2.7899999618530273,,,,0.0,,,,0,2026-05-29 15:11:00
14050201213000,11010303309858,,,,,2026-04-21 21:30:00,1405-02-01 21:30:00,,faham,0.0,,,,,,,,,,,,,,,,,230.3000030517578,,,3.569999933242798,,,,0.0,,,,0,2026-05-29 15:11:00
14050201214500,11010303309858,,,,,2026-04-21 21:45:00,1405-02-01 21:45:00,,faham,0.0,,,,,,,,,,,,,,,,,229.89999389648438,,,2.690000057220459,,,,0.0,,,,0,2026-05-29 15:17:00
14050201220000,11010303309858,,,,,2026-04-21 22:00:00,1405-02-01 22:00:00,,faham,0.0,,,,,,,,,,,,,,,,,231.60000610351562,,,2.75,,,,0.0,,,,0,2026-05-29 15:17:00
14050201221500,11010303309858,,,,,2026-04-21 22:15:00,1405-02-01 22:15:00,,faham,0.0,,,,,,,,,,,,,,,,,230.60000610351562,,,2.950000047683716,,,,0.0,,,,0,2026-05-29 15:23:00
14050201223000,11010303309858,,,,,2026-04-21 22:30:00,1405-02-01 22:30:00,,faham,0.0,,,,,,,,,,,,,,,,,231.89999389648438,,,2.6500000953674316,,,,0.0,,,,0,2026-05-29 15:23:00
14050201224500,11010303309858,,,,,2026-04-21 22:45:00,1405-02-01 22:45:00,,faham,0.0,,,,,,,,,,,,,,,,,233.10000610351562,,,2.559999942779541,,,,0.0,,,,0,2026-05-29 15:28:00
14050201230000,11010303309858,,,,,2026-04-21 23:00:00,1405-02-01 23:00:00,,faham,0.0,,,,,,,,,,,,,,,,,234.1999969482422,,,2.950000047683716,,,,0.0,,,,0,2026-05-29 15:28:00
14050201231500,11010303309858,,,,,2026-04-21 23:15:00,1405-02-01 23:15:00,,faham,0.0,,,,,,,,,,,,,,,,,231.8000030517578,,,3.890000104904175,,,,0.0,,,,0,2026-05-29 15:33:00
14050201233000,11010303309858,,,,,2026-04-21 23:30:00,1405-02-01 23:30:00,,faham,0.0,,,,,,,,,,,,,,,,,232.1999969482422,,,5.289999961853027,,,,0.0,,,,0,2026-05-29 15:33:00
14050201234500,11010303309858,,,,,2026-04-21 23:45:00,1405-02-01 23:45:00,,faham,0.0,,,,,,,,,,,,,,,,,234.39999389648438,,,3.009999990463257,,,,0.0,,,,0,2026-05-29 15:39:00
14050201000000,11010303340757,,,,,2026-04-21 00:00:00,1405-02-01 00:00:00,,faham,0.0,,,,,,,,,,,,,,,,,230.0,,,0.0,,,,0.0,,,,0,2026-05-29 10:51:00
14050201001500,11010303340757,,,,,2026-04-21 00:15:00,1405-02-01 00:15:00,,faham,0.0,,,,,,,,,,,,,,,,,230.0,,,0.0,,,,0.0,,,,0,2026-05-29 10:57:00
14050201003000,11010303340757,,,,,2026-04-21 00:30:00,1405-02-01 00:30:00,,faham,0.0,,,,,,,,,,,,,,,,,230.1999969482422,,,0.0,,,,0.0,,,,0,2026-05-29 10:57:00
14050201004500,11010303340757,,,,,2026-04-21 00:45:00,1405-02-01 00:45:00,,faham,0.0,,,,,,,,,,,,,,,,,230.60000610351562,,,0.0,,,,0.0,,,,0,2026-05-29 11:03:00
14050201010000,11010303340757,,,,,2026-04-21 01:00:00,1405-02-01 01:00:00,,faham,0.0,,,,,,,,,,,,,,,,,231.1999969482422,,,0.0,,,,0.0,,,,0,2026-05-29 11:03:00
14050201011500,11010303340757,,,,,2026-04-21 01:15:00,1405-02-01 01:15:00,,faham,0.0,,,,,,,,,,,,,,,,,232.1999969482422,,,0.0,,,,0.0,,,,0,2026-05-29 11:09:00
14050201013000,11010303340757,,,,,2026-04-21 01:30:00,1405-02-01 01:30:00,,faham,0.0,,,,,,,,,,,,,,,,,232.60000610351562,,,0.0,,,,0.0,,,,0,2026-05-29 11:09:00
14050201014500,11010303340757,,,,,2026-04-21 01:45:00,1405-02-01 01:45:00,,faham,0.0,,,,,,,,,,,,,,,,,231.89999389648438,,,0.0,,,,0.0,,,,0,2026-05-29 11:14:00
14050201020000,11010303340757,,,,,2026-04-21 02:00:00,1405-02-01 02:00:00,,faham,0.0,,,,,,,,,,,,,,,,,232.3000030517578,,,0.0,,,,0.0,,,,0,2026-05-29 11:14:00
14050201021500,11010303340757,,,,,2026-04-21 02:15:00,1405-02-01 02:15:00,,faham,0.0,,,,,,,,,,,,,,,,,232.0,,,0.0,,,,0.0,,,,0,2026-05-29 11:19:00
14050201023000,11010303340757,,,,,2026-04-21 02:30:00,1405-02-01 02:30:00,,faham,0.0,,,,,,,,,,,,,,,,,231.6999969482422,,,0.0,,,,0.0,,,,0,2026-05-29 11:19:00
14050201024500,11010303340757,,,,,2026-04-21 02:45:00,1405-02-01 02:45:00,,faham,0.0,,,,,,,,,,,,,,,,,231.89999389648438,,,0.0,,,,0.0,,,,0,2026-05-29 11:24:00
14050201030000,11010303340757,,,,,2026-04-21 03:00:00,1405-02-01 03:00:00,,faham,0.0,,,,,,,,,,,,,,,,,232.39999389648438,,,0.0,,,,0.0,,,,0,2026-05-29 11:24:00
14050201031500,11010303340757,,,,,2026-04-21 03:15:00,1405-02-01 03:15:00,,faham,0.0,,,,,,,,,,,,,,,,,231.39999389648438,,,0.0,,,,0.0,,,,0,2026-05-29 11:28:00
14050201033000,11010303340757,,,,,2026-04-21 03:30:00,1405-02-01 03:30:00,,faham,0.0,,,,,,,,,,,,,,,,,231.8000030517578,,,0.0,,,,0.0,,,,0,2026-05-29 11:28:00
14050201034500,11010303340757,,,,,2026-04-21 03:45:00,1405-02-01 03:45:00,,faham,0.0,,,,,,,,,,,,,,,,,231.89999389648438,,,0.0,,,,0.0,,,,0,2026-05-29 11:34:00
14050201040000,11010303340757,,,,,2026-04-21 04:00:00,1405-02-01 04:00:00,,faham,0.0,,,,,,,,,,,,,,,,,232.3000030517578,,,0.0,,,,0.0,,,,0,2026-05-29 11:34:00
14050201041500,11010303340757,,,,,2026-04-21 04:15:00,1405-02-01 04:15:00,,faham,0.0,,,,,,,,,,,,,,,,,232.89999389648438,,,0.0,,,,0.0,,,,0,2026-05-29 11:39:00
14050201043000,11010303340757,,,,,2026-04-21 04:30:00,1405-02-01 04:30:00,,faham,0.0,,,,,,,,,,,,,,,,,232.60000610351562,,,0.0,,,,0.0,,,,0,2026-05-29 11:39:00
14050201044500,11010303340757,,,,,2026-04-21 04:45:00,1405-02-01 04:45:00,,faham,0.0,,,,,,,,,,,,,,,,,232.8000030517578,,,0.0,,,,0.0,,,,0,2026-05-29 11:43:00
14050201050000,11010303340757,,,,,2026-04-21 05:00:00,1405-02-01 05:00:00,,faham,0.0,,,,,,,,,,,,,,,,,233.5,,,0.0,,,,0.0,,,,0,2026-05-29 11:43:00
14050201051500,11010303340757,,,,,2026-04-21 05:15:00,1405-02-01 05:15:00,,faham,0.0,,,,,,,,,,,,,,,,,234.39999389648438,,,0.0,,,,0.0,,,,0,2026-05-29 11:48:00
14050201053000,11010303340757,,,,,2026-04-21 05:30:00,1405-02-01 05:30:00,,faham,0.0,,,,,,,,,,,,,,,,,235.10000610351562,,,0.0,,,,0.0,,,,0,2026-05-29 11:48:00
14050201054500,11010303340757,,,,,2026-04-21 05:45:00,1405-02-01 05:45:00,,faham,0.0,,,,,,,,,,,,,,,,,235.89999389648438,,,0.0,,,,0.0,,,,0,2026-05-29 11:53:00
14050201060000,11010303340757,,,,,2026-04-21 06:00:00,1405-02-01 06:00:00,,faham,0.0,,,,,,,,,,,,,,,,,236.3000030517578,,,0.0,,,,0.0,,,,0,2026-05-29 11:53:00
14050201061500,11010303340757,,,,,2026-04-21 06:15:00,1405-02-01 06:15:00,,faham,0.0,,,,,,,,,,,,,,,,,234.39999389648438,,,0.0,,,,0.0,,,,0,2026-05-29 11:58:00
14050201063000,11010303340757,,,,,2026-04-21 06:30:00,1405-02-01 06:30:00,,faham,0.0,,,,,,,,,,,,,,,,,233.8000030517578,,,0.0,,,,0.0,,,,0,2026-05-29 11:58:00
14050201064500,11010303340757,,,,,2026-04-21 06:45:00,1405-02-01 06:45:00,,faham,0.0,,,,,,,,,,,,,,,,,235.5,,,0.0,,,,0.0,,,,0,2026-05-29 12:03:00
14050201070000,11010303340757,,,,,2026-04-21 07:00:00,1405-02-01 07:00:00,,faham,0.0,,,,,,,,,,,,,,,,,234.89999389648438,,,0.0,,,,0.0,,,,0,2026-05-29 12:03:00
14050201071500,11010303340757,,,,,2026-04-21 07:15:00,1405-02-01 07:15:00,,faham,0.0,,,,,,,,,,,,,,,,,233.1999969482422,,,0.0,,,,0.0,,,,0,2026-05-29 12:08:00
14050201073000,11010303340757,,,,,2026-04-21 07:30:00,1405-02-01 07:30:00,,faham,0.0,,,,,,,,,,,,,,,,,233.60000610351562,,,0.0,,,,0.0,,,,0,2026-05-29 12:08:00
14050201074500,11010303340757,,,,,2026-04-21 07:45:00,1405-02-01 07:45:00,,faham,0.0,,,,,,,,,,,,,,,,,234.39999389648438,,,0.0,,,,0.0,,,,0,2026-05-29 12:13:00
14050201080000,11010303340757,,,,,2026-04-21 08:00:00,1405-02-01 08:00:00,,faham,0.0,,,,,,,,,,,,,,,,,233.1999969482422,,,0.0,,,,0.0,,,,0,2026-05-29 12:13:00
14050201081500,11010303340757,,,,,2026-04-21 08:15:00,1405-02-01 08:15:00,,faham,0.0,,,,,,,,,,,,,,,,,233.39999389648438,,,0.0,,,,0.0,,,,0,2026-05-29 12:18:00
14050201083000,11010303340757,,,,,2026-04-21 08:30:00,1405-02-01 08:30:00,,faham,0.0,,,,,,,,,,,,,,,,,233.1999969482422,,,0.0,,,,0.0,,,,0,2026-05-29 12:18:00
14050201084500,11010303340757,,,,,2026-04-21 08:45:00,1405-02-01 08:45:00,,faham,0.0,,,,,,,,,,,,,,,,,232.60000610351562,,,0.0,,,,0.0,,,,0,2026-05-29 12:23:00
14050201090000,11010303340757,,,,,2026-04-21 09:00:00,1405-02-01 09:00:00,,faham,0.0,,,,,,,,,,,,,,,,,233.3000030517578,,,0.0,,,,0.0,,,,0,2026-05-29 12:23:00
14050201091500,11010303340757,,,,,2026-04-21 09:15:00,1405-02-01 09:15:00,,faham,0.0,,,,,,,,,,,,,,,,,233.1999969482422,,,0.0,,,,0.0,,,,0,2026-05-29 12:28:00
14050201093000,11010303340757,,,,,2026-04-21 09:30:00,1405-02-01 09:30:00,,faham,0.0,,,,,,,,,,,,,,,,,232.39999389648438,,,0.0,,,,0.0,,,,0,2026-05-29 12:28:00
14050201094500,11010303340757,,,,,2026-04-21 09:45:00,1405-02-01 09:45:00,,faham,0.0,,,,,,,,,,,,,,,,,231.8000030517578,,,0.0,,,,0.0,,,,0,2026-05-29 12:33:00
14050201100000,11010303340757,,,,,2026-04-21 10:00:00,1405-02-01 10:00:00,,faham,0.0,,,,,,,,,,,,,,,,,231.6999969482422,,,0.0,,,,0.0,,,,0,2026-05-29 12:33:00
14050201101500,11010303340757,,,,,2026-04-21 10:15:00,1405-02-01 10:15:00,,faham,0.0,,,,,,,,,,,,,,,,,231.60000610351562,,,0.0,,,,0.0,,,,0,2026-05-29 12:39:00
14050201103000,11010303340757,,,,,2026-04-21 10:30:00,1405-02-01 10:30:00,,faham,0.0,,,,,,,,,,,,,,,,,231.6999969482422,,,0.0,,,,0.0,,,,0,2026-05-29 12:39:00
14050201104500,11010303340757,,,,,2026-04-21 10:45:00,1405-02-01 10:45:00,,faham,0.0,,,,,,,,,,,,,,,,,230.5,,,0.0,,,,0.0,,,,0,2026-05-29 12:43:00
14050201110000,11010303340757,,,,,2026-04-21 11:00:00,1405-02-01 11:00:00,,faham,0.0,,,,,,,,,,,,,,,,,230.60000610351562,,,0.0,,,,0.0,,,,0,2026-05-29 12:43:00
14050201111500,11010303340757,,,,,2026-04-21 11:15:00,1405-02-01 11:15:00,,faham,0.0,,,,,,,,,,,,,,,,,230.8000030517578,,,0.0,,,,0.0,,,,0,2026-05-29 12:49:00
14050201113000,11010303340757,,,,,2026-04-21 11:30:00,1405-02-01 11:30:00,,faham,0.0,,,,,,,,,,,,,,,,,231.3000030517578,,,0.0,,,,0.0,,,,0,2026-05-29 12:49:00
14050201114500,11010303340757,,,,,2026-04-21 11:45:00,1405-02-01 11:45:00,,faham,0.0,,,,,,,,,,,,,,,,,232.89999389648438,,,0.0,,,,0.0,,,,0,2026-05-29 12:53:00
14050201120000,11010303340757,,,,,2026-04-21 12:00:00,1405-02-01 12:00:00,,faham,0.0,,,,,,,,,,,,,,,,,232.6999969482422,,,0.0,,,,0.0,,,,0,2026-05-29 12:53:00
14050201121500,11010303340757,,,,,2026-04-21 12:15:00,1405-02-01 12:15:00,,faham,0.0,,,,,,,,,,,,,,,,,232.1999969482422,,,0.0,,,,0.0,,,,0,2026-05-29 12:58:00
14050201123000,11010303340757,,,,,2026-04-21 12:30:00,1405-02-01 12:30:00,,faham,0.0,,,,,,,,,,,,,,,,,232.89999389648438,,,0.0,,,,0.0,,,,0,2026-05-29 12:58:00
14050201124500,11010303340757,,,,,2026-04-21 12:45:00,1405-02-01 12:45:00,,faham,0.0,,,,,,,,,,,,,,,,,233.8000030517578,,,0.0,,,,0.0,,,,0,2026-05-29 13:03:00
14050201130000,11010303340757,,,,,2026-04-21 13:00:00,1405-02-01 13:00:00,,faham,0.0,,,,,,,,,,,,,,,,,234.0,,,0.0,,,,0.0,,,,0,2026-05-29 13:03:00
14050201131500,11010303340757,,,,,2026-04-21 13:15:00,1405-02-01 13:15:00,,faham,0.0,,,,,,,,,,,,,,,,,234.3000030517578,,,0.0,,,,0.0,,,,0,2026-05-29 13:09:00
14050201133000,11010303340757,,,,,2026-04-21 13:30:00,1405-02-01 13:30:00,,faham,0.0,,,,,,,,,,,,,,,,,234.60000610351562,,,0.0,,,,0.0,,,,0,2026-05-29 13:09:00
14050201134500,11010303340757,,,,,2026-04-21 13:45:00,1405-02-01 13:45:00,,faham,0.0,,,,,,,,,,,,,,,,,234.8000030517578,,,0.0,,,,0.0,,,,0,2026-05-29 13:13:00
14050201140000,11010303340757,,,,,2026-04-21 14:00:00,1405-02-01 14:00:00,,faham,0.0,,,,,,,,,,,,,,,,,235.39999389648438,,,0.0,,,,0.0,,,,0,2026-05-29 13:13:00
14050201141500,11010303340757,,,,,2026-04-21 14:15:00,1405-02-01 14:15:00,,faham,0.0,,,,,,,,,,,,,,,,,232.60000610351562,,,0.0,,,,0.0,,,,0,2026-05-29 13:19:00
14050201143000,11010303340757,,,,,2026-04-21 14:30:00,1405-02-01 14:30:00,,faham,0.0,,,,,,,,,,,,,,,,,231.5,,,0.0,,,,0.0,,,,0,2026-05-29 13:19:00
14050201144500,11010303340757,,,,,2026-04-21 14:45:00,1405-02-01 14:45:00,,faham,0.0,,,,,,,,,,,,,,,,,231.5,,,0.0,,,,0.0,,,,0,2026-05-29 13:24:00
14050201150000,11010303340757,,,,,2026-04-21 15:00:00,1405-02-01 15:00:00,,faham,0.0,,,,,,,,,,,,,,,,,231.8000030517578,,,0.0,,,,0.0,,,,0,2026-05-29 13:24:00
14050201151500,11010303340757,,,,,2026-04-21 15:15:00,1405-02-01 15:15:00,,faham,0.0,,,,,,,,,,,,,,,,,231.8000030517578,,,0.0,,,,0.0,,,,0,2026-05-29 13:30:00
14050201153000,11010303340757,,,,,2026-04-21 15:30:00,1405-02-01 15:30:00,,faham,0.0,,,,,,,,,,,,,,,,,232.10000610351562,,,0.0,,,,0.0,,,,0,2026-05-29 13:30:00
14050201154500,11010303340757,,,,,2026-04-21 15:45:00,1405-02-01 15:45:00,,faham,0.0,,,,,,,,,,,,,,,,,232.3000030517578,,,0.0,,,,0.0,,,,0,2026-05-29 13:34:00
14050201160000,11010303340757,,,,,2026-04-21 16:00:00,1405-02-01 16:00:00,,faham,0.0,,,,,,,,,,,,,,,,,232.6999969482422,,,0.0,,,,0.0,,,,0,2026-05-29 13:34:00
14050201161500,11010303340757,,,,,2026-04-21 16:15:00,1405-02-01 16:15:00,,faham,0.0,,,,,,,,,,,,,,,,,233.1999969482422,,,0.0,,,,0.0,,,,0,2026-05-29 13:39:00
14050201163000,11010303340757,,,,,2026-04-21 16:30:00,1405-02-01 16:30:00,,faham,0.0,,,,,,,,,,,,,,,,,232.8000030517578,,,0.0,,,,0.0,,,,0,2026-05-29 13:39:00
14050201164500,11010303340757,,,,,2026-04-21 16:45:00,1405-02-01 16:45:00,,faham,0.0,,,,,,,,,,,,,,,,,233.10000610351562,,,0.0,,,,0.0,,,,0,2026-05-29 13:43:00
14050201170000,11010303340757,,,,,2026-04-21 17:00:00,1405-02-01 17:00:00,,faham,0.0,,,,,,,,,,,,,,,,,233.10000610351562,,,0.0,,,,0.0,,,,0,2026-05-29 13:43:00
14050201171500,11010303340757,,,,,2026-04-21 17:15:00,1405-02-01 17:15:00,,faham,0.0,,,,,,,,,,,,,,,,,232.6999969482422,,,0.0,,,,0.0,,,,0,2026-05-29 13:48:00
14050201173000,11010303340757,,,,,2026-04-21 17:30:00,1405-02-01 17:30:00,,faham,0.0,,,,,,,,,,,,,,,,,232.60000610351562,,,0.0,,,,0.0,,,,0,2026-05-29 13:48:00
14050201174500,11010303340757,,,,,2026-04-21 17:45:00,1405-02-01 17:45:00,,faham,0.0,,,,,,,,,,,,,,,,,232.6999969482422,,,0.0,,,,0.0,,,,0,2026-05-29 13:53:00
14050201180000,11010303340757,,,,,2026-04-21 18:00:00,1405-02-01 18:00:00,,faham,0.0,,,,,,,,,,,,,,,0.0,0.0,232.6,,,0.0,,,0.0,0.0,0.0,0.0,0,0,
14050201181500,11010303340757,,,,,2026-04-21 18:15:00,1405-02-01 18:15:00,,faham,0.0,,,,,,,,,,,,,,,,,233.89999389648438,,,0.0,,,,0.0,,,,0,2026-05-29 13:56:00
14050201183000,11010303340757,,,,,2026-04-21 18:30:00,1405-02-01 18:30:00,,faham,0.0,,,,,,,,,,,,,,,,,233.0,,,0.0,,,,0.0,,,,0,2026-05-29 13:56:00
14050201184500,11010303340757,,,,,2026-04-21 18:45:00,1405-02-01 18:45:00,,faham,0.0,,,,,,,,,,,,,,,,,230.39999389648438,,,0.0,,,,0.0,,,,0,2026-05-29 14:46:00
14050201190000,11010303340757,,,,,2026-04-21 19:00:00,1405-02-01 19:00:00,,faham,0.0,,,,,,,,,,,,,,,,,228.0,,,0.0,,,,0.0,,,,0,2026-05-29 14:46:00
14050201191500,11010303340757,,,,,2026-04-21 19:15:00,1405-02-01 19:15:00,,faham,0.0,,,,,,,,,,,,,,,,,226.6999969482422,,,0.0,,,,0.0,,,,0,2026-05-29 14:51:00
14050201193000,11010303340757,,,,,2026-04-21 19:30:00,1405-02-01 19:30:00,,faham,0.0,,,,,,,,,,,,,,,,,226.60000610351562,,,0.0,,,,0.0,,,,0,2026-05-29 14:51:00
14050201194500,11010303340757,,,,,2026-04-21 19:45:00,1405-02-01 19:45:00,,faham,0.0,,,,,,,,,,,,,,,,,226.60000610351562,,,0.0,,,,0.0,,,,0,2026-05-29 14:56:00
14050201200000,11010303340757,,,,,2026-04-21 20:00:00,1405-02-01 20:00:00,,faham,0.0,,,,,,,,,,,,,,,,,227.39999389648438,,,0.0,,,,0.0,,,,0,2026-05-29 14:56:00
14050201201500,11010303340757,,,,,2026-04-21 20:15:00,1405-02-01 20:15:00,,faham,0.0,,,,,,,,,,,,,,,,,228.1999969482422,,,0.0,,,,0.0,,,,0,2026-05-29 15:01:00
14050201203000,11010303340757,,,,,2026-04-21 20:30:00,1405-02-01 20:30:00,,faham,0.0,,,,,,,,,,,,,,,,,228.39999389648438,,,0.0,,,,0.0,,,,0,2026-05-29 15:01:00
14050201204500,11010303340757,,,,,2026-04-21 20:45:00,1405-02-01 20:45:00,,faham,0.0,,,,,,,,,,,,,,,,,228.0,,,0.0,,,,0.0,,,,0,2026-05-29 15:06:00
14050201210000,11010303340757,,,,,2026-04-21 21:00:00,1405-02-01 21:00:00,,faham,0.0,,,,,,,,,,,,,,,,,228.6999969482422,,,0.0,,,,0.0,,,,0,2026-05-29 15:06:00
14050201211500,11010303340757,,,,,2026-04-21 21:15:00,1405-02-01 21:15:00,,faham,0.0,,,,,,,,,,,,,,,,,229.3000030517578,,,0.0,,,,0.0,,,,0,2026-05-29 15:11:00
14050201213000,11010303340757,,,,,2026-04-21 21:30:00,1405-02-01 21:30:00,,faham,0.0,,,,,,,,,,,,,,,,,229.6999969482422,,,0.0,,,,0.0,,,,0,2026-05-29 15:11:00
14050201214500,11010303340757,,,,,2026-04-21 21:45:00,1405-02-01 21:45:00,,faham,0.0,,,,,,,,,,,,,,,,,230.89999389648438,,,0.0,,,,0.0,,,,0,2026-05-29 15:17:00
14050201220000,11010303340757,,,,,2026-04-21 22:00:00,1405-02-01 22:00:00,,faham,0.0,,,,,,,,,,,,,,,,,230.3000030517578,,,0.0,,,,0.0,,,,0,2026-05-29 15:17:00
14050201221500,11010303340757,,,,,2026-04-21 22:15:00,1405-02-01 22:15:00,,faham,0.0,,,,,,,,,,,,,,,,,229.39999389648438,,,0.0,,,,0.0,,,,0,2026-05-29 15:23:00
14050201223000,11010303340757,,,,,2026-04-21 22:30:00,1405-02-01 22:30:00,,faham,0.0,,,,,,,,,,,,,,,,,230.5,,,0.0,,,,0.0,,,,0,2026-05-29 15:23:00
14050201224500,11010303340757,,,,,2026-04-21 22:45:00,1405-02-01 22:45:00,,faham,0.0,,,,,,,,,,,,,,,,,232.0,,,0.0,,,,0.0,,,,0,2026-05-29 15:28:00
14050201230000,11010303340757,,,,,2026-04-21 23:00:00,1405-02-01 23:00:00,,faham,0.0,,,,,,,,,,,,,,,,,232.10000610351562,,,0.0,,,,0.0,,,,0,2026-05-29 15:28:00
14050201231500,11010303340757,,,,,2026-04-21 23:15:00,1405-02-01 23:15:00,,faham,0.0,,,,,,,,,,,,,,,,,232.1999969482422,,,0.0,,,,0.0,,,,0,2026-05-29 15:33:00
14050201233000,11010303340757,,,,,2026-04-21 23:30:00,1405-02-01 23:30:00,,faham,0.0,,,,,,,,,,,,,,,,,232.89999389648438,,,0.0,,,,0.0,,,,0,2026-05-29 15:33:00
14050201234500,11010303340757,,,,,2026-04-21 23:45:00,1405-02-01 23:45:00,,faham,0.0,,,,,,,,,,,,,,,,,233.89999389648438,,,0.0,,,,0.0,,,,0,2026-05-29 15:39:00
14050201000000,11010303362666,,,,,2026-04-21 00:00:00,1405-02-01 00:00:00,,faham,0.0,,,,,,,,,,,,,,,,,223.89999389648438,,,0.9399999976158142,,,,0.0,,,,0,2026-05-29 10:51:00
14050201001500,11010303362666,,,,,2026-04-21 00:15:00,1405-02-01 00:15:00,,faham,0.0,,,,,,,,,,,,,,,,,224.60000610351562,,,1.3200000524520874,,,,0.0,,,,0,2026-05-29 10:57:00
14050201003000,11010303362666,,,,,2026-04-21 00:30:00,1405-02-01 00:30:00,,faham,0.0,,,,,,,,,,,,,,,,,224.6999969482422,,,1.440000057220459,,,,0.0,,,,0,2026-05-29 10:57:00
14050201004500,11010303362666,,,,,2026-04-21 00:45:00,1405-02-01 00:45:00,,faham,0.0,,,,,,,,,,,,,,,,,225.1999969482422,,,1.1100000143051147,,,,0.0,,,,0,2026-05-29 11:03:00
14050201010000,11010303362666,,,,,2026-04-21 01:00:00,1405-02-01 01:00:00,,faham,0.0,,,,,,,,,,,,,,,,,225.60000610351562,,,0.9399999976158142,,,,0.0,,,,0,2026-05-29 11:03:00
14050201011500,11010303362666,,,,,2026-04-21 01:15:00,1405-02-01 01:15:00,,faham,0.0,,,,,,,,,,,,,,,,,225.5,,,0.8199999928474426,,,,0.0,,,,0,2026-05-29 11:09:00
14050201013000,11010303362666,,,,,2026-04-21 01:30:00,1405-02-01 01:30:00,,faham,0.0,,,,,,,,,,,,,,,,,225.60000610351562,,,0.5,,,,0.0,,,,0,2026-05-29 11:09:00
14050201014500,11010303362666,,,,,2026-04-21 01:45:00,1405-02-01 01:45:00,,faham,0.0,,,,,,,,,,,,,,,,,226.1999969482422,,,0.75,,,,0.0,,,,0,2026-05-29 11:14:00
14050201020000,11010303362666,,,,,2026-04-21 02:00:00,1405-02-01 02:00:00,,faham,0.0,,,,,,,,,,,,,,,,,226.3000030517578,,,0.9300000071525574,,,,0.0,,,,0,2026-05-29 11:14:00
14050201021500,11010303362666,,,,,2026-04-21 02:15:00,1405-02-01 02:15:00,,faham,0.0,,,,,,,,,,,,,,,,,225.89999389648438,,,0.7900000214576721,,,,0.0,,,,0,2026-05-29 11:19:00
14050201023000,11010303362666,,,,,2026-04-21 02:30:00,1405-02-01 02:30:00,,faham,0.0,,,,,,,,,,,,,,,,,225.60000610351562,,,0.5099999904632568,,,,0.0,,,,0,2026-05-29 11:19:00
14050201024500,11010303362666,,,,,2026-04-21 02:45:00,1405-02-01 02:45:00,,faham,0.0,,,,,,,,,,,,,,,,,226.3000030517578,,,0.5099999904632568,,,,0.0,,,,0,2026-05-29 11:24:00
14050201030000,11010303362666,,,,,2026-04-21 03:00:00,1405-02-01 03:00:00,,faham,0.0,,,,,,,,,,,,,,,,,225.89999389648438,,,0.5099999904632568,,,,0.0,,,,0,2026-05-29 11:24:00
14050201031500,11010303362666,,,,,2026-04-21 03:15:00,1405-02-01 03:15:00,,faham,0.0,,,,,,,,,,,,,,,,,225.6999969482422,,,0.6000000238418579,,,,0.0,,,,0,2026-05-29 11:28:00
14050201033000,11010303362666,,,,,2026-04-21 03:30:00,1405-02-01 03:30:00,,faham,0.0,,,,,,,,,,,,,,,,,227.3000030517578,,,0.949999988079071,,,,0.0,,,,0,2026-05-29 11:28:00
14050201034500,11010303362666,,,,,2026-04-21 03:45:00,1405-02-01 03:45:00,,faham,0.0,,,,,,,,,,,,,,,,,227.5,,,0.9200000166893005,,,,0.0,,,,0,2026-05-29 11:34:00
14050201040000,11010303362666,,,,,2026-04-21 04:00:00,1405-02-01 04:00:00,,faham,0.0,,,,,,,,,,,,,,,,,229.10000610351562,,,0.5199999809265137,,,,0.0,,,,0,2026-05-29 11:34:00
14050201041500,11010303362666,,,,,2026-04-21 04:15:00,1405-02-01 04:15:00,,faham,0.0,,,,,,,,,,,,,,,,,228.0,,,0.5099999904632568,,,,0.0,,,,0,2026-05-29 11:39:00
14050201043000,11010303362666,,,,,2026-04-21 04:30:00,1405-02-01 04:30:00,,faham,0.0,,,,,,,,,,,,,,,,,227.6999969482422,,,0.5199999809265137,,,,0.0,,,,0,2026-05-29 11:39:00
14050201044500,11010303362666,,,,,2026-04-21 04:45:00,1405-02-01 04:45:00,,faham,0.0,,,,,,,,,,,,,,,,,228.10000610351562,,,0.5199999809265137,,,,0.0,,,,0,2026-05-29 11:43:00
14050201050000,11010303362666,,,,,2026-04-21 05:00:00,1405-02-01 05:00:00,,faham,0.0,,,,,,,,,,,,,,,,,228.60000610351562,,,0.9200000166893005,,,,0.0,,,,0,2026-05-29 11:43:00
14050201051500,11010303362666,,,,,2026-04-21 05:15:00,1405-02-01 05:15:00,,faham,0.0,,,,,,,,,,,,,,,,,230.0,,,0.9399999976158142,,,,0.0,,,,0,2026-05-29 11:48:00
14050201053000,11010303362666,,,,,2026-04-21 05:30:00,1405-02-01 05:30:00,,faham,0.0,,,,,,,,,,,,,,,,,230.5,,,0.6200000047683716,,,,0.0,,,,0,2026-05-29 11:48:00
14050201054500,11010303362666,,,,,2026-04-21 05:45:00,1405-02-01 05:45:00,,faham,0.0,,,,,,,,,,,,,,,,,230.10000610351562,,,0.5199999809265137,,,,0.0,,,,0,2026-05-29 11:53:00
14050201060000,11010303362666,,,,,2026-04-21 06:00:00,1405-02-01 06:00:00,,faham,0.0,,,,,,,,,,,,,,,,,230.10000610351562,,,0.5199999809265137,,,,0.0,,,,0,2026-05-29 11:53:00
14050201061500,11010303362666,,,,,2026-04-21 06:15:00,1405-02-01 06:15:00,,faham,0.0,,,,,,,,,,,,,,,,,228.8000030517578,,,0.5099999904632568,,,,0.0,,,,0,2026-05-29 11:58:00
14050201063000,11010303362666,,,,,2026-04-21 06:30:00,1405-02-01 06:30:00,,faham,0.0,,,,,,,,,,,,,,,,,227.60000610351562,,,0.800000011920929,,,,0.0,,,,0,2026-05-29 11:58:00
14050201064500,11010303362666,,,,,2026-04-21 06:45:00,1405-02-01 06:45:00,,faham,0.0,,,,,,,,,,,,,,,,,227.3000030517578,,,0.9300000071525574,,,,0.0,,,,0,2026-05-29 12:03:00
14050201070000,11010303362666,,,,,2026-04-21 07:00:00,1405-02-01 07:00:00,,faham,0.0,,,,,,,,,,,,,,,,,226.3000030517578,,,0.7099999785423279,,,,0.0,,,,0,2026-05-29 12:03:00
14050201071500,11010303362666,,,,,2026-04-21 07:15:00,1405-02-01 07:15:00,,faham,0.0,,,,,,,,,,,,,,,,,224.89999389648438,,,0.5099999904632568,,,,0.0,,,,0,2026-05-29 12:08:00
14050201073000,11010303362666,,,,,2026-04-21 07:30:00,1405-02-01 07:30:00,,faham,0.0,,,,,,,,,,,,,,,,,225.6999969482422,,,0.5099999904632568,,,,0.0,,,,0,2026-05-29 12:08:00
14050201074500,11010303362666,,,,,2026-04-21 07:45:00,1405-02-01 07:45:00,,faham,0.0,,,,,,,,,,,,,,,,,224.89999389648438,,,0.5199999809265137,,,,0.0,,,,0,2026-05-29 12:13:00
14050201080000,11010303362666,,,,,2026-04-21 08:00:00,1405-02-01 08:00:00,,faham,0.0,,,,,,,,,,,,,,,,,225.8000030517578,,,0.6700000166893005,,,,0.0,,,,0,2026-05-29 12:13:00
14050201081500,11010303362666,,,,,2026-04-21 08:15:00,1405-02-01 08:15:00,,faham,0.0,,,,,,,,,,,,,,,,,224.39999389648438,,,0.9300000071525574,,,,0.0,,,,0,2026-05-29 12:18:00
14050201083000,11010303362666,,,,,2026-04-21 08:30:00,1405-02-01 08:30:00,,faham,0.0,,,,,,,,,,,,,,,,,224.5,,,0.8500000238418579,,,,0.0,,,,0,2026-05-29 12:18:00
14050201084500,11010303362666,,,,,2026-04-21 08:45:00,1405-02-01 08:45:00,,faham,0.0,,,,,,,,,,,,,,,,,223.39999389648438,,,0.49000000953674316,,,,0.0,,,,0,2026-05-29 12:23:00
14050201090000,11010303362666,,,,,2026-04-21 09:00:00,1405-02-01 09:00:00,,faham,0.0,,,,,,,,,,,,,,,,,223.3000030517578,,,0.5199999809265137,,,,0.0,,,,0,2026-05-29 12:23:00
14050201091500,11010303362666,,,,,2026-04-21 09:15:00,1405-02-01 09:15:00,,faham,0.0,,,,,,,,,,,,,,,,,226.1999969482422,,,0.5099999904632568,,,,0.0,,,,0,2026-05-29 12:28:00
14050201093000,11010303362666,,,,,2026-04-21 09:30:00,1405-02-01 09:30:00,,faham,0.0,,,,,,,,,,,,,,,,,225.89999389648438,,,0.5099999904632568,,,,0.0,,,,0,2026-05-29 12:28:00
14050201094500,11010303362666,,,,,2026-04-21 09:45:00,1405-02-01 09:45:00,,faham,0.0,,,,,,,,,,,,,,,,,224.3000030517578,,,1.0,,,,0.0,,,,0,2026-05-29 12:33:00
14050201100000,11010303362666,,,,,2026-04-21 10:00:00,1405-02-01 10:00:00,,faham,0.0,,,,,,,,,,,,,,,,,224.89999389648438,,,0.8999999761581421,,,,0.0,,,,0,2026-05-29 12:33:00
14050201101500,11010303362666,,,,,2026-04-21 10:15:00,1405-02-01 10:15:00,,faham,0.0,,,,,,,,,,,,,,,,,225.60000610351562,,,0.6200000047683716,,,,0.0,,,,0,2026-05-29 12:39:00
14050201103000,11010303362666,,,,,2026-04-21 10:30:00,1405-02-01 10:30:00,,faham,0.0,,,,,,,,,,,,,,,,,225.10000610351562,,,0.6100000143051147,,,,0.0,,,,0,2026-05-29 12:39:00
14050201104500,11010303362666,,,,,2026-04-21 10:45:00,1405-02-01 10:45:00,,faham,0.0,,,,,,,,,,,,,,,,,225.8000030517578,,,0.6100000143051147,,,,0.0,,,,0,2026-05-29 12:43:00
14050201110000,11010303362666,,,,,2026-04-21 11:00:00,1405-02-01 11:00:00,,faham,0.0,,,,,,,,,,,,,,,,,226.8000030517578,,,0.5199999809265137,,,,0.0,,,,0,2026-05-29 12:43:00
14050201111500,11010303362666,,,,,2026-04-21 11:15:00,1405-02-01 11:15:00,,faham,0.0,,,,,,,,,,,,,,,,,226.6999969482422,,,0.9700000286102295,,,,0.0,,,,0,2026-05-29 12:49:00
14050201113000,11010303362666,,,,,2026-04-21 11:30:00,1405-02-01 11:30:00,,faham,0.0,,,,,,,,,,,,,,,,,227.60000610351562,,,0.9200000166893005,,,,0.0,,,,0,2026-05-29 12:49:00
14050201114500,11010303362666,,,,,2026-04-21 11:45:00,1405-02-01 11:45:00,,faham,0.0,,,,,,,,,,,,,,,,,227.5,,,0.6100000143051147,,,,0.0,,,,0,2026-05-29 12:53:00
14050201120000,11010303362666,,,,,2026-04-21 12:00:00,1405-02-01 12:00:00,,faham,0.0,,,,,,,,,,,,,,,,,225.89999389648438,,,0.5099999904632568,,,,0.0,,,,0,2026-05-29 12:53:00
14050201121500,11010303362666,,,,,2026-04-21 12:15:00,1405-02-01 12:15:00,,faham,0.0,,,,,,,,,,,,,,,,,226.3000030517578,,,0.49000000953674316,,,,0.0,,,,0,2026-05-29 12:58:00
14050201123000,11010303362666,,,,,2026-04-21 12:30:00,1405-02-01 12:30:00,,faham,0.0,,,,,,,,,,,,,,,,,225.6999969482422,,,0.5099999904632568,,,,0.0,,,,0,2026-05-29 12:58:00
14050201124500,11010303362666,,,,,2026-04-21 12:45:00,1405-02-01 12:45:00,,faham,0.0,,,,,,,,,,,,,,,,,225.1999969482422,,,0.8199999928474426,,,,0.0,,,,0,2026-05-29 13:03:00
14050201130000,11010303362666,,,,,2026-04-21 13:00:00,1405-02-01 13:00:00,,faham,0.0,,,,,,,,,,,,,,,,,225.6999969482422,,,0.9100000262260437,,,,0.0,,,,0,2026-05-29 13:03:00
14050201131500,11010303362666,,,,,2026-04-21 13:15:00,1405-02-01 13:15:00,,faham,0.0,,,,,,,,,,,,,,,,,226.39999389648438,,,0.7400000095367432,,,,0.0,,,,0,2026-05-29 13:09:00
14050201133000,11010303362666,,,,,2026-04-21 13:30:00,1405-02-01 13:30:00,,faham,0.0,,,,,,,,,,,,,,,,,226.5,,,0.5099999904632568,,,,0.0,,,,0,2026-05-29 13:09:00
14050201134500,11010303362666,,,,,2026-04-21 13:45:00,1405-02-01 13:45:00,,faham,0.0,,,,,,,,,,,,,,,,,225.89999389648438,,,0.5099999904632568,,,,0.0,,,,0,2026-05-29 13:13:00
14050201140000,11010303362666,,,,,2026-04-21 14:00:00,1405-02-01 14:00:00,,faham,0.0,,,,,,,,,,,,,,,,,227.3000030517578,,,0.5899999737739563,,,,0.0,,,,0,2026-05-29 13:13:00
14050201141500,11010303362666,,,,,2026-04-21 14:15:00,1405-02-01 14:15:00,,faham,0.0,,,,,,,,,,,,,,,,,226.10000610351562,,,0.6800000071525574,,,,0.0,,,,0,2026-05-29 13:19:00
14050201143000,11010303362666,,,,,2026-04-21 14:30:00,1405-02-01 14:30:00,,faham,0.0,,,,,,,,,,,,,,,,,226.60000610351562,,,0.8899999856948853,,,,0.0,,,,0,2026-05-29 13:19:00
14050201144500,11010303362666,,,,,2026-04-21 14:45:00,1405-02-01 14:45:00,,faham,0.0,,,,,,,,,,,,,,,,,226.5,,,0.8799999952316284,,,,0.0,,,,0,2026-05-29 13:24:00
14050201150000,11010303362666,,,,,2026-04-21 15:00:00,1405-02-01 15:00:00,,faham,0.0,,,,,,,,,,,,,,,,,227.0,,,0.8700000047683716,,,,0.0,,,,0,2026-05-29 13:24:00
14050201151500,11010303362666,,,,,2026-04-21 15:15:00,1405-02-01 15:15:00,,faham,0.0,,,,,,,,,,,,,,,,,226.60000610351562,,,0.9399999976158142,,,,0.0,,,,0,2026-05-29 13:30:00
14050201153000,11010303362666,,,,,2026-04-21 15:30:00,1405-02-01 15:30:00,,faham,0.0,,,,,,,,,,,,,,,,,227.1999969482422,,,0.9399999976158142,,,,0.0,,,,0,2026-05-29 13:30:00
14050201154500,11010303362666,,,,,2026-04-21 15:45:00,1405-02-01 15:45:00,,faham,0.0,,,,,,,,,,,,,,,,,226.5,,,0.949999988079071,,,,0.0,,,,0,2026-05-29 13:34:00
14050201160000,11010303362666,,,,,2026-04-21 16:00:00,1405-02-01 16:00:00,,faham,0.0,,,,,,,,,,,,,,,,,226.39999389648438,,,1.3600000143051147,,,,0.0,,,,0,2026-05-29 13:34:00
14050201161500,11010303362666,,,,,2026-04-21 16:15:00,1405-02-01 16:15:00,,faham,0.0,,,,,,,,,,,,,,,,,226.3000030517578,,,1.3200000524520874,,,,0.0,,,,0,2026-05-29 13:39:00
14050201163000,11010303362666,,,,,2026-04-21 16:30:00,1405-02-01 16:30:00,,faham,0.0,,,,,,,,,,,,,,,,,226.10000610351562,,,1.0199999809265137,,,,0.0,,,,0,2026-05-29 13:39:00
14050201164500,11010303362666,,,,,2026-04-21 16:45:00,1405-02-01 16:45:00,,faham,0.0,,,,,,,,,,,,,,,,,226.0,,,0.9200000166893005,,,,0.0,,,,0,2026-05-29 13:43:00
14050201170000,11010303362666,,,,,2026-04-21 17:00:00,1405-02-01 17:00:00,,faham,0.0,,,,,,,,,,,,,,,,,225.6999969482422,,,0.7799999713897705,,,,0.0,,,,0,2026-05-29 13:43:00
14050201171500,11010303362666,,,,,2026-04-21 17:15:00,1405-02-01 17:15:00,,faham,0.0,,,,,,,,,,,,,,,,,226.1999969482422,,,0.5099999904632568,,,,0.0,,,,0,2026-05-29 13:48:00
14050201173000,11010303362666,,,,,2026-04-21 17:30:00,1405-02-01 17:30:00,,faham,0.0,,,,,,,,,,,,,,,,,225.89999389648438,,,0.8799999952316284,,,,0.0,,,,0,2026-05-29 13:48:00
14050201174500,11010303362666,,,,,2026-04-21 17:45:00,1405-02-01 17:45:00,,faham,0.0,,,,,,,,,,,,,,,,,226.39999389648438,,,0.9200000166893005,,,,0.0,,,,0,2026-05-29 13:53:00
14050201180000,11010303362666,,,,,2026-04-21 18:00:00,1405-02-01 18:00:00,,faham,0.0,,,,,,,,,,,,,,,32.0,14.0,226.1,,,0.64,,,132.0,0.0,0.0,2.0,0,0,
14050201181500,11010303362666,,,,,2026-04-21 18:15:00,1405-02-01 18:15:00,,faham,0.0,,,,,,,,,,,,,,,,,227.3000030517578,,,0.5099999904632568,,,,0.0,,,,0,2026-05-29 13:56:00
14050201183000,11010303362666,,,,,2026-04-21 18:30:00,1405-02-01 18:30:00,,faham,0.0,,,,,,,,,,,,,,,,,226.60000610351562,,,0.5,,,,0.0,,,,0,2026-05-29 13:56:00
14050201184500,11010303362666,,,,,2026-04-21 18:45:00,1405-02-01 18:45:00,,faham,0.0,,,,,,,,,,,,,,,,,224.1999969482422,,,0.5099999904632568,,,,0.0,,,,0,2026-05-29 14:46:00
14050201190000,11010303362666,,,,,2026-04-21 19:00:00,1405-02-01 19:00:00,,faham,0.0,,,,,,,,,,,,,,,,,222.1999969482422,,,0.7300000190734863,,,,0.0,,,,0,2026-05-29 14:46:00
14050201191500,11010303362666,,,,,2026-04-21 19:15:00,1405-02-01 19:15:00,,faham,0.0,,,,,,,,,,,,,,,,,221.5,,,1.0800000429153442,,,,0.0,,,,0,2026-05-29 14:51:00
14050201193000,11010303362666,,,,,2026-04-21 19:30:00,1405-02-01 19:30:00,,faham,0.0,,,,,,,,,,,,,,,,,222.39999389648438,,,1.5800000429153442,,,,0.0,,,,0,2026-05-29 14:51:00
14050201194500,11010303362666,,,,,2026-04-21 19:45:00,1405-02-01 19:45:00,,faham,0.0,,,,,,,,,,,,,,,,,222.0,,,1.6399999856948853,,,,0.0,,,,0,2026-05-29 14:56:00
14050201200000,11010303362666,,,,,2026-04-21 20:00:00,1405-02-01 20:00:00,,faham,0.0,,,,,,,,,,,,,,,,,222.89999389648438,,,1.6399999856948853,,,,0.0,,,,0,2026-05-29 14:56:00
14050201201500,11010303362666,,,,,2026-04-21 20:15:00,1405-02-01 20:15:00,,faham,0.0,,,,,,,,,,,,,,,,,222.6999969482422,,,1.6299999952316284,,,,0.0,,,,0,2026-05-29 15:01:00
14050201203000,11010303362666,,,,,2026-04-21 20:30:00,1405-02-01 20:30:00,,faham,0.0,,,,,,,,,,,,,,,,,223.39999389648438,,,1.809999942779541,,,,0.0,,,,0,2026-05-29 15:01:00
14050201204500,11010303362666,,,,,2026-04-21 20:45:00,1405-02-01 20:45:00,,faham,0.0,,,,,,,,,,,,,,,,,222.8000030517578,,,1.9500000476837158,,,,0.0,,,,0,2026-05-29 15:06:00
14050201210000,11010303362666,,,,,2026-04-21 21:00:00,1405-02-01 21:00:00,,faham,0.0,,,,,,,,,,,,,,,,,223.10000610351562,,,1.8700000047683716,,,,0.0,,,,0,2026-05-29 15:06:00
14050201211500,11010303362666,,,,,2026-04-21 21:15:00,1405-02-01 21:15:00,,faham,0.0,,,,,,,,,,,,,,,,,223.60000610351562,,,1.6299999952316284,,,,0.0,,,,0,2026-05-29 15:11:00
14050201213000,11010303362666,,,,,2026-04-21 21:30:00,1405-02-01 21:30:00,,faham,0.0,,,,,,,,,,,,,,,,,224.10000610351562,,,1.6399999856948853,,,,0.0,,,,0,2026-05-29 15:11:00
14050201214500,11010303362666,,,,,2026-04-21 21:45:00,1405-02-01 21:45:00,,faham,0.0,,,,,,,,,,,,,,,,,224.60000610351562,,,1.6399999856948853,,,,0.0,,,,0,2026-05-29 15:17:00
14050201220000,11010303362666,,,,,2026-04-21 22:00:00,1405-02-01 22:00:00,,faham,0.0,,,,,,,,,,,,,,,,,225.3000030517578,,,1.7899999618530273,,,,0.0,,,,0,2026-05-29 15:17:00
14050201221500,11010303362666,,,,,2026-04-21 22:15:00,1405-02-01 22:15:00,,faham,0.0,,,,,,,,,,,,,,,,,225.6999969482422,,,1.899999976158142,,,,0.0,,,,0,2026-05-29 15:23:00
14050201223000,11010303362666,,,,,2026-04-21 22:30:00,1405-02-01 22:30:00,,faham,0.0,,,,,,,,,,,,,,,,,225.10000610351562,,,1.3700000047683716,,,,0.0,,,,0,2026-05-29 15:23:00
14050201224500,11010303362666,,,,,2026-04-21 22:45:00,1405-02-01 22:45:00,,faham,0.0,,,,,,,,,,,,,,,,,224.89999389648438,,,1.0499999523162842,,,,0.0,,,,0,2026-05-29 15:28:00
14050201230000,11010303362666,,,,,2026-04-21 23:00:00,1405-02-01 23:00:00,,faham,0.0,,,,,,,,,,,,,,,,,226.0,,,0.9399999976158142,,,,0.0,,,,0,2026-05-29 15:28:00
14050201231500,11010303362666,,,,,2026-04-21 23:15:00,1405-02-01 23:15:00,,faham,0.0,,,,,,,,,,,,,,,,,226.3000030517578,,,0.9399999976158142,,,,0.0,,,,0,2026-05-29 15:33:00
14050201233000,11010303362666,,,,,2026-04-21 23:30:00,1405-02-01 23:30:00,,faham,0.0,,,,,,,,,,,,,,,,,227.6999969482422,,,1.0499999523162842,,,,0.0,,,,0,2026-05-29 15:33:00
14050201234500,11010303362666,,,,,2026-04-21 23:45:00,1405-02-01 23:45:00,,faham,0.0,,,,,,,,,,,,,,,,,227.39999389648438,,,1.340000033378601,,,,0.0,,,,0,2026-05-29 15:39:00
14050201000000,11030011227341,,,,,2026-04-21 00:00:00,1405-02-01 00:00:00,,faham,570.0,,,,,,,,,,,,,,,143.0,0.0,230.60000610351562,231.8000030517578,233.89999389648438,2.490000009536743,0.9700000286102295,0.009999999776482582,577.0,709.0,0.0,48.0,0,0,2026-05-29 10:51:00
14050201001500,11030011227341,,,,,2026-04-21 00:15:00,1405-02-01 00:15:00,,faham,649.0,,,,,,,,,,,,,,,163.0,9.0,230.8000030517578,232.1999969482422,234.0,2.700000047683716,0.9599999785423279,0.009999999776482582,652.0,763.0,0.0,21.0,0,0,2026-05-29 10:57:00
14050201003000,11030011227341,,,,,2026-04-21 00:30:00,1405-02-01 00:30:00,,faham,541.0,,,,,,,,,,,,,,,135.0,1.0,231.3000030517578,232.0,234.0,2.380000114440918,0.9700000286102295,0.009999999776482582,542.0,693.0,0.0,49.0,0,0,2026-05-29 10:57:00
14050201004500,11030011227341,,,,,2026-04-21 00:45:00,1405-02-01 00:45:00,,faham,548.0,,,,,,,,,,,,,,,137.0,0.0,231.6999969482422,232.60000610351562,234.39999389648438,2.390000104904175,0.9700000286102295,0.009999999776482582,551.0,700.0,0.0,51.0,0,0,2026-05-29 11:03:00
14050201010000,11030011227341,,,,,2026-04-21 01:00:00,1405-02-01 01:00:00,,faham,696.0,,,,,,,,,,,,,,,174.0,8.0,229.6999969482422,230.8000030517578,232.39999389648438,2.869999885559082,0.9700000286102295,0.009999999776482582,698.0,785.0,0.0,18.0,0,0,2026-05-29 11:03:00
14050201011500,11030011227341,,,,,2026-04-21 01:15:00,1405-02-01 01:15:00,,faham,500.0,,,,,,,,,,,,,,,125.0,0.0,228.5,229.60000610351562,231.5,2.2899999618530273,0.9599999785423279,0.009999999776482582,502.0,669.0,0.0,58.0,0,0,2026-05-29 11:09:00
14050201013000,11030011227341,,,,,2026-04-21 01:30:00,1405-02-01 01:30:00,,faham,485.0,,,,,,,,,,,,,,,122.0,0.0,228.39999389648438,229.8000030517578,231.8000030517578,2.240000009536743,0.9800000190734863,0.009999999776482582,488.0,655.0,0.0,55.0,0,0,2026-05-29 11:09:00
14050201014500,11030011227341,,,,,2026-04-21 01:45:00,1405-02-01 01:45:00,,faham,620.0,,,,,,,,,,,,,,,155.0,6.0,228.8000030517578,230.1999969482422,231.60000610351562,2.569999933242798,0.9900000095367432,0.009999999776482582,622.0,755.0,0.0,22.0,0,0,2026-05-29 11:14:00
14050201020000,11030011227341,,,,,2026-04-21 02:00:00,1405-02-01 02:00:00,,faham,504.0,,,,,,,,,,,,,,,126.0,0.0,229.0,230.5,231.60000610351562,2.2300000190734863,0.9900000095367432,0.009999999776482582,506.0,679.0,0.0,53.0,0,0,2026-05-29 11:14:00
14050201021500,11030011227341,,,,,2026-04-21 02:15:00,1405-02-01 02:15:00,,faham,476.0,,,,,,,,,,,,,,,119.0,0.0,229.10000610351562,229.8000030517578,231.60000610351562,2.130000114440918,0.9800000190734863,0.009999999776482582,479.0,663.0,0.0,51.0,0,0,2026-05-29 11:19:00
14050201023000,11030011227341,,,,,2026-04-21 02:30:00,1405-02-01 02:30:00,,faham,561.0,,,,,,,,,,,,,,,140.0,6.0,228.8000030517578,229.5,231.39999389648438,2.3399999141693115,0.9800000190734863,0.009999999776482582,563.0,733.0,0.0,27.0,0,0,2026-05-29 11:19:00
14050201024500,11030011227341,,,,,2026-04-21 02:45:00,1405-02-01 02:45:00,,faham,493.0,,,,,,,,,,,,,,,123.0,0.0,229.39999389648438,230.10000610351562,231.89999389648438,2.1600000858306885,0.9800000190734863,0.009999999776482582,495.0,678.0,0.0,52.0,0,0,2026-05-29 11:24:00
14050201030000,11030011227341,,,,,2026-04-21 03:00:00,1405-02-01 03:00:00,,faham,501.0,,,,,,,,,,,,,,,126.0,1.0,229.39999389648438,230.10000610351562,231.89999389648438,2.200000047683716,0.9800000190734863,0.009999999776482582,504.0,682.0,0.0,48.0,0,0,2026-05-29 11:24:00
14050201031500,11030011227341,,,,,2026-04-21 03:15:00,1405-02-01 03:15:00,,faham,553.0,,,,,,,,,,,,,,,138.0,6.0,228.89999389648438,229.8000030517578,231.60000610351562,2.309999942779541,0.9800000190734863,0.009999999776482582,555.0,729.0,0.0,28.0,0,0,2026-05-29 11:28:00
14050201033000,11030011227341,,,,,2026-04-21 03:30:00,1405-02-01 03:30:00,,faham,457.0,,,,,,,,,,,,,,,114.0,0.0,229.0,230.10000610351562,231.60000610351562,2.049999952316284,0.9800000190734863,0.009999999776482582,459.0,654.0,0.0,54.0,0,0,2026-05-29 11:28:00
14050201034500,11030011227341,,,,,2026-04-21 03:45:00,1405-02-01 03:45:00,,faham,490.0,,,,,,,,,,,,,,,123.0,0.0,229.10000610351562,230.10000610351562,232.0,2.1700000762939453,0.9900000095367432,0.009999999776482582,493.0,671.0,0.0,51.0,0,0,2026-05-29 11:34:00
14050201040000,11030011227341,,,,,2026-04-21 04:00:00,1405-02-01 04:00:00,,faham,596.0,,,,,,,,,,,,,,,149.0,8.0,229.1999969482422,230.0,231.8000030517578,2.490000009536743,0.9800000190734863,0.009999999776482582,598.0,739.0,0.0,27.0,0,0,2026-05-29 11:34:00
14050201041500,11030011227341,,,,,2026-04-21 04:15:00,1405-02-01 04:15:00,,faham,456.0,,,,,,,,,,,,,,,114.0,0.0,229.3000030517578,229.89999389648438,231.60000610351562,2.0999999046325684,0.9900000095367432,0.009999999776482582,459.0,643.0,0.0,54.0,0,0,2026-05-29 11:39:00
14050201043000,11030011227341,,,,,2026-04-21 04:30:00,1405-02-01 04:30:00,,faham,460.0,,,,,,,,,,,,,,,115.0,0.0,229.39999389648438,230.0,231.39999389648438,2.0899999141693115,0.9900000095367432,0.009999999776482582,462.0,648.0,0.0,54.0,0,0,2026-05-29 11:39:00
14050201044500,11030011227341,,,,,2026-04-21 04:45:00,1405-02-01 04:45:00,,faham,572.0,,,,,,,,,,,,,,,143.0,6.0,229.5,230.5,232.3000030517578,2.4100000858306885,0.9900000095367432,0.009999999776482582,575.0,728.0,0.0,26.0,0,0,2026-05-29 11:43:00
14050201050000,11030011227341,,,,,2026-04-21 05:00:00,1405-02-01 05:00:00,,faham,511.0,,,,,,,,,,,,,,,128.0,0.0,229.89999389648438,230.5,232.39999389648438,2.2699999809265137,1.0,0.009999999776482582,513.0,675.0,0.0,51.0,0,0,2026-05-29 11:43:00
14050201051500,11030011227341,,,,,2026-04-21 05:15:00,1405-02-01 05:15:00,,faham,458.0,,,,,,,,,,,,,,,115.0,0.0,230.39999389648438,230.89999389648438,232.1999969482422,2.0799999237060547,0.9900000095367432,0.009999999776482582,460.0,645.0,0.0,55.0,0,0,2026-05-29 11:48:00
14050201053000,11030011227341,,,,,2026-04-21 05:30:00,1405-02-01 05:30:00,,faham,564.0,,,,,,,,,,,,,,,141.0,7.0,230.6999969482422,230.8000030517578,232.3000030517578,2.3399999141693115,0.9900000095367432,0.009999999776482582,567.0,727.0,0.0,27.0,0,0,2026-05-29 11:48:00
14050201054500,11030011227341,,,,,2026-04-21 05:45:00,1405-02-01 05:45:00,,faham,458.0,,,,,,,,,,,,,,,115.0,0.0,230.89999389648438,230.6999969482422,232.3000030517578,2.0399999618530273,1.0,0.009999999776482582,461.0,651.0,0.0,55.0,0,0,2026-05-29 11:53:00
14050201060000,11030011227341,,,,,2026-04-21 06:00:00,1405-02-01 06:00:00,,faham,460.0,,,,,,,,,,,,,,,115.0,0.0,230.89999389648438,231.3000030517578,232.10000610351562,2.200000047683716,0.5699999928474426,0.009999999776482582,462.0,715.0,0.0,45.0,0,0,2026-05-29 11:53:00
14050201061500,11030011227341,,,,,2026-04-21 06:15:00,1405-02-01 06:15:00,,faham,420.0,,,,,,,,,,,,,,,105.0,3.0,230.39999389648438,230.8000030517578,231.6999969482422,2.2799999713897705,0.0,0.009999999776482582,422.0,789.0,0.0,12.0,0,0,2026-05-29 11:58:00
14050201063000,11030011227341,,,,,2026-04-21 06:30:00,1405-02-01 06:30:00,,faham,314.0,,,,,,,,,,,,,,,79.0,0.0,229.60000610351562,230.1999969482422,231.1999969482422,2.0299999713897705,0.0,0.009999999776482582,316.0,668.0,0.0,43.0,0,0,2026-05-29 11:58:00
14050201064500,11030011227341,,,,,2026-04-21 06:45:00,1405-02-01 06:45:00,,faham,314.0,,,,,,,,,,,,,,,79.0,0.0,229.60000610351562,229.8000030517578,230.89999389648438,2.059999942779541,0.0,0.009999999776482582,316.0,659.0,0.0,44.0,0,0,2026-05-29 12:03:00
14050201070000,11030011227341,,,,,2026-04-21 07:00:00,1405-02-01 07:00:00,,faham,467.0,,,,,,,,,,,,,,,117.0,6.0,228.89999389648438,229.60000610351562,230.3000030517578,2.509999990463257,0.0,0.009999999776482582,469.0,795.0,0.0,14.0,0,0,2026-05-29 12:03:00
14050201071500,11030011227341,,,,,2026-04-21 07:15:00,1405-02-01 07:15:00,,faham,329.0,,,,,,,,,,,,,,,82.0,0.0,228.1999969482422,228.5,229.39999389648438,2.0899999141693115,0.0,0.009999999776482582,330.0,680.0,0.0,42.0,0,0,2026-05-29 12:08:00
14050201073000,11030011227341,,,,,2026-04-21 07:30:00,1405-02-01 07:30:00,,faham,314.0,,,,,,,,,,,,,,,78.0,0.0,229.0,229.60000610351562,230.60000610351562,2.049999952316284,0.0,0.009999999776482582,315.0,664.0,0.0,44.0,0,0,2026-05-29 12:08:00
14050201074500,11030011227341,,,,,2026-04-21 07:45:00,1405-02-01 07:45:00,,faham,427.0,,,,,,,,,,,,,,,107.0,2.0,229.60000610351562,230.3000030517578,231.1999969482422,2.369999885559082,0.0,0.009999999776482582,428.0,774.0,0.0,15.0,0,0,2026-05-29 12:13:00
14050201080000,11030011227341,,,,,2026-04-21 08:00:00,1405-02-01 08:00:00,,faham,376.0,,,,,,,,,,,,,,,94.0,0.0,228.8000030517578,229.5,230.89999389648438,2.2100000381469727,0.0,0.009999999776482582,378.0,732.0,0.0,33.0,0,0,2026-05-29 12:13:00
14050201081500,11030011227341,,,,,2026-04-21 08:15:00,1405-02-01 08:15:00,,faham,354.0,,,,,,,,,,,,,,,89.0,0.0,227.8000030517578,228.60000610351562,229.89999389648438,2.190000057220459,0.0,0.009999999776482582,356.0,704.0,0.0,41.0,0,0,2026-05-29 12:18:00
14050201083000,11030011227341,,,,,2026-04-21 08:30:00,1405-02-01 08:30:00,,faham,438.0,,,,,,,,,,,,,,,110.0,3.0,228.39999389648438,229.60000610351562,230.8000030517578,2.4000000953674316,0.0,0.009999999776482582,440.0,790.0,0.0,10.0,0,0,2026-05-29 12:18:00
14050201084500,11030011227341,,,,,2026-04-21 08:45:00,1405-02-01 08:45:00,,faham,340.0,,,,,,,,,,,,,,,85.0,0.0,229.8000030517578,230.5,231.39999389648438,2.1500000953674316,0.0,0.009999999776482582,342.0,681.0,0.0,41.0,0,0,2026-05-29 12:23:00
14050201090000,11030011227341,,,,,2026-04-21 09:00:00,1405-02-01 09:00:00,,faham,432.0,,,,,,,,,,,,,,,108.0,0.0,228.89999389648438,228.89999389648438,230.5,2.5399999618530273,0.0,0.009999999776482582,434.0,736.0,0.0,37.0,0,0,2026-05-29 12:23:00
14050201091500,11030011227341,,,,,2026-04-21 09:15:00,1405-02-01 09:15:00,,faham,606.0,,,,,,,,,,,,,,,152.0,3.0,227.89999389648438,229.0,229.6999969482422,3.2899999618530273,0.0,0.009999999776482582,608.0,806.0,0.0,6.0,0,0,2026-05-29 12:28:00
14050201093000,11030011227341,,,,,2026-04-21 09:30:00,1405-02-01 09:30:00,,faham,617.0,,,,,,,,,,,,,,,154.0,0.0,228.0,228.89999389648438,230.10000610351562,3.859999895095825,0.0,0.009999999776482582,619.0,679.0,0.0,49.0,0,0,2026-05-29 12:28:00
14050201094500,11030011227341,,,,,2026-04-21 09:45:00,1405-02-01 09:45:00,,faham,514.0,,,,,,,,,,,,,,,129.0,0.0,227.89999389648438,229.3000030517578,230.39999389648438,3.069999933242798,0.0,0.009999999776482582,516.0,706.0,0.0,41.0,0,0,2026-05-29 12:33:00
14050201100000,11030011227341,,,,,2026-04-21 10:00:00,1405-02-01 10:00:00,,faham,574.0,,,,,,,,,,,,,,,144.0,8.0,228.0,229.60000610351562,230.60000610351562,2.9800000190734863,0.0,0.009999999776482582,576.0,840.0,0.0,6.0,0,0,2026-05-29 12:33:00
14050201101500,11030011227341,,,,,2026-04-21 10:15:00,1405-02-01 10:15:00,,faham,369.0,,,,,,,,,,,,,,,92.0,0.0,227.8000030517578,229.3000030517578,230.1999969482422,2.200000047683716,0.0,0.009999999776482582,370.0,728.0,0.0,36.0,0,0,2026-05-29 12:39:00
14050201103000,11030011227341,,,,,2026-04-21 10:30:00,1405-02-01 10:30:00,,faham,401.0,,,,,,,,,,,,,,,101.0,0.0,227.6999969482422,229.10000610351562,230.1999969482422,2.3499999046325684,0.0,0.009999999776482582,405.0,722.0,0.0,39.0,0,0,2026-05-29 12:39:00
14050201104500,11030011227341,,,,,2026-04-21 10:45:00,1405-02-01 10:45:00,,faham,726.0,,,,,,,,,,,,,,,181.0,14.0,227.1999969482422,229.1999969482422,230.1999969482422,3.5199999809265137,0.0,0.009999999776482582,726.0,878.0,0.0,5.0,0,0,2026-05-29 12:43:00
14050201110000,11030011227341,,,,,2026-04-21 11:00:00,1405-02-01 11:00:00,,faham,437.0,,,,,,,,,,,,,,,109.0,0.0,227.1999969482422,228.39999389648438,230.10000610351562,2.359999895095825,0.0,0.009999999776482582,438.0,804.0,0.0,24.0,0,0,2026-05-29 12:43:00
14050201111500,11030011227341,,,,,2026-04-21 11:15:00,1405-02-01 11:15:00,,faham,451.0,,,,,,,,,,,,,,,113.0,0.0,227.5,229.0,230.1999969482422,2.440000057220459,0.0,0.009999999776482582,453.0,803.0,0.0,13.0,0,0,2026-05-29 12:49:00
14050201113000,11030011227341,,,,,2026-04-21 11:30:00,1405-02-01 11:30:00,,faham,527.0,,,,,,,,,,,,,,,132.0,8.0,227.0,228.3000030517578,230.1999969482422,2.7100000381469727,0.0,0.009999999776482582,529.0,851.0,0.0,1.0,0,0,2026-05-29 12:49:00
14050201114500,11030011227341,,,,,2026-04-21 11:45:00,1405-02-01 11:45:00,,faham,579.0,,,,,,,,,,,,,,,145.0,0.0,226.60000610351562,228.60000610351562,229.60000610351562,2.9800000190734863,0.0,0.009999999776482582,580.0,823.0,0.0,29.0,0,0,2026-05-29 12:53:00
14050201120000,11030011227341,,,,,2026-04-21 12:00:00,1405-02-01 12:00:00,,faham,368.0,,,,,,,,,,,,,,,92.0,0.0,227.5,228.8000030517578,230.3000030517578,2.1700000762939453,0.0,0.009999999776482582,369.0,736.0,0.0,36.0,0,0,2026-05-29 12:53:00
14050201121500,11030011227341,,,,,2026-04-21 12:15:00,1405-02-01 12:15:00,,faham,479.0,,,,,,,,,,,,,,,120.0,7.0,228.1999969482422,229.3000030517578,230.8000030517578,2.5,0.0,0.009999999776482582,481.0,829.0,0.0,8.0,0,0,2026-05-29 12:58:00
14050201123000,11030011227341,,,,,2026-04-21 12:30:00,1405-02-01 12:30:00,,faham,406.0,,,,,,,,,,,,,,,101.0,2.0,228.1999969482422,230.0,231.3000030517578,2.359999895095825,0.0,0.009999999776482582,407.0,745.0,0.0,34.0,0,0,2026-05-29 12:58:00
14050201124500,11030011227341,,,,,2026-04-21 12:45:00,1405-02-01 12:45:00,,faham,420.0,,,,,,,,,,,,,,,105.0,0.0,227.8000030517578,229.6999969482422,230.6999969482422,2.390000104904175,0.0,0.009999999776482582,422.0,764.0,0.0,35.0,0,0,2026-05-29 13:03:00
14050201130000,11030011227341,,,,,2026-04-21 13:00:00,1405-02-01 13:00:00,,faham,475.0,,,,,,,,,,,,,,,119.0,6.0,227.8000030517578,229.8000030517578,230.60000610351562,2.5299999713897705,0.0,0.009999999776482582,477.0,817.0,0.0,8.0,0,0,2026-05-29 13:03:00
14050201131500,11030011227341,,,,,2026-04-21 13:15:00,1405-02-01 13:15:00,,faham,360.0,,,,,,,,,,,,,,,90.0,0.0,229.1999969482422,230.3000030517578,231.3000030517578,2.130000114440918,0.0,0.009999999776482582,361.0,729.0,0.0,35.0,0,0,2026-05-29 13:09:00
14050201133000,11030011227341,,,,,2026-04-21 13:30:00,1405-02-01 13:30:00,,faham,351.0,,,,,,,,,,,,,,,88.0,0.0,228.3000030517578,229.5,231.0,2.0899999141693115,0.0,0.009999999776482582,353.0,730.0,0.0,38.0,0,0,2026-05-29 13:09:00
14050201134500,11030011227341,,,,,2026-04-21 13:45:00,1405-02-01 13:45:00,,faham,466.0,,,,,,,,,,,,,,,117.0,10.0,227.0,228.10000610351562,230.39999389648438,2.3399999141693115,0.0,0.009999999776482582,468.0,868.0,0.0,8.0,0,0,2026-05-29 13:13:00
14050201140000,11030011227341,,,,,2026-04-21 14:00:00,1405-02-01 14:00:00,,faham,283.0,,,,,,,,,,,,,,,71.0,2.0,229.39999389648438,231.0,231.6999969482422,1.4600000381469727,0.0,0.009999999776482582,284.0,831.0,0.0,17.0,0,0,2026-05-29 13:13:00
14050201141500,11030011227341,,,,,2026-04-21 14:15:00,1405-02-01 14:15:00,,faham,258.0,,,,,,,,,,,,,,,65.0,0.0,230.89999389648438,231.60000610351562,233.3000030517578,1.3899999856948853,0.0,0.009999999776482582,260.0,796.0,0.0,25.0,0,0,2026-05-29 13:19:00
14050201143000,11030011227341,,,,,2026-04-21 14:30:00,1405-02-01 14:30:00,,faham,411.0,,,,,,,,,,,,,,,103.0,21.0,230.3000030517578,231.3000030517578,232.89999389648438,1.9700000286102295,0.0,0.009999999776482582,413.0,897.0,0.0,3.0,0,0,2026-05-29 13:19:00
14050201144500,11030011227341,,,,,2026-04-21 14:45:00,1405-02-01 14:45:00,,faham,281.0,,,,,,,,,,,,,,,70.0,0.0,229.89999389648438,231.1999969482422,232.60000610351562,1.4500000476837158,0.0,0.009999999776482582,282.0,827.0,0.0,22.0,0,0,2026-05-29 13:24:00
14050201150000,11030011227341,,,,,2026-04-21 15:00:00,1405-02-01 15:00:00,,faham,259.0,,,,,,,,,,,,,,,65.0,0.0,230.5,231.5,233.0,1.3799999952316284,0.0,0.009999999776482582,261.0,803.0,0.0,23.0,0,0,2026-05-29 13:24:00
14050201151500,11030011227341,,,,,2026-04-21 15:15:00,1405-02-01 15:15:00,,faham,376.0,,,,,,,,,,,,,,,94.0,20.0,230.3000030517578,231.0,232.8000030517578,1.8300000429153442,0.0,0.009999999776482582,378.0,876.0,0.0,5.0,0,0,2026-05-29 13:30:00
14050201153000,11030011227341,,,,,2026-04-21 15:30:00,1405-02-01 15:30:00,,faham,312.0,,,,,,,,,,,,,,,78.0,0.0,230.0,231.5,232.39999389648438,1.5499999523162842,0.0,0.009999999776482582,314.0,859.0,0.0,19.0,0,0,2026-05-29 13:30:00
14050201154500,11030011227341,,,,,2026-04-21 15:45:00,1405-02-01 15:45:00,,faham,257.0,,,,,,,,,,,,,,,64.0,0.0,229.8000030517578,230.89999389648438,232.10000610351562,1.3799999952316284,0.0,0.009999999776482582,258.0,801.0,0.0,24.0,0,0,2026-05-29 13:34:00
14050201160000,11030011227341,,,,,2026-04-21 16:00:00,1405-02-01 16:00:00,,faham,379.0,,,,,,,,,,,,,,,95.0,20.0,230.0,231.5,233.10000610351562,1.840000033378601,0.0,0.009999999776482582,381.0,884.0,0.0,4.0,0,0,2026-05-29 13:34:00
14050201161500,11030011227341,,,,,2026-04-21 16:15:00,1405-02-01 16:15:00,,faham,281.0,,,,,,,,,,,,,,,70.0,0.0,231.3000030517578,232.3000030517578,234.1999969482422,1.4700000286102295,0.0,0.009999999776482582,283.0,815.0,0.0,23.0,0,0,2026-05-29 13:39:00
14050201163000,11030011227341,,,,,2026-04-21 16:30:00,1405-02-01 16:30:00,,faham,286.0,,,,,,,,,,,,,,,71.0,0.0,231.6999969482422,232.1999969482422,234.10000610351562,1.4800000190734863,0.0,0.009999999776482582,287.0,821.0,0.0,22.0,0,0,2026-05-29 13:39:00
14050201164500,11030011227341,,,,,2026-04-21 16:45:00,1405-02-01 16:45:00,,faham,376.0,,,,,,,,,,,,,,,94.0,19.0,231.1999969482422,231.6999969482422,233.39999389648438,1.8300000429153442,0.0,0.009999999776482582,378.0,877.0,0.0,5.0,0,0,2026-05-29 13:43:00
14050201170000,11030011227341,,,,,2026-04-21 17:00:00,1405-02-01 17:00:00,,faham,261.0,,,,,,,,,,,,,,,65.0,0.0,230.10000610351562,230.8000030517578,232.39999389648438,1.399999976158142,0.0,0.009999999776482582,262.0,801.0,0.0,23.0,0,0,2026-05-29 13:43:00
14050201171500,11030011227341,,,,,2026-04-21 17:15:00,1405-02-01 17:15:00,,faham,308.0,,,,,,,,,,,,,,,77.0,0.0,230.5,231.3000030517578,232.5,1.5399999618530273,0.0,0.009999999776482582,309.0,855.0,0.0,21.0,0,0,2026-05-29 13:48:00
14050201173000,11030011227341,,,,,2026-04-21 17:30:00,1405-02-01 17:30:00,,faham,381.0,,,,,,,,,,,,,,,95.0,20.0,230.6999969482422,231.0,232.60000610351562,1.840000033378601,0.0,0.009999999776482582,382.0,883.0,0.0,4.0,0,0,2026-05-29 13:48:00
14050201174500,11030011227341,,,,,2026-04-21 17:45:00,1405-02-01 17:45:00,,faham,258.0,,,,,,,,,,,,,,,65.0,0.0,230.3000030517578,231.10000610351562,232.60000610351562,1.3700000047683716,0.0,0.009999999776482582,260.0,808.0,0.0,24.0,0,0,2026-05-29 13:53:00
14050201180000,11030011227341,,,,,2026-04-21 18:00:00,1405-02-01 18:00:00,,faham,309.0,,,,,,,,,,,,,,,77.0,0.0,229.4,230.2,231.6,1.56,0.0,0.01,310.0,849.0,0.0,21.0,0,0,
14050201181500,11030011227341,,,,,2026-04-21 18:15:00,1405-02-01 18:15:00,,faham,378.0,,,,,,,,,,,,,,,95.0,19.0,230.89999389648438,230.6999969482422,232.60000610351562,1.8799999952316284,0.0,0.009999999776482582,380.0,859.0,0.0,5.0,0,0,2026-05-29 13:56:00
14050201183000,11030011227341,,,,,2026-04-21 18:30:00,1405-02-01 18:30:00,,faham,368.0,,,,,,,,,,,,,,,92.0,0.0,232.1999969482422,232.1999969482422,233.89999389648438,1.440000057220459,0.6800000071525574,0.009999999776482582,370.0,742.0,0.0,33.0,0,0,2026-05-29 13:56:00
14050201184500,11030011227341,,,,,2026-04-21 18:45:00,1405-02-01 18:45:00,,faham,429.0,,,,,,,,,,,,,,,108.0,0.0,230.89999389648438,231.10000610351562,232.6999969482422,1.5199999809265137,0.9100000262260437,0.009999999776482582,432.0,761.0,0.0,33.0,0,0,2026-05-29 14:46:00
14050201190000,11030011227341,,,,,2026-04-21 19:00:00,1405-02-01 19:00:00,,faham,617.0,,,,,,,,,,,,,,,155.0,15.0,230.0,231.10000610351562,233.39999389648438,2.240000009536743,0.9100000262260437,0.009999999776482582,619.0,846.0,0.0,20.0,0,0,2026-05-29 14:46:00
14050201191500,11030011227341,,,,,2026-04-21 19:15:00,1405-02-01 19:15:00,,faham,495.0,,,,,,,,,,,,,,,124.0,0.0,229.6999969482422,231.0,233.89999389648438,1.840000033378601,0.9200000166893005,0.009999999776482582,497.0,775.0,0.0,43.0,0,0,2026-05-29 14:51:00
14050201193000,11030011227341,,,,,2026-04-21 19:30:00,1405-02-01 19:30:00,,faham,532.0,,,,,,,,,,,,,,,133.0,0.0,230.6999969482422,231.60000610351562,234.39999389648438,2.049999952316284,0.9100000262260437,0.009999999776482582,535.0,774.0,0.0,40.0,0,0,2026-05-29 14:51:00
14050201194500,11030011227341,,,,,2026-04-21 19:45:00,1405-02-01 19:45:00,,faham,726.0,,,,,,,,,,,,,,,182.0,23.0,230.60000610351562,231.60000610351562,234.0,2.8399999141693115,0.9100000262260437,0.009999999776482582,728.0,833.0,0.0,21.0,0,0,2026-05-29 14:56:00
14050201200000,11030011227341,,,,,2026-04-21 20:00:00,1405-02-01 20:00:00,,faham,600.0,,,,,,,,,,,,,,,150.0,2.0,230.0,230.6999969482422,233.39999389648438,2.319999933242798,0.9200000166893005,0.009999999776482582,602.0,801.0,0.0,22.0,0,0,2026-05-29 14:56:00
14050201201500,11030011227341,,,,,2026-04-21 20:15:00,1405-02-01 20:15:00,,faham,578.0,,,,,,,,,,,,,,,145.0,0.0,227.60000610351562,228.6999969482422,231.8000030517578,2.2100000381469727,0.9399999976158142,0.009999999776482582,581.0,802.0,0.0,24.0,0,0,2026-05-29 15:01:00
14050201203000,11030011227341,,,,,2026-04-21 20:30:00,1405-02-01 20:30:00,,faham,672.0,,,,,,,,,,,,,,,168.0,26.0,227.60000610351562,229.10000610351562,232.10000610351562,2.609999895095825,0.949999988079071,0.009999999776482582,675.0,822.0,0.0,19.0,0,0,2026-05-29 15:01:00
14050201204500,11030011227341,,,,,2026-04-21 20:45:00,1405-02-01 20:45:00,,faham,567.0,,,,,,,,,,,,,,,142.0,8.0,228.10000610351562,229.5,232.1999969482422,2.130000114440918,0.949999988079071,0.009999999776482582,569.0,800.0,0.0,22.0,0,0,2026-05-29 15:06:00
14050201210000,11030011227341,,,,,2026-04-21 21:00:00,1405-02-01 21:00:00,,faham,536.0,,,,,,,,,,,,,,,134.0,1.0,228.10000610351562,229.39999389648438,232.0,1.9900000095367432,0.9399999976158142,0.009999999776482582,538.0,794.0,0.0,22.0,0,0,2026-05-29 15:06:00
14050201211500,11030011227341,,,,,2026-04-21 21:15:00,1405-02-01 21:15:00,,faham,614.0,,,,,,,,,,,,,,,154.0,18.0,228.60000610351562,230.60000610351562,232.60000610351562,2.3299999237060547,0.949999988079071,0.009999999776482582,616.0,813.0,0.0,20.0,0,0,2026-05-29 15:11:00
14050201213000,11030011227341,,,,,2026-04-21 21:30:00,1405-02-01 21:30:00,,faham,517.0,,,,,,,,,,,,,,,129.0,19.0,229.8000030517578,231.5,233.60000610351562,1.8600000143051147,0.9300000071525574,0.009999999776482582,518.0,799.0,0.0,17.0,0,0,2026-05-29 15:11:00
14050201214500,11030011227341,,,,,2026-04-21 21:45:00,1405-02-01 21:45:00,,faham,459.0,,,,,,,,,,,,,,,115.0,3.0,230.5,231.6999969482422,234.5,1.5700000524520874,0.9200000166893005,0.009999999776482582,462.0,794.0,0.0,18.0,0,0,2026-05-29 15:17:00
14050201220000,11030011227341,,,,,2026-04-21 22:00:00,1405-02-01 22:00:00,,faham,502.0,,,,,,,,,,,,,,,126.0,9.0,230.6999969482422,231.8000030517578,233.6999969482422,1.7699999809265137,0.9100000262260437,0.009999999776482582,505.0,804.0,0.0,17.0,0,0,2026-05-29 15:17:00
14050201221500,11030011227341,,,,,2026-04-21 22:15:00,1405-02-01 22:15:00,,faham,571.0,,,,,,,,,,,,,,,143.0,32.0,231.10000610351562,232.1999969482422,234.60000610351562,2.130000114440918,0.9100000262260437,0.009999999776482582,573.0,806.0,0.0,16.0,0,0,2026-05-29 15:23:00
14050201223000,11030011227341,,,,,2026-04-21 22:30:00,1405-02-01 22:30:00,,faham,453.0,,,,,,,,,,,,,,,114.0,2.0,228.3000030517578,230.0,232.0,1.5700000524520874,0.9300000071525574,0.009999999776482582,456.0,788.0,0.0,19.0,0,0,2026-05-29 15:23:00
14050201224500,11030011227341,,,,,2026-04-21 22:45:00,1405-02-01 22:45:00,,faham,466.0,,,,,,,,,,,,,,,117.0,4.0,226.0,227.1999969482422,229.3000030517578,1.6299999952316284,0.9300000071525574,0.009999999776482582,470.0,797.0,0.0,18.0,0,0,2026-05-29 15:28:00
14050201230000,11030011227341,,,,,2026-04-21 23:00:00,1405-02-01 23:00:00,,faham,598.0,,,,,,,,,,,,,,,150.0,35.0,226.60000610351562,227.6999969482422,230.10000610351562,2.2699999809265137,0.9300000071525574,0.009999999776482582,600.0,818.0,0.0,16.0,0,0,2026-05-29 15:28:00
14050201231500,11030011227341,,,,,2026-04-21 23:15:00,1405-02-01 23:15:00,,faham,454.0,,,,,,,,,,,,,,,114.0,3.0,226.6999969482422,227.8000030517578,230.1999969482422,1.5800000429153442,0.9300000071525574,0.009999999776482582,457.0,795.0,0.0,17.0,0,0,2026-05-29 15:33:00
14050201233000,11030011227341,,,,,2026-04-21 23:30:00,1405-02-01 23:30:00,,faham,452.0,,,,,,,,,,,,,,,113.0,2.0,226.60000610351562,228.10000610351562,230.3000030517578,1.5700000524520874,0.9300000071525574,0.009999999776482582,455.0,791.0,0.0,18.0,0,0,2026-05-29 15:33:00
14050201234500,11030011227341,,,,,2026-04-21 23:45:00,1405-02-01 23:45:00,,faham,611.0,,,,,,,,,,,,,,,153.0,37.0,227.1999969482422,229.10000610351562,230.6999969482422,2.319999933242798,0.9300000071525574,0.009999999776482582,613.0,820.0,0.0,15.0,0,0,2026-05-29 15:39:00
14050201000000,11030111285549,,,,,2026-04-21 00:00:00,1405-02-01 00:00:00,,faham,2187.0,,,,,,,,,,,,,,,,,236.3000030517578,232.39999389648438,236.89999389648438,4.989999771118164,5.110000133514404,4.789999961853027,,579.0,,,,0,2026-05-29 10:51:00
14050201001500,11030111285549,,,,,2026-04-21 00:15:00,1405-02-01 00:15:00,,faham,1113.0,,,,,,,,,,,,,,,,,238.5,233.89999389648438,238.3000030517578,2.4100000858306885,2.8499999046325684,2.4200000762939453,,556.0,,,,0,2026-05-29 10:57:00
14050201003000,11030111285549,,,,,2026-04-21 00:30:00,1405-02-01 00:30:00,,faham,598.0,,,,,,,,,,,,,,,,,238.3000030517578,234.0,238.39999389648438,1.0700000524520874,1.7100000381469727,1.2200000286102295,,553.0,,,,0,2026-05-29 10:57:00
14050201004500,11030111285549,,,,,2026-04-21 00:45:00,1405-02-01 00:45:00,,faham,1153.0,,,,,,,,,,,,,,,,,236.39999389648438,232.3000030517578,237.6999969482422,2.5199999809265137,2.9600000381469727,2.549999952316284,,550.0,,,,0,2026-05-29 11:03:00
14050201010000,11030111285549,,,,,2026-04-21 01:00:00,1405-02-01 01:00:00,,faham,173.0,,,,,,,,,,,,,,,,,237.60000610351562,231.60000610351562,237.6999969482422,0.12999999523162842,0.9100000262260437,0.36000001430511475,,529.0,,,,0,2026-05-29 11:03:00
14050201011500,11030111285549,,,,,2026-04-21 01:15:00,1405-02-01 01:15:00,,faham,1496.0,,,,,,,,,,,,,,,,,234.89999389648438,231.6999969482422,236.10000610351562,3.25,3.5999999046325684,3.2699999809265137,,567.0,,,,0,2026-05-29 11:09:00
14050201013000,11030111285549,,,,,2026-04-21 01:30:00,1405-02-01 01:30:00,,faham,861.0,,,,,,,,,,,,,,,,,239.0,235.0,238.89999389648438,1.7699999809265137,2.309999942779541,1.8700000047683716,,550.0,,,,0,2026-05-29 11:09:00
14050201014500,11030111285549,,,,,2026-04-21 01:45:00,1405-02-01 01:45:00,,faham,486.0,,,,,,,,,,,,,,,,,239.0,236.10000610351562,239.6999969482422,0.8799999952316284,1.5399999618530273,1.059999942779541,,540.0,,,,0,2026-05-29 11:14:00
14050201020000,11030111285549,,,,,2026-04-21 02:00:00,1405-02-01 02:00:00,,faham,1136.0,,,,,,,,,,,,,,,,,240.1999969482422,236.8000030517578,239.6999969482422,2.4800000190734863,2.930000066757202,2.5299999713897705,,548.0,,,,0,2026-05-29 11:14:00
14050201021500,11030111285549,,,,,2026-04-21 02:15:00,1405-02-01 02:15:00,,faham,2726.0,,,,,,,,,,,,,,,,,238.1999969482422,234.3000030517578,237.6999969482422,4.239999771118164,4.650000095367432,2.9100000858306885,,912.0,,,,0,2026-05-29 11:19:00
14050201023000,11030111285549,,,,,2026-04-21 02:30:00,1405-02-01 02:30:00,,faham,3640.0,,,,,,,,,,,,,,,,,239.10000610351562,235.3000030517578,238.8000030517578,7.050000190734863,7.119999885559082,6.03000020980835,,805.0,,,,0,2026-05-29 11:19:00
14050201024500,11030111285549,,,,,2026-04-21 02:45:00,1405-02-01 02:45:00,,faham,606.0,,,,,,,,,,,,,,,,,239.0,235.6999969482422,239.1999969482422,1.090000033378601,1.7300000190734863,1.25,,550.0,,,,0,2026-05-29 11:24:00
14050201030000,11030111285549,,,,,2026-04-21 03:00:00,1405-02-01 03:00:00,,faham,1104.0,,,,,,,,,,,,,,,,,237.1999969482422,234.10000610351562,237.3000030517578,2.369999885559082,2.8399999141693115,2.4200000762939453,,549.0,,,,0,2026-05-29 11:24:00
14050201031500,11030111285549,,,,,2026-04-21 03:15:00,1405-02-01 03:15:00,,faham,173.0,,,,,,,,,,,,,,,,,238.10000610351562,234.39999389648438,238.0,0.12999999523162842,0.8899999856948853,0.3700000047683716,,531.0,,,,0,2026-05-29 11:28:00
14050201033000,11030111285549,,,,,2026-04-21 03:30:00,1405-02-01 03:30:00,,faham,823.0,,,,,,,,,,,,,,,,,239.6999969482422,236.89999389648438,239.0,1.6399999856948853,2.190000057220459,1.7400000095367432,,552.0,,,,0,2026-05-29 11:28:00
14050201034500,11030111285549,,,,,2026-04-21 03:45:00,1405-02-01 03:45:00,,faham,849.0,,,,,,,,,,,,,,,,,239.0,236.3000030517578,239.1999969482422,1.8200000524520874,2.3399999141693115,1.899999976158142,,541.0,,,,0,2026-05-29 11:34:00
14050201040000,11030111285549,,,,,2026-04-21 04:00:00,1405-02-01 04:00:00,,faham,275.0,,,,,,,,,,,,,,,,,240.0,236.60000610351562,239.6999969482422,0.36000001430511475,1.0800000429153442,0.5699999928474426,,538.0,,,,0,2026-05-29 11:34:00
14050201041500,11030111285549,,,,,2026-04-21 04:15:00,1405-02-01 04:15:00,,faham,1400.0,,,,,,,,,,,,,,,,,239.60000610351562,235.8000030517578,238.89999389648438,3.069999933242798,3.4700000286102295,3.069999933242798,,558.0,,,,0,2026-05-29 11:39:00
14050201043000,11030111285549,,,,,2026-04-21 04:30:00,1405-02-01 04:30:00,,faham,173.0,,,,,,,,,,,,,,,,,239.39999389648438,236.0,238.6999969482422,0.12999999523162842,0.8899999856948853,0.3700000047683716,,530.0,,,,0,2026-05-29 11:39:00
14050201044500,11030111285549,,,,,2026-04-21 04:45:00,1405-02-01 04:45:00,,faham,3995.0,,,,,,,,,,,,,,,,,237.8000030517578,234.1999969482422,237.39999389648438,4.489999771118164,6.840000152587891,6.570000171661377,,772.0,,,,0,2026-05-29 11:43:00
14050201050000,11030111285549,,,,,2026-04-21 05:00:00,1405-02-01 05:00:00,,faham,5793.0,,,,,,,,,,,,,,,,,236.3000030517578,233.0,236.1999969482422,9.479999542236328,11.149999618530273,10.949999809265137,,800.0,,,,0,2026-05-29 11:43:00
14050201051500,11030111285549,,,,,2026-04-21 05:15:00,1405-02-01 05:15:00,,faham,2157.0,,,,,,,,,,,,,,,,,238.5,234.6999969482422,237.3000030517578,5.070000171661377,5.190000057220459,4.840000152587891,,561.0,,,,0,2026-05-29 11:48:00
14050201053000,11030111285549,,,,,2026-04-21 05:30:00,1405-02-01 05:30:00,,faham,734.0,,,,,,,,,,,,,,,,,238.60000610351562,235.0,236.3000030517578,1.440000057220459,2.0799999237060547,1.5800000429153442,,540.0,,,,0,2026-05-29 11:48:00
14050201054500,11030111285549,,,,,2026-04-21 05:45:00,1405-02-01 05:45:00,,faham,954.0,,,,,,,,,,,,,,,,,237.89999389648438,236.10000610351562,238.3000030517578,2.009999990463257,2.569999933242798,2.0999999046325684,,546.0,,,,0,2026-05-29 11:53:00
14050201060000,11030111285549,,,,,2026-04-21 06:00:00,1405-02-01 06:00:00,,faham,175.0,,,,,,,,,,,,,,,,,237.3000030517578,238.10000610351562,238.89999389648438,0.12999999523162842,0.8700000047683716,0.3700000047683716,,537.0,,,,0,2026-05-29 11:53:00
14050201061500,11030111285549,,,,,2026-04-21 06:15:00,1405-02-01 06:15:00,,faham,1138.0,,,,,,,,,,,,,,,,,236.89999389648438,236.60000610351562,237.89999389648438,2.4600000381469727,2.940000057220459,2.569999933242798,,553.0,,,,0,2026-05-29 11:58:00
14050201063000,11030111285549,,,,,2026-04-21 06:30:00,1405-02-01 06:30:00,,faham,545.0,,,,,,,,,,,,,,,,,235.39999389648438,235.60000610351562,237.10000610351562,0.949999988079071,1.5800000429153442,1.1399999856948853,,558.0,,,,0,2026-05-29 11:58:00
14050201064500,11030111285549,,,,,2026-04-21 06:45:00,1405-02-01 06:45:00,,faham,1169.0,,,,,,,,,,,,,,,,,236.10000610351562,235.10000610351562,237.3000030517578,2.5799999237060547,3.0,2.549999952316284,,551.0,,,,0,2026-05-29 12:03:00
14050201070000,11030111285549,,,,,2026-04-21 07:00:00,1405-02-01 07:00:00,,faham,129.0,,,,,,,,,,,,,,,,,236.10000610351562,236.0,237.60000610351562,0.12999999523162842,0.8399999737739563,0.07999999821186066,,519.0,,,,0,2026-05-29 12:03:00
14050201071500,11030111285549,,,,,2026-04-21 07:15:00,1405-02-01 07:15:00,,faham,129.0,,,,,,,,,,,,,,,,,233.6999969482422,235.0,236.0,0.14000000059604645,0.8399999737739563,0.07999999821186066,,521.0,,,,0,2026-05-29 12:08:00
14050201073000,11030111285549,,,,,2026-04-21 07:30:00,1405-02-01 07:30:00,,faham,1528.0,,,,,,,,,,,,,,,,,235.60000610351562,235.5,236.5,3.25,3.7100000381469727,3.2100000381469727,,613.0,,,,0,2026-05-29 12:08:00
14050201074500,11030111285549,,,,,2026-04-21 07:45:00,1405-02-01 07:45:00,,faham,587.0,,,,,,,,,,,,,,,,,235.1999969482422,236.10000610351562,237.1999969482422,3.2699999809265137,1.0399999618530273,0.7599999904632568,,511.0,,,,0,2026-05-29 12:13:00
14050201080000,11030111285549,,,,,2026-04-21 08:00:00,1405-02-01 08:00:00,,faham,1451.0,,,,,,,,,,,,,,,,,235.1999969482422,234.60000610351562,237.3000030517578,6.059999942779541,3.0999999046325684,2.2699999809265137,,451.0,,,,64,2026-05-29 12:13:00
14050201081500,11030111285549,,,,,2026-04-21 08:15:00,1405-02-01 08:15:00,,faham,1134.0,,,,,,,,,,,,,,,,,235.89999389648438,234.8000030517578,238.89999389648438,5.289999961853027,2.3499999046325684,1.5199999809265137,,453.0,,,,64,2026-05-29 12:18:00
14050201083000,11030111285549,,,,,2026-04-21 08:30:00,1405-02-01 08:30:00,,faham,484.0,,,,,,,,,,,,,,,,,236.3000030517578,235.60000610351562,239.89999389648438,3.819999933242798,1.0399999618530273,0.09000000357627869,,414.0,,,,0,2026-05-29 12:18:00
14050201084500,11030111285549,,,,,2026-04-21 08:45:00,1405-02-01 08:45:00,,faham,3428.0,,,,,,,,,,,,,,,,,236.0,234.8000030517578,237.6999969482422,6.230000019073486,5.71999979019165,4.880000114440918,,667.0,,,,0,2026-05-29 12:23:00
14050201090000,11030111285549,,,,,2026-04-21 09:00:00,1405-02-01 09:00:00,,faham,6324.0,,,,,,,,,,,,,,,,,233.0,233.10000610351562,235.3000030517578,12.069999694824219,11.449999809265137,11.010000228881836,,804.0,,,,0,2026-05-29 12:23:00
14050201091500,11030111285549,,,,,2026-04-21 09:15:00,1405-02-01 09:15:00,,faham,2980.0,,,,,,,,,,,,,,,,,234.0,233.89999389648438,237.39999389648438,9.420000076293945,6.119999885559082,5.590000152587891,,531.0,,,,0,2026-05-29 12:28:00
14050201093000,11030111285549,,,,,2026-04-21 09:30:00,1405-02-01 09:30:00,,faham,1468.0,,,,,,,,,,,,,,,,,232.0,233.3000030517578,237.89999389648438,5.760000228881836,3.0399999618530273,2.200000047683716,,470.0,,,,64,2026-05-29 12:28:00
14050201094500,11030111285549,,,,,2026-04-21 09:45:00,1405-02-01 09:45:00,,faham,618.0,,,,,,,,,,,,,,,,,234.1999969482422,234.1999969482422,238.1999969482422,3.75,1.6299999952316284,0.11999999731779099,,472.0,,,,0,2026-05-29 12:33:00
14050201100000,11030111285549,,,,,2026-04-21 10:00:00,1405-02-01 10:00:00,,faham,1703.0,,,,,,,,,,,,,,,,,235.8000030517578,235.1999969482422,239.5,6.349999904632568,6.630000114440918,2.4600000381469727,,422.0,,,,64,2026-05-29 12:33:00
14050201101500,11030111285549,,,,,2026-04-21 10:15:00,1405-02-01 10:15:00,,faham,2065.0,,,,,,,,,,,,,,,,,234.1999969482422,232.60000610351562,236.5,7.190000057220459,7.670000076293945,3.3299999237060547,,431.0,,,,0,2026-05-29 12:39:00
14050201103000,11030111285549,,,,,2026-04-21 10:30:00,1405-02-01 10:30:00,,faham,2570.0,,,,,,,,,,,,,,,,,233.6999969482422,234.5,237.3000030517578,8.020000457763672,8.699999809265137,4.150000095367432,,490.0,,,,0,2026-05-29 12:39:00
14050201104500,11030111285549,,,,,2026-04-21 10:45:00,1405-02-01 10:45:00,,faham,4814.0,,,,,,,,,,,,,,,,,234.8000030517578,233.89999389648438,237.39999389648438,12.140000343322754,10.619999885559082,6.829999923706055,,617.0,,,,0,2026-05-29 12:43:00
14050201110000,11030111285549,,,,,2026-04-21 11:00:00,1405-02-01 11:00:00,,faham,10428.0,,,,,,,,,,,,,,,,,233.89999389648438,233.89999389648438,236.10000610351562,22.34000015258789,20.719999313354492,16.459999084472656,,751.0,,,,0,2026-05-29 12:43:00
14050201111500,11030111285549,,,,,2026-04-21 11:15:00,1405-02-01 11:15:00,,faham,3565.0,,,,,,,,,,,,,,,,,234.1999969482422,234.89999389648438,238.60000610351562,9.960000038146973,9.920000076293945,4.949999809265137,,556.0,,,,0,2026-05-29 12:49:00
14050201113000,11030111285549,,,,,2026-04-21 11:30:00,1405-02-01 11:30:00,,faham,2134.0,,,,,,,,,,,,,,,,,235.10000610351562,236.1999969482422,240.3000030517578,6.539999961853027,5.730000019073486,2.7799999713897705,,575.0,,,,0,2026-05-29 12:49:00
14050201114500,11030111285549,,,,,2026-04-21 11:45:00,1405-02-01 11:45:00,,faham,498.0,,,,,,,,,,,,,,,,,235.3000030517578,236.39999389648438,238.5,0.5400000214576721,2.2300000190734863,0.14000000059604645,,727.0,,,,0,2026-05-29 12:53:00
14050201120000,11030111285549,,,,,2026-04-21 12:00:00,1405-02-01 12:00:00,,faham,1585.0,,,,,,,,,,,,,,,,,236.3000030517578,236.5,237.8000030517578,3.880000114440918,4.389999866485596,3.700000047683716,,457.0,,,,0,2026-05-29 12:53:00
14050201121500,11030111285549,,,,,2026-04-21 12:15:00,1405-02-01 12:15:00,,faham,976.0,,,,,,,,,,,,,,,,,234.60000610351562,235.1999969482422,237.0,2.549999952316284,3.240000009536743,2.440000057220459,,451.0,,,,0,2026-05-29 12:58:00
14050201123000,11030111285549,,,,,2026-04-21 12:30:00,1405-02-01 12:30:00,,faham,1953.0,,,,,,,,,,,,,,,,,233.5,233.3000030517578,235.89999389648438,4.75,5.210000038146973,4.5,,488.0,,,,0,2026-05-29 12:58:00
14050201124500,11030111285549,,,,,2026-04-21 12:45:00,1405-02-01 12:45:00,,faham,1354.0,,,,,,,,,,,,,,,,,235.3000030517578,233.60000610351562,237.89999389648438,3.450000047683716,3.940000057220459,3.309999942779541,,450.0,,,,0,2026-05-29 13:03:00
14050201130000,11030111285549,,,,,2026-04-21 13:00:00,1405-02-01 13:00:00,,faham,850.0,,,,,,,,,,,,,,,,,235.1999969482422,235.5,236.8000030517578,1.909999966621399,2.8399999141693115,1.75,,549.0,,,,0,2026-05-29 13:03:00
14050201131500,11030111285549,,,,,2026-04-21 13:15:00,1405-02-01 13:15:00,,faham,2693.0,,,,,,,,,,,,,,,,,233.3000030517578,233.5,236.5,7.179999828338623,5.179999828338623,4.010000228881836,,711.0,,,,0,2026-05-29 13:09:00
14050201133000,11030111285549,,,,,2026-04-21 13:30:00,1405-02-01 13:30:00,,faham,1366.0,,,,,,,,,,,,,,,,,234.0,233.6999969482422,236.8000030517578,4.809999942779541,2.4600000381469727,0.9100000262260437,,719.0,,,,0,2026-05-29 13:09:00
14050201134500,11030111285549,,,,,2026-04-21 13:45:00,1405-02-01 13:45:00,,faham,2273.0,,,,,,,,,,,,,,,,,231.1999969482422,231.89999389648438,235.60000610351562,6.769999980926514,4.210000038146973,2.8499999046325684,,720.0,,,,0,2026-05-29 13:13:00
14050201140000,11030111285549,,,,,2026-04-21 14:00:00,1405-02-01 14:00:00,,faham,834.0,,,,,,,,,,,,,,,,,234.5,234.39999389648438,238.6999969482422,3.890000104904175,0.9900000095367432,0.09000000357627869,,714.0,,,,0,2026-05-29 13:13:00
14050201141500,11030111285549,,,,,2026-04-21 14:15:00,1405-02-01 14:15:00,,faham,1813.0,,,,,,,,,,,,,,,,,232.3000030517578,232.5,236.10000610351562,6.110000133514404,2.859999895095825,2.2899999618530273,,708.0,,,,64,2026-05-29 13:19:00
14050201143000,11030111285549,,,,,2026-04-21 14:30:00,1405-02-01 14:30:00,,faham,800.0,,,,,,,,,,,,,,,,,234.10000610351562,233.3000030517578,236.6999969482422,3.880000114440918,0.8299999833106995,0.09000000357627869,,712.0,,,,0,2026-05-29 13:19:00
14050201144500,11030111285549,,,,,2026-04-21 14:45:00,1405-02-01 14:45:00,,faham,797.0,,,,,,,,,,,,,,,,,233.1999969482422,233.60000610351562,236.10000610351562,3.859999895095825,0.8299999833106995,0.09000000357627869,,713.0,,,,0,2026-05-29 13:24:00
14050201150000,11030111285549,,,,,2026-04-21 15:00:00,1405-02-01 15:00:00,,faham,2139.0,,,,,,,,,,,,,,,,,235.39999389648438,233.5,237.3000030517578,6.889999866485596,3.5,2.9600000381469727,,698.0,,,,64,2026-05-29 13:24:00
14050201151500,11030111285549,,,,,2026-04-21 15:15:00,1405-02-01 15:15:00,,faham,805.0,,,,,,,,,,,,,,,,,235.39999389648438,233.8000030517578,237.10000610351562,3.890000104904175,0.8500000238418579,0.09000000357627869,,709.0,,,,0,2026-05-29 13:30:00
14050201153000,11030111285549,,,,,2026-04-21 15:30:00,1405-02-01 15:30:00,,faham,1667.0,,,,,,,,,,,,,,,,,234.60000610351562,235.5,236.39999389648438,5.820000171661377,2.5999999046325684,1.9600000381469727,,704.0,,,,64,2026-05-29 13:30:00
14050201154500,11030111285549,,,,,2026-04-21 15:45:00,1405-02-01 15:45:00,,faham,1077.0,,,,,,,,,,,,,,,,,235.1999969482422,235.89999389648438,238.3000030517578,4.480000019073486,1.3600000143051147,0.6499999761581421,,709.0,,,,0,2026-05-29 13:34:00
14050201160000,11030111285549,,,,,2026-04-21 16:00:00,1405-02-01 16:00:00,,faham,957.0,,,,,,,,,,,,,,,,,232.6999969482422,232.1999969482422,236.60000610351562,4.21999979019165,1.149999976158142,0.41999998688697815,,715.0,,,,0,2026-05-29 13:34:00
14050201161500,11030111285549,,,,,2026-04-21 16:15:00,1405-02-01 16:15:00,,faham,1519.0,,,,,,,,,,,,,,,,,235.39999389648438,236.1999969482422,238.60000610351562,4.949999809265137,2.7200000286102295,1.940000057220459,,683.0,,,,64,2026-05-29 13:39:00
14050201163000,11030111285549,,,,,2026-04-21 16:30:00,1405-02-01 16:30:00,,faham,692.0,,,,,,,,,,,,,,,,,232.5,233.6999969482422,235.6999969482422,3.109999895095825,1.059999942779541,0.09000000357627869,,691.0,,,,0,2026-05-29 13:39:00
14050201164500,11030111285549,,,,,2026-04-21 16:45:00,1405-02-01 16:45:00,,faham,4612.0,,,,,,,,,,,,,,,,,233.0,233.60000610351562,235.0,10.40999984741211,7.869999885559082,7.340000152587891,,765.0,,,,0,2026-05-29 13:43:00
14050201170000,11030111285549,,,,,2026-04-21 17:00:00,1405-02-01 17:00:00,,faham,870.0,,,,,,,,,,,,,,,,,235.10000610351562,235.6999969482422,238.5,3.950000047683716,1.0499999523162842,0.09000000357627869,,726.0,,,,0,2026-05-29 13:43:00
14050201171500,11030111285549,,,,,2026-04-21 17:15:00,1405-02-01 17:15:00,,faham,2074.0,,,,,,,,,,,,,,,,,231.3000030517578,232.6999969482422,235.1999969482422,6.380000114440918,3.809999942779541,2.4700000286102295,,725.0,,,,64,2026-05-29 13:48:00
14050201173000,11030111285549,,,,,2026-04-21 17:30:00,1405-02-01 17:30:00,,faham,367.0,,,,,,,,,,,,,,,,,235.89999389648438,234.8000030517578,237.0,0.4000000059604645,1.8700000047683716,0.10999999940395355,,647.0,,,,0,2026-05-29 13:48:00
14050201174500,11030111285549,,,,,2026-04-21 17:45:00,1405-02-01 17:45:00,,faham,1441.0,,,,,,,,,,,,,,,,,234.5,232.1999969482422,236.39999389648438,2.7100000381469727,3.930000066757202,2.5199999809265137,,654.0,,,,0,2026-05-29 13:53:00
14050201180000,11030111285549,,,,,2026-04-21 18:00:00,1405-02-01 18:00:00,,faham,325.0,,,,,,,,,,,,,,,82.0,0.0,234.7,232.5,236.8,0.21,1.87,0.09,328.0,643.0,0.0,21.0,0,0,
14050201181500,11030111285549,,,,,2026-04-21 18:15:00,1405-02-01 18:15:00,,faham,1420.0,,,,,,,,,,,,,,,,,235.89999389648438,234.1999969482422,238.6999969482422,2.6700000762939453,3.9000000953674316,2.4600000381469727,,652.0,,,,0,2026-05-29 13:56:00
14050201183000,11030111285549,,,,,2026-04-21 18:30:00,1405-02-01 18:30:00,,faham,395.0,,,,,,,,,,,,,,,,,234.5,233.8000030517578,236.5,0.28999999165534973,2.059999942779541,0.17000000178813934,,658.0,,,,0,2026-05-29 13:56:00
14050201184500,11030111285549,,,,,2026-04-21 18:45:00,1405-02-01 18:45:00,,faham,919.0,,,,,,,,,,,,,,,,,232.89999389648438,230.6999969482422,233.60000610351562,1.0399999618530273,3.5299999713897705,1.0099999904632568,,698.0,,,,64,2026-05-29 14:46:00
14050201190000,11030111285549,,,,,2026-04-21 19:00:00,1405-02-01 19:00:00,,faham,2366.0,,,,,,,,,,,,,,,,,235.6999969482422,229.1999969482422,233.5,4.880000114440918,6.46999979019165,4.53000020980835,,594.0,,,,0,2026-05-29 14:46:00
14050201191500,11030111285549,,,,,2026-04-21 19:15:00,1405-02-01 19:15:00,,faham,2390.0,,,,,,,,,,,,,,,,,234.6999969482422,228.6999969482422,234.10000610351562,5.119999885559082,6.659999847412109,4.820000171661377,,569.0,,,,0,2026-05-29 14:51:00
14050201193000,11030111285549,,,,,2026-04-21 19:30:00,1405-02-01 19:30:00,,faham,1800.0,,,,,,,,,,,,,,,,,233.5,226.89999389648438,232.39999389648438,3.509999990463257,5.739999771118164,3.309999942779541,,572.0,,,,0,2026-05-29 14:51:00
14050201194500,11030111285549,,,,,2026-04-21 19:45:00,1405-02-01 19:45:00,,faham,2191.0,,,,,,,,,,,,,,,,,233.60000610351562,226.0,232.8000030517578,4.019999980926514,6.210000038146973,3.869999885559082,,653.0,,,,0,2026-05-29 14:56:00
14050201200000,11030111285549,,,,,2026-04-21 20:00:00,1405-02-01 20:00:00,,faham,889.0,,,,,,,,,,,,,,,,,232.60000610351562,226.8000030517578,230.6999969482422,0.9300000071525574,3.7300000190734863,1.0299999713897705,,665.0,,,,0,2026-05-29 14:56:00
14050201201500,11030111285549,,,,,2026-04-21 20:15:00,1405-02-01 20:15:00,,faham,2000.0,,,,,,,,,,,,,,,,,231.60000610351562,226.5,231.60000610351562,3.490000009536743,5.730000019073486,3.4000000953674316,,675.0,,,,0,2026-05-29 15:01:00
14050201203000,11030111285549,,,,,2026-04-21 20:30:00,1405-02-01 20:30:00,,faham,1703.0,,,,,,,,,,,,,,,,,230.8000030517578,227.8000030517578,232.8000030517578,2.869999885559082,5.25,2.8499999046325684,,664.0,,,,0,2026-05-29 15:01:00
14050201204500,11030111285549,,,,,2026-04-21 20:45:00,1405-02-01 20:45:00,,faham,980.0,,,,,,,,,,,,,,,,,232.89999389648438,229.39999389648438,233.39999389648438,1.1299999952316284,3.8499999046325684,1.2200000286102295,,665.0,,,,64,2026-05-29 15:06:00
14050201210000,11030111285549,,,,,2026-04-21 21:00:00,1405-02-01 21:00:00,,faham,1601.0,,,,,,,,,,,,,,,,,233.3000030517578,229.5,234.60000610351562,2.5899999141693115,5.050000190734863,2.5999999046325684,,660.0,,,,0,2026-05-29 15:06:00
14050201211500,11030111285549,,,,,2026-04-21 21:15:00,1405-02-01 21:15:00,,faham,995.0,,,,,,,,,,,,,,,,,233.8000030517578,228.60000610351562,233.89999389648438,1.1799999475479126,3.9000000953674316,1.2599999904632568,,660.0,,,,64,2026-05-29 15:11:00
14050201213000,11030111285549,,,,,2026-04-21 21:30:00,1405-02-01 21:30:00,,faham,2290.0,,,,,,,,,,,,,,,,,234.1999969482422,229.1999969482422,235.89999389648438,4.070000171661377,6.360000133514404,3.9100000858306885,,669.0,,,,0,2026-05-29 15:11:00
14050201214500,11030111285549,,,,,2026-04-21 21:45:00,1405-02-01 21:45:00,,faham,888.0,,,,,,,,,,,,,,,,,232.8000030517578,227.60000610351562,233.6999969482422,0.9800000190734863,3.569999933242798,1.1399999856948853,,651.0,,,,0,2026-05-29 15:17:00
14050201220000,11030111285549,,,,,2026-04-21 22:00:00,1405-02-01 22:00:00,,faham,1140.0,,,,,,,,,,,,,,,,,233.39999389648438,228.89999389648438,235.1999969482422,2.490000009536743,2.559999942779541,2.5999999046325684,,538.0,,,,0,2026-05-29 15:17:00
14050201221500,11030111285549,,,,,2026-04-21 22:15:00,1405-02-01 22:15:00,,faham,492.0,,,,,,,,,,,,,,,,,233.1999969482422,230.10000610351562,235.3000030517578,0.9100000262260437,1.1699999570846558,1.1799999475479126,,519.0,,,,0,2026-05-29 15:23:00
14050201223000,11030111285549,,,,,2026-04-21 22:30:00,1405-02-01 22:30:00,,faham,1086.0,,,,,,,,,,,,,,,,,232.8000030517578,228.39999389648438,233.39999389648438,2.359999895095825,2.4000000953674316,2.4800000190734863,,530.0,,,,0,2026-05-29 15:23:00
14050201224500,11030111285549,,,,,2026-04-21 22:45:00,1405-02-01 22:45:00,,faham,81.0,,,,,,,,,,,,,,,,,233.8000030517578,229.5,234.3000030517578,0.009999999776482582,0.3499999940395355,0.3400000035762787,,495.0,,,,0,2026-05-29 15:28:00
14050201230000,11030111285549,,,,,2026-04-21 23:00:00,1405-02-01 23:00:00,,faham,1243.0,,,,,,,,,,,,,,,,,236.39999389648438,231.5,235.89999389648438,2.740000009536743,2.7300000190734863,2.799999952316284,,538.0,,,,0,2026-05-29 15:28:00
14050201231500,11030111285549,,,,,2026-04-21 23:15:00,1405-02-01 23:15:00,,faham,431.0,,,,,,,,,,,,,,,,,236.10000610351562,231.0,234.60000610351562,0.8600000143051147,1.0800000429153442,1.1100000143051147,,501.0,,,,0,2026-05-29 15:33:00
14050201233000,11030111285549,,,,,2026-04-21 23:30:00,1405-02-01 23:30:00,,faham,82.0,,,,,,,,,,,,,,,,,236.39999389648438,231.0,236.39999389648438,0.009999999776482582,0.3499999940395355,0.3499999940395355,,490.0,,,,0,2026-05-29 15:33:00
14050201234500,11030111285549,,,,,2026-04-21 23:45:00,1405-02-01 23:45:00,,faham,2807.0,,,,,,,,,,,,,,,,,235.6999969482422,231.39999389648438,235.6999969482422,5.480000019073486,5.659999847412109,5.789999961853027,,614.0,,,,0,2026-05-29 15:39:00
14050201000000,11030111397895,,,,,2026-04-21 00:00:00,1405-02-01 00:00:00,,faham,9051.0,,,,,,,,,,,,,,,,,241.1999969482422,239.60000610351562,238.89999389648438,18.219999313354492,13.609999656677246,12.600000381469727,,851.0,,,,0,2026-05-29 10:51:00
14050201001500,11030111397895,,,,,2026-04-21 00:15:00,1405-02-01 00:15:00,,faham,8105.0,,,,,,,,,,,,,,,,,241.89999389648438,239.10000610351562,238.8000030517578,16.670000076293945,12.420000076293945,10.5,,852.0,,,,0,2026-05-29 10:57:00
14050201003000,11030111397895,,,,,2026-04-21 00:30:00,1405-02-01 00:30:00,,faham,7782.0,,,,,,,,,,,,,,,,,239.5,239.6999969482422,237.5,16.479999542236328,10.489999771118164,10.989999771118164,,859.0,,,,0,2026-05-29 10:57:00
14050201004500,11030111397895,,,,,2026-04-21 00:45:00,1405-02-01 00:45:00,,faham,8669.0,,,,,,,,,,,,,,,,,240.39999389648438,239.3000030517578,239.1999969482422,17.68000030517578,12.920000076293945,11.569999694824219,,854.0,,,,0,2026-05-29 11:03:00
14050201010000,11030111397895,,,,,2026-04-21 01:00:00,1405-02-01 01:00:00,,faham,7069.0,,,,,,,,,,,,,,,,,240.89999389648438,241.0,239.5,14.289999961853027,10.020000457763672,10.59000015258789,,845.0,,,,0,2026-05-29 11:03:00
14050201011500,11030111397895,,,,,2026-04-21 01:15:00,1405-02-01 01:15:00,,faham,3484.0,,,,,,,,,,,,,,,,,240.6999969482422,241.3000030517578,239.1999969482422,10.4399995803833,4.570000171661377,5.170000076293945,,709.0,,,,64,2026-05-29 11:09:00
14050201013000,11030111397895,,,,,2026-04-21 01:30:00,1405-02-01 01:30:00,,faham,3728.0,,,,,,,,,,,,,,,,,241.10000610351562,241.60000610351562,239.39999389648438,10.420000076293945,7.210000038146973,4.880000114440918,,685.0,,,,0,2026-05-29 11:09:00
14050201014500,11030111397895,,,,,2026-04-21 01:45:00,1405-02-01 01:45:00,,faham,3545.0,,,,,,,,,,,,,,,,,242.0,241.60000610351562,239.3000030517578,10.800000190734863,5.25,5.400000095367432,,685.0,,,,64,2026-05-29 11:14:00
14050201020000,11030111397895,,,,,2026-04-21 02:00:00,1405-02-01 02:00:00,,faham,3373.0,,,,,,,,,,,,,,,,,241.8000030517578,241.6999969482422,240.39999389648438,11.100000381469727,3.5199999809265137,5.670000076293945,,686.0,,,,64,2026-05-29 11:14:00
14050201021500,11030111397895,,,,,2026-04-21 02:15:00,1405-02-01 02:15:00,,faham,3827.0,,,,,,,,,,,,,,,,,242.5,241.0,240.3000030517578,10.3100004196167,6.960000038146973,5.550000190734863,,691.0,,,,0,2026-05-29 11:19:00
14050201023000,11030111397895,,,,,2026-04-21 02:30:00,1405-02-01 02:30:00,,faham,3261.0,,,,,,,,,,,,,,,,,241.89999389648438,241.8000030517578,241.10000610351562,9.710000038146973,4.860000133514404,5.110000133514404,,684.0,,,,0,2026-05-29 11:19:00
14050201024500,11030111397895,,,,,2026-04-21 02:45:00,1405-02-01 02:45:00,,faham,2926.0,,,,,,,,,,,,,,,,,243.0,242.5,240.5,9.510000228881836,3.2799999713897705,5.050000190734863,,672.0,,,,64,2026-05-29 11:24:00
14050201030000,11030111397895,,,,,2026-04-21 03:00:00,1405-02-01 03:00:00,,faham,3684.0,,,,,,,,,,,,,,,,,242.89999389648438,241.0,240.60000610351562,10.300000190734863,6.980000019073486,5.099999904632568,,676.0,,,,0,2026-05-29 11:24:00
14050201031500,11030111397895,,,,,2026-04-21 03:15:00,1405-02-01 03:15:00,,faham,3260.0,,,,,,,,,,,,,,,,,243.10000610351562,240.89999389648438,240.1999969482422,9.199999809265137,5.5,5.019999980926514,,680.0,,,,0,2026-05-29 11:28:00
14050201033000,11030111397895,,,,,2026-04-21 03:30:00,1405-02-01 03:30:00,,faham,3023.0,,,,,,,,,,,,,,,,,242.60000610351562,242.10000610351562,240.10000610351562,8.829999923706055,3.190000057220459,6.039999961853027,,692.0,,,,0,2026-05-29 11:28:00
14050201034500,11030111397895,,,,,2026-04-21 03:45:00,1405-02-01 03:45:00,,faham,3656.0,,,,,,,,,,,,,,,,,242.89999389648438,241.3000030517578,241.0,10.0,6.210000038146973,5.900000095367432,,682.0,,,,0,2026-05-29 11:34:00
14050201040000,11030111397895,,,,,2026-04-21 04:00:00,1405-02-01 04:00:00,,faham,3369.0,,,,,,,,,,,,,,,,,242.6999969482422,241.5,241.10000610351562,10.079999923706055,5.559999942779541,5.010000228881836,,670.0,,,,0,2026-05-29 11:34:00
14050201041500,11030111397895,,,,,2026-04-21 04:15:00,1405-02-01 04:15:00,,faham,2911.0,,,,,,,,,,,,,,,,,243.3000030517578,242.0,240.89999389648438,9.069999694824219,3.619999885559082,4.849999904632568,,684.0,,,,64,2026-05-29 11:39:00
14050201043000,11030111397895,,,,,2026-04-21 04:30:00,1405-02-01 04:30:00,,faham,3152.0,,,,,,,,,,,,,,,,,243.10000610351562,241.39999389648438,240.8000030517578,8.34000015258789,6.159999847412109,4.840000152587891,,670.0,,,,0,2026-05-29 11:39:00
14050201044500,11030111397895,,,,,2026-04-21 04:45:00,1405-02-01 04:45:00,,faham,3338.0,,,,,,,,,,,,,,,,,243.60000610351562,241.89999389648438,241.5,9.970000267028809,5.570000171661377,5.0,,664.0,,,,0,2026-05-29 11:43:00
14050201050000,11030111397895,,,,,2026-04-21 05:00:00,1405-02-01 05:00:00,,faham,3013.0,,,,,,,,,,,,,,,,,243.0,242.1999969482422,241.10000610351562,9.760000228881836,2.809999942779541,5.53000020980835,,679.0,,,,64,2026-05-29 11:43:00
14050201051500,11030111397895,,,,,2026-04-21 05:15:00,1405-02-01 05:15:00,,faham,3156.0,,,,,,,,,,,,,,,,,243.6999969482422,243.0,240.8000030517578,8.529999732971191,5.699999809265137,4.849999904632568,,675.0,,,,0,2026-05-29 11:48:00
14050201053000,11030111397895,,,,,2026-04-21 05:30:00,1405-02-01 05:30:00,,faham,3412.0,,,,,,,,,,,,,,,,,243.60000610351562,243.39999389648438,241.89999389648438,10.0,5.75,5.070000171661377,,671.0,,,,0,2026-05-29 11:48:00
14050201054500,11030111397895,,,,,2026-04-21 05:45:00,1405-02-01 05:45:00,,faham,3370.0,,,,,,,,,,,,,,,,,244.10000610351562,243.8000030517578,242.0,11.34000015258789,3.690000057220459,5.309999942779541,,678.0,,,,64,2026-05-29 11:53:00
14050201060000,11030111397895,,,,,2026-04-21 06:00:00,1405-02-01 06:00:00,,faham,3504.0,,,,,,,,,,,,,,,,,243.6999969482422,242.5,241.6999969482422,10.130000114440918,5.650000095367432,5.289999961853027,,682.0,,,,0,2026-05-29 11:53:00
14050201061500,11030111397895,,,,,2026-04-21 06:15:00,1405-02-01 06:15:00,,faham,3424.0,,,,,,,,,,,,,,,,,243.1999969482422,241.8000030517578,240.3000030517578,7.739999771118164,6.639999866485596,6.059999942779541,,689.0,,,,0,2026-05-29 11:58:00
14050201063000,11030111397895,,,,,2026-04-21 06:30:00,1405-02-01 06:30:00,,faham,3044.0,,,,,,,,,,,,,,,,,241.5,241.10000610351562,239.39999389648438,9.529999732971191,3.630000114440918,5.199999809265137,,685.0,,,,64,2026-05-29 11:58:00
14050201064500,11030111397895,,,,,2026-04-21 06:45:00,1405-02-01 06:45:00,,faham,3594.0,,,,,,,,,,,,,,,,,241.3000030517578,240.39999389648438,238.89999389648438,10.890000343322754,5.5,5.71999979019165,,674.0,,,,0,2026-05-29 12:03:00
14050201070000,11030111397895,,,,,2026-04-21 07:00:00,1405-02-01 07:00:00,,faham,3394.0,,,,,,,,,,,,,,,,,241.3000030517578,239.5,239.0,9.510000228881836,6.159999847412109,4.860000133514404,,683.0,,,,0,2026-05-29 12:03:00
14050201071500,11030111397895,,,,,2026-04-21 07:15:00,1405-02-01 07:15:00,,faham,3071.0,,,,,,,,,,,,,,,,,239.1999969482422,239.0,237.39999389648438,9.539999961853027,4.059999942779541,4.820000171661377,,695.0,,,,64,2026-05-29 12:08:00
14050201073000,11030111397895,,,,,2026-04-21 07:30:00,1405-02-01 07:30:00,,faham,3046.0,,,,,,,,,,,,,,,,,238.0,237.89999389648438,235.39999389648438,9.079999923706055,4.179999828338623,5.110000133514404,,694.0,,,,0,2026-05-29 12:08:00
14050201074500,11030111397895,,,,,2026-04-21 07:45:00,1405-02-01 07:45:00,,faham,3745.0,,,,,,,,,,,,,,,,,238.1999969482422,237.8000030517578,235.8000030517578,9.979999542236328,7.300000190734863,6.070000171661377,,678.0,,,,0,2026-05-29 12:13:00
14050201080000,11030111397895,,,,,2026-04-21 08:00:00,1405-02-01 08:00:00,,faham,3094.0,,,,,,,,,,,,,,,,,237.3000030517578,237.39999389648438,236.5,8.880000114440918,4.349999904632568,4.880000114440918,,716.0,,,,0,2026-05-29 12:13:00
14050201081500,11030111397895,,,,,2026-04-21 08:15:00,1405-02-01 08:15:00,,faham,3834.0,,,,,,,,,,,,,,,,,237.1999969482422,235.8000030517578,235.3000030517578,9.8100004196167,6.610000133514404,5.159999847412109,,747.0,,,,0,2026-05-29 12:18:00
14050201083000,11030111397895,,,,,2026-04-21 08:30:00,1405-02-01 08:30:00,,faham,4582.0,,,,,,,,,,,,,,,,,235.6999969482422,234.89999389648438,234.60000610351562,13.140000343322754,7.929999828338623,5.269999980926514,,740.0,,,,0,2026-05-29 12:18:00
14050201084500,11030111397895,,,,,2026-04-21 08:45:00,1405-02-01 08:45:00,,faham,3990.0,,,,,,,,,,,,,,,,,235.39999389648438,237.0,233.89999389648438,12.289999961853027,4.639999866485596,5.590000152587891,,749.0,,,,64,2026-05-29 12:23:00
14050201090000,11030111397895,,,,,2026-04-21 09:00:00,1405-02-01 09:00:00,,faham,3866.0,,,,,,,,,,,,,,,,,236.1999969482422,236.1999969482422,234.10000610351562,10.569999694824219,4.889999866485596,6.210000038146973,,756.0,,,,0,2026-05-29 12:23:00
14050201091500,11030111397895,,,,,2026-04-21 09:15:00,1405-02-01 09:15:00,,faham,4220.0,,,,,,,,,,,,,,,,,237.1999969482422,236.39999389648438,232.1999969482422,9.40999984741211,7.289999961853027,8.029999732971191,,723.0,,,,0,2026-05-29 12:28:00
14050201093000,11030111397895,,,,,2026-04-21 09:30:00,1405-02-01 09:30:00,,faham,3994.0,,,,,,,,,,,,,,,,,235.60000610351562,235.39999389648438,233.0,11.579999923706055,3.259999990463257,7.820000171661377,,762.0,,,,64,2026-05-29 12:28:00
14050201094500,11030111397895,,,,,2026-04-21 09:45:00,1405-02-01 09:45:00,,faham,9541.0,,,,,,,,,,,,,,,,,232.39999389648438,235.0,231.8000030517578,28.549999237060547,8.319999694824219,11.420000076293945,,855.0,,,,64,2026-05-29 12:33:00
14050201100000,11030111397895,,,,,2026-04-21 10:00:00,1405-02-01 10:00:00,,faham,6362.0,,,,,,,,,,,,,,,,,234.60000610351562,233.5,232.1999969482422,15.029999732971191,9.770000457763672,8.770000457763672,,814.0,,,,0,2026-05-29 12:33:00
14050201101500,11030111397895,,,,,2026-04-21 10:15:00,1405-02-01 10:15:00,,faham,5901.0,,,,,,,,,,,,,,,,,233.3000030517578,234.5,231.6999969482422,16.049999237060547,6.539999961853027,8.550000190734863,,820.0,,,,64,2026-05-29 12:39:00
14050201103000,11030111397895,,,,,2026-04-21 10:30:00,1405-02-01 10:30:00,,faham,5952.0,,,,,,,,,,,,,,,,,233.8000030517578,232.8000030517578,231.39999389648438,15.920000076293945,7.829999923706055,7.519999980926514,,818.0,,,,64,2026-05-29 12:39:00
14050201104500,11030111397895,,,,,2026-04-21 10:45:00,1405-02-01 10:45:00,,faham,7423.0,,,,,,,,,,,,,,,,,232.5,232.1999969482422,230.1999969482422,18.459999084472656,12.170000076293945,10.350000381469727,,790.0,,,,0,2026-05-29 12:43:00
14050201110000,11030111397895,,,,,2026-04-21 11:00:00,1405-02-01 11:00:00,,faham,5323.0,,,,,,,,,,,,,,,,,232.60000610351562,235.1999969482422,232.0,15.270000457763672,4.960000038146973,7.420000076293945,,834.0,,,,64,2026-05-29 12:43:00
14050201111500,11030111397895,,,,,2026-04-21 11:15:00,1405-02-01 11:15:00,,faham,6493.0,,,,,,,,,,,,,,,,,233.0,234.10000610351562,232.3000030517578,17.950000762939453,8.6899995803833,8.3100004196167,,799.0,,,,64,2026-05-29 12:49:00
14050201113000,11030111397895,,,,,2026-04-21 11:30:00,1405-02-01 11:30:00,,faham,7158.0,,,,,,,,,,,,,,,,,232.5,232.6999969482422,232.10000610351562,18.010000228881836,10.850000381469727,9.6899995803833,,799.0,,,,0,2026-05-29 12:49:00
14050201114500,11030111397895,,,,,2026-04-21 11:45:00,1405-02-01 11:45:00,,faham,6443.0,,,,,,,,,,,,,,,,,231.8000030517578,232.60000610351562,231.1999969482422,15.649999618530273,11.529999732971191,7.230000019073486,,809.0,,,,0,2026-05-29 12:53:00
14050201120000,11030111397895,,,,,2026-04-21 12:00:00,1405-02-01 12:00:00,,faham,6311.0,,,,,,,,,,,,,,,,,232.1999969482422,232.6999969482422,230.8000030517578,15.579999923706055,11.529999732971191,6.150000095367432,,819.0,,,,0,2026-05-29 12:53:00
14050201121500,11030111397895,,,,,2026-04-21 12:15:00,1405-02-01 12:15:00,,faham,6971.0,,,,,,,,,,,,,,,,,233.1999969482422,233.8000030517578,230.10000610351562,17.18000030517578,12.0600004196167,8.039999961853027,,804.0,,,,0,2026-05-29 12:58:00
14050201123000,11030111397895,,,,,2026-04-21 12:30:00,1405-02-01 12:30:00,,faham,6955.0,,,,,,,,,,,,,,,,,233.6999969482422,234.5,228.89999389648438,17.1299991607666,10.270000457763672,9.229999542236328,,817.0,,,,0,2026-05-29 12:58:00
14050201124500,11030111397895,,,,,2026-04-21 12:45:00,1405-02-01 12:45:00,,faham,5404.0,,,,,,,,,,,,,,,,,233.3000030517578,234.10000610351562,231.6999969482422,15.300000190734863,5.760000228881836,6.599999904632568,,839.0,,,,64,2026-05-29 13:03:00
14050201130000,11030111397895,,,,,2026-04-21 13:00:00,1405-02-01 13:00:00,,faham,6678.0,,,,,,,,,,,,,,,,,234.5,233.3000030517578,232.60000610351562,17.729999542236328,10.609999656677246,7.110000133514404,,806.0,,,,64,2026-05-29 13:03:00
14050201131500,11030111397895,,,,,2026-04-21 13:15:00,1405-02-01 13:15:00,,faham,6461.0,,,,,,,,,,,,,,,,,236.6999969482422,234.60000610351562,234.10000610351562,15.760000228881836,10.6899995803833,7.0,,818.0,,,,0,2026-05-29 13:09:00
14050201133000,11030111397895,,,,,2026-04-21 13:30:00,1405-02-01 13:30:00,,faham,7107.0,,,,,,,,,,,,,,,,,236.0,235.5,232.60000610351562,16.350000381469727,11.550000190734863,9.680000305175781,,808.0,,,,0,2026-05-29 13:09:00
14050201134500,11030111397895,,,,,2026-04-21 13:45:00,1405-02-01 13:45:00,,faham,5860.0,,,,,,,,,,,,,,,,,235.5,234.39999389648438,233.6999969482422,17.309999465942383,6.559999942779541,6.480000019073486,,820.0,,,,64,2026-05-29 13:13:00
14050201140000,11030111397895,,,,,2026-04-21 14:00:00,1405-02-01 14:00:00,,faham,7039.0,,,,,,,,,,,,,,,,,236.5,233.60000610351562,233.39999389648438,16.65999984741211,12.380000114440918,8.140000343322754,,809.0,,,,0,2026-05-29 13:13:00
14050201141500,11030111397895,,,,,2026-04-21 14:15:00,1405-02-01 14:15:00,,faham,7367.0,,,,,,,,,,,,,,,,,236.8000030517578,232.10000610351562,233.60000610351562,16.170000076293945,14.149999618530273,8.0600004196167,,820.0,,,,0,2026-05-29 13:19:00
14050201143000,11030111397895,,,,,2026-04-21 14:30:00,1405-02-01 14:30:00,,faham,6836.0,,,,,,,,,,,,,,,,,236.0,231.60000610351562,233.0,15.84000015258789,12.899999618530273,7.579999923706055,,804.0,,,,0,2026-05-29 13:19:00
14050201144500,11030111397895,,,,,2026-04-21 14:45:00,1405-02-01 14:45:00,,faham,6211.0,,,,,,,,,,,,,,,,,236.1999969482422,234.3000030517578,232.0,16.459999084472656,7.849999904632568,7.880000114440918,,828.0,,,,64,2026-05-29 13:24:00
14050201150000,11030111397895,,,,,2026-04-21 15:00:00,1405-02-01 15:00:00,,faham,6785.0,,,,,,,,,,,,,,,,,235.10000610351562,234.89999389648438,233.1999969482422,17.420000076293945,9.699999809265137,8.3100004196167,,820.0,,,,0,2026-05-29 13:24:00
14050201151500,11030111397895,,,,,2026-04-21 15:15:00,1405-02-01 15:15:00,,faham,7656.0,,,,,,,,,,,,,,,,,236.0,234.3000030517578,232.3000030517578,16.75,12.890000343322754,10.399999618530273,,814.0,,,,0,2026-05-29 13:30:00
14050201153000,11030111397895,,,,,2026-04-21 15:30:00,1405-02-01 15:30:00,,faham,6956.0,,,,,,,,,,,,,,,,,235.10000610351562,235.5,232.89999389648438,16.0,9.449999809265137,10.789999961853027,,819.0,,,,0,2026-05-29 13:30:00
14050201154500,11030111397895,,,,,2026-04-21 15:45:00,1405-02-01 15:45:00,,faham,6348.0,,,,,,,,,,,,,,,,,235.1999969482422,235.10000610351562,233.3000030517578,17.459999084472656,7.559999942779541,8.279999732971191,,820.0,,,,64,2026-05-29 13:34:00
14050201160000,11030111397895,,,,,2026-04-21 16:00:00,1405-02-01 16:00:00,,faham,7733.0,,,,,,,,,,,,,,,,,235.60000610351562,234.8000030517578,234.39999389648438,18.010000228881836,10.899999618530273,9.699999809265137,,851.0,,,,0,2026-05-29 13:34:00
14050201161500,11030111397895,,,,,2026-04-21 16:15:00,1405-02-01 16:15:00,,faham,8835.0,,,,,,,,,,,,,,,,,236.10000610351562,235.89999389648438,235.1999969482422,18.229999542236328,15.09000015258789,11.550000190734863,,841.0,,,,0,2026-05-29 13:39:00
14050201163000,11030111397895,,,,,2026-04-21 16:30:00,1405-02-01 16:30:00,,faham,7671.0,,,,,,,,,,,,,,,,,236.10000610351562,237.0,235.5,17.709999084472656,9.359999656677246,10.34000015258789,,866.0,,,,0,2026-05-29 13:39:00
14050201164500,11030111397895,,,,,2026-04-21 16:45:00,1405-02-01 16:45:00,,faham,8214.0,,,,,,,,,,,,,,,,,236.3000030517578,236.5,234.39999389648438,16.989999771118164,11.40999984741211,11.789999961853027,,867.0,,,,0,2026-05-29 13:43:00
14050201170000,11030111397895,,,,,2026-04-21 17:00:00,1405-02-01 17:00:00,,faham,8149.0,,,,,,,,,,,,,,,,,237.0,235.0,234.8000030517578,16.65999984741211,13.130000114440918,10.4399995803833,,858.0,,,,0,2026-05-29 13:43:00
14050201171500,11030111397895,,,,,2026-04-21 17:15:00,1405-02-01 17:15:00,,faham,7670.0,,,,,,,,,,,,,,,,,238.10000610351562,236.1999969482422,234.3000030517578,16.850000381469727,10.399999618530273,10.789999961853027,,853.0,,,,0,2026-05-29 13:48:00
14050201173000,11030111397895,,,,,2026-04-21 17:30:00,1405-02-01 17:30:00,,faham,8007.0,,,,,,,,,,,,,,,,,237.39999389648438,236.8000030517578,234.6999969482422,17.809999465942383,10.59000015258789,11.329999923706055,,851.0,,,,0,2026-05-29 13:48:00
14050201174500,11030111397895,,,,,2026-04-21 17:45:00,1405-02-01 17:45:00,,faham,7697.0,,,,,,,,,,,,,,,,,236.89999389648438,235.6999969482422,234.1999969482422,14.220000267028809,12.789999961853027,10.949999809265137,,862.0,,,,0,2026-05-29 13:53:00
14050201180000,11030111397895,,,,,2026-04-21 18:00:00,1405-02-01 18:00:00,,faham,8224.0,,,,,,,,,,,,,,,2057.0,1070.0,236.4,236.4,231.8,16.32,12.08,12.9,8223.0,853.0,0.0,0.0,0,0,
14050201181500,11030111397895,,,,,2026-04-21 18:15:00,1405-02-01 18:15:00,,faham,8067.0,,,,,,,,,,,,,,,,,236.1999969482422,235.89999389648438,232.60000610351562,17.350000381469727,10.850000381469727,11.619999885559082,,862.0,,,,0,2026-05-29 13:56:00
14050201183000,11030111397895,,,,,2026-04-21 18:30:00,1405-02-01 18:30:00,,faham,8017.0,,,,,,,,,,,,,,,,,236.60000610351562,235.3000030517578,233.39999389648438,15.539999961853027,13.069999694824219,10.979999542236328,,860.0,,,,0,2026-05-29 13:56:00
14050201184500,11030111397895,,,,,2026-04-21 18:45:00,1405-02-01 18:45:00,,faham,8708.0,,,,,,,,,,,,,,,,,235.39999389648438,235.8000030517578,232.0,18.170000076293945,11.699999809265137,13.9399995803833,,852.0,,,,0,2026-05-29 14:46:00
14050201190000,11030111397895,,,,,2026-04-21 19:00:00,1405-02-01 19:00:00,,faham,7758.0,,,,,,,,,,,,,,,,,234.8000030517578,234.1999969482422,232.60000610351562,17.530000686645508,10.199999809265137,11.15999984741211,,853.0,,,,0,2026-05-29 14:46:00
14050201191500,11030111397895,,,,,2026-04-21 19:15:00,1405-02-01 19:15:00,,faham,8823.0,,,,,,,,,,,,,,,,,235.1999969482422,235.0,232.0,17.280000686645508,14.350000381469727,13.09000015258789,,845.0,,,,0,2026-05-29 14:51:00
14050201193000,11030111397895,,,,,2026-04-21 19:30:00,1405-02-01 19:30:00,,faham,8433.0,,,,,,,,,,,,,,,,,235.3000030517578,235.8000030517578,231.1999969482422,19.139999389648438,9.8100004196167,12.680000305175781,,868.0,,,,0,2026-05-29 14:51:00
14050201194500,11030111397895,,,,,2026-04-21 19:45:00,1405-02-01 19:45:00,,faham,10684.0,,,,,,,,,,,,,,,,,233.8000030517578,235.60000610351562,231.3000030517578,24.040000915527344,14.300000190734863,16.280000686645508,,847.0,,,,0,2026-05-29 14:56:00
14050201200000,11030111397895,,,,,2026-04-21 20:00:00,1405-02-01 20:00:00,,faham,8466.0,,,,,,,,,,,,,,,,,235.6999969482422,234.39999389648438,231.3000030517578,18.719999313354492,12.3100004196167,11.489999771118164,,852.0,,,,0,2026-05-29 14:56:00
14050201201500,11030111397895,,,,,2026-04-21 20:15:00,1405-02-01 20:15:00,,faham,7591.0,,,,,,,,,,,,,,,,,236.1999969482422,234.3000030517578,232.3000030517578,16.389999389648438,10.369999885559082,11.210000038146973,,855.0,,,,0,2026-05-29 15:01:00
14050201203000,11030111397895,,,,,2026-04-21 20:30:00,1405-02-01 20:30:00,,faham,7972.0,,,,,,,,,,,,,,,,,236.39999389648438,234.6999969482422,232.39999389648438,17.40999984741211,11.34000015258789,11.029999732971191,,854.0,,,,0,2026-05-29 15:01:00
14050201204500,11030111397895,,,,,2026-04-21 20:45:00,1405-02-01 20:45:00,,faham,8434.0,,,,,,,,,,,,,,,,,236.10000610351562,234.10000610351562,233.3000030517578,17.649999618530273,13.039999961853027,12.130000114440918,,842.0,,,,0,2026-05-29 15:06:00
14050201210000,11030111397895,,,,,2026-04-21 21:00:00,1405-02-01 21:00:00,,faham,7697.0,,,,,,,,,,,,,,,,,237.10000610351562,234.5,233.10000610351562,16.329999923706055,9.789999961853027,11.710000038146973,,865.0,,,,0,2026-05-29 15:06:00
14050201211500,11030111397895,,,,,2026-04-21 21:15:00,1405-02-01 21:15:00,,faham,8026.0,,,,,,,,,,,,,,,,,237.1999969482422,235.5,233.39999389648438,16.06999969482422,11.640000343322754,12.0,,857.0,,,,0,2026-05-29 15:11:00
14050201213000,11030111397895,,,,,2026-04-21 21:30:00,1405-02-01 21:30:00,,faham,7934.0,,,,,,,,,,,,,,,,,237.60000610351562,236.10000610351562,235.0,17.219999313354492,11.029999732971191,10.9399995803833,,855.0,,,,0,2026-05-29 15:11:00
14050201214500,11030111397895,,,,,2026-04-21 21:45:00,1405-02-01 21:45:00,,faham,7145.0,,,,,,,,,,,,,,,,,239.10000610351562,237.60000610351562,235.89999389648438,16.350000381469727,8.850000381469727,9.649999618530273,,860.0,,,,0,2026-05-29 15:17:00
14050201220000,11030111397895,,,,,2026-04-21 22:00:00,1405-02-01 22:00:00,,faham,7971.0,,,,,,,,,,,,,,,,,241.0,235.39999389648438,236.89999389648438,15.720000267028809,12.779999732971191,10.65999984741211,,854.0,,,,0,2026-05-29 15:17:00
14050201221500,11030111397895,,,,,2026-04-21 22:15:00,1405-02-01 22:15:00,,faham,8821.0,,,,,,,,,,,,,,,,,240.10000610351562,236.0,237.3000030517578,19.469999313354492,12.460000038146973,10.069999694824219,,877.0,,,,0,2026-05-29 15:23:00
14050201223000,11030111397895,,,,,2026-04-21 22:30:00,1405-02-01 22:30:00,,faham,8323.0,,,,,,,,,,,,,,,,,241.3000030517578,238.1999969482422,237.5,18.850000381469727,10.859999656677246,11.09000015258789,,852.0,,,,0,2026-05-29 15:23:00
14050201224500,11030111397895,,,,,2026-04-21 22:45:00,1405-02-01 22:45:00,,faham,8197.0,,,,,,,,,,,,,,,,,241.6999969482422,238.10000610351562,238.39999389648438,16.389999389648438,13.359999656677246,10.520000457763672,,850.0,,,,0,2026-05-29 15:28:00
14050201230000,11030111397895,,,,,2026-04-21 23:00:00,1405-02-01 23:00:00,,faham,8230.0,,,,,,,,,,,,,,,,,239.5,237.5,237.5,17.469999313354492,9.760000228881836,11.850000381469727,,880.0,,,,0,2026-05-29 15:28:00
14050201231500,11030111397895,,,,,2026-04-21 23:15:00,1405-02-01 23:15:00,,faham,8403.0,,,,,,,,,,,,,,,,,239.60000610351562,238.5,237.5,18.610000610351562,9.600000381469727,12.359999656677246,,865.0,,,,0,2026-05-29 15:33:00
14050201233000,11030111397895,,,,,2026-04-21 23:30:00,1405-02-01 23:30:00,,faham,8794.0,,,,,,,,,,,,,,,,,240.5,237.3000030517578,237.0,17.530000686645508,12.380000114440918,13.210000038146973,,854.0,,,,0,2026-05-29 15:33:00
14050201234500,11030111397895,,,,,2026-04-21 23:45:00,1405-02-01 23:45:00,,faham,8194.0,,,,,,,,,,,,,,,,,239.89999389648438,239.10000610351562,238.1999969482422,18.8700008392334,9.489999771118164,10.479999542236328,,877.0,,,,0,2026-05-29 15:39:00
14050201000000,11030111399119,,,,,2026-04-21 00:00:00,1405-02-01 00:00:00,,faham,1610.0,,,,,,,,,,,,,,,,,224.60000610351562,230.6999969482422,227.39999389648438,7.159999847412109,1.659999966621399,1.3899999856948853,,698.0,,,,64,2026-05-29 10:51:00
14050201001500,11030111399119,,,,,2026-04-21 00:15:00,1405-02-01 00:15:00,,faham,1541.0,,,,,,,,,,,,,,,,,225.89999389648438,230.0,228.39999389648438,7.190000057220459,1.6699999570846558,1.0199999809265137,,688.0,,,,64,2026-05-29 10:57:00
14050201003000,11030111399119,,,,,2026-04-21 00:30:00,1405-02-01 00:30:00,,faham,981.0,,,,,,,,,,,,,,,,,226.0,229.89999389648438,228.89999389648438,4.760000228881836,1.25,0.44999998807907104,,638.0,,,,0,2026-05-29 10:57:00
14050201004500,11030111399119,,,,,2026-04-21 00:45:00,1405-02-01 00:45:00,,faham,147.0,,,,,,,,,,,,,,,,,226.89999389648438,230.3000030517578,229.10000610351562,0.0,0.5899999737739563,0.550000011920929,,545.0,,,,0,2026-05-29 11:03:00
14050201010000,11030111399119,,,,,2026-04-21 01:00:00,1405-02-01 01:00:00,,faham,392.0,,,,,,,,,,,,,,,,,226.5,229.60000610351562,228.0,0.0,0.5899999737739563,1.8300000429153442,,702.0,,,,0,2026-05-29 11:03:00
14050201011500,11030111399119,,,,,2026-04-21 01:15:00,1405-02-01 01:15:00,,faham,419.0,,,,,,,,,,,,,,,,,225.1999969482422,228.1999969482422,226.8000030517578,0.0,0.6000000238418579,1.940000057220459,,727.0,,,,0,2026-05-29 11:09:00
14050201013000,11030111399119,,,,,2026-04-21 01:30:00,1405-02-01 01:30:00,,faham,221.0,,,,,,,,,,,,,,,,,225.5,228.5,227.60000610351562,0.0,0.5899999737739563,0.800000011920929,,675.0,,,,0,2026-05-29 11:09:00
14050201014500,11030111399119,,,,,2026-04-21 01:45:00,1405-02-01 01:45:00,,faham,127.0,,,,,,,,,,,,,,,,,225.89999389648438,228.60000610351562,227.89999389648438,0.0,0.5899999737739563,0.4399999976158142,,539.0,,,,0,2026-05-29 11:14:00
14050201020000,11030111399119,,,,,2026-04-21 02:00:00,1405-02-01 02:00:00,,faham,220.0,,,,,,,,,,,,,,,,,225.6999969482422,229.3000030517578,228.5,0.0,0.6000000238418579,0.9300000071525574,,607.0,,,,0,2026-05-29 11:14:00
14050201021500,11030111399119,,,,,2026-04-21 02:15:00,1405-02-01 02:15:00,,faham,300.0,,,,,,,,,,,,,,,,,225.1999969482422,229.6999969482422,228.5,0.0,0.6000000238418579,1.3899999856948853,,657.0,,,,0,2026-05-29 11:19:00
14050201023000,11030111399119,,,,,2026-04-21 02:30:00,1405-02-01 02:30:00,,faham,253.0,,,,,,,,,,,,,,,,,225.3000030517578,230.1999969482422,227.60000610351562,0.0,0.6000000238418579,1.1299999952316284,,627.0,,,,0,2026-05-29 11:19:00
14050201024500,11030111399119,,,,,2026-04-21 02:45:00,1405-02-01 02:45:00,,faham,131.0,,,,,,,,,,,,,,,,,224.5,228.6999969482422,227.1999969482422,0.0,0.6100000143051147,0.4399999976158142,,550.0,,,,0,2026-05-29 11:24:00
14050201030000,11030111399119,,,,,2026-04-21 03:00:00,1405-02-01 03:00:00,,faham,262.0,,,,,,,,,,,,,,,,,223.10000610351562,227.39999389648438,226.39999389648438,0.0,0.6000000238418579,0.949999988079071,,730.0,,,,0,2026-05-29 11:24:00
14050201031500,11030111399119,,,,,2026-04-21 03:15:00,1405-02-01 03:15:00,,faham,333.0,,,,,,,,,,,,,,,,,223.10000610351562,226.89999389648438,225.39999389648438,0.0,0.6000000238418579,1.3700000047683716,,750.0,,,,0,2026-05-29 11:28:00
14050201033000,11030111399119,,,,,2026-04-21 03:30:00,1405-02-01 03:30:00,,faham,341.0,,,,,,,,,,,,,,,,,223.39999389648438,226.8000030517578,225.3000030517578,0.0,0.6000000238418579,1.590000033378601,,686.0,,,,0,2026-05-29 11:28:00
14050201034500,11030111399119,,,,,2026-04-21 03:45:00,1405-02-01 03:45:00,,faham,245.0,,,,,,,,,,,,,,,,,222.8000030517578,226.5,225.6999969482422,0.0,0.6000000238418579,1.090000033378601,,627.0,,,,0,2026-05-29 11:34:00
14050201040000,11030111399119,,,,,2026-04-21 04:00:00,1405-02-01 04:00:00,,faham,129.0,,,,,,,,,,,,,,,,,223.6999969482422,226.3000030517578,226.0,0.0,0.6000000238418579,0.4399999976158142,,550.0,,,,0,2026-05-29 11:34:00
14050201041500,11030111399119,,,,,2026-04-21 04:15:00,1405-02-01 04:15:00,,faham,129.0,,,,,,,,,,,,,,,,,224.0,226.39999389648438,225.0,0.0,0.6000000238418579,0.4399999976158142,,550.0,,,,0,2026-05-29 11:39:00
14050201043000,11030111399119,,,,,2026-04-21 04:30:00,1405-02-01 04:30:00,,faham,171.0,,,,,,,,,,,,,,,,,222.5,226.1999969482422,226.10000610351562,0.0,0.6000000238418579,0.6700000166893005,,579.0,,,,0,2026-05-29 11:39:00
14050201044500,11030111399119,,,,,2026-04-21 04:45:00,1405-02-01 04:45:00,,faham,300.0,,,,,,,,,,,,,,,,,223.89999389648438,227.10000610351562,226.10000610351562,0.0,0.6000000238418579,1.3899999856948853,,664.0,,,,0,2026-05-29 11:43:00
14050201050000,11030111399119,,,,,2026-04-21 05:00:00,1405-02-01 05:00:00,,faham,399.0,,,,,,,,,,,,,,,,,224.0,227.6999969482422,225.60000610351562,0.0,0.6000000238418579,1.7899999618530273,,738.0,,,,0,2026-05-29 11:43:00
14050201051500,11030111399119,,,,,2026-04-21 05:15:00,1405-02-01 05:15:00,,faham,269.0,,,,,,,,,,,,,,,,,224.10000610351562,228.60000610351562,226.0,0.0,0.6000000238418579,0.9800000190734863,,746.0,,,,0,2026-05-29 11:48:00
14050201053000,11030111399119,,,,,2026-04-21 05:30:00,1405-02-01 05:30:00,,faham,153.0,,,,,,,,,,,,,,,,,224.1999969482422,229.1999969482422,226.89999389648438,0.0,0.6000000238418579,0.5400000214576721,,572.0,,,,0,2026-05-29 11:48:00
14050201054500,11030111399119,,,,,2026-04-21 05:45:00,1405-02-01 05:45:00,,faham,170.0,,,,,,,,,,,,,,,,,225.3000030517578,229.10000610351562,227.5,0.0,0.6000000238418579,0.6700000166893005,,565.0,,,,0,2026-05-29 11:53:00
14050201060000,11030111399119,,,,,2026-04-21 06:00:00,1405-02-01 06:00:00,,faham,299.0,,,,,,,,,,,,,,,,,224.0,229.39999389648438,227.1999969482422,0.0,0.6000000238418579,1.3899999856948853,,656.0,,,,0,2026-05-29 11:53:00
14050201061500,11030111399119,,,,,2026-04-21 06:15:00,1405-02-01 06:15:00,,faham,255.0,,,,,,,,,,,,,,,,,223.10000610351562,228.8000030517578,226.8000030517578,0.0,0.6000000238418579,1.159999966621399,,624.0,,,,0,2026-05-29 11:58:00
14050201063000,11030111399119,,,,,2026-04-21 06:30:00,1405-02-01 06:30:00,,faham,127.0,,,,,,,,,,,,,,,,,223.10000610351562,227.60000610351562,226.5,0.0,0.6000000238418579,0.4399999976158142,,533.0,,,,0,2026-05-29 11:58:00
14050201064500,11030111399119,,,,,2026-04-21 06:45:00,1405-02-01 06:45:00,,faham,126.0,,,,,,,,,,,,,,,,,223.39999389648438,226.6999969482422,226.0,0.0,0.6100000143051147,0.4399999976158142,,532.0,,,,0,2026-05-29 12:03:00
14050201070000,11030111399119,,,,,2026-04-21 07:00:00,1405-02-01 07:00:00,,faham,278.0,,,,,,,,,,,,,,,,,222.89999389648438,226.5,225.1999969482422,0.0,0.6000000238418579,1.0499999523162842,,739.0,,,,0,2026-05-29 12:03:00
14050201071500,11030111399119,,,,,2026-04-21 07:15:00,1405-02-01 07:15:00,,faham,442.0,,,,,,,,,,,,,,,,,224.3000030517578,227.1999969482422,226.10000610351562,0.0,0.5899999737739563,2.0799999237060547,,729.0,,,,0,2026-05-29 12:08:00
14050201073000,11030111399119,,,,,2026-04-21 07:30:00,1405-02-01 07:30:00,,faham,322.0,,,,,,,,,,,,,,,,,224.60000610351562,227.6999969482422,226.39999389648438,0.0,0.5899999737739563,1.5199999809265137,,670.0,,,,0,2026-05-29 12:08:00
14050201074500,11030111399119,,,,,2026-04-21 07:45:00,1405-02-01 07:45:00,,faham,163.0,,,,,,,,,,,,,,,,,223.10000610351562,224.5,224.10000610351562,0.0,0.5799999833106995,0.6600000262260437,,567.0,,,,0,2026-05-29 12:13:00
14050201080000,11030111399119,,,,,2026-04-21 08:00:00,1405-02-01 08:00:00,,faham,1350.0,,,,,,,,,,,,,,,,,221.89999389648438,222.89999389648438,223.89999389648438,6.800000190734863,1.0800000429153442,1.440000057220459,,642.0,,,,64,2026-05-29 12:13:00
14050201081500,11030111399119,,,,,2026-04-21 08:15:00,1405-02-01 08:15:00,,faham,1593.0,,,,,,,,,,,,,,,,,221.60000610351562,224.8000030517578,226.1999969482422,8.119999885559082,1.6299999952316284,1.2300000190734863,,651.0,,,,64,2026-05-29 12:18:00
14050201083000,11030111399119,,,,,2026-04-21 08:30:00,1405-02-01 08:30:00,,faham,1646.0,,,,,,,,,,,,,,,,,224.0,225.3000030517578,226.0,7.989999771118164,2.2200000286102295,1.0399999618530273,,651.0,,,,64,2026-05-29 12:18:00
14050201084500,11030111399119,,,,,2026-04-21 08:45:00,1405-02-01 08:45:00,,faham,2233.0,,,,,,,,,,,,,,,,,222.5,223.39999389648438,227.60000610351562,7.949999809265137,4.71999979019165,1.909999966621399,,684.0,,,,64,2026-05-29 12:23:00
14050201090000,11030111399119,,,,,2026-04-21 09:00:00,1405-02-01 09:00:00,,faham,1830.0,,,,,,,,,,,,,,,,,220.60000610351562,222.89999389648438,228.3000030517578,7.920000076293945,2.450000047683716,1.7000000476837158,,682.0,,,,64,2026-05-29 12:23:00
14050201091500,11030111399119,,,,,2026-04-21 09:15:00,1405-02-01 09:15:00,,faham,1670.0,,,,,,,,,,,,,,,,,223.60000610351562,224.60000610351562,226.8000030517578,7.800000190734863,2.3299999237060547,0.8700000047683716,,677.0,,,,0,2026-05-29 12:28:00
14050201093000,11030111399119,,,,,2026-04-21 09:30:00,1405-02-01 09:30:00,,faham,1527.0,,,,,,,,,,,,,,,,,223.39999389648438,225.3000030517578,228.60000610351562,7.789999961853027,2.2200000286102295,0.4399999976158142,,652.0,,,,0,2026-05-29 12:28:00
14050201094500,11030111399119,,,,,2026-04-21 09:45:00,1405-02-01 09:45:00,,faham,1628.0,,,,,,,,,,,,,,,,,222.5,225.89999389648438,229.60000610351562,7.789999961853027,2.240000009536743,0.9700000286102295,,661.0,,,,0,2026-05-29 12:33:00
14050201100000,11030111399119,,,,,2026-04-21 10:00:00,1405-02-01 10:00:00,,faham,1705.0,,,,,,,,,,,,,,,,,222.3000030517578,225.1999969482422,229.10000610351562,7.789999961853027,2.259999990463257,1.409999966621399,,665.0,,,,64,2026-05-29 12:33:00
14050201101500,11030111399119,,,,,2026-04-21 10:15:00,1405-02-01 10:15:00,,faham,1679.0,,,,,,,,,,,,,,,,,221.39999389648438,225.60000610351562,227.1999969482422,7.739999771118164,2.2699999809265137,1.2599999904632568,,668.0,,,,64,2026-05-29 12:39:00
14050201103000,11030111399119,,,,,2026-04-21 10:30:00,1405-02-01 10:30:00,,faham,1630.0,,,,,,,,,,,,,,,,,220.5,224.3000030517578,226.60000610351562,7.690000057220459,2.240000009536743,0.8500000238418579,,682.0,,,,0,2026-05-29 12:39:00
14050201104500,11030111399119,,,,,2026-04-21 10:45:00,1405-02-01 10:45:00,,faham,1663.0,,,,,,,,,,,,,,,,,221.1999969482422,224.5,225.8000030517578,7.690000057220459,2.190000057220459,1.0,,688.0,,,,64,2026-05-29 12:43:00
14050201110000,11030111399119,,,,,2026-04-21 11:00:00,1405-02-01 11:00:00,,faham,1607.0,,,,,,,,,,,,,,,,,224.0,225.0,229.8000030517578,7.590000152587891,2.2100000381469727,0.7900000214576721,,675.0,,,,0,2026-05-29 12:43:00
14050201111500,11030111399119,,,,,2026-04-21 11:15:00,1405-02-01 11:15:00,,faham,1692.0,,,,,,,,,,,,,,,,,222.60000610351562,221.6999969482422,229.3000030517578,7.329999923706055,2.180000066757202,1.4299999475479126,,692.0,,,,64,2026-05-29 12:49:00
14050201113000,11030111399119,,,,,2026-04-21 11:30:00,1405-02-01 11:30:00,,faham,1902.0,,,,,,,,,,,,,,,,,221.8000030517578,221.10000610351562,229.3000030517578,7.28000020980835,2.1500000953674316,2.319999933242798,,717.0,,,,64,2026-05-29 12:49:00
14050201114500,11030111399119,,,,,2026-04-21 11:45:00,1405-02-01 11:45:00,,faham,1606.0,,,,,,,,,,,,,,,,,223.60000610351562,222.0,228.89999389648438,7.309999942779541,2.1500000953674316,0.9599999785423279,,688.0,,,,0,2026-05-29 12:53:00
14050201120000,11030111399119,,,,,2026-04-21 12:00:00,1405-02-01 12:00:00,,faham,1558.0,,,,,,,,,,,,,,,,,223.39999389648438,222.60000610351562,227.1999969482422,7.340000152587891,2.1500000953674316,0.6299999952316284,,689.0,,,,0,2026-05-29 12:53:00
14050201121500,11030111399119,,,,,2026-04-21 12:15:00,1405-02-01 12:15:00,,faham,1678.0,,,,,,,,,,,,,,,,,222.60000610351562,220.1999969482422,226.89999389648438,7.409999847412109,2.2100000381469727,1.0299999713897705,,708.0,,,,64,2026-05-29 12:58:00
14050201123000,11030111399119,,,,,2026-04-21 12:30:00,1405-02-01 12:30:00,,faham,1743.0,,,,,,,,,,,,,,,,,222.5,220.89999389648438,227.60000610351562,7.389999866485596,2.240000009536743,1.440000057220459,,707.0,,,,64,2026-05-29 12:58:00
14050201124500,11030111399119,,,,,2026-04-21 12:45:00,1405-02-01 12:45:00,,faham,1767.0,,,,,,,,,,,,,,,,,221.60000610351562,221.1999969482422,228.5,7.340000152587891,2.2300000190734863,1.659999966621399,,706.0,,,,64,2026-05-29 13:03:00
14050201130000,11030111399119,,,,,2026-04-21 13:00:00,1405-02-01 13:00:00,,faham,2104.0,,,,,,,,,,,,,,,,,223.6999969482422,222.0,230.0,7.440000057220459,3.6700000762939453,2.109999895095825,,709.0,,,,64,2026-05-29 13:03:00
14050201131500,11030111399119,,,,,2026-04-21 13:15:00,1405-02-01 13:15:00,,faham,1947.0,,,,,,,,,,,,,,,,,223.6999969482422,224.6999969482422,231.1999969482422,7.619999885559082,2.190000057220459,2.390000104904175,,708.0,,,,64,2026-05-29 13:09:00
14050201133000,11030111399119,,,,,2026-04-21 13:30:00,1405-02-01 13:30:00,,faham,1742.0,,,,,,,,,,,,,,,,,224.0,224.89999389648438,229.39999389648438,7.690000057220459,2.2200000286102295,1.4800000190734863,,680.0,,,,64,2026-05-29 13:09:00
14050201134500,11030111399119,,,,,2026-04-21 13:45:00,1405-02-01 13:45:00,,faham,1718.0,,,,,,,,,,,,,,,,,224.5,223.3000030517578,228.89999389648438,7.769999980926514,2.3399999141693115,1.350000023841858,,667.0,,,,64,2026-05-29 13:13:00
14050201140000,11030111399119,,,,,2026-04-21 14:00:00,1405-02-01 14:00:00,,faham,2717.0,,,,,,,,,,,,,,,,,225.89999389648438,222.10000610351562,227.39999389648438,7.710000038146973,7.960000038146973,1.649999976158142,,699.0,,,,64,2026-05-29 13:13:00
14050201141500,11030111399119,,,,,2026-04-21 14:15:00,1405-02-01 14:15:00,,faham,2682.0,,,,,,,,,,,,,,,,,225.60000610351562,221.1999969482422,228.10000610351562,7.650000095367432,7.139999866485596,2.140000104904175,,707.0,,,,64,2026-05-29 13:19:00
14050201143000,11030111399119,,,,,2026-04-21 14:30:00,1405-02-01 14:30:00,,faham,2114.0,,,,,,,,,,,,,,,,,224.6999969482422,220.5,227.6999969482422,7.739999771118164,2.9000000953674316,2.75,,703.0,,,,64,2026-05-29 13:19:00
14050201144500,11030111399119,,,,,2026-04-21 14:45:00,1405-02-01 14:45:00,,faham,2661.0,,,,,,,,,,,,,,,,,225.3000030517578,220.8000030517578,226.1999969482422,7.679999828338623,6.170000076293945,2.7699999809265137,,713.0,,,,0,2026-05-29 13:24:00
14050201150000,11030111399119,,,,,2026-04-21 15:00:00,1405-02-01 15:00:00,,faham,1719.0,,,,,,,,,,,,,,,,,224.0,222.3000030517578,225.5,7.730000019073486,2.9800000190734863,0.8500000238418579,,663.0,,,,0,2026-05-29 13:24:00
14050201151500,11030111399119,,,,,2026-04-21 15:15:00,1405-02-01 15:15:00,,faham,1525.0,,,,,,,,,,,,,,,,,223.6999969482422,223.0,226.6999969482422,7.690000057220459,2.240000009536743,0.4699999988079071,,656.0,,,,0,2026-05-29 13:30:00
14050201153000,11030111399119,,,,,2026-04-21 15:30:00,1405-02-01 15:30:00,,faham,1624.0,,,,,,,,,,,,,,,,,225.10000610351562,223.6999969482422,227.5,7.71999979019165,2.299999952316284,0.9399999976158142,,658.0,,,,0,2026-05-29 13:30:00
14050201154500,11030111399119,,,,,2026-04-21 15:45:00,1405-02-01 15:45:00,,faham,1857.0,,,,,,,,,,,,,,,,,223.60000610351562,226.6999969482422,226.1999969482422,7.289999961853027,2.1700000762939453,2.0999999046325684,,715.0,,,,64,2026-05-29 13:34:00
14050201160000,11030111399119,,,,,2026-04-21 16:00:00,1405-02-01 16:00:00,,faham,3052.0,,,,,,,,,,,,,,,,,222.5,226.89999389648438,227.39999389648438,7.159999847412109,9.649999618530273,1.6100000143051147,,734.0,,,,64,2026-05-29 13:34:00
14050201161500,11030111399119,,,,,2026-04-21 16:15:00,1405-02-01 16:15:00,,faham,2022.0,,,,,,,,,,,,,,,,,224.10000610351562,225.1999969482422,227.6999969482422,7.159999847412109,4.230000019073486,1.159999966621399,,708.0,,,,64,2026-05-29 13:39:00
14050201163000,11030111399119,,,,,2026-04-21 16:30:00,1405-02-01 16:30:00,,faham,1678.0,,,,,,,,,,,,,,,,,224.0,227.6999969482422,225.5,7.21999979019165,2.119999885559082,1.090000033378601,,713.0,,,,64,2026-05-29 13:39:00
14050201164500,11030111399119,,,,,2026-04-21 16:45:00,1405-02-01 16:45:00,,faham,2273.0,,,,,,,,,,,,,,,,,224.1999969482422,226.10000610351562,226.10000610351562,7.150000095367432,2.109999895095825,3.7899999618530273,,762.0,,,,64,2026-05-29 13:43:00
14050201170000,11030111399119,,,,,2026-04-21 17:00:00,1405-02-01 17:00:00,,faham,1557.0,,,,,,,,,,,,,,,,,222.60000610351562,224.39999389648438,226.3000030517578,7.070000171661377,2.119999885559082,0.6800000071525574,,706.0,,,,0,2026-05-29 13:43:00
14050201171500,11030111399119,,,,,2026-04-21 17:15:00,1405-02-01 17:15:00,,faham,1579.0,,,,,,,,,,,,,,,,,221.60000610351562,224.10000610351562,225.8000030517578,6.96999979019165,2.119999885559082,0.800000011920929,,717.0,,,,0,2026-05-29 13:48:00
14050201173000,11030111399119,,,,,2026-04-21 17:30:00,1405-02-01 17:30:00,,faham,1789.0,,,,,,,,,,,,,,,,,220.60000610351562,223.0,226.1999969482422,7.010000228881836,2.1500000953674316,1.7400000095367432,,739.0,,,,64,2026-05-29 13:48:00
14050201174500,11030111399119,,,,,2026-04-21 17:45:00,1405-02-01 17:45:00,,faham,1887.0,,,,,,,,,,,,,,,,,220.8000030517578,223.5,225.3000030517578,7.130000114440918,4.170000076293945,0.6399999856948853,,711.0,,,,0,2026-05-29 13:53:00
14050201180000,11030111399119,,,,,2026-04-21 18:00:00,1405-02-01 18:00:00,,faham,2012.0,,,,,,,,,,,,,,,503.0,29.0,220.6,215.5,225.0,7.19,4.69,1.0,2039.0,708.0,0.0,70.0,0,64,
14050201181500,11030111399119,,,,,2026-04-21 18:15:00,1405-02-01 18:15:00,,faham,2001.0,,,,,,,,,,,,,,,,,221.6999969482422,216.60000610351562,223.1999969482422,7.119999885559082,2.190000057220459,2.6600000858306885,,744.0,,,,64,2026-05-29 13:56:00
14050201183000,11030111399119,,,,,2026-04-21 18:30:00,1405-02-01 18:30:00,,faham,1631.0,,,,,,,,,,,,,,,,,221.0,218.1999969482422,223.1999969482422,7.010000228881836,2.140000104904175,1.0700000524520874,,723.0,,,,64,2026-05-29 13:56:00
14050201184500,11030111399119,,,,,2026-04-21 18:45:00,1405-02-01 18:45:00,,faham,1642.0,,,,,,,,,,,,,,,,,220.5,216.5,221.60000610351562,6.849999904632568,2.130000114440918,1.149999976158142,,736.0,,,,64,2026-05-29 14:46:00
14050201190000,11030111399119,,,,,2026-04-21 19:00:00,1405-02-01 19:00:00,,faham,1641.0,,,,,,,,,,,,,,,,,219.89999389648438,212.5,220.10000610351562,6.849999904632568,2.1600000858306885,1.1100000143051147,,737.0,,,,64,2026-05-29 14:46:00
14050201191500,11030111399119,,,,,2026-04-21 19:15:00,1405-02-01 19:15:00,,faham,2462.0,,,,,,,,,,,,,,,,,218.0,212.3000030517578,219.5,6.920000076293945,2.690000057220459,4.360000133514404,,800.0,,,,0,2026-05-29 14:51:00
14050201193000,11030111399119,,,,,2026-04-21 19:30:00,1405-02-01 19:30:00,,faham,2121.0,,,,,,,,,,,,,,,,,219.5,212.0,220.8000030517578,6.880000114440918,2.640000104904175,2.75,,782.0,,,,64,2026-05-29 14:51:00
14050201194500,11030111399119,,,,,2026-04-21 19:45:00,1405-02-01 19:45:00,,faham,1720.0,,,,,,,,,,,,,,,,,218.39999389648438,212.60000610351562,221.6999969482422,6.880000114440918,2.5899999141693115,1.1699999570846558,,743.0,,,,64,2026-05-29 14:56:00
14050201200000,11030111399119,,,,,2026-04-21 20:00:00,1405-02-01 20:00:00,,faham,1737.0,,,,,,,,,,,,,,,,,217.3000030517578,215.60000610351562,222.89999389648438,6.869999885559082,2.5799999237060547,1.0700000524520874,,760.0,,,,64,2026-05-29 14:56:00
14050201201500,11030111399119,,,,,2026-04-21 20:15:00,1405-02-01 20:15:00,,faham,2133.0,,,,,,,,,,,,,,,,,217.89999389648438,216.60000610351562,222.10000610351562,6.849999904632568,4.409999847412109,1.6399999856948853,,756.0,,,,64,2026-05-29 15:01:00
14050201203000,11030111399119,,,,,2026-04-21 20:30:00,1405-02-01 20:30:00,,faham,2070.0,,,,,,,,,,,,,,,,,219.0,216.5,223.60000610351562,6.800000190734863,5.239999771118164,0.75,,743.0,,,,0,2026-05-29 15:01:00
14050201204500,11030111399119,,,,,2026-04-21 20:45:00,1405-02-01 20:45:00,,faham,1911.0,,,,,,,,,,,,,,,,,221.1999969482422,217.8000030517578,223.10000610351562,6.820000171661377,2.690000057220459,1.899999976158142,,757.0,,,,64,2026-05-29 15:06:00
14050201210000,11030111399119,,,,,2026-04-21 21:00:00,1405-02-01 21:00:00,,faham,1611.0,,,,,,,,,,,,,,,,,219.8000030517578,219.0,226.1999969482422,6.920000076293945,2.609999895095825,0.5400000214576721,,728.0,,,,0,2026-05-29 15:06:00
14050201211500,11030111399119,,,,,2026-04-21 21:15:00,1405-02-01 21:15:00,,faham,1856.0,,,,,,,,,,,,,,,,,220.0,221.1999969482422,227.3000030517578,7.070000171661377,2.5799999237060547,1.7400000095367432,,735.0,,,,64,2026-05-29 15:11:00
14050201213000,11030111399119,,,,,2026-04-21 21:30:00,1405-02-01 21:30:00,,faham,1613.0,,,,,,,,,,,,,,,,,220.39999389648438,221.60000610351562,228.39999389648438,7.019999980926514,2.569999933242798,0.5400000214576721,,720.0,,,,0,2026-05-29 15:11:00
14050201214500,11030111399119,,,,,2026-04-21 21:45:00,1405-02-01 21:45:00,,faham,1802.0,,,,,,,,,,,,,,,,,222.89999389648438,223.0,226.39999389648438,7.019999980926514,2.569999933242798,1.4600000381469727,,728.0,,,,64,2026-05-29 15:17:00
14050201220000,11030111399119,,,,,2026-04-21 22:00:00,1405-02-01 22:00:00,,faham,2301.0,,,,,,,,,,,,,,,,,222.5,222.6999969482422,225.89999389648438,7.090000152587891,2.569999933242798,3.5199999809265137,,770.0,,,,64,2026-05-29 15:17:00
14050201221500,11030111399119,,,,,2026-04-21 22:15:00,1405-02-01 22:15:00,,faham,3119.0,,,,,,,,,,,,,,,,,223.1999969482422,222.60000610351562,225.5,7.110000133514404,2.569999933242798,7.150000095367432,,817.0,,,,64,2026-05-29 15:23:00
14050201223000,11030111399119,,,,,2026-04-21 22:30:00,1405-02-01 22:30:00,,faham,2063.0,,,,,,,,,,,,,,,,,224.39999389648438,223.3000030517578,228.10000610351562,7.070000171661377,2.559999942779541,2.4700000286102295,,747.0,,,,64,2026-05-29 15:23:00
14050201224500,11030111399119,,,,,2026-04-21 22:45:00,1405-02-01 22:45:00,,faham,2275.0,,,,,,,,,,,,,,,,,224.5,225.89999389648438,227.6999969482422,7.130000114440918,2.619999885559082,3.490000009536743,,751.0,,,,64,2026-05-29 15:28:00
14050201230000,11030111399119,,,,,2026-04-21 23:00:00,1405-02-01 23:00:00,,faham,1920.0,,,,,,,,,,,,,,,,,223.6999969482422,226.8000030517578,228.6999969482422,6.940000057220459,2.5199999809265137,1.809999942779541,,748.0,,,,64,2026-05-29 15:28:00
14050201231500,11030111399119,,,,,2026-04-21 23:15:00,1405-02-01 23:15:00,,faham,2706.0,,,,,,,,,,,,,,,,,223.39999389648438,229.0,226.8000030517578,7.039999961853027,2.5199999809265137,5.360000133514404,,792.0,,,,0,2026-05-29 15:33:00
14050201233000,11030111399119,,,,,2026-04-21 23:30:00,1405-02-01 23:30:00,,faham,1997.0,,,,,,,,,,,,,,,,,224.5,230.0,226.10000610351562,7.110000133514404,2.5199999809265137,2.180000066757202,,736.0,,,,64,2026-05-29 15:33:00
14050201234500,11030111399119,,,,,2026-04-21 23:45:00,1405-02-01 23:45:00,,faham,1413.0,,,,,,,,,,,,,,,,,225.39999389648438,230.60000610351562,227.1999969482422,6.329999923706055,1.2699999809265137,1.3899999856948853,,685.0,,,,64,2026-05-29 15:39:00
14050201000000,11030111410343,,,,,2026-04-21 00:00:00,1405-02-01 00:00:00,,faham,3490.0,,,,,,,,,,,,,,,,,229.10000610351562,232.10000610351562,226.60000610351562,7.400000095367432,7.679999828338623,7.389999866485596,,677.0,,,,8,2026-05-29 10:51:00
14050201001500,11030111410343,,,,,2026-04-21 00:15:00,1405-02-01 00:15:00,,faham,3525.0,,,,,,,,,,,,,,,,,229.5,232.39999389648438,227.39999389648438,7.440000057220459,7.710000038146973,7.480000019073486,,678.0,,,,8,2026-05-29 10:57:00
14050201003000,11030111410343,,,,,2026-04-21 00:30:00,1405-02-01 00:30:00,,faham,3486.0,,,,,,,,,,,,,,,,,229.3000030517578,232.60000610351562,227.3000030517578,7.380000114440918,7.679999828338623,7.429999828338623,,675.0,,,,8,2026-05-29 10:57:00
14050201004500,11030111410343,,,,,2026-04-21 00:45:00,1405-02-01 00:45:00,,faham,3522.0,,,,,,,,,,,,,,,,,229.89999389648438,232.60000610351562,227.1999969482422,7.460000038146973,7.690000057220459,7.46999979019165,,677.0,,,,8,2026-05-29 11:03:00
14050201010000,11030111410343,,,,,2026-04-21 01:00:00,1405-02-01 01:00:00,,faham,3528.0,,,,,,,,,,,,,,,,,228.6999969482422,230.89999389648438,226.3000030517578,7.429999828338623,7.670000076293945,7.460000038146973,,684.0,,,,8,2026-05-29 11:03:00
14050201011500,11030111410343,,,,,2026-04-21 01:15:00,1405-02-01 01:15:00,,faham,3486.0,,,,,,,,,,,,,,,,,227.6999969482422,229.60000610351562,224.1999969482422,7.429999828338623,7.639999866485596,7.340000152587891,,685.0,,,,8,2026-05-29 11:09:00
14050201013000,11030111410343,,,,,2026-04-21 01:30:00,1405-02-01 01:30:00,,faham,3473.0,,,,,,,,,,,,,,,,,228.6999969482422,229.5,224.3000030517578,7.429999828338623,7.590000152587891,7.309999942779541,,683.0,,,,8,2026-05-29 11:09:00
14050201014500,11030111410343,,,,,2026-04-21 01:45:00,1405-02-01 01:45:00,,faham,3481.0,,,,,,,,,,,,,,,,,229.10000610351562,229.60000610351562,226.1999969482422,7.409999847412109,7.610000133514404,7.380000114440918,,681.0,,,,8,2026-05-29 11:14:00
14050201020000,11030111410343,,,,,2026-04-21 02:00:00,1405-02-01 02:00:00,,faham,3461.0,,,,,,,,,,,,,,,,,229.10000610351562,230.39999389648438,225.1999969482422,7.400000095367432,7.590000152587891,7.329999923706055,,679.0,,,,8,2026-05-29 11:14:00
14050201021500,11030111410343,,,,,2026-04-21 02:15:00,1405-02-01 02:15:00,,faham,3444.0,,,,,,,,,,,,,,,,,229.10000610351562,230.0,225.8000030517578,7.380000114440918,7.579999923706055,7.329999923706055,,677.0,,,,8,2026-05-29 11:19:00
14050201023000,11030111410343,,,,,2026-04-21 02:30:00,1405-02-01 02:30:00,,faham,3445.0,,,,,,,,,,,,,,,,,229.0,230.8000030517578,225.1999969482422,7.420000076293945,7.599999904632568,7.289999961853027,,676.0,,,,8,2026-05-29 11:19:00
14050201024500,11030111410343,,,,,2026-04-21 02:45:00,1405-02-01 02:45:00,,faham,3432.0,,,,,,,,,,,,,,,,,228.0,228.6999969482422,224.1999969482422,7.340000152587891,7.539999961853027,7.28000020980835,,682.0,,,,8,2026-05-29 11:24:00
14050201030000,11030111410343,,,,,2026-04-21 03:00:00,1405-02-01 03:00:00,,faham,3419.0,,,,,,,,,,,,,,,,,227.1999969482422,227.60000610351562,223.3000030517578,7.329999923706055,7.519999980926514,7.239999771118164,,685.0,,,,8,2026-05-29 11:24:00
14050201031500,11030111410343,,,,,2026-04-21 03:15:00,1405-02-01 03:15:00,,faham,3405.0,,,,,,,,,,,,,,,,,225.6999969482422,227.3000030517578,222.6999969482422,7.28000020980835,7.519999980926514,7.25,,686.0,,,,8,2026-05-29 11:28:00
14050201033000,11030111410343,,,,,2026-04-21 03:30:00,1405-02-01 03:30:00,,faham,3414.0,,,,,,,,,,,,,,,,,226.10000610351562,227.10000610351562,222.60000610351562,7.309999942779541,7.510000228881836,7.260000228881836,,687.0,,,,8,2026-05-29 11:28:00
14050201034500,11030111410343,,,,,2026-04-21 03:45:00,1405-02-01 03:45:00,,faham,3398.0,,,,,,,,,,,,,,,,,226.10000610351562,227.8000030517578,222.5,7.300000190734863,7.519999980926514,7.190000057220459,,684.0,,,,8,2026-05-29 11:34:00
14050201040000,11030111410343,,,,,2026-04-21 04:00:00,1405-02-01 04:00:00,,faham,3417.0,,,,,,,,,,,,,,,,,226.3000030517578,227.3000030517578,222.89999389648438,7.300000190734863,7.5,7.269999980926514,,686.0,,,,8,2026-05-29 11:34:00
14050201041500,11030111410343,,,,,2026-04-21 04:15:00,1405-02-01 04:15:00,,faham,3438.0,,,,,,,,,,,,,,,,,226.3000030517578,227.1999969482422,223.10000610351562,7.320000171661377,7.53000020980835,7.300000190734863,,688.0,,,,8,2026-05-29 11:39:00
14050201043000,11030111410343,,,,,2026-04-21 04:30:00,1405-02-01 04:30:00,,faham,3429.0,,,,,,,,,,,,,,,,,226.1999969482422,227.1999969482422,222.89999389648438,7.309999942779541,7.53000020980835,7.289999961853027,,687.0,,,,8,2026-05-29 11:39:00
14050201044500,11030111410343,,,,,2026-04-21 04:45:00,1405-02-01 04:45:00,,faham,3448.0,,,,,,,,,,,,,,,,,226.6999969482422,228.1999969482422,223.5,7.329999923706055,7.570000171661377,7.300000190734863,,687.0,,,,8,2026-05-29 11:43:00
14050201050000,11030111410343,,,,,2026-04-21 05:00:00,1405-02-01 05:00:00,,faham,3452.0,,,,,,,,,,,,,,,,,226.39999389648438,228.5,223.1999969482422,7.329999923706055,7.599999904632568,7.28000020980835,,687.0,,,,8,2026-05-29 11:43:00
14050201051500,11030111410343,,,,,2026-04-21 05:15:00,1405-02-01 05:15:00,,faham,3456.0,,,,,,,,,,,,,,,,,226.6999969482422,228.39999389648438,224.6999969482422,7.309999942779541,7.570000171661377,7.340000152587891,,686.0,,,,8,2026-05-29 11:48:00
14050201053000,11030111410343,,,,,2026-04-21 05:30:00,1405-02-01 05:30:00,,faham,3465.0,,,,,,,,,,,,,,,,,227.39999389648438,228.89999389648438,224.8000030517578,7.329999923706055,7.579999923706055,7.369999885559082,,685.0,,,,8,2026-05-29 11:48:00
14050201054500,11030111410343,,,,,2026-04-21 05:45:00,1405-02-01 05:45:00,,faham,3480.0,,,,,,,,,,,,,,,,,227.89999389648438,229.5,225.5,7.340000152587891,7.599999904632568,7.420000076293945,,684.0,,,,8,2026-05-29 11:53:00
14050201060000,11030111410343,,,,,2026-04-21 06:00:00,1405-02-01 06:00:00,,faham,3441.0,,,,,,,,,,,,,,,,,227.39999389648438,229.3000030517578,224.6999969482422,7.309999942779541,7.539999961853027,7.349999904632568,,682.0,,,,8,2026-05-29 11:53:00
14050201061500,11030111410343,,,,,2026-04-21 06:15:00,1405-02-01 06:15:00,,faham,3433.0,,,,,,,,,,,,,,,,,226.89999389648438,228.3000030517578,223.8000030517578,7.309999942779541,7.510000228881836,7.340000152587891,,684.0,,,,8,2026-05-29 11:58:00
14050201063000,11030111410343,,,,,2026-04-21 06:30:00,1405-02-01 06:30:00,,faham,3449.0,,,,,,,,,,,,,,,,,226.3000030517578,227.8000030517578,223.1999969482422,7.329999923706055,7.53000020980835,7.340000152587891,,688.0,,,,8,2026-05-29 11:58:00
14050201064500,11030111410343,,,,,2026-04-21 06:45:00,1405-02-01 06:45:00,,faham,3455.0,,,,,,,,,,,,,,,,,225.5,227.6999969482422,223.1999969482422,7.309999942779541,7.510000228881836,7.369999885559082,,691.0,,,,8,2026-05-29 12:03:00
14050201070000,11030111410343,,,,,2026-04-21 07:00:00,1405-02-01 07:00:00,,faham,3483.0,,,,,,,,,,,,,,,,,225.3000030517578,227.3000030517578,222.3000030517578,7.340000152587891,7.559999942779541,7.380000114440918,,695.0,,,,8,2026-05-29 12:03:00
14050201071500,11030111410343,,,,,2026-04-21 07:15:00,1405-02-01 07:15:00,,faham,3499.0,,,,,,,,,,,,,,,,,225.6999969482422,227.6999969482422,223.5,7.360000133514404,7.579999923706055,7.460000038146973,,692.0,,,,8,2026-05-29 12:08:00
14050201073000,11030111410343,,,,,2026-04-21 07:30:00,1405-02-01 07:30:00,,faham,3514.0,,,,,,,,,,,,,,,,,225.8000030517578,227.89999389648438,223.5,7.420000076293945,7.570000171661377,7.46999979019165,,693.0,,,,8,2026-05-29 12:08:00
14050201074500,11030111410343,,,,,2026-04-21 07:45:00,1405-02-01 07:45:00,,faham,3530.0,,,,,,,,,,,,,,,,,226.0,227.10000610351562,221.6999969482422,7.460000038146973,7.630000114440918,7.389999866485596,,698.0,,,,8,2026-05-29 12:13:00
14050201080000,11030111410343,,,,,2026-04-21 08:00:00,1405-02-01 08:00:00,,faham,1320.0,,,,,,,,,,,,,,,,,225.39999389648438,227.6999969482422,220.3000030517578,2.8499999046325684,2.9800000190734863,2.8499999046325684,,631.0,,,,8,2026-05-29 12:13:00
14050201081500,11030111410343,,,,,2026-04-21 08:15:00,1405-02-01 08:15:00,,faham,37.0,,,,,,,,,,,,,,,,,226.8000030517578,228.60000610351562,221.10000610351562,0.029999999329447746,0.17000000178813934,0.07000000029802322,,673.0,,,,8,2026-05-29 12:18:00
14050201083000,11030111410343,,,,,2026-04-21 08:30:00,1405-02-01 08:30:00,,faham,86.0,,,,,,,,,,,,,,,,,227.39999389648438,228.10000610351562,222.10000610351562,0.07999999821186066,0.20999999344348907,0.3400000035762787,,679.0,,,,8,2026-05-29 12:18:00
14050201084500,11030111410343,,,,,2026-04-21 08:45:00,1405-02-01 08:45:00,,faham,3264.0,,,,,,,,,,,,,,,,,227.10000610351562,229.3000030517578,218.60000610351562,0.009999999776482582,0.05999999865889549,16.520000457763672,,896.0,,,,8,2026-05-29 12:23:00
14050201090000,11030111410343,,,,,2026-04-21 09:00:00,1405-02-01 09:00:00,,faham,3454.0,,,,,,,,,,,,,,,,,226.6999969482422,228.1999969482422,217.1999969482422,0.009999999776482582,0.019999999552965164,17.600000381469727,,901.0,,,,8,2026-05-29 12:23:00
14050201091500,11030111410343,,,,,2026-04-21 09:15:00,1405-02-01 09:15:00,,faham,3543.0,,,,,,,,,,,,,,,,,226.8000030517578,227.6999969482422,214.8000030517578,0.009999999776482582,0.019999999552965164,18.420000076293945,,895.0,,,,8,2026-05-29 12:28:00
14050201093000,11030111410343,,,,,2026-04-21 09:30:00,1405-02-01 09:30:00,,faham,3425.0,,,,,,,,,,,,,,,,,225.5,228.3000030517578,216.1999969482422,0.009999999776482582,0.019999999552965164,17.5,,903.0,,,,8,2026-05-29 12:28:00
14050201094500,11030111410343,,,,,2026-04-21 09:45:00,1405-02-01 09:45:00,,faham,3155.0,,,,,,,,,,,,,,,,,226.6999969482422,228.3000030517578,216.3000030517578,0.009999999776482582,0.019999999552965164,16.3700008392334,,886.0,,,,8,2026-05-29 12:33:00
14050201100000,11030111410343,,,,,2026-04-21 10:00:00,1405-02-01 10:00:00,,faham,3469.0,,,,,,,,,,,,,,,,,226.60000610351562,229.1999969482422,215.10000610351562,0.009999999776482582,0.14000000059604645,17.639999389648438,,906.0,,,,8,2026-05-29 12:33:00
14050201101500,11030111410343,,,,,2026-04-21 10:15:00,1405-02-01 10:15:00,,faham,3735.0,,,,,,,,,,,,,,,,,225.60000610351562,229.5,216.1999969482422,0.009999999776482582,0.14000000059604645,19.079999923706055,,898.0,,,,8,2026-05-29 12:39:00
14050201103000,11030111410343,,,,,2026-04-21 10:30:00,1405-02-01 10:30:00,,faham,3927.0,,,,,,,,,,,,,,,,,225.60000610351562,229.10000610351562,214.0,0.009999999776482582,0.14000000059604645,20.520000457763672,,889.0,,,,8,2026-05-29 12:39:00
14050201104500,11030111410343,,,,,2026-04-21 10:45:00,1405-02-01 10:45:00,,faham,3836.0,,,,,,,,,,,,,,,,,224.39999389648438,228.6999969482422,214.39999389648438,0.009999999776482582,0.14000000059604645,19.920000076293945,,892.0,,,,8,2026-05-29 12:43:00
14050201110000,11030111410343,,,,,2026-04-21 11:00:00,1405-02-01 11:00:00,,faham,3813.0,,,,,,,,,,,,,,,,,226.89999389648438,231.0,216.10000610351562,0.009999999776482582,0.14000000059604645,19.540000915527344,,896.0,,,,8,2026-05-29 12:43:00
14050201111500,11030111410343,,,,,2026-04-21 11:15:00,1405-02-01 11:15:00,,faham,3788.0,,,,,,,,,,,,,,,,,227.1999969482422,231.8000030517578,214.60000610351562,0.009999999776482582,0.14000000059604645,19.510000228881836,,898.0,,,,8,2026-05-29 12:49:00
14050201113000,11030111410343,,,,,2026-04-21 11:30:00,1405-02-01 11:30:00,,faham,3792.0,,,,,,,,,,,,,,,,,227.39999389648438,231.39999389648438,216.39999389648438,0.009999999776482582,0.14000000059604645,19.440000534057617,,894.0,,,,8,2026-05-29 12:49:00
14050201114500,11030111410343,,,,,2026-04-21 11:45:00,1405-02-01 11:45:00,,faham,3739.0,,,,,,,,,,,,,,,,,227.8000030517578,232.39999389648438,215.39999389648438,0.009999999776482582,0.12999999523162842,19.15999984741211,,898.0,,,,8,2026-05-29 12:53:00
14050201120000,11030111410343,,,,,2026-04-21 12:00:00,1405-02-01 12:00:00,,faham,3760.0,,,,,,,,,,,,,,,,,228.1999969482422,231.1999969482422,216.8000030517578,0.009999999776482582,0.14000000059604645,19.190000534057617,,896.0,,,,8,2026-05-29 12:53:00
14050201121500,11030111410343,,,,,2026-04-21 12:15:00,1405-02-01 12:15:00,,faham,3815.0,,,,,,,,,,,,,,,,,227.6999969482422,230.6999969482422,215.10000610351562,0.009999999776482582,0.14000000059604645,19.729999542236328,,893.0,,,,8,2026-05-29 12:58:00
14050201123000,11030111410343,,,,,2026-04-21 12:30:00,1405-02-01 12:30:00,,faham,3814.0,,,,,,,,,,,,,,,,,227.60000610351562,230.39999389648438,218.10000610351562,0.009999999776482582,0.14000000059604645,19.5,,891.0,,,,8,2026-05-29 12:58:00
14050201124500,11030111410343,,,,,2026-04-21 12:45:00,1405-02-01 12:45:00,,faham,3254.0,,,,,,,,,,,,,,,,,226.1999969482422,231.8000030517578,219.60000610351562,0.009999999776482582,0.14000000059604645,17.0,,860.0,,,,8,2026-05-29 13:03:00
14050201130000,11030111410343,,,,,2026-04-21 13:00:00,1405-02-01 13:00:00,,faham,1524.0,,,,,,,,,,,,,,,,,226.60000610351562,233.10000610351562,222.39999389648438,0.009999999776482582,0.05000000074505806,8.130000114440918,,824.0,,,,8,2026-05-29 13:03:00
14050201131500,11030111410343,,,,,2026-04-21 13:15:00,1405-02-01 13:15:00,,faham,882.0,,,,,,,,,,,,,,,,,227.39999389648438,233.39999389648438,224.5,0.009999999776482582,0.019999999552965164,4.849999904632568,,792.0,,,,8,2026-05-29 13:09:00
14050201133000,11030111410343,,,,,2026-04-21 13:30:00,1405-02-01 13:30:00,,faham,1017.0,,,,,,,,,,,,,,,,,228.8000030517578,233.3000030517578,224.0,0.009999999776482582,0.019999999552965164,5.579999923706055,,796.0,,,,8,2026-05-29 13:09:00
14050201134500,11030111410343,,,,,2026-04-21 13:45:00,1405-02-01 13:45:00,,faham,999.0,,,,,,,,,,,,,,,,,227.10000610351562,231.89999389648438,224.0,0.009999999776482582,0.019999999552965164,5.480000019073486,,798.0,,,,8,2026-05-29 13:13:00
14050201140000,11030111410343,,,,,2026-04-21 14:00:00,1405-02-01 14:00:00,,faham,993.0,,,,,,,,,,,,,,,,,227.6999969482422,231.89999389648438,224.1999969482422,0.009999999776482582,0.019999999552965164,5.460000038146973,,796.0,,,,8,2026-05-29 13:13:00
14050201141500,11030111410343,,,,,2026-04-21 14:15:00,1405-02-01 14:15:00,,faham,1074.0,,,,,,,,,,,,,,,,,227.39999389648438,231.5,223.5,0.009999999776482582,0.019999999552965164,5.849999904632568,,807.0,,,,8,2026-05-29 13:19:00
14050201143000,11030111410343,,,,,2026-04-21 14:30:00,1405-02-01 14:30:00,,faham,1071.0,,,,,,,,,,,,,,,,,227.1999969482422,230.8000030517578,223.0,0.009999999776482582,0.019999999552965164,5.820000171661377,,810.0,,,,8,2026-05-29 13:19:00
14050201144500,11030111410343,,,,,2026-04-21 14:45:00,1405-02-01 14:45:00,,faham,1063.0,,,,,,,,,,,,,,,,,227.3000030517578,231.39999389648438,223.1999969482422,0.009999999776482582,0.019999999552965164,5.78000020980835,,807.0,,,,8,2026-05-29 13:24:00
14050201150000,11030111410343,,,,,2026-04-21 15:00:00,1405-02-01 15:00:00,,faham,1050.0,,,,,,,,,,,,,,,,,227.10000610351562,231.8000030517578,222.89999389648438,0.009999999776482582,0.019999999552965164,5.71999979019165,,806.0,,,,8,2026-05-29 13:24:00
14050201151500,11030111410343,,,,,2026-04-21 15:15:00,1405-02-01 15:15:00,,faham,1062.0,,,,,,,,,,,,,,,,,226.6999969482422,231.6999969482422,222.8000030517578,0.009999999776482582,0.019999999552965164,5.800000190734863,,803.0,,,,8,2026-05-29 13:30:00
14050201153000,11030111410343,,,,,2026-04-21 15:30:00,1405-02-01 15:30:00,,faham,2654.0,,,,,,,,,,,,,,,,,226.6999969482422,231.89999389648438,221.0,0.009999999776482582,0.05999999865889549,13.680000305175781,,851.0,,,,8,2026-05-29 13:30:00
14050201154500,11030111410343,,,,,2026-04-21 15:45:00,1405-02-01 15:45:00,,faham,3360.0,,,,,,,,,,,,,,,,,227.5,228.5,219.0,0.009999999776482582,0.15000000596046448,17.520000457763672,,863.0,,,,8,2026-05-29 13:34:00
14050201160000,11030111410343,,,,,2026-04-21 16:00:00,1405-02-01 16:00:00,,faham,3660.0,,,,,,,,,,,,,,,,,229.10000610351562,230.10000610351562,216.1999969482422,0.009999999776482582,0.15000000596046448,18.940000534057617,,886.0,,,,8,2026-05-29 13:34:00
14050201161500,11030111410343,,,,,2026-04-21 16:15:00,1405-02-01 16:15:00,,faham,3775.0,,,,,,,,,,,,,,,,,227.5,231.1999969482422,216.6999969482422,0.009999999776482582,0.15000000596046448,19.549999237060547,,884.0,,,,8,2026-05-29 13:39:00
14050201163000,11030111410343,,,,,2026-04-21 16:30:00,1405-02-01 16:30:00,,faham,3729.0,,,,,,,,,,,,,,,,,227.3000030517578,230.0,217.3000030517578,0.009999999776482582,0.14000000059604645,19.1200008392334,,889.0,,,,8,2026-05-29 13:39:00
14050201164500,11030111410343,,,,,2026-04-21 16:45:00,1405-02-01 16:45:00,,faham,3443.0,,,,,,,,,,,,,,,,,227.1999969482422,229.89999389648438,216.60000610351562,0.009999999776482582,0.14000000059604645,17.979999542236328,,873.0,,,,8,2026-05-29 13:43:00
14050201170000,11030111410343,,,,,2026-04-21 17:00:00,1405-02-01 17:00:00,,faham,3302.0,,,,,,,,,,,,,,,,,226.39999389648438,229.60000610351562,216.10000610351562,0.009999999776482582,0.14000000059604645,17.40999984741211,,866.0,,,,8,2026-05-29 13:43:00
14050201171500,11030111410343,,,,,2026-04-21 17:15:00,1405-02-01 17:15:00,,faham,3563.0,,,,,,,,,,,,,,,,,225.89999389648438,230.5,217.39999389648438,0.009999999776482582,0.14000000059604645,18.399999618530273,,881.0,,,,8,2026-05-29 13:48:00
14050201173000,11030111410343,,,,,2026-04-21 17:30:00,1405-02-01 17:30:00,,faham,3492.0,,,,,,,,,,,,,,,,,226.60000610351562,229.8000030517578,216.0,0.009999999776482582,0.14000000059604645,18.209999084472656,,877.0,,,,8,2026-05-29 13:48:00
14050201174500,11030111410343,,,,,2026-04-21 17:45:00,1405-02-01 17:45:00,,faham,3466.0,,,,,,,,,,,,,,,,,227.39999389648438,230.60000610351562,217.0,0.009999999776482582,0.14000000059604645,18.030000686645508,,875.0,,,,8,2026-05-29 13:53:00
14050201180000,11030111410343,,,,,2026-04-21 18:00:00,1405-02-01 18:00:00,,faham,3783.0,,,,,,,,,,,,,,,947.0,215.0,225.9,229.6,216.0,0.01,0.14,19.53,3788.0,890.0,0.0,0.0,8,8,
14050201181500,11030111410343,,,,,2026-04-21 18:15:00,1405-02-01 18:15:00,,faham,3712.0,,,,,,,,,,,,,,,,,227.0,229.10000610351562,215.5,0.009999999776482582,0.14000000059604645,19.290000915527344,,885.0,,,,8,2026-05-29 13:56:00
14050201183000,11030111410343,,,,,2026-04-21 18:30:00,1405-02-01 18:30:00,,faham,3755.0,,,,,,,,,,,,,,,,,227.0,227.8000030517578,215.5,0.009999999776482582,0.12999999523162842,19.399999618530273,,890.0,,,,8,2026-05-29 13:56:00
14050201184500,11030111410343,,,,,2026-04-21 18:45:00,1405-02-01 18:45:00,,faham,3788.0,,,,,,,,,,,,,,,,,225.6999969482422,227.5,214.1999969482422,0.009999999776482582,0.12999999523162842,19.450000762939453,,902.0,,,,8,2026-05-29 14:46:00
14050201190000,11030111410343,,,,,2026-04-21 19:00:00,1405-02-01 19:00:00,,faham,3283.0,,,,,,,,,,,,,,,,,226.10000610351562,224.89999389648438,214.1999969482422,0.009999999776482582,0.12999999523162842,17.31999969482422,,873.0,,,,8,2026-05-29 14:46:00
14050201191500,11030111410343,,,,,2026-04-21 19:15:00,1405-02-01 19:15:00,,faham,3583.0,,,,,,,,,,,,,,,,,226.1999969482422,224.60000610351562,213.89999389648438,0.009999999776482582,0.12999999523162842,18.65999984741211,,888.0,,,,8,2026-05-29 14:51:00
14050201193000,11030111410343,,,,,2026-04-21 19:30:00,1405-02-01 19:30:00,,faham,3899.0,,,,,,,,,,,,,,,,,226.1999969482422,226.10000610351562,213.39999389648438,0.009999999776482582,0.12999999523162842,20.329999923706055,,894.0,,,,8,2026-05-29 14:51:00
14050201194500,11030111410343,,,,,2026-04-21 19:45:00,1405-02-01 19:45:00,,faham,3379.0,,,,,,,,,,,,,,,,,225.39999389648438,226.60000610351562,214.3000030517578,0.009999999776482582,0.12999999523162842,17.790000915527344,,875.0,,,,8,2026-05-29 14:56:00
14050201200000,11030111410343,,,,,2026-04-21 20:00:00,1405-02-01 20:00:00,,faham,3066.0,,,,,,,,,,,,,,,,,225.3000030517578,227.3000030517578,214.89999389648438,0.009999999776482582,0.12999999523162842,15.729999542236328,,897.0,,,,8,2026-05-29 14:56:00
14050201201500,11030111410343,,,,,2026-04-21 20:15:00,1405-02-01 20:15:00,,faham,1793.0,,,,,,,,,,,,,,,,,224.6999969482422,227.89999389648438,219.0,0.009999999776482582,0.05000000074505806,9.430000305175781,,852.0,,,,8,2026-05-29 15:01:00
14050201203000,11030111410343,,,,,2026-04-21 20:30:00,1405-02-01 20:30:00,,faham,1025.0,,,,,,,,,,,,,,,,,225.3000030517578,228.3000030517578,221.1999969482422,0.009999999776482582,0.019999999552965164,5.659999847412109,,798.0,,,,8,2026-05-29 15:01:00
14050201204500,11030111410343,,,,,2026-04-21 20:45:00,1405-02-01 20:45:00,,faham,927.0,,,,,,,,,,,,,,,,,226.3000030517578,229.6999969482422,220.10000610351562,0.009999999776482582,0.019999999552965164,5.159999847412109,,795.0,,,,8,2026-05-29 15:06:00
14050201210000,11030111410343,,,,,2026-04-21 21:00:00,1405-02-01 21:00:00,,faham,924.0,,,,,,,,,,,,,,,,,225.8000030517578,231.3000030517578,221.8000030517578,0.009999999776482582,0.019999999552965164,5.099999904632568,,796.0,,,,8,2026-05-29 15:06:00
14050201211500,11030111410343,,,,,2026-04-21 21:15:00,1405-02-01 21:15:00,,faham,913.0,,,,,,,,,,,,,,,,,226.6999969482422,232.1999969482422,222.6999969482422,0.009999999776482582,0.019999999552965164,5.050000190734863,,794.0,,,,8,2026-05-29 15:11:00
14050201213000,11030111410343,,,,,2026-04-21 21:30:00,1405-02-01 21:30:00,,faham,993.0,,,,,,,,,,,,,,,,,227.6999969482422,232.60000610351562,224.5,0.009999999776482582,0.019999999552965164,5.440000057220459,,801.0,,,,8,2026-05-29 15:11:00
14050201214500,11030111410343,,,,,2026-04-21 21:45:00,1405-02-01 21:45:00,,faham,1055.0,,,,,,,,,,,,,,,,,228.89999389648438,233.39999389648438,224.39999389648438,0.009999999776482582,0.019999999552965164,5.75,,804.0,,,,8,2026-05-29 15:17:00
14050201220000,11030111410343,,,,,2026-04-21 22:00:00,1405-02-01 22:00:00,,faham,1041.0,,,,,,,,,,,,,,,,,228.10000610351562,233.5,223.60000610351562,0.009999999776482582,0.019999999552965164,5.670000076293945,,807.0,,,,8,2026-05-29 15:17:00
14050201221500,11030111410343,,,,,2026-04-21 22:15:00,1405-02-01 22:15:00,,faham,1019.0,,,,,,,,,,,,,,,,,229.89999389648438,233.39999389648438,223.0,0.009999999776482582,0.019999999552965164,5.559999942779541,,807.0,,,,8,2026-05-29 15:23:00
14050201223000,11030111410343,,,,,2026-04-21 22:30:00,1405-02-01 22:30:00,,faham,1028.0,,,,,,,,,,,,,,,,,231.1999969482422,234.5,224.1999969482422,0.009999999776482582,0.019999999552965164,5.590000152587891,,806.0,,,,8,2026-05-29 15:23:00
14050201224500,11030111410343,,,,,2026-04-21 22:45:00,1405-02-01 22:45:00,,faham,907.0,,,,,,,,,,,,,,,,,231.10000610351562,234.0,225.6999969482422,0.009999999776482582,0.019999999552965164,4.940000057220459,,798.0,,,,8,2026-05-29 15:28:00
14050201230000,11030111410343,,,,,2026-04-21 23:00:00,1405-02-01 23:00:00,,faham,906.0,,,,,,,,,,,,,,,,,231.3000030517578,233.39999389648438,226.8000030517578,0.009999999776482582,0.019999999552965164,4.929999828338623,,797.0,,,,8,2026-05-29 15:28:00
14050201231500,11030111410343,,,,,2026-04-21 23:15:00,1405-02-01 23:15:00,,faham,863.0,,,,,,,,,,,,,,,,,230.5,233.39999389648438,226.39999389648438,0.009999999776482582,0.019999999552965164,4.739999771118164,,794.0,,,,8,2026-05-29 15:33:00
14050201233000,11030111410343,,,,,2026-04-21 23:30:00,1405-02-01 23:30:00,,faham,1026.0,,,,,,,,,,,,,,,,,230.1999969482422,232.8000030517578,226.6999969482422,0.009999999776482582,0.019999999552965164,5.619999885559082,,796.0,,,,8,2026-05-29 15:33:00
14050201234500,11030111410343,,,,,2026-04-21 23:45:00,1405-02-01 23:45:00,,faham,1047.0,,,,,,,,,,,,,,,,,230.3000030517578,233.89999389648438,227.0,0.009999999776482582,0.019999999552965164,5.710000038146973,,798.0,,,,8,2026-05-29 15:39:00
14050201000000,11030211436847,,,,,2026-04-21 00:00:00,1405-02-01 00:00:00,,faham,25.0,,,,,,,,,,,,,,,6.0,0.0,234.1999969482422,233.5,235.0,0.0,0.0,0.20999999344348907,26.0,489.0,0.0,7.0,0,0,2026-05-29 10:51:00
14050201001500,11030211436847,,,,,2026-04-21 00:15:00,1405-02-01 00:15:00,,faham,25.0,,,,,,,,,,,,,,,6.0,0.0,234.5,233.6999969482422,235.39999389648438,0.0,0.0,0.20999999344348907,26.0,493.0,0.0,7.0,0,0,2026-05-29 10:57:00
14050201003000,11030211436847,,,,,2026-04-21 00:30:00,1405-02-01 00:30:00,,faham,25.0,,,,,,,,,,,,,,,6.0,0.0,234.6999969482422,234.0,235.60000610351562,0.0,0.0,0.20999999344348907,26.0,493.0,0.0,7.0,0,0,2026-05-29 10:57:00
14050201004500,11030211436847,,,,,2026-04-21 00:45:00,1405-02-01 00:45:00,,faham,25.0,,,,,,,,,,,,,,,6.0,0.0,234.8000030517578,234.3000030517578,235.39999389648438,0.0,0.0,0.20999999344348907,26.0,493.0,0.0,7.0,0,0,2026-05-29 11:03:00
14050201010000,11030211436847,,,,,2026-04-21 01:00:00,1405-02-01 01:00:00,,faham,25.0,,,,,,,,,,,,,,,6.0,0.0,235.1999969482422,234.5,236.10000610351562,0.0,0.0,0.20999999344348907,26.0,489.0,0.0,7.0,0,0,2026-05-29 11:03:00
14050201011500,11030211436847,,,,,2026-04-21 01:15:00,1405-02-01 01:15:00,,faham,25.0,,,,,,,,,,,,,,,6.0,0.0,234.60000610351562,233.60000610351562,235.39999389648438,0.0,0.0,0.20999999344348907,26.0,491.0,0.0,7.0,0,0,2026-05-29 11:09:00
14050201013000,11030211436847,,,,,2026-04-21 01:30:00,1405-02-01 01:30:00,,faham,25.0,,,,,,,,,,,,,,,6.0,0.0,234.89999389648438,234.1999969482422,235.60000610351562,0.0,0.0,0.20999999344348907,26.0,490.0,0.0,7.0,0,0,2026-05-29 11:09:00
14050201014500,11030211436847,,,,,2026-04-21 01:45:00,1405-02-01 01:45:00,,faham,25.0,,,,,,,,,,,,,,,6.0,0.0,235.10000610351562,234.3000030517578,235.6999969482422,0.0,0.0,0.20999999344348907,25.0,490.0,0.0,7.0,0,0,2026-05-29 11:14:00
14050201020000,11030211436847,,,,,2026-04-21 02:00:00,1405-02-01 02:00:00,,faham,25.0,,,,,,,,,,,,,,,6.0,0.0,235.1999969482422,234.60000610351562,236.0,0.0,0.0,0.20999999344348907,26.0,491.0,0.0,7.0,0,0,2026-05-29 11:14:00
14050201021500,11030211436847,,,,,2026-04-21 02:15:00,1405-02-01 02:15:00,,faham,25.0,,,,,,,,,,,,,,,6.0,0.0,235.0,234.10000610351562,236.0,0.0,0.0,0.20999999344348907,26.0,491.0,0.0,7.0,0,0,2026-05-29 11:19:00
14050201023000,11030211436847,,,,,2026-04-21 02:30:00,1405-02-01 02:30:00,,faham,25.0,,,,,,,,,,,,,,,6.0,0.0,234.60000610351562,233.89999389648438,235.6999969482422,0.0,0.0,0.20999999344348907,26.0,490.0,0.0,7.0,0,0,2026-05-29 11:19:00
14050201024500,11030211436847,,,,,2026-04-21 02:45:00,1405-02-01 02:45:00,,faham,25.0,,,,,,,,,,,,,,,6.0,0.0,234.89999389648438,234.39999389648438,235.60000610351562,0.0,0.0,0.20999999344348907,26.0,489.0,0.0,7.0,0,0,2026-05-29 11:24:00
14050201030000,11030211436847,,,,,2026-04-21 03:00:00,1405-02-01 03:00:00,,faham,25.0,,,,,,,,,,,,,,,6.0,0.0,235.0,234.5,235.89999389648438,0.0,0.0,0.20999999344348907,26.0,489.0,0.0,7.0,0,0,2026-05-29 11:24:00
14050201031500,11030211436847,,,,,2026-04-21 03:15:00,1405-02-01 03:15:00,,faham,25.0,,,,,,,,,,,,,,,6.0,0.0,234.60000610351562,233.6999969482422,235.5,0.0,0.0,0.20999999344348907,26.0,491.0,0.0,7.0,0,0,2026-05-29 11:28:00
14050201033000,11030211436847,,,,,2026-04-21 03:30:00,1405-02-01 03:30:00,,faham,25.0,,,,,,,,,,,,,,,6.0,0.0,234.6999969482422,234.0,235.5,0.0,0.0,0.20999999344348907,26.0,489.0,0.0,7.0,0,0,2026-05-29 11:28:00
14050201034500,11030211436847,,,,,2026-04-21 03:45:00,1405-02-01 03:45:00,,faham,25.0,,,,,,,,,,,,,,,6.0,0.0,234.6999969482422,234.0,235.5,0.0,0.0,0.20999999344348907,26.0,488.0,0.0,7.0,0,0,2026-05-29 11:34:00
14050201040000,11030211436847,,,,,2026-04-21 04:00:00,1405-02-01 04:00:00,,faham,25.0,,,,,,,,,,,,,,,6.0,0.0,235.0,234.39999389648438,235.6999969482422,0.0,0.0,0.20999999344348907,26.0,488.0,0.0,7.0,0,0,2026-05-29 11:34:00
14050201041500,11030211436847,,,,,2026-04-21 04:15:00,1405-02-01 04:15:00,,faham,25.0,,,,,,,,,,,,,,,6.0,0.0,235.0,234.3000030517578,235.89999389648438,0.0,0.0,0.20999999344348907,26.0,487.0,0.0,7.0,0,0,2026-05-29 11:39:00
14050201043000,11030211436847,,,,,2026-04-21 04:30:00,1405-02-01 04:30:00,,faham,25.0,,,,,,,,,,,,,,,6.0,0.0,235.0,234.10000610351562,235.89999389648438,0.0,0.0,0.20999999344348907,26.0,488.0,0.0,7.0,0,0,2026-05-29 11:39:00
14050201044500,11030211436847,,,,,2026-04-21 04:45:00,1405-02-01 04:45:00,,faham,25.0,,,,,,,,,,,,,,,6.0,0.0,235.39999389648438,234.89999389648438,236.3000030517578,0.0,0.0,0.20999999344348907,26.0,487.0,0.0,7.0,0,0,2026-05-29 11:43:00
14050201050000,11030211436847,,,,,2026-04-21 05:00:00,1405-02-01 05:00:00,,faham,25.0,,,,,,,,,,,,,,,6.0,0.0,235.3000030517578,234.8000030517578,236.10000610351562,0.0,0.0,0.20999999344348907,26.0,485.0,0.0,7.0,0,0,2026-05-29 11:43:00
14050201051500,11030211436847,,,,,2026-04-21 05:15:00,1405-02-01 05:15:00,,faham,25.0,,,,,,,,,,,,,,,6.0,0.0,233.39999389648438,232.89999389648438,234.5,0.0,0.0,0.2199999988079071,26.0,485.0,0.0,7.0,0,0,2026-05-29 11:48:00
14050201053000,11030211436847,,,,,2026-04-21 05:30:00,1405-02-01 05:30:00,,faham,25.0,,,,,,,,,,,,,,,6.0,0.0,234.0,233.39999389648438,234.8000030517578,0.0,0.0,0.2199999988079071,26.0,484.0,0.0,7.0,0,0,2026-05-29 11:48:00
14050201054500,11030211436847,,,,,2026-04-21 05:45:00,1405-02-01 05:45:00,,faham,25.0,,,,,,,,,,,,,,,6.0,0.0,235.0,234.1999969482422,235.10000610351562,0.0,0.0,0.2199999988079071,26.0,484.0,0.0,7.0,0,0,2026-05-29 11:53:00
14050201060000,11030211436847,,,,,2026-04-21 06:00:00,1405-02-01 06:00:00,,faham,25.0,,,,,,,,,,,,,,,6.0,0.0,234.89999389648438,233.39999389648438,234.5,0.0,0.0,0.20999999344348907,26.0,487.0,0.0,7.0,0,0,2026-05-29 11:53:00
14050201061500,11030211436847,,,,,2026-04-21 06:15:00,1405-02-01 06:15:00,,faham,25.0,,,,,,,,,,,,,,,6.0,0.0,234.3000030517578,233.6999969482422,234.1999969482422,0.0,0.0,0.2199999988079071,26.0,487.0,0.0,7.0,0,0,2026-05-29 11:58:00
14050201063000,11030211436847,,,,,2026-04-21 06:30:00,1405-02-01 06:30:00,,faham,25.0,,,,,,,,,,,,,,,6.0,0.0,234.0,233.0,234.0,0.0,0.0,0.2199999988079071,25.0,486.0,0.0,7.0,0,0,2026-05-29 11:58:00
14050201064500,11030211436847,,,,,2026-04-21 06:45:00,1405-02-01 06:45:00,,faham,25.0,,,,,,,,,,,,,,,6.0,0.0,232.5,232.60000610351562,233.89999389648438,0.0,0.0,0.2199999988079071,26.0,482.0,0.0,7.0,0,0,2026-05-29 12:03:00
14050201070000,11030211436847,,,,,2026-04-21 07:00:00,1405-02-01 07:00:00,,faham,25.0,,,,,,,,,,,,,,,6.0,0.0,233.10000610351562,232.39999389648438,232.89999389648438,0.0,0.0,0.2199999988079071,26.0,484.0,0.0,7.0,0,0,2026-05-29 12:03:00
14050201071500,11030211436847,,,,,2026-04-21 07:15:00,1405-02-01 07:15:00,,faham,25.0,,,,,,,,,,,,,,,6.0,0.0,232.6999969482422,231.89999389648438,232.5,0.0,0.0,0.2199999988079071,26.0,484.0,0.0,7.0,0,0,2026-05-29 12:08:00
14050201073000,11030211436847,,,,,2026-04-21 07:30:00,1405-02-01 07:30:00,,faham,25.0,,,,,,,,,,,,,,,6.0,0.0,234.89999389648438,234.0,234.8000030517578,0.0,0.0,0.2199999988079071,26.0,481.0,0.0,7.0,0,0,2026-05-29 12:08:00
14050201074500,11030211436847,,,,,2026-04-21 07:45:00,1405-02-01 07:45:00,,faham,25.0,,,,,,,,,,,,,,,6.0,0.0,233.89999389648438,233.10000610351562,233.6999969482422,0.0,0.0,0.2199999988079071,26.0,481.0,0.0,7.0,0,0,2026-05-29 12:13:00
14050201080000,11030211436847,,,,,2026-04-21 08:00:00,1405-02-01 08:00:00,,faham,25.0,,,,,,,,,,,,,,,6.0,0.0,233.3000030517578,232.5,233.0,0.0,0.0,0.2199999988079071,26.0,481.0,0.0,7.0,0,0,2026-05-29 12:13:00
14050201081500,11030211436847,,,,,2026-04-21 08:15:00,1405-02-01 08:15:00,,faham,25.0,,,,,,,,,,,,,,,6.0,0.0,232.8000030517578,232.1999969482422,232.3000030517578,0.0,0.0,0.2199999988079071,25.0,481.0,0.0,7.0,0,0,2026-05-29 12:18:00
14050201083000,11030211436847,,,,,2026-04-21 08:30:00,1405-02-01 08:30:00,,faham,25.0,,,,,,,,,,,,,,,6.0,0.0,232.6999969482422,231.89999389648438,232.39999389648438,0.0,0.0,0.2199999988079071,26.0,482.0,0.0,7.0,0,0,2026-05-29 12:18:00
14050201084500,11030211436847,,,,,2026-04-21 08:45:00,1405-02-01 08:45:00,,faham,25.0,,,,,,,,,,,,,,,6.0,0.0,233.5,232.8000030517578,233.39999389648438,0.0,0.0,0.2199999988079071,25.0,484.0,0.0,7.0,0,0,2026-05-29 12:23:00
14050201090000,11030211436847,,,,,2026-04-21 09:00:00,1405-02-01 09:00:00,,faham,25.0,,,,,,,,,,,,,,,6.0,0.0,235.1999969482422,234.39999389648438,235.0,0.0,0.0,0.2199999988079071,25.0,483.0,0.0,7.0,0,0,2026-05-29 12:23:00
14050201091500,11030211436847,,,,,2026-04-21 09:15:00,1405-02-01 09:15:00,,faham,25.0,,,,,,,,,,,,,,,6.0,0.0,234.89999389648438,234.5,234.60000610351562,0.0,0.0,0.2199999988079071,26.0,484.0,0.0,7.0,0,0,2026-05-29 12:28:00
14050201093000,11030211436847,,,,,2026-04-21 09:30:00,1405-02-01 09:30:00,,faham,25.0,,,,,,,,,,,,,,,6.0,0.0,236.0,235.1999969482422,235.89999389648438,0.0,0.0,0.2199999988079071,26.0,483.0,0.0,7.0,0,0,2026-05-29 12:28:00
14050201094500,11030211436847,,,,,2026-04-21 09:45:00,1405-02-01 09:45:00,,faham,25.0,,,,,,,,,,,,,,,6.0,0.0,235.89999389648438,235.1999969482422,235.60000610351562,0.0,0.0,0.2199999988079071,26.0,483.0,0.0,7.0,0,0,2026-05-29 12:33:00
14050201100000,11030211436847,,,,,2026-04-21 10:00:00,1405-02-01 10:00:00,,faham,25.0,,,,,,,,,,,,,,,6.0,0.0,235.89999389648438,234.89999389648438,235.60000610351562,0.0,0.0,0.2199999988079071,26.0,482.0,0.0,7.0,0,0,2026-05-29 12:33:00
14050201101500,11030211436847,,,,,2026-04-21 10:15:00,1405-02-01 10:15:00,,faham,25.0,,,,,,,,,,,,,,,6.0,0.0,235.0,235.1999969482422,235.8000030517578,0.0,0.0,0.2199999988079071,26.0,482.0,0.0,7.0,0,0,2026-05-29 12:39:00
14050201103000,11030211436847,,,,,2026-04-21 10:30:00,1405-02-01 10:30:00,,faham,25.0,,,,,,,,,,,,,,,6.0,0.0,233.89999389648438,234.8000030517578,235.60000610351562,0.0,0.0,0.2199999988079071,26.0,483.0,0.0,7.0,0,0,2026-05-29 12:39:00
14050201104500,11030211436847,,,,,2026-04-21 10:45:00,1405-02-01 10:45:00,,faham,25.0,,,,,,,,,,,,,,,6.0,0.0,231.39999389648438,234.8000030517578,235.89999389648438,0.0,0.0,0.20999999344348907,26.0,486.0,0.0,7.0,0,0,2026-05-29 12:43:00
14050201110000,11030211436847,,,,,2026-04-21 11:00:00,1405-02-01 11:00:00,,faham,25.0,,,,,,,,,,,,,,,6.0,0.0,232.6999969482422,234.6999969482422,235.0,0.0,0.0,0.2199999988079071,26.0,485.0,0.0,7.0,0,0,2026-05-29 12:43:00
14050201111500,11030211436847,,,,,2026-04-21 11:15:00,1405-02-01 11:15:00,,faham,25.0,,,,,,,,,,,,,,,6.0,0.0,235.1999969482422,234.6999969482422,234.1999969482422,0.0,0.0,0.2199999988079071,25.0,485.0,0.0,7.0,0,0,2026-05-29 12:49:00
14050201113000,11030211436847,,,,,2026-04-21 11:30:00,1405-02-01 11:30:00,,faham,25.0,,,,,,,,,,,,,,,6.0,0.0,235.0,234.60000610351562,234.8000030517578,0.0,0.0,0.2199999988079071,26.0,484.0,0.0,7.0,0,0,2026-05-29 12:49:00
14050201114500,11030211436847,,,,,2026-04-21 11:45:00,1405-02-01 11:45:00,,faham,25.0,,,,,,,,,,,,,,,6.0,0.0,235.3000030517578,234.3000030517578,234.8000030517578,0.0,0.0,0.2199999988079071,26.0,485.0,0.0,7.0,0,0,2026-05-29 12:53:00
14050201120000,11030211436847,,,,,2026-04-21 12:00:00,1405-02-01 12:00:00,,faham,25.0,,,,,,,,,,,,,,,6.0,0.0,235.5,234.89999389648438,235.5,0.0,0.0,0.20999999344348907,26.0,486.0,0.0,7.0,0,0,2026-05-29 12:53:00
14050201121500,11030211436847,,,,,2026-04-21 12:15:00,1405-02-01 12:15:00,,faham,25.0,,,,,,,,,,,,,,,6.0,0.0,236.1999969482422,235.3000030517578,235.8000030517578,0.0,0.0,0.20999999344348907,26.0,485.0,0.0,7.0,0,0,2026-05-29 12:58:00
14050201123000,11030211436847,,,,,2026-04-21 12:30:00,1405-02-01 12:30:00,,faham,25.0,,,,,,,,,,,,,,,6.0,0.0,236.1999969482422,235.6999969482422,235.6999969482422,0.0,0.0,0.20999999344348907,26.0,486.0,0.0,7.0,0,0,2026-05-29 12:58:00
14050201124500,11030211436847,,,,,2026-04-21 12:45:00,1405-02-01 12:45:00,,faham,25.0,,,,,,,,,,,,,,,6.0,0.0,236.5,235.5,236.1999969482422,0.0,0.0,0.20999999344348907,26.0,485.0,0.0,7.0,0,0,2026-05-29 13:03:00
14050201130000,11030211436847,,,,,2026-04-21 13:00:00,1405-02-01 13:00:00,,faham,25.0,,,,,,,,,,,,,,,6.0,0.0,236.8000030517578,235.89999389648438,236.5,0.0,0.0,0.20999999344348907,26.0,485.0,0.0,7.0,0,0,2026-05-29 13:03:00
14050201131500,11030211436847,,,,,2026-04-21 13:15:00,1405-02-01 13:15:00,,faham,25.0,,,,,,,,,,,,,,,6.0,0.0,236.6999969482422,235.60000610351562,236.1999969482422,0.0,0.0,0.20999999344348907,26.0,484.0,0.0,7.0,0,0,2026-05-29 13:09:00
14050201133000,11030211436847,,,,,2026-04-21 13:30:00,1405-02-01 13:30:00,,faham,25.0,,,,,,,,,,,,,,,6.0,0.0,234.6999969482422,234.39999389648438,234.60000610351562,0.0,0.0,0.2199999988079071,26.0,485.0,0.0,7.0,0,0,2026-05-29 13:09:00
14050201134500,11030211436847,,,,,2026-04-21 13:45:00,1405-02-01 13:45:00,,faham,25.0,,,,,,,,,,,,,,,6.0,0.0,234.10000610351562,233.60000610351562,233.5,0.0,0.0,0.20999999344348907,26.0,488.0,0.0,7.0,0,0,2026-05-29 13:13:00
14050201140000,11030211436847,,,,,2026-04-21 14:00:00,1405-02-01 14:00:00,,faham,25.0,,,,,,,,,,,,,,,6.0,0.0,235.10000610351562,234.3000030517578,234.5,0.0,0.0,0.20999999344348907,26.0,488.0,0.0,7.0,0,0,2026-05-29 13:13:00
14050201141500,11030211436847,,,,,2026-04-21 14:15:00,1405-02-01 14:15:00,,faham,25.0,,,,,,,,,,,,,,,6.0,0.0,234.60000610351562,233.6999969482422,234.0,0.0,0.0,0.20999999344348907,26.0,488.0,0.0,7.0,0,0,2026-05-29 13:19:00
14050201143000,11030211436847,,,,,2026-04-21 14:30:00,1405-02-01 14:30:00,,faham,25.0,,,,,,,,,,,,,,,6.0,0.0,234.10000610351562,233.60000610351562,233.10000610351562,0.0,0.0,0.2199999988079071,26.0,488.0,0.0,7.0,0,0,2026-05-29 13:19:00
14050201144500,11030211436847,,,,,2026-04-21 14:45:00,1405-02-01 14:45:00,,faham,25.0,,,,,,,,,,,,,,,6.0,0.0,234.1999969482422,233.5,233.5,0.0,0.0,0.2199999988079071,26.0,489.0,0.0,7.0,0,0,2026-05-29 13:24:00
14050201150000,11030211436847,,,,,2026-04-21 15:00:00,1405-02-01 15:00:00,,faham,33.0,,,,,,,,,,,,,,,8.0,0.0,234.5,233.8000030517578,233.8000030517578,0.0,0.0,0.25,34.0,493.0,0.0,7.0,0,0,2026-05-29 13:24:00
14050201151500,11030211436847,,,,,2026-04-21 15:15:00,1405-02-01 15:15:00,,faham,25.0,,,,,,,,,,,,,,,6.0,0.0,234.1999969482422,233.5,233.60000610351562,0.0,0.0,0.2199999988079071,26.0,488.0,0.0,7.0,0,0,2026-05-29 13:30:00
14050201153000,11030211436847,,,,,2026-04-21 15:30:00,1405-02-01 15:30:00,,faham,25.0,,,,,,,,,,,,,,,6.0,0.0,233.89999389648438,233.1999969482422,233.10000610351562,0.0,0.0,0.2199999988079071,26.0,490.0,0.0,7.0,0,0,2026-05-29 13:30:00
14050201154500,11030211436847,,,,,2026-04-21 15:45:00,1405-02-01 15:45:00,,faham,25.0,,,,,,,,,,,,,,,6.0,0.0,233.60000610351562,233.1999969482422,232.6999969482422,0.0,0.0,0.2199999988079071,26.0,491.0,0.0,7.0,0,0,2026-05-29 13:34:00
14050201160000,11030211436847,,,,,2026-04-21 16:00:00,1405-02-01 16:00:00,,faham,25.0,,,,,,,,,,,,,,,6.0,0.0,234.3000030517578,233.5,233.6999969482422,0.0,0.0,0.2199999988079071,26.0,489.0,0.0,7.0,0,0,2026-05-29 13:34:00
14050201161500,11030211436847,,,,,2026-04-21 16:15:00,1405-02-01 16:15:00,,faham,25.0,,,,,,,,,,,,,,,6.0,0.0,235.3000030517578,234.60000610351562,234.89999389648438,0.0,0.0,0.20999999344348907,26.0,487.0,0.0,7.0,0,0,2026-05-29 13:39:00
14050201163000,11030211436847,,,,,2026-04-21 16:30:00,1405-02-01 16:30:00,,faham,25.0,,,,,,,,,,,,,,,6.0,0.0,235.1999969482422,234.60000610351562,234.60000610351562,0.0,0.0,0.20999999344348907,26.0,489.0,0.0,7.0,0,0,2026-05-29 13:39:00
14050201164500,11030211436847,,,,,2026-04-21 16:45:00,1405-02-01 16:45:00,,faham,25.0,,,,,,,,,,,,,,,6.0,0.0,234.5,234.1999969482422,234.0,0.0,0.0,0.20999999344348907,26.0,492.0,0.0,7.0,0,0,2026-05-29 13:43:00
14050201170000,11030211436847,,,,,2026-04-21 17:00:00,1405-02-01 17:00:00,,faham,25.0,,,,,,,,,,,,,,,6.0,0.0,233.6999969482422,233.39999389648438,233.8000030517578,0.0,0.0,0.20999999344348907,26.0,494.0,0.0,7.0,0,0,2026-05-29 13:43:00
14050201171500,11030211436847,,,,,2026-04-21 17:15:00,1405-02-01 17:15:00,,faham,25.0,,,,,,,,,,,,,,,6.0,0.0,234.0,233.5,233.6999969482422,0.0,0.0,0.20999999344348907,26.0,494.0,0.0,7.0,0,0,2026-05-29 13:48:00
14050201173000,11030211436847,,,,,2026-04-21 17:30:00,1405-02-01 17:30:00,,faham,25.0,,,,,,,,,,,,,,,6.0,0.0,234.3000030517578,233.6999969482422,233.89999389648438,0.0,0.0,0.20999999344348907,26.0,492.0,0.0,7.0,0,0,2026-05-29 13:48:00
14050201174500,11030211436847,,,,,2026-04-21 17:45:00,1405-02-01 17:45:00,,faham,25.0,,,,,,,,,,,,,,,6.0,0.0,234.1999969482422,233.89999389648438,233.6999969482422,0.0,0.0,0.20999999344348907,26.0,493.0,0.0,7.0,0,0,2026-05-29 13:53:00
14050201180000,11030211436847,,,,,2026-04-21 18:00:00,1405-02-01 18:00:00,,faham,25.0,,,,,,,,,,,,,,,6.0,0.0,234.7,234.4,234.4,0.0,0.0,0.21,26.0,491.0,0.0,7.0,0,0,
14050201181500,11030211436847,,,,,2026-04-21 18:15:00,1405-02-01 18:15:00,,faham,25.0,,,,,,,,,,,,,,,6.0,0.0,236.6999969482422,236.39999389648438,237.10000610351562,0.0,0.0,0.20999999344348907,26.0,488.0,0.0,7.0,0,0,2026-05-29 13:56:00
14050201183000,11030211436847,,,,,2026-04-21 18:30:00,1405-02-01 18:30:00,,faham,25.0,,,,,,,,,,,,,,,6.0,0.0,235.89999389648438,234.89999389648438,235.39999389648438,0.0,0.0,0.20999999344348907,26.0,491.0,0.0,7.0,0,0,2026-05-29 13:56:00
14050201184500,11030211436847,,,,,2026-04-21 18:45:00,1405-02-01 18:45:00,,faham,25.0,,,,,,,,,,,,,,,6.0,0.0,234.8000030517578,233.8000030517578,234.3000030517578,0.0,0.0,0.20999999344348907,26.0,494.0,0.0,7.0,0,0,2026-05-29 14:46:00
14050201190000,11030211436847,,,,,2026-04-21 19:00:00,1405-02-01 19:00:00,,faham,25.0,,,,,,,,,,,,,,,6.0,0.0,233.39999389648438,233.10000610351562,233.6999969482422,0.0,0.0,0.20999999344348907,26.0,497.0,0.0,7.0,0,0,2026-05-29 14:46:00
14050201191500,11030211436847,,,,,2026-04-21 19:15:00,1405-02-01 19:15:00,,faham,25.0,,,,,,,,,,,,,,,6.0,0.0,232.39999389648438,233.0,234.3000030517578,0.0,0.0,0.20999999344348907,25.0,498.0,0.0,7.0,0,0,2026-05-29 14:51:00
14050201193000,11030211436847,,,,,2026-04-21 19:30:00,1405-02-01 19:30:00,,faham,25.0,,,,,,,,,,,,,,,6.0,0.0,233.39999389648438,233.5,234.8000030517578,0.0,0.0,0.20999999344348907,25.0,496.0,0.0,7.0,0,0,2026-05-29 14:51:00
14050201194500,11030211436847,,,,,2026-04-21 19:45:00,1405-02-01 19:45:00,,faham,25.0,,,,,,,,,,,,,,,6.0,0.0,233.5,233.5,234.3000030517578,0.0,0.0,0.20999999344348907,25.0,497.0,0.0,7.0,0,0,2026-05-29 14:56:00
14050201200000,11030211436847,,,,,2026-04-21 20:00:00,1405-02-01 20:00:00,,faham,25.0,,,,,,,,,,,,,,,6.0,0.0,233.6999969482422,233.5,234.60000610351562,0.0,0.0,0.20999999344348907,25.0,495.0,0.0,7.0,0,0,2026-05-29 14:56:00
14050201201500,11030211436847,,,,,2026-04-21 20:15:00,1405-02-01 20:15:00,,faham,25.0,,,,,,,,,,,,,,,6.0,0.0,234.3000030517578,233.8000030517578,235.10000610351562,0.0,0.0,0.20999999344348907,26.0,494.0,0.0,7.0,0,0,2026-05-29 15:01:00
14050201203000,11030211436847,,,,,2026-04-21 20:30:00,1405-02-01 20:30:00,,faham,25.0,,,,,,,,,,,,,,,6.0,0.0,234.10000610351562,233.6999969482422,235.10000610351562,0.0,0.0,0.20999999344348907,25.0,496.0,0.0,7.0,0,0,2026-05-29 15:01:00
14050201204500,11030211436847,,,,,2026-04-21 20:45:00,1405-02-01 20:45:00,,faham,25.0,,,,,,,,,,,,,,,6.0,0.0,234.39999389648438,233.89999389648438,235.3000030517578,0.0,0.0,0.20999999344348907,26.0,496.0,0.0,7.0,0,0,2026-05-29 15:06:00
14050201210000,11030211436847,,,,,2026-04-21 21:00:00,1405-02-01 21:00:00,,faham,25.0,,,,,,,,,,,,,,,6.0,0.0,234.0,233.89999389648438,234.6999969482422,0.0,0.0,0.20999999344348907,26.0,496.0,0.0,7.0,0,0,2026-05-29 15:06:00
14050201211500,11030211436847,,,,,2026-04-21 21:15:00,1405-02-01 21:15:00,,faham,25.0,,,,,,,,,,,,,,,6.0,0.0,234.60000610351562,234.60000610351562,235.3000030517578,0.0,0.0,0.20999999344348907,26.0,495.0,0.0,7.0,0,0,2026-05-29 15:11:00
14050201213000,11030211436847,,,,,2026-04-21 21:30:00,1405-02-01 21:30:00,,faham,25.0,,,,,,,,,,,,,,,6.0,0.0,235.1999969482422,235.10000610351562,236.39999389648438,0.0,0.0,0.20999999344348907,26.0,494.0,0.0,7.0,0,0,2026-05-29 15:11:00
14050201214500,11030211436847,,,,,2026-04-21 21:45:00,1405-02-01 21:45:00,,faham,25.0,,,,,,,,,,,,,,,6.0,0.0,235.8000030517578,235.6999969482422,236.60000610351562,0.0,0.0,0.20999999344348907,26.0,494.0,0.0,7.0,0,0,2026-05-29 15:17:00
14050201220000,11030211436847,,,,,2026-04-21 22:00:00,1405-02-01 22:00:00,,faham,25.0,,,,,,,,,,,,,,,6.0,0.0,235.39999389648438,235.3000030517578,236.39999389648438,0.0,0.0,0.20999999344348907,26.0,493.0,0.0,7.0,0,0,2026-05-29 15:17:00
14050201221500,11030211436847,,,,,2026-04-21 22:15:00,1405-02-01 22:15:00,,faham,25.0,,,,,,,,,,,,,,,6.0,0.0,236.10000610351562,236.0,236.6999969482422,0.0,0.0,0.20999999344348907,26.0,493.0,0.0,7.0,0,0,2026-05-29 15:23:00
14050201223000,11030211436847,,,,,2026-04-21 22:30:00,1405-02-01 22:30:00,,faham,25.0,,,,,,,,,,,,,,,6.0,0.0,236.5,236.3000030517578,237.39999389648438,0.0,0.0,0.20999999344348907,26.0,493.0,0.0,7.0,0,0,2026-05-29 15:23:00
14050201224500,11030211436847,,,,,2026-04-21 22:45:00,1405-02-01 22:45:00,,faham,25.0,,,,,,,,,,,,,,,6.0,0.0,236.60000610351562,236.10000610351562,237.60000610351562,0.0,0.0,0.20999999344348907,26.0,492.0,0.0,7.0,0,0,2026-05-29 15:28:00
14050201230000,11030211436847,,,,,2026-04-21 23:00:00,1405-02-01 23:00:00,,faham,25.0,,,,,,,,,,,,,,,6.0,0.0,236.3000030517578,235.6999969482422,236.89999389648438,0.0,0.0,0.20999999344348907,26.0,492.0,0.0,7.0,0,0,2026-05-29 15:28:00
14050201231500,11030211436847,,,,,2026-04-21 23:15:00,1405-02-01 23:15:00,,faham,25.0,,,,,,,,,,,,,,,6.0,0.0,234.39999389648438,233.8000030517578,234.89999389648438,0.0,0.0,0.20999999344348907,26.0,494.0,0.0,7.0,0,0,2026-05-29 15:33:00
14050201233000,11030211436847,,,,,2026-04-21 23:30:00,1405-02-01 23:30:00,,faham,25.0,,,,,,,,,,,,,,,6.0,0.0,234.0,233.1999969482422,234.5,0.0,0.0,0.20999999344348907,25.0,493.0,0.0,7.0,0,0,2026-05-29 15:33:00
14050201234500,11030211436847,,,,,2026-04-21 23:45:00,1405-02-01 23:45:00,,faham,25.0,,,,,,,,,,,,,,,6.0,0.0,234.39999389648438,233.60000610351562,235.0,0.0,0.0,0.20999999344348907,26.0,492.0,0.0,7.0,0,0,2026-05-29 15:39:00
14050201001500,11030211487219,,,,,2026-04-21 00:15:00,1405-02-01 00:15:00,,faham,805.0,,,,,,,,,,,,,,,,,228.1999969482422,229.6999969482422,228.39999389648438,3.930000066757202,0.019999999552965164,0.009999999776482582,,839.0,,,,0,2026-05-29 10:57:00
14050201003000,11030211487219,,,,,2026-04-21 00:30:00,1405-02-01 00:30:00,,faham,1140.0,,,,,,,,,,,,,,,,,227.0,228.5,227.3000030517578,5.380000114440918,0.019999999552965164,0.009999999776482582,,898.0,,,,0,2026-05-29 10:57:00
14050201004500,11030211487219,,,,,2026-04-21 00:45:00,1405-02-01 00:45:00,,faham,945.0,,,,,,,,,,,,,,,,,227.39999389648438,228.89999389648438,227.60000610351562,4.519999980926514,0.019999999552965164,0.009999999776482582,,884.0,,,,0,2026-05-29 11:03:00
14050201010000,11030211487219,,,,,2026-04-21 01:00:00,1405-02-01 01:00:00,,faham,745.0,,,,,,,,,,,,,,,,,227.89999389648438,229.39999389648438,228.0,3.6700000762939453,0.019999999552965164,0.009999999776482582,,838.0,,,,0,2026-05-29 11:03:00
14050201011500,11030211487219,,,,,2026-04-21 01:15:00,1405-02-01 01:15:00,,faham,964.0,,,,,,,,,,,,,,,,,227.39999389648438,228.89999389648438,227.60000610351562,4.519999980926514,0.019999999552965164,0.009999999776482582,,907.0,,,,0,2026-05-29 11:09:00
14050201013000,11030211487219,,,,,2026-04-21 01:30:00,1405-02-01 01:30:00,,faham,921.0,,,,,,,,,,,,,,,,,227.6999969482422,229.10000610351562,227.8000030517578,4.420000076293945,0.019999999552965164,0.009999999776482582,,847.0,,,,0,2026-05-29 11:09:00
14050201014500,11030211487219,,,,,2026-04-21 01:45:00,1405-02-01 01:45:00,,faham,1021.0,,,,,,,,,,,,,,,,,228.1999969482422,229.6999969482422,228.39999389648438,4.760000228881836,0.019999999552965164,0.009999999776482582,,910.0,,,,0,2026-05-29 11:14:00
14050201020000,11030211487219,,,,,2026-04-21 02:00:00,1405-02-01 02:00:00,,faham,967.0,,,,,,,,,,,,,,,,,228.1999969482422,229.8000030517578,228.5,4.610000133514404,0.019999999552965164,0.009999999776482582,,885.0,,,,0,2026-05-29 11:14:00
14050201021500,11030211487219,,,,,2026-04-21 02:15:00,1405-02-01 02:15:00,,faham,743.0,,,,,,,,,,,,,,,,,228.1999969482422,229.6999969482422,228.3000030517578,3.5999999046325684,0.019999999552965164,0.009999999776482582,,844.0,,,,0,2026-05-29 11:19:00
14050201023000,11030211487219,,,,,2026-04-21 02:30:00,1405-02-01 02:30:00,,faham,912.0,,,,,,,,,,,,,,,,,228.0,229.5,228.3000030517578,4.230000019073486,0.019999999552965164,0.009999999776482582,,916.0,,,,0,2026-05-29 11:19:00
14050201024500,11030211487219,,,,,2026-04-21 02:45:00,1405-02-01 02:45:00,,faham,936.0,,,,,,,,,,,,,,,,,228.3000030517578,229.6999969482422,228.5,4.380000114440918,0.019999999552965164,0.009999999776482582,,884.0,,,,0,2026-05-29 11:24:00
14050201030000,11030211487219,,,,,2026-04-21 03:00:00,1405-02-01 03:00:00,,faham,999.0,,,,,,,,,,,,,,,,,227.89999389648438,229.39999389648438,228.1999969482422,4.650000095367432,0.019999999552965164,0.009999999776482582,,916.0,,,,0,2026-05-29 11:24:00
14050201031500,11030211487219,,,,,2026-04-21 03:15:00,1405-02-01 03:15:00,,faham,920.0,,,,,,,,,,,,,,,,,227.10000610351562,228.60000610351562,227.3000030517578,4.389999866485596,0.019999999552965164,0.009999999776482582,,882.0,,,,0,2026-05-29 11:28:00
14050201033000,11030211487219,,,,,2026-04-21 03:30:00,1405-02-01 03:30:00,,faham,758.0,,,,,,,,,,,,,,,,,227.10000610351562,228.60000610351562,227.3000030517578,3.680000066757202,0.019999999552965164,0.009999999776482582,,851.0,,,,0,2026-05-29 11:28:00
14050201034500,11030211487219,,,,,2026-04-21 03:45:00,1405-02-01 03:45:00,,faham,901.0,,,,,,,,,,,,,,,,,227.3000030517578,228.6999969482422,227.5,4.230000019073486,0.019999999552965164,0.009999999776482582,,903.0,,,,0,2026-05-29 11:34:00
14050201040000,11030211487219,,,,,2026-04-21 04:00:00,1405-02-01 04:00:00,,faham,832.0,,,,,,,,,,,,,,,,,227.6999969482422,229.10000610351562,227.8000030517578,3.890000104904175,0.019999999552965164,0.009999999776482582,,898.0,,,,0,2026-05-29 11:34:00
14050201041500,11030211487219,,,,,2026-04-21 04:15:00,1405-02-01 04:15:00,,faham,1044.0,,,,,,,,,,,,,,,,,227.60000610351562,229.10000610351562,227.8000030517578,4.820000171661377,0.019999999552965164,0.009999999776482582,,921.0,,,,0,2026-05-29 11:39:00
14050201043000,11030211487219,,,,,2026-04-21 04:30:00,1405-02-01 04:30:00,,faham,988.0,,,,,,,,,,,,,,,,,227.39999389648438,228.89999389648438,227.60000610351562,4.670000076293945,0.019999999552965164,0.009999999776482582,,887.0,,,,0,2026-05-29 11:39:00
14050201044500,11030211487219,,,,,2026-04-21 04:45:00,1405-02-01 04:45:00,,faham,788.0,,,,,,,,,,,,,,,,,227.89999389648438,229.39999389648438,228.10000610351562,3.7799999713897705,0.019999999552965164,0.009999999776482582,,847.0,,,,0,2026-05-29 11:43:00
14050201050000,11030211487219,,,,,2026-04-21 05:00:00,1405-02-01 05:00:00,,faham,899.0,,,,,,,,,,,,,,,,,228.1999969482422,229.6999969482422,228.39999389648438,4.210000038146973,0.019999999552965164,0.009999999776482582,,894.0,,,,0,2026-05-29 11:43:00
14050201051500,11030211487219,,,,,2026-04-21 05:15:00,1405-02-01 05:15:00,,faham,680.0,,,,,,,,,,,,,,,,,228.5,230.0,228.6999969482422,3.1600000858306885,0.019999999552965164,0.009999999776482582,,880.0,,,,0,2026-05-29 11:48:00
14050201053000,11030211487219,,,,,2026-04-21 05:30:00,1405-02-01 05:30:00,,faham,770.0,,,,,,,,,,,,,,,,,228.6999969482422,230.3000030517578,229.0,3.509999990463257,0.019999999552965164,0.009999999776482582,,926.0,,,,0,2026-05-29 11:48:00
14050201054500,11030211487219,,,,,2026-04-21 05:45:00,1405-02-01 05:45:00,,faham,562.0,,,,,,,,,,,,,,,,,229.0,230.60000610351562,229.3000030517578,2.6500000953674316,0.019999999552965164,0.009999999776482582,,864.0,,,,0,2026-05-29 11:53:00
14050201060000,11030211487219,,,,,2026-04-21 06:00:00,1405-02-01 06:00:00,,faham,583.0,,,,,,,,,,,,,,,,,228.5,230.1999969482422,228.89999389648438,2.700000047683716,0.019999999552965164,0.009999999776482582,,867.0,,,,0,2026-05-29 11:53:00
14050201061500,11030211487219,,,,,2026-04-21 06:15:00,1405-02-01 06:15:00,,faham,603.0,,,,,,,,,,,,,,,,,227.39999389648438,229.10000610351562,227.8000030517578,2.799999952316284,0.019999999552965164,0.009999999776482582,,868.0,,,,0,2026-05-29 11:58:00
14050201063000,11030211487219,,,,,2026-04-21 06:30:00,1405-02-01 06:30:00,,faham,646.0,,,,,,,,,,,,,,,,,226.6999969482422,228.3000030517578,227.1999969482422,2.990000009536743,0.019999999552965164,0.009999999776482582,,874.0,,,,0,2026-05-29 11:58:00
14050201064500,11030211487219,,,,,2026-04-21 06:45:00,1405-02-01 06:45:00,,faham,765.0,,,,,,,,,,,,,,,,,226.60000610351562,228.1999969482422,227.10000610351562,3.5399999618530273,0.019999999552965164,0.009999999776482582,,915.0,,,,0,2026-05-29 12:03:00
14050201070000,11030211487219,,,,,2026-04-21 07:00:00,1405-02-01 07:00:00,,faham,763.0,,,,,,,,,,,,,,,,,227.5,229.0,227.89999389648438,3.490000009536743,0.019999999552965164,0.009999999776482582,,907.0,,,,0,2026-05-29 12:03:00
14050201071500,11030211487219,,,,,2026-04-21 07:15:00,1405-02-01 07:15:00,,faham,733.0,,,,,,,,,,,,,,,,,227.3000030517578,228.6999969482422,227.60000610351562,3.440000057220459,0.019999999552965164,0.009999999776482582,,866.0,,,,0,2026-05-29 12:08:00
14050201073000,11030211487219,,,,,2026-04-21 07:30:00,1405-02-01 07:30:00,,faham,712.0,,,,,,,,,,,,,,,,,226.10000610351562,227.5,226.39999389648438,3.2699999809265137,0.019999999552965164,0.009999999776482582,,890.0,,,,0,2026-05-29 12:08:00
14050201074500,11030211487219,,,,,2026-04-21 07:45:00,1405-02-01 07:45:00,,faham,566.0,,,,,,,,,,,,,,,,,227.39999389648438,228.60000610351562,227.5,2.630000114440918,0.019999999552965164,0.009999999776482582,,864.0,,,,0,2026-05-29 12:13:00
14050201080000,11030211487219,,,,,2026-04-21 08:00:00,1405-02-01 08:00:00,,faham,643.0,,,,,,,,,,,,,,,,,228.8000030517578,230.10000610351562,228.8000030517578,2.9000000953674316,0.019999999552965164,0.009999999776482582,,932.0,,,,0,2026-05-29 12:13:00
14050201081500,11030211487219,,,,,2026-04-21 08:15:00,1405-02-01 08:15:00,,faham,741.0,,,,,,,,,,,,,,,,,228.5,229.89999389648438,228.60000610351562,3.430000066757202,0.019999999552965164,0.009999999776482582,,897.0,,,,0,2026-05-29 12:18:00
14050201083000,11030211487219,,,,,2026-04-21 08:30:00,1405-02-01 08:30:00,,faham,606.0,,,,,,,,,,,,,,,,,227.89999389648438,229.1999969482422,228.0,2.819999933242798,0.019999999552965164,0.009999999776482582,,857.0,,,,0,2026-05-29 12:18:00
14050201084500,11030211487219,,,,,2026-04-21 08:45:00,1405-02-01 08:45:00,,faham,449.0,,,,,,,,,,,,,,,,,227.1999969482422,228.5,227.39999389648438,2.109999895095825,0.019999999552965164,0.009999999776482582,,866.0,,,,0,2026-05-29 12:23:00
14050201090000,11030211487219,,,,,2026-04-21 09:00:00,1405-02-01 09:00:00,,faham,661.0,,,,,,,,,,,,,,,,,226.89999389648438,228.1999969482422,227.0,3.0399999618530273,0.019999999552965164,0.009999999776482582,,868.0,,,,0,2026-05-29 12:23:00
14050201091500,11030211487219,,,,,2026-04-21 09:15:00,1405-02-01 09:15:00,,faham,608.0,,,,,,,,,,,,,,,,,228.10000610351562,229.39999389648438,228.1999969482422,2.7899999618530273,0.019999999552965164,0.009999999776482582,,926.0,,,,0,2026-05-29 12:28:00
14050201093000,11030211487219,,,,,2026-04-21 09:30:00,1405-02-01 09:30:00,,faham,738.0,,,,,,,,,,,,,,,,,227.5,228.8000030517578,227.60000610351562,3.3399999141693115,0.019999999552965164,0.009999999776482582,,923.0,,,,0,2026-05-29 12:28:00
14050201094500,11030211487219,,,,,2026-04-21 09:45:00,1405-02-01 09:45:00,,faham,422.0,,,,,,,,,,,,,,,,,227.10000610351562,228.3000030517578,227.1999969482422,2.0,0.019999999552965164,0.009999999776482582,,858.0,,,,0,2026-05-29 12:33:00
14050201100000,11030211487219,,,,,2026-04-21 10:00:00,1405-02-01 10:00:00,,faham,617.0,,,,,,,,,,,,,,,,,227.3000030517578,228.5,227.39999389648438,2.8299999237060547,0.019999999552965164,0.009999999776482582,,880.0,,,,0,2026-05-29 12:33:00
14050201101500,11030211487219,,,,,2026-04-21 10:15:00,1405-02-01 10:15:00,,faham,650.0,,,,,,,,,,,,,,,,,226.89999389648438,228.10000610351562,227.0,2.990000009536743,0.019999999552965164,0.009999999776482582,,882.0,,,,0,2026-05-29 12:39:00
14050201103000,11030211487219,,,,,2026-04-21 10:30:00,1405-02-01 10:30:00,,faham,627.0,,,,,,,,,,,,,,,,,228.8000030517578,230.10000610351562,229.0,2.9000000953674316,0.019999999552965164,0.009999999776482582,,915.0,,,,0,2026-05-29 12:39:00
14050201104500,11030211487219,,,,,2026-04-21 10:45:00,1405-02-01 10:45:00,,faham,784.0,,,,,,,,,,,,,,,,,228.5,229.6999969482422,228.60000610351562,3.5799999237060547,0.019999999552965164,0.009999999776482582,,915.0,,,,0,2026-05-29 12:43:00
14050201110000,11030211487219,,,,,2026-04-21 11:00:00,1405-02-01 11:00:00,,faham,499.0,,,,,,,,,,,,,,,,,228.39999389648438,229.5,228.39999389648438,2.369999885559082,0.019999999552965164,0.009999999776482582,,853.0,,,,0,2026-05-29 12:43:00
14050201111500,11030211487219,,,,,2026-04-21 11:15:00,1405-02-01 11:15:00,,faham,1221.0,,,,,,,,,,,,,,,,,228.5,229.6999969482422,228.60000610351562,5.480000019073486,0.019999999552965164,0.009999999776482582,,886.0,,,,0,2026-05-29 12:49:00
14050201113000,11030211487219,,,,,2026-04-21 11:30:00,1405-02-01 11:30:00,,faham,385.0,,,,,,,,,,,,,,,,,228.3000030517578,229.3000030517578,228.1999969482422,1.8799999952316284,0.019999999552965164,0.009999999776482582,,837.0,,,,0,2026-05-29 12:49:00
14050201114500,11030211487219,,,,,2026-04-21 11:45:00,1405-02-01 11:45:00,,faham,712.0,,,,,,,,,,,,,,,,,228.5,229.60000610351562,228.5,3.2899999618530273,0.019999999552965164,0.009999999776482582,,916.0,,,,0,2026-05-29 12:53:00
14050201120000,11030211487219,,,,,2026-04-21 12:00:00,1405-02-01 12:00:00,,faham,633.0,,,,,,,,,,,,,,,,,229.8000030517578,231.0,229.89999389648438,2.990000009536743,0.019999999552965164,0.009999999776482582,,865.0,,,,0,2026-05-29 12:53:00
14050201121500,11030211487219,,,,,2026-04-21 12:15:00,1405-02-01 12:15:00,,faham,583.0,,,,,,,,,,,,,,,,,229.60000610351562,230.8000030517578,229.60000610351562,2.7200000286102295,0.019999999552965164,0.009999999776482582,,863.0,,,,0,2026-05-29 12:58:00
14050201123000,11030211487219,,,,,2026-04-21 12:30:00,1405-02-01 12:30:00,,faham,560.0,,,,,,,,,,,,,,,,,227.6999969482422,228.89999389648438,227.6999969482422,2.640000104904175,0.019999999552965164,0.009999999776482582,,856.0,,,,0,2026-05-29 12:58:00
14050201124500,11030211487219,,,,,2026-04-21 12:45:00,1405-02-01 12:45:00,,faham,609.0,,,,,,,,,,,,,,,,,227.8000030517578,229.0,227.89999389648438,2.859999895095825,0.019999999552965164,0.009999999776482582,,848.0,,,,0,2026-05-29 13:03:00
14050201130000,11030211487219,,,,,2026-04-21 13:00:00,1405-02-01 13:00:00,,faham,735.0,,,,,,,,,,,,,,,,,228.10000610351562,229.3000030517578,228.10000610351562,3.3499999046325684,0.019999999552965164,0.009999999776482582,,932.0,,,,0,2026-05-29 13:03:00
14050201131500,11030211487219,,,,,2026-04-21 13:15:00,1405-02-01 13:15:00,,faham,762.0,,,,,,,,,,,,,,,,,229.10000610351562,230.3000030517578,229.1999969482422,3.5299999713897705,0.019999999552965164,0.009999999776482582,,901.0,,,,0,2026-05-29 13:09:00
14050201133000,11030211487219,,,,,2026-04-21 13:30:00,1405-02-01 13:30:00,,faham,685.0,,,,,,,,,,,,,,,,,229.0,230.1999969482422,229.1999969482422,3.0999999046325684,0.019999999552965164,0.009999999776482582,,902.0,,,,0,2026-05-29 13:09:00
14050201134500,11030211487219,,,,,2026-04-21 13:45:00,1405-02-01 13:45:00,,faham,599.0,,,,,,,,,,,,,,,,,227.6999969482422,228.89999389648438,227.89999389648438,2.809999942779541,0.019999999552965164,0.009999999776482582,,865.0,,,,0,2026-05-29 13:13:00
14050201140000,11030211487219,,,,,2026-04-21 14:00:00,1405-02-01 14:00:00,,faham,1142.0,,,,,,,,,,,,,,,,,226.8000030517578,228.1999969482422,227.3000030517578,5.309999942779541,0.019999999552965164,0.009999999776482582,,899.0,,,,0,2026-05-29 13:13:00
14050201141500,11030211487219,,,,,2026-04-21 14:15:00,1405-02-01 14:15:00,,faham,726.0,,,,,,,,,,,,,,,,,225.6999969482422,227.10000610351562,226.1999969482422,3.369999885559082,0.019999999552965164,0.009999999776482582,,922.0,,,,0,2026-05-29 13:19:00
14050201143000,11030211487219,,,,,2026-04-21 14:30:00,1405-02-01 14:30:00,,faham,1847.0,,,,,,,,,,,,,,,,,221.6999969482422,223.10000610351562,222.5,8.4399995803833,0.019999999552965164,0.0,,961.0,,,,0,2026-05-29 13:19:00
14050201144500,11030211487219,,,,,2026-04-21 14:45:00,1405-02-01 14:45:00,,faham,1103.0,,,,,,,,,,,,,,,,,222.5,223.6999969482422,223.0,5.099999904632568,0.019999999552965164,0.0,,918.0,,,,0,2026-05-29 13:24:00
14050201150000,11030211487219,,,,,2026-04-21 15:00:00,1405-02-01 15:00:00,,faham,770.0,,,,,,,,,,,,,,,,,222.6999969482422,223.89999389648438,223.10000610351562,3.619999885559082,0.019999999552965164,0.0,,880.0,,,,0,2026-05-29 13:24:00
14050201151500,11030211487219,,,,,2026-04-21 15:15:00,1405-02-01 15:15:00,,faham,784.0,,,,,,,,,,,,,,,,,222.5,223.60000610351562,222.89999389648438,3.6700000762939453,0.019999999552965164,0.0,,895.0,,,,0,2026-05-29 13:30:00
14050201153000,11030211487219,,,,,2026-04-21 15:30:00,1405-02-01 15:30:00,,faham,939.0,,,,,,,,,,,,,,,,,222.1999969482422,223.39999389648438,222.6999969482422,4.460000038146973,0.019999999552965164,0.0,,913.0,,,,0,2026-05-29 13:30:00
14050201154500,11030211487219,,,,,2026-04-21 15:45:00,1405-02-01 15:45:00,,faham,710.0,,,,,,,,,,,,,,,,,222.0,223.1999969482422,222.39999389648438,3.2699999809265137,0.019999999552965164,0.0,,942.0,,,,0,2026-05-29 13:34:00
14050201160000,11030211487219,,,,,2026-04-21 16:00:00,1405-02-01 16:00:00,,faham,506.0,,,,,,,,,,,,,,,,,223.39999389648438,224.60000610351562,223.6999969482422,2.390000104904175,0.019999999552965164,0.0,,872.0,,,,0,2026-05-29 13:34:00
14050201161500,11030211487219,,,,,2026-04-21 16:15:00,1405-02-01 16:15:00,,faham,653.0,,,,,,,,,,,,,,,,,225.10000610351562,226.3000030517578,225.5,3.009999990463257,0.019999999552965164,0.009999999776482582,,903.0,,,,0,2026-05-29 13:39:00
14050201163000,11030211487219,,,,,2026-04-21 16:30:00,1405-02-01 16:30:00,,faham,648.0,,,,,,,,,,,,,,,,,225.10000610351562,226.3000030517578,225.5,3.0299999713897705,0.019999999552965164,0.009999999776482582,,880.0,,,,0,2026-05-29 13:39:00
14050201164500,11030211487219,,,,,2026-04-21 16:45:00,1405-02-01 16:45:00,,faham,634.0,,,,,,,,,,,,,,,,,225.39999389648438,226.60000610351562,225.8000030517578,2.9100000858306885,0.019999999552965164,0.009999999776482582,,940.0,,,,0,2026-05-29 13:43:00
14050201170000,11030211487219,,,,,2026-04-21 17:00:00,1405-02-01 17:00:00,,faham,706.0,,,,,,,,,,,,,,,,,223.60000610351562,224.89999389648438,224.0,3.359999895095825,0.019999999552965164,0.0,,874.0,,,,0,2026-05-29 13:43:00
14050201171500,11030211487219,,,,,2026-04-21 17:15:00,1405-02-01 17:15:00,,faham,575.0,,,,,,,,,,,,,,,,,224.1999969482422,225.39999389648438,224.5,2.7300000190734863,0.019999999552965164,0.0,,876.0,,,,0,2026-05-29 13:48:00
14050201173000,11030211487219,,,,,2026-04-21 17:30:00,1405-02-01 17:30:00,,faham,667.0,,,,,,,,,,,,,,,,,224.5,225.6999969482422,224.8000030517578,3.130000114440918,0.019999999552965164,0.009999999776482582,,879.0,,,,0,2026-05-29 13:48:00
14050201174500,11030211487219,,,,,2026-04-21 17:45:00,1405-02-01 17:45:00,,faham,595.0,,,,,,,,,,,,,,,,,225.5,226.60000610351562,225.6999969482422,2.799999952316284,0.019999999552965164,0.009999999776482582,,863.0,,,,0,2026-05-29 13:53:00
14050201180000,11030211487219,,,,,2026-04-21 18:00:00,1405-02-01 18:00:00,,faham,1142.0,,,,,,,,,,,,,,,285.0,37.0,225.4,226.7,225.9,5.15,0.02,0.01,1148.0,973.0,0.0,0.0,0,0,
14050201181500,11030211487219,,,,,2026-04-21 18:15:00,1405-02-01 18:15:00,,faham,1084.0,,,,,,,,,,,,,,,,,225.8000030517578,227.0,226.10000610351562,4.920000076293945,0.019999999552965164,0.009999999776482582,,960.0,,,,0,2026-05-29 13:56:00
14050201183000,11030211487219,,,,,2026-04-21 18:30:00,1405-02-01 18:30:00,,faham,777.0,,,,,,,,,,,,,,,,,224.5,225.60000610351562,224.89999389648438,3.5999999046325684,0.019999999552965164,0.009999999776482582,,913.0,,,,0,2026-05-29 13:56:00
14050201184500,11030211487219,,,,,2026-04-21 18:45:00,1405-02-01 18:45:00,,faham,746.0,,,,,,,,,,,,,,,,,223.6999969482422,224.8000030517578,223.89999389648438,3.5799999237060547,0.019999999552965164,0.0,,871.0,,,,0,2026-05-29 14:46:00
14050201190000,11030211487219,,,,,2026-04-21 19:00:00,1405-02-01 19:00:00,,faham,900.0,,,,,,,,,,,,,,,,,224.89999389648438,226.0,225.1999969482422,4.269999980926514,0.019999999552965164,0.009999999776482582,,892.0,,,,0,2026-05-29 14:46:00
14050201191500,11030211487219,,,,,2026-04-21 19:15:00,1405-02-01 19:15:00,,faham,855.0,,,,,,,,,,,,,,,,,225.3000030517578,226.5,225.60000610351562,4.059999942779541,0.019999999552965164,0.009999999776482582,,904.0,,,,0,2026-05-29 14:51:00
14050201193000,11030211487219,,,,,2026-04-21 19:30:00,1405-02-01 19:30:00,,faham,1389.0,,,,,,,,,,,,,,,,,225.8000030517578,227.0,226.1999969482422,6.510000228881836,0.019999999552965164,0.009999999776482582,,920.0,,,,0,2026-05-29 14:51:00
14050201194500,11030211487219,,,,,2026-04-21 19:45:00,1405-02-01 19:45:00,,faham,1048.0,,,,,,,,,,,,,,,,,225.8000030517578,227.0,226.10000610351562,5.050000190734863,0.019999999552965164,0.009999999776482582,,895.0,,,,0,2026-05-29 14:56:00
14050201200000,11030211487219,,,,,2026-04-21 20:00:00,1405-02-01 20:00:00,,faham,1185.0,,,,,,,,,,,,,,,,,225.6999969482422,226.89999389648438,226.0,5.650000095367432,0.019999999552965164,0.009999999776482582,,900.0,,,,0,2026-05-29 14:56:00
14050201201500,11030211487219,,,,,2026-04-21 20:15:00,1405-02-01 20:15:00,,faham,1166.0,,,,,,,,,,,,,,,,,225.8000030517578,227.10000610351562,226.1999969482422,5.599999904632568,0.019999999552965164,0.009999999776482582,,902.0,,,,0,2026-05-29 15:01:00
14050201203000,11030211487219,,,,,2026-04-21 20:30:00,1405-02-01 20:30:00,,faham,1344.0,,,,,,,,,,,,,,,,,225.89999389648438,227.1999969482422,226.3000030517578,6.360000133514404,0.019999999552965164,0.009999999776482582,,911.0,,,,0,2026-05-29 15:01:00
14050201204500,11030211487219,,,,,2026-04-21 20:45:00,1405-02-01 20:45:00,,faham,996.0,,,,,,,,,,,,,,,,,226.39999389648438,227.6999969482422,226.8000030517578,4.760000228881836,0.019999999552965164,0.009999999776482582,,899.0,,,,0,2026-05-29 15:06:00
14050201210000,11030211487219,,,,,2026-04-21 21:00:00,1405-02-01 21:00:00,,faham,1049.0,,,,,,,,,,,,,,,,,229.60000610351562,231.0,230.0,4.900000095367432,0.019999999552965164,0.009999999776482582,,899.0,,,,0,2026-05-29 15:06:00
14050201211500,11030211487219,,,,,2026-04-21 21:15:00,1405-02-01 21:15:00,,faham,917.0,,,,,,,,,,,,,,,,,229.10000610351562,230.5,229.5,4.340000152587891,0.019999999552965164,0.009999999776482582,,891.0,,,,0,2026-05-29 15:11:00
14050201213000,11030211487219,,,,,2026-04-21 21:30:00,1405-02-01 21:30:00,,faham,1195.0,,,,,,,,,,,,,,,,,229.5,230.89999389648438,229.89999389648438,5.619999885559082,0.019999999552965164,0.009999999776482582,,897.0,,,,0,2026-05-29 15:11:00
14050201214500,11030211487219,,,,,2026-04-21 21:45:00,1405-02-01 21:45:00,,faham,1115.0,,,,,,,,,,,,,,,,,229.5,231.0,229.89999389648438,5.25,0.019999999552965164,0.009999999776482582,,894.0,,,,0,2026-05-29 15:17:00
14050201220000,11030211487219,,,,,2026-04-21 22:00:00,1405-02-01 22:00:00,,faham,1261.0,,,,,,,,,,,,,,,,,228.60000610351562,230.10000610351562,229.0,5.760000228881836,0.019999999552965164,0.009999999776482582,,933.0,,,,0,2026-05-29 15:17:00
14050201221500,11030211487219,,,,,2026-04-21 22:15:00,1405-02-01 22:15:00,,faham,1679.0,,,,,,,,,,,,,,,,,229.0,230.5,229.60000610351562,7.489999771118164,0.019999999552965164,0.009999999776482582,,969.0,,,,0,2026-05-29 15:23:00
14050201223000,11030211487219,,,,,2026-04-21 22:30:00,1405-02-01 22:30:00,,faham,1760.0,,,,,,,,,,,,,,,,,229.8000030517578,231.3000030517578,230.39999389648438,7.820000171661377,0.019999999552965164,0.009999999776482582,,970.0,,,,0,2026-05-29 15:23:00
14050201224500,11030211487219,,,,,2026-04-21 22:45:00,1405-02-01 22:45:00,,faham,2380.0,,,,,,,,,,,,,,,,,229.6999969482422,231.39999389648438,230.60000610351562,10.470000267028809,0.019999999552965164,0.009999999776482582,,985.0,,,,0,2026-05-29 15:28:00
14050201230000,11030211487219,,,,,2026-04-21 23:00:00,1405-02-01 23:00:00,,faham,2246.0,,,,,,,,,,,,,,,,,229.10000610351562,230.60000610351562,229.8000030517578,9.920000076293945,0.019999999552965164,0.009999999776482582,,984.0,,,,0,2026-05-29 15:28:00
14050201231500,11030211487219,,,,,2026-04-21 23:15:00,1405-02-01 23:15:00,,faham,2172.0,,,,,,,,,,,,,,,,,229.0,230.5,229.60000610351562,9.600000381469727,0.019999999552965164,0.009999999776482582,,983.0,,,,0,2026-05-29 15:33:00
14050201233000,11030211487219,,,,,2026-04-21 23:30:00,1405-02-01 23:30:00,,faham,2139.0,,,,,,,,,,,,,,,,,228.8000030517578,230.1999969482422,229.3000030517578,9.470000267028809,0.019999999552965164,0.009999999776482582,,982.0,,,,0,2026-05-29 15:33:00
14050201234500,11030211487219,,,,,2026-04-21 23:45:00,1405-02-01 23:45:00,,faham,2316.0,,,,,,,,,,,,,,,,,229.0,230.5,229.60000610351562,10.229999542236328,0.019999999552965164,0.009999999776482582,,984.0,,,,0,2026-05-29 15:39:00
14050201000000,11030211529176,,,,,2026-04-21 00:00:00,1405-02-01 00:00:00,,faham,2512.0,,,,,,,,,,,,,,,630.0,39.0,219.0,235.3000030517578,229.60000610351562,11.010000228881836,0.3499999940395355,0.8399999737739563,2512.0,945.0,0.0,101.0,0,0,2026-05-29 10:51:00
14050201001500,11030211529176,,,,,2026-04-21 00:15:00,1405-02-01 00:15:00,,faham,1895.0,,,,,,,,,,,,,,,474.0,5.0,222.60000610351562,236.5,228.0,8.489999771118164,0.0,0.4699999988079071,1896.0,931.0,0.0,74.0,0,0,2026-05-29 10:57:00
14050201003000,11030211529176,,,,,2026-04-21 00:30:00,1405-02-01 00:30:00,,faham,1352.0,,,,,,,,,,,,,,,338.0,6.0,223.39999389648438,236.5,230.10000610351562,6.269999980926514,0.0,0.4300000071525574,1355.0,875.0,0.0,75.0,0,0,2026-05-29 10:57:00
14050201004500,11030211529176,,,,,2026-04-21 00:45:00,1405-02-01 00:45:00,,faham,1221.0,,,,,,,,,,,,,,,306.0,6.0,224.60000610351562,235.6999969482422,232.1999969482422,5.730000019073486,0.0,0.4300000071525574,1225.0,829.0,0.0,87.0,0,0,2026-05-29 11:03:00
14050201010000,11030211529176,,,,,2026-04-21 01:00:00,1405-02-01 01:00:00,,faham,644.0,,,,,,,,,,,,,,,161.0,6.0,227.0,234.0,231.5,3.240000009536743,0.0,0.4300000071525574,646.0,769.0,0.0,87.0,0,0,2026-05-29 11:03:00
14050201011500,11030211529176,,,,,2026-04-21 01:15:00,1405-02-01 01:15:00,,faham,732.0,,,,,,,,,,,,,,,183.0,6.0,227.10000610351562,234.60000610351562,229.89999389648438,3.640000104904175,0.0,0.4300000071525574,735.0,780.0,0.0,96.0,0,0,2026-05-29 11:09:00
14050201013000,11030211529176,,,,,2026-04-21 01:30:00,1405-02-01 01:30:00,,faham,702.0,,,,,,,,,,,,,,,176.0,5.0,227.6999969482422,235.60000610351562,230.1999969482422,3.319999933242798,0.0,0.4300000071525574,704.0,809.0,0.0,84.0,0,0,2026-05-29 11:09:00
14050201014500,11030211529176,,,,,2026-04-21 01:45:00,1405-02-01 01:45:00,,faham,623.0,,,,,,,,,,,,,,,156.0,6.0,228.3000030517578,235.89999389648438,230.8000030517578,3.0199999809265137,0.0,0.4300000071525574,626.0,788.0,0.0,76.0,0,0,2026-05-29 11:14:00
14050201020000,11030211529176,,,,,2026-04-21 02:00:00,1405-02-01 02:00:00,,faham,545.0,,,,,,,,,,,,,,,136.0,5.0,227.8000030517578,237.3000030517578,229.39999389648438,2.7300000190734863,0.0,0.4300000071525574,546.0,755.0,0.0,82.0,0,0,2026-05-29 11:14:00
14050201021500,11030211529176,,,,,2026-04-21 02:15:00,1405-02-01 02:15:00,,faham,548.0,,,,,,,,,,,,,,,138.0,6.0,228.10000610351562,236.10000610351562,230.6999969482422,2.6600000858306885,0.0,0.4300000071525574,545.0,774.0,0.0,75.0,0,0,2026-05-29 11:19:00
14050201023000,11030211529176,,,,,2026-04-21 02:30:00,1405-02-01 02:30:00,,faham,641.0,,,,,,,,,,,,,,,160.0,5.0,229.5,235.39999389648438,229.8000030517578,3.140000104904175,0.0,0.4300000071525574,640.0,779.0,0.0,86.0,0,0,2026-05-29 11:19:00
14050201024500,11030211529176,,,,,2026-04-21 02:45:00,1405-02-01 02:45:00,,faham,646.0,,,,,,,,,,,,,,,162.0,5.0,229.1999969482422,236.1999969482422,230.39999389648438,3.0899999141693115,0.0,0.4300000071525574,652.0,799.0,0.0,80.0,0,0,2026-05-29 11:24:00
14050201030000,11030211529176,,,,,2026-04-21 03:00:00,1405-02-01 03:00:00,,faham,611.0,,,,,,,,,,,,,,,153.0,6.0,229.3000030517578,235.8000030517578,231.0,3.0299999713897705,0.0,0.4300000071525574,611.0,768.0,0.0,90.0,0,0,2026-05-29 11:24:00
14050201031500,11030211529176,,,,,2026-04-21 03:15:00,1405-02-01 03:15:00,,faham,543.0,,,,,,,,,,,,,,,136.0,6.0,228.89999389648438,235.1999969482422,230.5,2.6600000858306885,0.0,0.4300000071525574,550.0,761.0,0.0,75.0,0,0,2026-05-29 11:28:00
14050201033000,11030211529176,,,,,2026-04-21 03:30:00,1405-02-01 03:30:00,,faham,528.0,,,,,,,,,,,,,,,132.0,6.0,230.39999389648438,234.6999969482422,230.6999969482422,2.759999990463257,0.0,0.4300000071525574,528.0,718.0,0.0,86.0,0,0,2026-05-29 11:28:00
14050201034500,11030211529176,,,,,2026-04-21 03:45:00,1405-02-01 03:45:00,,faham,533.0,,,,,,,,,,,,,,,133.0,5.0,230.0,235.3000030517578,230.5,2.7799999713897705,0.0,0.4300000071525574,537.0,722.0,0.0,87.0,0,0,2026-05-29 11:34:00
14050201040000,11030211529176,,,,,2026-04-21 04:00:00,1405-02-01 04:00:00,,faham,444.0,,,,,,,,,,,,,,,111.0,5.0,230.0,236.10000610351562,229.8000030517578,2.3499999046325684,0.0,0.4300000071525574,451.0,695.0,0.0,82.0,0,0,2026-05-29 11:34:00
14050201041500,11030211529176,,,,,2026-04-21 04:15:00,1405-02-01 04:15:00,,faham,318.0,,,,,,,,,,,,,,,80.0,5.0,229.5,236.6999969482422,229.8000030517578,2.0399999618530273,0.0,0.4300000071525574,322.0,561.0,0.0,93.0,0,0,2026-05-29 11:39:00
14050201043000,11030211529176,,,,,2026-04-21 04:30:00,1405-02-01 04:30:00,,faham,451.0,,,,,,,,,,,,,,,113.0,5.0,230.5,235.39999389648438,229.8000030517578,2.450000047683716,0.0,0.4300000071525574,448.0,680.0,0.0,87.0,0,0,2026-05-29 11:39:00
14050201044500,11030211529176,,,,,2026-04-21 04:45:00,1405-02-01 04:45:00,,faham,496.0,,,,,,,,,,,,,,,124.0,6.0,230.8000030517578,236.1999969482422,231.8000030517578,2.7100000381469727,0.0,0.4300000071525574,497.0,684.0,0.0,96.0,0,0,2026-05-29 11:43:00
14050201050000,11030211529176,,,,,2026-04-21 05:00:00,1405-02-01 05:00:00,,faham,431.0,,,,,,,,,,,,,,,108.0,5.0,230.10000610351562,236.6999969482422,230.89999389648438,2.299999952316284,0.0,0.4300000071525574,441.0,681.0,0.0,82.0,0,0,2026-05-29 11:43:00
14050201051500,11030211529176,,,,,2026-04-21 05:15:00,1405-02-01 05:15:00,,faham,499.0,,,,,,,,,,,,,,,125.0,5.0,227.60000610351562,235.60000610351562,227.89999389648438,2.5799999237060547,0.0,0.41999998688697815,494.0,724.0,0.0,87.0,0,0,2026-05-29 11:48:00
14050201053000,11030211529176,,,,,2026-04-21 05:30:00,1405-02-01 05:30:00,,faham,527.0,,,,,,,,,,,,,,,132.0,5.0,228.3000030517578,235.1999969482422,228.89999389648438,2.8399999141693115,0.0,0.4300000071525574,526.0,705.0,0.0,93.0,0,0,2026-05-29 11:48:00
14050201054500,11030211529176,,,,,2026-04-21 05:45:00,1405-02-01 05:45:00,,faham,434.0,,,,,,,,,,,,,,,109.0,5.0,229.6999969482422,235.60000610351562,228.8000030517578,2.5299999713897705,0.0,0.4300000071525574,444.0,636.0,0.0,91.0,0,0,2026-05-29 11:53:00
14050201060000,11030211529176,,,,,2026-04-21 06:00:00,1405-02-01 06:00:00,,faham,339.0,,,,,,,,,,,,,,,85.0,5.0,229.8000030517578,235.39999389648438,228.6999969482422,2.240000009536743,0.0,0.4300000071525574,347.0,550.0,0.0,94.0,0,0,2026-05-29 11:53:00
14050201061500,11030211529176,,,,,2026-04-21 06:15:00,1405-02-01 06:15:00,,faham,291.0,,,,,,,,,,,,,,,73.0,5.0,228.8000030517578,235.0,228.89999389648438,2.0399999618530273,0.0,0.4300000071525574,292.0,516.0,0.0,92.0,0,0,2026-05-29 11:58:00
14050201063000,11030211529176,,,,,2026-04-21 06:30:00,1405-02-01 06:30:00,,faham,389.0,,,,,,,,,,,,,,,97.0,5.0,227.6999969482422,234.10000610351562,228.5,2.4200000762939453,0.0,0.4300000071525574,385.0,599.0,0.0,93.0,0,0,2026-05-29 11:58:00
14050201064500,11030211529176,,,,,2026-04-21 06:45:00,1405-02-01 06:45:00,,faham,525.0,,,,,,,,,,,,,,,131.0,5.0,227.5,233.6999969482422,227.60000610351562,2.369999885559082,0.0,1.059999942779541,519.0,672.0,0.0,93.0,0,0,2026-05-29 12:03:00
14050201070000,11030211529176,,,,,2026-04-21 07:00:00,1405-02-01 07:00:00,,faham,474.0,,,,,,,,,,,,,,,119.0,5.0,227.10000610351562,233.1999969482422,226.3000030517578,2.1700000762939453,0.0,1.090000033378601,483.0,639.0,0.0,92.0,0,0,2026-05-29 12:03:00
14050201071500,11030211529176,,,,,2026-04-21 07:15:00,1405-02-01 07:15:00,,faham,418.0,,,,,,,,,,,,,,,104.0,5.0,227.5,231.39999389648438,227.10000610351562,1.9500000476837158,0.0,1.090000033378601,418.0,603.0,0.0,91.0,0,0,2026-05-29 12:08:00
14050201073000,11030211529176,,,,,2026-04-21 07:30:00,1405-02-01 07:30:00,,faham,610.0,,,,,,,,,,,,,,,153.0,5.0,229.10000610351562,235.39999389648438,227.60000610351562,2.559999942779541,0.0,1.090000033378601,604.0,723.0,0.0,88.0,0,0,2026-05-29 12:08:00
14050201074500,11030211529176,,,,,2026-04-21 07:45:00,1405-02-01 07:45:00,,faham,540.0,,,,,,,,,,,,,,,135.0,5.0,226.89999389648438,234.60000610351562,227.1999969482422,2.4700000286102295,0.0,1.090000033378601,536.0,667.0,0.0,96.0,0,0,2026-05-29 12:13:00
14050201080000,11030211529176,,,,,2026-04-21 08:00:00,1405-02-01 08:00:00,,faham,797.0,,,,,,,,,,,,,,,200.0,5.0,226.60000610351562,234.8000030517578,225.8000030517578,3.369999885559082,0.0,1.0800000429153442,797.0,788.0,0.0,105.0,0,0,2026-05-29 12:13:00
14050201081500,11030211529176,,,,,2026-04-21 08:15:00,1405-02-01 08:15:00,,faham,781.0,,,,,,,,,,,,,,,195.0,5.0,226.89999389648438,233.8000030517578,225.8000030517578,3.190000057220459,0.0,1.0800000429153442,783.0,806.0,0.0,102.0,0,0,2026-05-29 12:18:00
14050201083000,11030211529176,,,,,2026-04-21 08:30:00,1405-02-01 08:30:00,,faham,649.0,,,,,,,,,,,,,,,162.0,5.0,226.0,232.5,226.10000610351562,2.7699999809265137,0.0,1.0800000429153442,658.0,742.0,0.0,92.0,0,0,2026-05-29 12:18:00
14050201084500,11030211529176,,,,,2026-04-21 08:45:00,1405-02-01 08:45:00,,faham,555.0,,,,,,,,,,,,,,,139.0,5.0,225.6999969482422,233.1999969482422,227.10000610351562,2.490000009536743,0.0,1.090000033378601,558.0,686.0,0.0,92.0,0,0,2026-05-29 12:23:00
14050201090000,11030211529176,,,,,2026-04-21 09:00:00,1405-02-01 09:00:00,,faham,518.0,,,,,,,,,,,,,,,130.0,5.0,225.3000030517578,235.6999969482422,229.39999389648438,2.319999933242798,0.0,1.100000023841858,526.0,668.0,0.0,91.0,0,0,2026-05-29 12:23:00
14050201091500,11030211529176,,,,,2026-04-21 09:15:00,1405-02-01 09:15:00,,faham,472.0,,,,,,,,,,,,,,,118.0,5.0,225.60000610351562,235.39999389648438,228.39999389648438,2.0799999237060547,0.0,1.090000033378601,473.0,656.0,0.0,89.0,0,0,2026-05-29 12:28:00
14050201093000,11030211529176,,,,,2026-04-21 09:30:00,1405-02-01 09:30:00,,faham,845.0,,,,,,,,,,,,,,,211.0,59.0,226.89999389648438,234.8000030517578,229.10000610351562,2.859999895095825,0.5699999928474426,1.7300000190734863,839.0,681.0,0.0,91.0,0,0,2026-05-29 12:28:00
14050201094500,11030211529176,,,,,2026-04-21 09:45:00,1405-02-01 09:45:00,,faham,522.0,,,,,,,,,,,,,,,131.0,5.0,229.39999389648438,234.3000030517578,227.39999389648438,2.4200000762939453,0.0,1.0499999523162842,537.0,654.0,0.0,98.0,0,0,2026-05-29 12:33:00
14050201100000,11030211529176,,,,,2026-04-21 10:00:00,1405-02-01 10:00:00,,faham,301.0,,,,,,,,,,,,,,,75.0,5.0,226.1999969482422,235.1999969482422,227.8000030517578,2.1600000858306885,0.0,0.41999998688697815,308.0,512.0,0.0,96.0,0,0,2026-05-29 12:33:00
14050201101500,11030211529176,,,,,2026-04-21 10:15:00,1405-02-01 10:15:00,,faham,256.0,,,,,,,,,,,,,,,64.0,5.0,226.8000030517578,234.5,229.39999389648438,1.9500000476837158,0.0,0.4300000071525574,254.0,473.0,0.0,91.0,0,0,2026-05-29 12:39:00
14050201103000,11030211529176,,,,,2026-04-21 10:30:00,1405-02-01 10:30:00,,faham,328.0,,,,,,,,,,,,,,,82.0,6.0,225.39999389648438,233.89999389648438,230.89999389648438,2.180000066757202,0.0,0.4300000071525574,324.0,553.0,0.0,90.0,0,0,2026-05-29 12:39:00
14050201104500,11030211529176,,,,,2026-04-21 10:45:00,1405-02-01 10:45:00,,faham,383.0,,,,,,,,,,,,,,,96.0,6.0,228.8000030517578,230.89999389648438,230.60000610351562,2.390000104904175,0.0,0.4300000071525574,385.0,593.0,0.0,94.0,0,0,2026-05-29 12:43:00
14050201110000,11030211529176,,,,,2026-04-21 11:00:00,1405-02-01 11:00:00,,faham,368.0,,,,,,,,,,,,,,,92.0,5.0,229.10000610351562,233.0,228.3000030517578,2.3399999141693115,0.0,0.41999998688697815,370.0,581.0,0.0,94.0,0,0,2026-05-29 12:43:00
14050201111500,11030211529176,,,,,2026-04-21 11:15:00,1405-02-01 11:15:00,,faham,267.0,,,,,,,,,,,,,,,67.0,5.0,226.5,234.8000030517578,228.3000030517578,1.9800000190734863,0.0,0.41999998688697815,273.0,490.0,0.0,90.0,0,0,2026-05-29 12:49:00
14050201113000,11030211529176,,,,,2026-04-21 11:30:00,1405-02-01 11:30:00,,faham,298.0,,,,,,,,,,,,,,,75.0,5.0,227.10000610351562,235.10000610351562,228.3000030517578,2.0899999141693115,0.0,0.41999998688697815,295.0,519.0,0.0,91.0,0,0,2026-05-29 12:49:00
14050201114500,11030211529176,,,,,2026-04-21 11:45:00,1405-02-01 11:45:00,,faham,374.0,,,,,,,,,,,,,,,94.0,6.0,228.8000030517578,232.1999969482422,229.6999969482422,2.369999885559082,0.0,0.4300000071525574,376.0,585.0,0.0,94.0,0,0,2026-05-29 12:53:00
14050201120000,11030211529176,,,,,2026-04-21 12:00:00,1405-02-01 12:00:00,,faham,340.0,,,,,,,,,,,,,,,85.0,5.0,229.6999969482422,234.3000030517578,227.1999969482422,2.319999933242798,0.0,0.41999998688697815,345.0,539.0,0.0,100.0,0,0,2026-05-29 12:53:00
14050201121500,11030211529176,,,,,2026-04-21 12:15:00,1405-02-01 12:15:00,,faham,259.0,,,,,,,,,,,,,,,65.0,5.0,229.1999969482422,234.5,228.60000610351562,1.9900000095367432,0.0,0.41999998688697815,261.0,467.0,0.0,96.0,0,0,2026-05-29 12:58:00
14050201123000,11030211529176,,,,,2026-04-21 12:30:00,1405-02-01 12:30:00,,faham,628.0,,,,,,,,,,,,,,,157.0,5.0,225.0,236.3000030517578,230.5,3.130000114440918,0.0,0.4300000071525574,614.0,779.0,0.0,92.0,0,0,2026-05-29 12:58:00
14050201124500,11030211529176,,,,,2026-04-21 12:45:00,1405-02-01 12:45:00,,faham,642.0,,,,,,,,,,,,,,,161.0,5.0,224.8000030517578,236.0,228.8000030517578,3.3499999046325684,0.0,0.41999998688697815,646.0,752.0,0.0,99.0,0,0,2026-05-29 13:03:00
14050201130000,11030211529176,,,,,2026-04-21 13:00:00,1405-02-01 13:00:00,,faham,1177.0,,,,,,,,,,,,,,,297.0,61.0,226.60000610351562,236.60000610351562,226.89999389648438,4.789999961853027,0.5699999928474426,1.0299999713897705,826.0,789.0,0.0,94.0,0,0,2026-05-29 13:03:00
14050201131500,11030211529176,,,,,2026-04-21 13:15:00,1405-02-01 13:15:00,,faham,967.0,,,,,,,,,,,,,,,241.0,6.0,222.89999389648438,237.0,229.3000030517578,4.659999847412109,0.0,0.44999998807907104,1331.0,802.0,0.0,91.0,0,0,2026-05-29 13:09:00
14050201133000,11030211529176,,,,,2026-04-21 13:30:00,1405-02-01 13:30:00,,faham,686.0,,,,,,,,,,,,,,,172.0,5.0,222.39999389648438,235.5,228.8000030517578,3.430000066757202,0.0,0.47999998927116394,680.0,768.0,0.0,96.0,0,0,2026-05-29 13:09:00
14050201134500,11030211529176,,,,,2026-04-21 13:45:00,1405-02-01 13:45:00,,faham,1002.0,,,,,,,,,,,,,,,251.0,38.0,223.3000030517578,233.39999389648438,227.0,4.369999885559082,0.36000001430511475,0.8199999928474426,1005.0,802.0,0.0,97.0,0,0,2026-05-29 13:13:00
14050201140000,11030211529176,,,,,2026-04-21 14:00:00,1405-02-01 14:00:00,,faham,973.0,,,,,,,,,,,,,,,245.0,44.0,222.39999389648438,234.0,228.60000610351562,4.159999847412109,0.4000000059604645,0.9100000262260437,981.0,794.0,0.0,96.0,0,0,2026-05-29 13:13:00
14050201141500,11030211529176,,,,,2026-04-21 14:15:00,1405-02-01 14:15:00,,faham,674.0,,,,,,,,,,,,,,,169.0,5.0,223.89999389648438,235.5,225.0,3.430000066757202,0.0,0.41999998688697815,681.0,780.0,0.0,97.0,0,0,2026-05-29 13:19:00
14050201143000,11030211529176,,,,,2026-04-21 14:30:00,1405-02-01 14:30:00,,faham,625.0,,,,,,,,,,,,,,,156.0,5.0,226.10000610351562,235.39999389648438,223.6999969482422,3.200000047683716,0.0,0.4099999964237213,628.0,764.0,0.0,98.0,0,0,2026-05-29 13:19:00
14050201144500,11030211529176,,,,,2026-04-21 14:45:00,1405-02-01 14:45:00,,faham,1451.0,,,,,,,,,,,,,,,364.0,5.0,222.1999969482422,235.6999969482422,224.8000030517578,6.78000020980835,0.0,0.41999998688697815,1396.0,872.0,0.0,93.0,0,0,2026-05-29 13:24:00
14050201150000,11030211529176,,,,,2026-04-21 15:00:00,1405-02-01 15:00:00,,faham,1735.0,,,,,,,,,,,,,,,434.0,5.0,217.5,237.5,226.89999389648438,8.380000114440918,0.0,0.41999998688697815,1724.0,877.0,0.0,103.0,0,0,2026-05-29 13:24:00
14050201151500,11030211529176,,,,,2026-04-21 15:15:00,1405-02-01 15:15:00,,faham,3242.0,,,,,,,,,,,,,,,811.0,5.0,215.10000610351562,237.3000030517578,229.89999389648438,15.069999694824219,0.0,0.4300000071525574,3303.0,963.0,0.0,93.0,0,0,2026-05-29 13:30:00
14050201153000,11030211529176,,,,,2026-04-21 15:30:00,1405-02-01 15:30:00,,faham,1689.0,,,,,,,,,,,,,,,424.0,5.0,222.3000030517578,234.8000030517578,227.39999389648438,7.960000038146973,0.0,0.41999998688697815,1685.0,883.0,0.0,92.0,0,0,2026-05-29 13:30:00
14050201154500,11030211529176,,,,,2026-04-21 15:45:00,1405-02-01 15:45:00,,faham,1335.0,,,,,,,,,,,,,,,334.0,5.0,225.6999969482422,232.0,225.6999969482422,6.5,0.0,0.41999998688697815,1349.0,849.0,0.0,89.0,0,0,2026-05-29 13:34:00
14050201160000,11030211529176,,,,,2026-04-21 16:00:00,1405-02-01 16:00:00,,faham,2006.0,,,,,,,,,,,,,,,503.0,110.0,223.3000030517578,233.39999389648438,225.6999969482422,7.840000152587891,1.149999976158142,1.7899999618530273,1992.0,833.0,0.0,114.0,0,64,2026-05-29 13:34:00
14050201161500,11030211529176,,,,,2026-04-21 16:15:00,1405-02-01 16:15:00,,faham,1670.0,,,,,,,,,,,,,,,418.0,57.0,224.10000610351562,234.1999969482422,228.89999389648438,7.349999904632568,0.5699999928474426,1.059999942779541,1684.0,827.0,0.0,117.0,0,0,2026-05-29 13:39:00
14050201163000,11030211529176,,,,,2026-04-21 16:30:00,1405-02-01 16:30:00,,faham,1458.0,,,,,,,,,,,,,,,368.0,92.0,229.0,232.6999969482422,226.6999969482422,5.730000019073486,0.8700000047683716,1.5399999618530273,1503.0,762.0,0.0,106.0,0,0,2026-05-29 13:39:00
14050201164500,11030211529176,,,,,2026-04-21 16:45:00,1405-02-01 16:45:00,,faham,677.0,,,,,,,,,,,,,,,169.0,5.0,227.8000030517578,234.39999389648438,226.1999969482422,3.6600000858306885,0.0,0.41999998688697815,677.0,725.0,0.0,89.0,0,0,2026-05-29 13:43:00
14050201170000,11030211529176,,,,,2026-04-21 17:00:00,1405-02-01 17:00:00,,faham,529.0,,,,,,,,,,,,,,,132.0,5.0,224.10000610351562,234.39999389648438,226.60000610351562,3.0299999713897705,0.0,0.41999998688697815,534.0,684.0,0.0,92.0,0,0,2026-05-29 13:43:00
14050201171500,11030211529176,,,,,2026-04-21 17:15:00,1405-02-01 17:15:00,,faham,482.0,,,,,,,,,,,,,,,121.0,5.0,227.1999969482422,233.5,226.39999389648438,2.809999942779541,0.0,0.41999998688697815,488.0,654.0,0.0,95.0,0,0,2026-05-29 13:48:00
14050201173000,11030211529176,,,,,2026-04-21 17:30:00,1405-02-01 17:30:00,,faham,399.0,,,,,,,,,,,,,,,100.0,5.0,226.6999969482422,234.1999969482422,226.10000610351562,2.440000057220459,0.0,0.41999998688697815,401.0,617.0,0.0,94.0,0,0,2026-05-29 13:48:00
14050201174500,11030211529176,,,,,2026-04-21 17:45:00,1405-02-01 17:45:00,,faham,462.0,,,,,,,,,,,,,,,116.0,5.0,227.10000610351562,234.3000030517578,226.3000030517578,2.7300000190734863,0.0,0.41999998688697815,460.0,645.0,0.0,96.0,0,0,2026-05-29 13:53:00
14050201180000,11030211529176,,,,,2026-04-21 18:00:00,1405-02-01 18:00:00,,faham,432.0,,,,,,,,,,,,,,,108.0,5.0,227.6,232.8,228.3,2.74,0.0,0.42,438.0,600.0,0.0,102.0,0,0,
14050201181500,11030211529176,,,,,2026-04-21 18:15:00,1405-02-01 18:15:00,,faham,416.0,,,,,,,,,,,,,,,104.0,5.0,227.89999389648438,236.39999389648438,229.6999969482422,2.6500000953674316,0.0,0.4300000071525574,420.0,594.0,0.0,102.0,0,0,2026-05-29 13:56:00
14050201183000,11030211529176,,,,,2026-04-21 18:30:00,1405-02-01 18:30:00,,faham,378.0,,,,,,,,,,,,,,,95.0,5.0,228.3000030517578,234.89999389648438,227.89999389648438,2.369999885559082,0.0,0.41999998688697815,380.0,593.0,0.0,97.0,0,0,2026-05-29 13:56:00
14050201184500,11030211529176,,,,,2026-04-21 18:45:00,1405-02-01 18:45:00,,faham,429.0,,,,,,,,,,,,,,,107.0,5.0,227.39999389648438,234.39999389648438,226.6999969482422,2.609999895095825,0.0,0.41999998688697815,427.0,620.0,0.0,95.0,0,0,2026-05-29 14:46:00
14050201190000,11030211529176,,,,,2026-04-21 19:00:00,1405-02-01 19:00:00,,faham,481.0,,,,,,,,,,,,,,,120.0,5.0,223.8000030517578,233.6999969482422,225.39999389648438,2.869999885559082,0.0,0.41999998688697815,483.0,651.0,0.0,91.0,0,0,2026-05-29 14:46:00
14050201191500,11030211529176,,,,,2026-04-21 19:15:00,1405-02-01 19:15:00,,faham,468.0,,,,,,,,,,,,,,,117.0,5.0,223.10000610351562,234.8000030517578,224.1999969482422,2.8299999237060547,0.0,0.41999998688697815,471.0,647.0,0.0,91.0,0,0,2026-05-29 14:51:00
14050201193000,11030211529176,,,,,2026-04-21 19:30:00,1405-02-01 19:30:00,,faham,370.0,,,,,,,,,,,,,,,93.0,5.0,225.5,233.5,224.8000030517578,2.369999885559082,0.0,0.41999998688697815,374.0,590.0,0.0,92.0,0,0,2026-05-29 14:51:00
14050201194500,11030211529176,,,,,2026-04-21 19:45:00,1405-02-01 19:45:00,,faham,404.0,,,,,,,,,,,,,,,101.0,5.0,225.3000030517578,233.39999389648438,225.5,2.5199999809265137,0.0,0.41999998688697815,404.0,608.0,0.0,92.0,0,0,2026-05-29 14:56:00
14050201200000,11030211529176,,,,,2026-04-21 20:00:00,1405-02-01 20:00:00,,faham,480.0,,,,,,,,,,,,,,,120.0,5.0,224.6999969482422,234.5,224.5,2.890000104904175,0.0,0.41999998688697815,482.0,646.0,0.0,92.0,0,0,2026-05-29 14:56:00
14050201201500,11030211529176,,,,,2026-04-21 20:15:00,1405-02-01 20:15:00,,faham,481.0,,,,,,,,,,,,,,,120.0,5.0,225.60000610351562,234.1999969482422,224.89999389648438,2.869999885559082,0.0,0.41999998688697815,483.0,649.0,0.0,92.0,0,0,2026-05-29 15:01:00
14050201203000,11030211529176,,,,,2026-04-21 20:30:00,1405-02-01 20:30:00,,faham,390.0,,,,,,,,,,,,,,,98.0,5.0,224.39999389648438,233.3000030517578,225.3000030517578,2.440000057220459,0.0,0.41999998688697815,395.0,606.0,0.0,91.0,0,0,2026-05-29 15:01:00
14050201204500,11030211529176,,,,,2026-04-21 20:45:00,1405-02-01 20:45:00,,faham,391.0,,,,,,,,,,,,,,,98.0,5.0,224.89999389648438,232.39999389648438,226.3000030517578,2.4600000381469727,0.0,0.41999998688697815,391.0,603.0,0.0,92.0,0,0,2026-05-29 15:06:00
14050201210000,11030211529176,,,,,2026-04-21 21:00:00,1405-02-01 21:00:00,,faham,479.0,,,,,,,,,,,,,,,120.0,5.0,224.89999389648438,231.6999969482422,225.0,2.9100000858306885,0.0,0.41999998688697815,481.0,640.0,0.0,92.0,0,0,2026-05-29 15:06:00
14050201211500,11030211529176,,,,,2026-04-21 21:15:00,1405-02-01 21:15:00,,faham,472.0,,,,,,,,,,,,,,,118.0,5.0,226.0,231.10000610351562,227.10000610351562,2.8499999046325684,0.0,0.41999998688697815,474.0,637.0,0.0,93.0,0,0,2026-05-29 15:11:00
14050201213000,11030211529176,,,,,2026-04-21 21:30:00,1405-02-01 21:30:00,,faham,359.0,,,,,,,,,,,,,,,90.0,6.0,224.10000610351562,235.10000610351562,227.8000030517578,2.4000000953674316,0.0,0.41999998688697815,364.0,560.0,0.0,95.0,0,0,2026-05-29 15:11:00
14050201214500,11030211529176,,,,,2026-04-21 21:45:00,1405-02-01 21:45:00,,faham,321.0,,,,,,,,,,,,,,,80.0,5.0,225.5,235.39999389648438,227.60000610351562,2.25,0.0,0.41999998688697815,320.0,531.0,0.0,97.0,0,0,2026-05-29 15:17:00
14050201220000,11030211529176,,,,,2026-04-21 22:00:00,1405-02-01 22:00:00,,faham,487.0,,,,,,,,,,,,,,,122.0,5.0,227.6999969482422,235.1999969482422,227.10000610351562,2.9100000858306885,0.0,0.41999998688697815,488.0,642.0,0.0,93.0,0,0,2026-05-29 15:17:00
14050201221500,11030211529176,,,,,2026-04-21 22:15:00,1405-02-01 22:15:00,,faham,487.0,,,,,,,,,,,,,,,122.0,5.0,226.5,236.60000610351562,227.89999389648438,2.890000104904175,0.0,0.41999998688697815,489.0,648.0,0.0,91.0,0,0,2026-05-29 15:23:00
14050201223000,11030211529176,,,,,2026-04-21 22:30:00,1405-02-01 22:30:00,,faham,421.0,,,,,,,,,,,,,,,105.0,6.0,228.0,235.0,229.6999969482422,2.5799999237060547,0.0,0.4300000071525574,426.0,612.0,0.0,94.0,0,0,2026-05-29 15:23:00
14050201224500,11030211529176,,,,,2026-04-21 22:45:00,1405-02-01 22:45:00,,faham,811.0,,,,,,,,,,,,,,,203.0,41.0,226.8000030517578,236.39999389648438,229.1999969482422,3.609999895095825,0.3700000047683716,0.8500000238418579,804.0,706.0,0.0,93.0,0,0,2026-05-29 15:28:00
14050201230000,11030211529176,,,,,2026-04-21 23:00:00,1405-02-01 23:00:00,,faham,815.0,,,,,,,,,,,,,,,204.0,6.0,226.10000610351562,234.60000610351562,229.5,4.090000152587891,0.0,0.4399999976158142,820.0,785.0,0.0,86.0,0,0,2026-05-29 15:28:00
14050201231500,11030211529176,,,,,2026-04-21 23:15:00,1405-02-01 23:15:00,,faham,495.0,,,,,,,,,,,,,,,124.0,6.0,225.0,232.6999969482422,228.8000030517578,2.8499999046325684,0.0,0.44999998807907104,500.0,664.0,0.0,91.0,0,0,2026-05-29 15:33:00
14050201233000,11030211529176,,,,,2026-04-21 23:30:00,1405-02-01 23:30:00,,faham,411.0,,,,,,,,,,,,,,,103.0,5.0,225.89999389648438,233.39999389648438,227.1999969482422,2.5399999618530273,0.0,0.4300000071525574,416.0,608.0,0.0,94.0,0,0,2026-05-29 15:33:00
14050201234500,11030211529176,,,,,2026-04-21 23:45:00,1405-02-01 23:45:00,,faham,336.0,,,,,,,,,,,,,,,84.0,5.0,227.3000030517578,233.3000030517578,228.60000610351562,2.2300000190734863,0.0,0.4300000071525574,337.0,556.0,0.0,98.0,0,0,2026-05-29 15:39:00
14050201000000,11030211544952,,,,,2026-04-21 00:00:00,1405-02-01 00:00:00,,faham,319.0,,,,,,,,,,,,,,,,,232.89999389648438,231.10000610351562,231.0,0.0,0.07999999821186066,6.269999980926514,,219.0,,,,0,2026-05-29 10:51:00
14050201001500,11030211544952,,,,,2026-04-21 00:15:00,1405-02-01 00:15:00,,faham,318.0,,,,,,,,,,,,,,,,,232.60000610351562,230.5,230.6999969482422,0.0,0.07999999821186066,6.260000228881836,,219.0,,,,0,2026-05-29 10:57:00
14050201003000,11030211544952,,,,,2026-04-21 00:30:00,1405-02-01 00:30:00,,faham,314.0,,,,,,,,,,,,,,,,,230.8000030517578,230.5,229.8000030517578,0.0,0.07999999821186066,6.170000076293945,,220.0,,,,0,2026-05-29 10:57:00
14050201004500,11030211544952,,,,,2026-04-21 00:45:00,1405-02-01 00:45:00,,faham,318.0,,,,,,,,,,,,,,,,,231.6999969482422,231.6999969482422,230.89999389648438,0.0,0.07999999821186066,6.269999980926514,,219.0,,,,0,2026-05-29 11:03:00
14050201010000,11030211544952,,,,,2026-04-21 01:00:00,1405-02-01 01:00:00,,faham,322.0,,,,,,,,,,,,,,,,,232.8000030517578,233.1999969482422,232.0,0.0,0.07999999821186066,6.349999904632568,,217.0,,,,0,2026-05-29 11:03:00
14050201011500,11030211544952,,,,,2026-04-21 01:15:00,1405-02-01 01:15:00,,faham,322.0,,,,,,,,,,,,,,,,,233.10000610351562,233.1999969482422,231.60000610351562,0.0,0.07999999821186066,6.369999885559082,,217.0,,,,0,2026-05-29 11:09:00
14050201013000,11030211544952,,,,,2026-04-21 01:30:00,1405-02-01 01:30:00,,faham,323.0,,,,,,,,,,,,,,,,,232.8000030517578,233.89999389648438,231.89999389648438,0.0,0.07999999821186066,6.360000133514404,,217.0,,,,0,2026-05-29 11:09:00
14050201014500,11030211544952,,,,,2026-04-21 01:45:00,1405-02-01 01:45:00,,faham,323.0,,,,,,,,,,,,,,,,,233.0,233.8000030517578,232.1999969482422,0.0,0.07999999821186066,6.380000114440918,,217.0,,,,0,2026-05-29 11:14:00
14050201020000,11030211544952,,,,,2026-04-21 02:00:00,1405-02-01 02:00:00,,faham,323.0,,,,,,,,,,,,,,,,,233.3000030517578,233.6999969482422,232.3000030517578,0.0,0.07999999821186066,6.380000114440918,,217.0,,,,0,2026-05-29 11:14:00
14050201021500,11030211544952,,,,,2026-04-21 02:15:00,1405-02-01 02:15:00,,faham,321.0,,,,,,,,,,,,,,,,,232.3000030517578,233.10000610351562,231.39999389648438,0.0,0.07999999821186066,6.329999923706055,,217.0,,,,0,2026-05-29 11:19:00
14050201023000,11030211544952,,,,,2026-04-21 02:30:00,1405-02-01 02:30:00,,faham,322.0,,,,,,,,,,,,,,,,,232.89999389648438,233.10000610351562,231.8000030517578,0.0,0.07999999821186066,6.380000114440918,,217.0,,,,0,2026-05-29 11:19:00
14050201024500,11030211544952,,,,,2026-04-21 02:45:00,1405-02-01 02:45:00,,faham,324.0,,,,,,,,,,,,,,,,,233.8000030517578,234.10000610351562,232.5,0.0,0.07999999821186066,6.400000095367432,,216.0,,,,0,2026-05-29 11:24:00
14050201030000,11030211544952,,,,,2026-04-21 03:00:00,1405-02-01 03:00:00,,faham,324.0,,,,,,,,,,,,,,,,,233.1999969482422,233.6999969482422,232.3000030517578,0.0,0.07999999821186066,6.400000095367432,,216.0,,,,0,2026-05-29 11:24:00
14050201031500,11030211544952,,,,,2026-04-21 03:15:00,1405-02-01 03:15:00,,faham,323.0,,,,,,,,,,,,,,,,,232.89999389648438,233.3000030517578,231.89999389648438,0.0,0.07999999821186066,6.400000095367432,,216.0,,,,0,2026-05-29 11:28:00
14050201033000,11030211544952,,,,,2026-04-21 03:30:00,1405-02-01 03:30:00,,faham,323.0,,,,,,,,,,,,,,,,,233.10000610351562,233.39999389648438,232.0,0.0,0.07999999821186066,6.400000095367432,,216.0,,,,0,2026-05-29 11:28:00
14050201034500,11030211544952,,,,,2026-04-21 03:45:00,1405-02-01 03:45:00,,faham,324.0,,,,,,,,,,,,,,,,,232.8000030517578,233.6999969482422,232.1999969482422,0.0,0.07999999821186066,6.409999847412109,,216.0,,,,0,2026-05-29 11:34:00
14050201040000,11030211544952,,,,,2026-04-21 04:00:00,1405-02-01 04:00:00,,faham,325.0,,,,,,,,,,,,,,,,,233.39999389648438,233.89999389648438,232.60000610351562,0.0,0.07999999821186066,6.429999828338623,,216.0,,,,0,2026-05-29 11:34:00
14050201041500,11030211544952,,,,,2026-04-21 04:15:00,1405-02-01 04:15:00,,faham,324.0,,,,,,,,,,,,,,,,,233.10000610351562,234.0,232.3000030517578,0.0,0.07999999821186066,6.409999847412109,,216.0,,,,0,2026-05-29 11:39:00
14050201043000,11030211544952,,,,,2026-04-21 04:30:00,1405-02-01 04:30:00,,faham,323.0,,,,,,,,,,,,,,,,,233.60000610351562,233.6999969482422,231.89999389648438,0.0,0.07999999821186066,6.389999866485596,,216.0,,,,0,2026-05-29 11:39:00
14050201044500,11030211544952,,,,,2026-04-21 04:45:00,1405-02-01 04:45:00,,faham,325.0,,,,,,,,,,,,,,,,,233.39999389648438,234.10000610351562,232.6999969482422,0.0,0.07999999821186066,6.429999828338623,,216.0,,,,0,2026-05-29 11:43:00
14050201050000,11030211544952,,,,,2026-04-21 05:00:00,1405-02-01 05:00:00,,faham,323.0,,,,,,,,,,,,,,,,,232.89999389648438,233.6999969482422,232.1999969482422,0.0,0.07999999821186066,6.389999866485596,,217.0,,,,0,2026-05-29 11:43:00
14050201051500,11030211544952,,,,,2026-04-21 05:15:00,1405-02-01 05:15:00,,faham,323.0,,,,,,,,,,,,,,,,,232.3000030517578,233.10000610351562,232.0,0.0,0.07999999821186066,6.360000133514404,,217.0,,,,0,2026-05-29 11:48:00
14050201053000,11030211544952,,,,,2026-04-21 05:30:00,1405-02-01 05:30:00,,faham,322.0,,,,,,,,,,,,,,,,,231.89999389648438,233.1999969482422,231.89999389648438,0.0,0.07999999821186066,6.349999904632568,,217.0,,,,0,2026-05-29 11:48:00
14050201054500,11030211544952,,,,,2026-04-21 05:45:00,1405-02-01 05:45:00,,faham,321.0,,,,,,,,,,,,,,,,,231.89999389648438,232.5,231.8000030517578,0.0,0.07999999821186066,6.329999923706055,,218.0,,,,0,2026-05-29 11:53:00
14050201060000,11030211544952,,,,,2026-04-21 06:00:00,1405-02-01 06:00:00,,faham,321.0,,,,,,,,,,,,,,,,,231.8000030517578,232.39999389648438,231.60000610351562,0.0,0.07999999821186066,6.329999923706055,,218.0,,,,0,2026-05-29 11:53:00
14050201061500,11030211544952,,,,,2026-04-21 06:15:00,1405-02-01 06:15:00,,faham,317.0,,,,,,,,,,,,,,,,,232.39999389648438,232.3000030517578,230.39999389648438,0.0,0.07999999821186066,6.230000019073486,,219.0,,,,0,2026-05-29 11:58:00
14050201063000,11030211544952,,,,,2026-04-21 06:30:00,1405-02-01 06:30:00,,faham,313.0,,,,,,,,,,,,,,,,,231.0,230.6999969482422,229.39999389648438,0.0,0.07999999821186066,6.150000095367432,,220.0,,,,0,2026-05-29 11:58:00
14050201064500,11030211544952,,,,,2026-04-21 06:45:00,1405-02-01 06:45:00,,faham,309.0,,,,,,,,,,,,,,,,,230.1999969482422,229.39999389648438,228.10000610351562,0.0,0.07000000029802322,6.03000020980835,,223.0,,,,0,2026-05-29 12:03:00
14050201070000,11030211544952,,,,,2026-04-21 07:00:00,1405-02-01 07:00:00,,faham,305.0,,,,,,,,,,,,,,,,,228.60000610351562,228.5,227.10000610351562,0.0,0.07000000029802322,5.940000057220459,,224.0,,,,0,2026-05-29 12:03:00
14050201071500,11030211544952,,,,,2026-04-21 07:15:00,1405-02-01 07:15:00,,faham,311.0,,,,,,,,,,,,,,,,,229.6999969482422,230.0,228.39999389648438,0.0,0.07999999821186066,6.090000152587891,,222.0,,,,0,2026-05-29 12:08:00
14050201073000,11030211544952,,,,,2026-04-21 07:30:00,1405-02-01 07:30:00,,faham,311.0,,,,,,,,,,,,,,,,,228.8000030517578,229.10000610351562,228.5,0.0,0.07000000029802322,6.090000152587891,,222.0,,,,0,2026-05-29 12:08:00
14050201074500,11030211544952,,,,,2026-04-21 07:45:00,1405-02-01 07:45:00,,faham,314.0,,,,,,,,,,,,,,,,,230.5,229.8000030517578,229.10000610351562,0.0,0.07999999821186066,6.139999866485596,,221.0,,,,0,2026-05-29 12:13:00
14050201080000,11030211544952,,,,,2026-04-21 08:00:00,1405-02-01 08:00:00,,faham,315.0,,,,,,,,,,,,,,,,,231.60000610351562,229.8000030517578,229.6999969482422,0.0,0.07999999821186066,6.159999847412109,,221.0,,,,0,2026-05-29 12:13:00
14050201081500,11030211544952,,,,,2026-04-21 08:15:00,1405-02-01 08:15:00,,faham,309.0,,,,,,,,,,,,,,,,,230.0,227.6999969482422,227.89999389648438,0.0,0.07000000029802322,6.03000020980835,,223.0,,,,0,2026-05-29 12:18:00
14050201083000,11030211544952,,,,,2026-04-21 08:30:00,1405-02-01 08:30:00,,faham,318.0,,,,,,,,,,,,,,,,,228.3000030517578,227.8000030517578,227.10000610351562,0.0,0.12999999523162842,5.960000038146973,,231.0,,,,0,2026-05-29 12:18:00
14050201084500,11030211544952,,,,,2026-04-21 08:45:00,1405-02-01 08:45:00,,faham,354.0,,,,,,,,,,,,,,,,,229.10000610351562,228.8000030517578,228.60000610351562,0.17000000178813934,0.20000000298023224,6.079999923706055,,238.0,,,,0,2026-05-29 12:23:00
14050201090000,11030211544952,,,,,2026-04-21 09:00:00,1405-02-01 09:00:00,,faham,349.0,,,,,,,,,,,,,,,,,229.3000030517578,228.39999389648438,228.6999969482422,0.10999999940395355,0.20999999344348907,6.090000152587891,,237.0,,,,0,2026-05-29 12:23:00
14050201091500,11030211544952,,,,,2026-04-21 09:15:00,1405-02-01 09:15:00,,faham,382.0,,,,,,,,,,,,,,,,,229.10000610351562,228.5,227.89999389648438,0.3199999928474426,0.2199999988079071,6.039999961853027,,248.0,,,,0,2026-05-29 12:28:00
14050201093000,11030211544952,,,,,2026-04-21 09:30:00,1405-02-01 09:30:00,,faham,385.0,,,,,,,,,,,,,,,,,229.5,228.3000030517578,227.60000610351562,0.4099999964237213,0.20000000298023224,6.010000228881836,,247.0,,,,0,2026-05-29 12:28:00
14050201094500,11030211544952,,,,,2026-04-21 09:45:00,1405-02-01 09:45:00,,faham,771.0,,,,,,,,,,,,,,,,,228.8000030517578,228.8000030517578,227.89999389648438,0.6899999976158142,2.259999990463257,6.760000228881836,,267.0,,,,0,2026-05-29 12:33:00
14050201100000,11030211544952,,,,,2026-04-21 10:00:00,1405-02-01 10:00:00,,faham,1093.0,,,,,,,,,,,,,,,,,228.0,228.10000610351562,226.8000030517578,0.550000011920929,3.2899999618530273,7.21999979019165,,379.0,,,,0,2026-05-29 12:33:00
14050201101500,11030211544952,,,,,2026-04-21 10:15:00,1405-02-01 10:15:00,,faham,2055.0,,,,,,,,,,,,,,,,,228.0,227.3000030517578,225.6999969482422,0.3400000035762787,4.150000095367432,8.920000076293945,,658.0,,,,0,2026-05-29 12:39:00
14050201103000,11030211544952,,,,,2026-04-21 10:30:00,1405-02-01 10:30:00,,faham,1307.0,,,,,,,,,,,,,,,,,226.5,227.60000610351562,227.0,0.12999999523162842,3.0199999809265137,7.440000057220459,,475.0,,,,0,2026-05-29 12:39:00
14050201104500,11030211544952,,,,,2026-04-21 10:45:00,1405-02-01 10:45:00,,faham,2266.0,,,,,,,,,,,,,,,,,227.89999389648438,227.10000610351562,225.6999969482422,0.0,5.230000019073486,9.149999618530273,,681.0,,,,0,2026-05-29 12:43:00
14050201110000,11030211544952,,,,,2026-04-21 11:00:00,1405-02-01 11:00:00,,faham,1346.0,,,,,,,,,,,,,,,,,227.89999389648438,226.39999389648438,225.8000030517578,0.11999999731779099,5.639999866485596,6.010000228881836,,498.0,,,,0,2026-05-29 12:43:00
14050201111500,11030211544952,,,,,2026-04-21 11:15:00,1405-02-01 11:15:00,,faham,2336.0,,,,,,,,,,,,,,,,,227.89999389648438,226.1999969482422,227.60000610351562,0.9200000166893005,10.529999732971191,6.980000019073486,,526.0,,,,0,2026-05-29 12:49:00
14050201113000,11030211544952,,,,,2026-04-21 11:30:00,1405-02-01 11:30:00,,faham,1753.0,,,,,,,,,,,,,,,,,228.0,225.3000030517578,227.5,0.0,8.020000457763672,6.090000152587891,,457.0,,,,0,2026-05-29 12:49:00
14050201114500,11030211544952,,,,,2026-04-21 11:45:00,1405-02-01 11:45:00,,faham,429.0,,,,,,,,,,,,,,,,,228.60000610351562,227.10000610351562,226.39999389648438,0.20999999344348907,0.6499999761581421,5.920000076293945,,273.0,,,,0,2026-05-29 12:53:00
14050201120000,11030211544952,,,,,2026-04-21 12:00:00,1405-02-01 12:00:00,,faham,1920.0,,,,,,,,,,,,,,,,,229.5,227.8000030517578,228.1999969482422,0.05999999865889549,9.460000038146973,6.199999809265137,,409.0,,,,0,2026-05-29 12:53:00
14050201121500,11030211544952,,,,,2026-04-21 12:15:00,1405-02-01 12:15:00,,faham,1716.0,,,,,,,,,,,,,,,,,230.1999969482422,228.89999389648438,229.10000610351562,0.0,7.820000171661377,6.199999809265137,,479.0,,,,0,2026-05-29 12:58:00
14050201123000,11030211544952,,,,,2026-04-21 12:30:00,1405-02-01 12:30:00,,faham,3254.0,,,,,,,,,,,,,,,,,229.89999389648438,226.60000610351562,229.0,0.36000001430511475,15.829999923706055,6.679999828338623,,581.0,,,,0,2026-05-29 12:58:00
14050201124500,11030211544952,,,,,2026-04-21 12:45:00,1405-02-01 12:45:00,,faham,3821.0,,,,,,,,,,,,,,,,,230.5,227.6999969482422,229.1999969482422,3.9000000953674316,17.610000610351562,10.0,,523.0,,,,64,2026-05-29 13:03:00
14050201130000,11030211544952,,,,,2026-04-21 13:00:00,1405-02-01 13:00:00,,faham,2365.0,,,,,,,,,,,,,,,,,231.5,229.1999969482422,231.39999389648438,0.6000000238418579,11.119999885559082,6.46999979019165,,498.0,,,,0,2026-05-29 13:03:00
14050201131500,11030211544952,,,,,2026-04-21 13:15:00,1405-02-01 13:15:00,,faham,951.0,,,,,,,,,,,,,,,,,229.60000610351562,228.3000030517578,228.60000610351562,0.0,3.890000104904175,6.130000114440918,,298.0,,,,0,2026-05-29 13:09:00
14050201133000,11030211544952,,,,,2026-04-21 13:30:00,1405-02-01 13:30:00,,faham,309.0,,,,,,,,,,,,,,,,,229.5,227.60000610351562,227.3000030517578,0.0,0.07999999821186066,5.980000019073486,,225.0,,,,0,2026-05-29 13:09:00
14050201134500,11030211544952,,,,,2026-04-21 13:45:00,1405-02-01 13:45:00,,faham,306.0,,,,,,,,,,,,,,,,,227.5,227.6999969482422,226.8000030517578,0.0,0.07999999821186066,5.920000076293945,,226.0,,,,0,2026-05-29 13:13:00
14050201140000,11030211544952,,,,,2026-04-21 14:00:00,1405-02-01 14:00:00,,faham,307.0,,,,,,,,,,,,,,,,,227.1999969482422,228.5,227.10000610351562,0.0,0.09000000357627869,5.920000076293945,,226.0,,,,0,2026-05-29 13:13:00
14050201141500,11030211544952,,,,,2026-04-21 14:15:00,1405-02-01 14:15:00,,faham,309.0,,,,,,,,,,,,,,,,,226.39999389648438,226.6999969482422,225.6999969482422,0.0,0.12999999523162842,5.820000171661377,,231.0,,,,0,2026-05-29 13:19:00
14050201143000,11030211544952,,,,,2026-04-21 14:30:00,1405-02-01 14:30:00,,faham,1236.0,,,,,,,,,,,,,,,,,225.0,225.6999969482422,224.89999389648438,0.0,5.289999961853027,5.840000152587891,,412.0,,,,0,2026-05-29 13:19:00
14050201144500,11030211544952,,,,,2026-04-21 14:45:00,1405-02-01 14:45:00,,faham,766.0,,,,,,,,,,,,,,,,,225.0,225.5,224.5,1.2300000190734863,2.880000114440918,6.96999979019165,,294.0,,,,64,2026-05-29 13:24:00
14050201150000,11030211544952,,,,,2026-04-21 15:00:00,1405-02-01 15:00:00,,faham,1765.0,,,,,,,,,,,,,,,,,226.1999969482422,225.6999969482422,225.39999389648438,1.649999976158142,5.75,6.849999904632568,,432.0,,,,64,2026-05-29 13:24:00
14050201151500,11030211544952,,,,,2026-04-21 15:15:00,1405-02-01 15:15:00,,faham,1010.0,,,,,,,,,,,,,,,,,224.1999969482422,224.5,223.89999389648438,0.029999999329447746,4.329999923706055,5.75,,334.0,,,,0,2026-05-29 13:30:00
14050201153000,11030211544952,,,,,2026-04-21 15:30:00,1405-02-01 15:30:00,,faham,395.0,,,,,,,,,,,,,,,,,224.60000610351562,224.8000030517578,222.8000030517578,0.0,0.7200000286102295,5.610000133514404,,277.0,,,,0,2026-05-29 13:30:00
14050201154500,11030211544952,,,,,2026-04-21 15:45:00,1405-02-01 15:45:00,,faham,1176.0,,,,,,,,,,,,,,,,,226.89999389648438,224.3000030517578,225.1999969482422,0.0,5.380000114440918,5.880000114440918,,339.0,,,,0,2026-05-29 13:34:00
14050201160000,11030211544952,,,,,2026-04-21 16:00:00,1405-02-01 16:00:00,,faham,1119.0,,,,,,,,,,,,,,,,,228.1999969482422,226.8000030517578,227.39999389648438,0.0,4.960000038146973,6.050000190734863,,333.0,,,,0,2026-05-29 13:34:00
14050201161500,11030211544952,,,,,2026-04-21 16:15:00,1405-02-01 16:15:00,,faham,2404.0,,,,,,,,,,,,,,,,,229.8000030517578,227.5,228.0,0.0,11.600000381469727,6.179999828338623,,483.0,,,,0,2026-05-29 13:39:00
14050201163000,11030211544952,,,,,2026-04-21 16:30:00,1405-02-01 16:30:00,,faham,1026.0,,,,,,,,,,,,,,,,,229.6999969482422,229.0,228.89999389648438,0.0,3.450000047683716,6.130000114440918,,398.0,,,,0,2026-05-29 13:39:00
14050201164500,11030211544952,,,,,2026-04-21 16:45:00,1405-02-01 16:45:00,,faham,1630.0,,,,,,,,,,,,,,,,,230.1999969482422,228.8000030517578,228.8000030517578,0.0,7.880000114440918,6.21999979019165,,376.0,,,,0,2026-05-29 13:43:00
14050201170000,11030211544952,,,,,2026-04-21 17:00:00,1405-02-01 17:00:00,,faham,1227.0,,,,,,,,,,,,,,,,,231.3000030517578,230.10000610351562,230.0,0.0,5.440000057220459,6.28000020980835,,348.0,,,,0,2026-05-29 13:43:00
14050201171500,11030211544952,,,,,2026-04-21 17:15:00,1405-02-01 17:15:00,,faham,417.0,,,,,,,,,,,,,,,,,233.0,233.0,231.39999389648438,0.0,0.6700000166893005,6.320000171661377,,258.0,,,,0,2026-05-29 13:48:00
14050201173000,11030211544952,,,,,2026-04-21 17:30:00,1405-02-01 17:30:00,,faham,841.0,,,,,,,,,,,,,,,,,232.89999389648438,232.60000610351562,231.60000610351562,1.75,2.4200000762939453,8.069999694824219,,277.0,,,,64,2026-05-29 13:48:00
14050201174500,11030211544952,,,,,2026-04-21 17:45:00,1405-02-01 17:45:00,,faham,1717.0,,,,,,,,,,,,,,,,,232.0,230.89999389648438,231.6999969482422,0.5299999713897705,7.480000019073486,6.46999979019165,,398.0,,,,0,2026-05-29 13:53:00
14050201180000,11030211544952,,,,,2026-04-21 18:00:00,1405-02-01 18:00:00,,faham,2388.0,,,,,,,,,,,,,,,595.0,428.0,232.4,230.4,230.8,1.44,9.43,7.27,2306.0,513.0,0.0,5.0,0,64,
14050201181500,11030211544952,,,,,2026-04-21 18:15:00,1405-02-01 18:15:00,,faham,2673.0,,,,,,,,,,,,,,,,,232.39999389648438,230.3000030517578,230.6999969482422,0.9100000262260437,10.90999984741211,6.78000020980835,,559.0,,,,0,2026-05-29 13:56:00
14050201183000,11030211544952,,,,,2026-04-21 18:30:00,1405-02-01 18:30:00,,faham,1775.0,,,,,,,,,,,,,,,,,232.10000610351562,230.8000030517578,230.89999389648438,0.8700000047683716,5.340000152587891,6.659999847412109,,555.0,,,,0,2026-05-29 13:56:00
14050201184500,11030211544952,,,,,2026-04-21 18:45:00,1405-02-01 18:45:00,,faham,993.0,,,,,,,,,,,,,,,,,232.3000030517578,231.39999389648438,231.39999389648438,0.9100000262260437,1.3200000524520874,6.690000057220459,,480.0,,,,0,2026-05-29 14:46:00
14050201190000,11030211544952,,,,,2026-04-21 19:00:00,1405-02-01 19:00:00,,faham,2112.0,,,,,,,,,,,,,,,,,231.10000610351562,230.0,230.60000610351562,4.599999904632568,5.75,10.34000015258789,,448.0,,,,0,2026-05-29 14:46:00
14050201191500,11030211544952,,,,,2026-04-21 19:15:00,1405-02-01 19:15:00,,faham,3570.0,,,,,,,,,,,,,,,,,233.1999969482422,229.6999969482422,232.60000610351562,1.440000057220459,13.819999694824219,7.429999828338623,,630.0,,,,64,2026-05-29 14:51:00
14050201193000,11030211544952,,,,,2026-04-21 19:30:00,1405-02-01 19:30:00,,faham,3964.0,,,,,,,,,,,,,,,,,234.1999969482422,230.1999969482422,233.8000030517578,1.0,14.970000267028809,7.079999923706055,,725.0,,,,64,2026-05-29 14:51:00
14050201194500,11030211544952,,,,,2026-04-21 19:45:00,1405-02-01 19:45:00,,faham,2120.0,,,,,,,,,,,,,,,,,235.8000030517578,231.5,233.3000030517578,0.8999999761581421,6.260000228881836,6.840000152587891,,614.0,,,,0,2026-05-29 14:56:00
14050201200000,11030211544952,,,,,2026-04-21 20:00:00,1405-02-01 20:00:00,,faham,844.0,,,,,,,,,,,,,,,,,234.39999389648438,232.60000610351562,233.10000610351562,0.8799999952316284,0.5699999928474426,6.769999980926514,,439.0,,,,0,2026-05-29 14:56:00
14050201201500,11030211544952,,,,,2026-04-21 20:15:00,1405-02-01 20:15:00,,faham,366.0,,,,,,,,,,,,,,,,,233.1999969482422,231.89999389648438,232.8000030517578,0.15000000596046448,0.12999999523162842,6.420000076293945,,233.0,,,,0,2026-05-29 15:01:00
14050201203000,11030211544952,,,,,2026-04-21 20:30:00,1405-02-01 20:30:00,,faham,326.0,,,,,,,,,,,,,,,,,233.10000610351562,231.6999969482422,233.0,0.0,0.07999999821186066,6.449999809265137,,215.0,,,,0,2026-05-29 15:01:00
14050201204500,11030211544952,,,,,2026-04-21 20:45:00,1405-02-01 20:45:00,,faham,322.0,,,,,,,,,,,,,,,,,232.8000030517578,231.1999969482422,232.0,0.0,0.07999999821186066,6.360000133514404,,217.0,,,,0,2026-05-29 15:06:00
14050201210000,11030211544952,,,,,2026-04-21 21:00:00,1405-02-01 21:00:00,,faham,321.0,,,,,,,,,,,,,,,,,232.8000030517578,231.6999969482422,231.60000610351562,0.0,0.07999999821186066,6.320000171661377,,218.0,,,,0,2026-05-29 15:06:00
14050201211500,11030211544952,,,,,2026-04-21 21:15:00,1405-02-01 21:15:00,,faham,323.0,,,,,,,,,,,,,,,,,234.1999969482422,232.60000610351562,232.1999969482422,0.0,0.07999999821186066,6.369999885559082,,217.0,,,,0,2026-05-29 15:11:00
14050201213000,11030211544952,,,,,2026-04-21 21:30:00,1405-02-01 21:30:00,,faham,326.0,,,,,,,,,,,,,,,,,234.89999389648438,233.1999969482422,232.89999389648438,0.0,0.07999999821186066,6.440000057220459,,216.0,,,,0,2026-05-29 15:11:00
14050201214500,11030211544952,,,,,2026-04-21 21:45:00,1405-02-01 21:45:00,,faham,327.0,,,,,,,,,,,,,,,,,235.10000610351562,233.5,233.1999969482422,0.0,0.07999999821186066,6.489999771118164,,215.0,,,,0,2026-05-29 15:17:00
14050201220000,11030211544952,,,,,2026-04-21 22:00:00,1405-02-01 22:00:00,,faham,328.0,,,,,,,,,,,,,,,,,234.8000030517578,233.3000030517578,233.39999389648438,0.0,0.07999999821186066,6.5,,215.0,,,,0,2026-05-29 15:17:00
14050201221500,11030211544952,,,,,2026-04-21 22:15:00,1405-02-01 22:15:00,,faham,328.0,,,,,,,,,,,,,,,,,235.1999969482422,233.0,233.5,0.0,0.07999999821186066,6.5,,215.0,,,,0,2026-05-29 15:23:00
14050201223000,11030211544952,,,,,2026-04-21 22:30:00,1405-02-01 22:30:00,,faham,325.0,,,,,,,,,,,,,,,,,234.1999969482422,232.1999969482422,232.6999969482422,0.0,0.07999999821186066,6.409999847412109,,216.0,,,,0,2026-05-29 15:23:00
14050201224500,11030211544952,,,,,2026-04-21 22:45:00,1405-02-01 22:45:00,,faham,320.0,,,,,,,,,,,,,,,,,235.10000610351562,230.89999389648438,231.1999969482422,0.0,0.07999999821186066,6.289999961853027,,218.0,,,,0,2026-05-29 15:28:00
14050201230000,11030211544952,,,,,2026-04-21 23:00:00,1405-02-01 23:00:00,,faham,316.0,,,,,,,,,,,,,,,,,232.10000610351562,230.8000030517578,230.10000610351562,0.0,0.07999999821186066,6.190000057220459,,220.0,,,,0,2026-05-29 15:28:00
14050201231500,11030211544952,,,,,2026-04-21 23:15:00,1405-02-01 23:15:00,,faham,316.0,,,,,,,,,,,,,,,,,231.0,230.6999969482422,229.8000030517578,0.0,0.07999999821186066,6.199999809265137,,220.0,,,,0,2026-05-29 15:33:00
14050201233000,11030211544952,,,,,2026-04-21 23:30:00,1405-02-01 23:30:00,,faham,317.0,,,,,,,,,,,,,,,,,231.3000030517578,231.10000610351562,230.3000030517578,0.0,0.07999999821186066,6.230000019073486,,219.0,,,,0,2026-05-29 15:33:00
14050201234500,11030211544952,,,,,2026-04-21 23:45:00,1405-02-01 23:45:00,,faham,319.0,,,,,,,,,,,,,,,,,232.39999389648438,231.39999389648438,230.89999389648438,0.0,0.07999999821186066,6.28000020980835,,219.0,,,,0,2026-05-29 15:39:00
14050201000000,11030313519307,,,,,2026-04-21 00:00:00,1405-02-01 00:00:00,,faham,0.0,,,,,,,,,,,,,,,0.0,0.0,229.8000030517578,227.8000030517578,226.39999389648438,0.0,0.0,0.0,0.0,1000.0,0.0,0.0,0,0,2026-05-29 10:51:00
14050201001500,11030313519307,,,,,2026-04-21 00:15:00,1405-02-01 00:15:00,,faham,0.0,,,,,,,,,,,,,,,0.0,0.0,230.1999969482422,227.8000030517578,227.10000610351562,0.0,0.0,0.0,0.0,1000.0,0.0,0.0,0,0,2026-05-29 10:57:00
14050201003000,11030313519307,,,,,2026-04-21 00:30:00,1405-02-01 00:30:00,,faham,0.0,,,,,,,,,,,,,,,0.0,0.0,230.3000030517578,228.10000610351562,227.8000030517578,0.0,0.0,0.0,0.0,1000.0,0.0,0.0,0,0,2026-05-29 10:57:00
14050201004500,11030313519307,,,,,2026-04-21 00:45:00,1405-02-01 00:45:00,,faham,0.0,,,,,,,,,,,,,,,0.0,0.0,230.8000030517578,228.3000030517578,227.8000030517578,0.0,0.0,0.0,0.0,1000.0,0.0,0.0,0,0,2026-05-29 11:03:00
14050201010000,11030313519307,,,,,2026-04-21 01:00:00,1405-02-01 01:00:00,,faham,0.0,,,,,,,,,,,,,,,0.0,0.0,230.6999969482422,228.6999969482422,227.89999389648438,0.0,0.0,0.0,0.0,1000.0,0.0,0.0,0,0,2026-05-29 11:03:00
14050201011500,11030313519307,,,,,2026-04-21 01:15:00,1405-02-01 01:15:00,,faham,0.0,,,,,,,,,,,,,,,0.0,0.0,229.89999389648438,228.1999969482422,227.39999389648438,0.0,0.0,0.0,0.0,1000.0,0.0,0.0,0,0,2026-05-29 11:09:00
14050201013000,11030313519307,,,,,2026-04-21 01:30:00,1405-02-01 01:30:00,,faham,0.0,,,,,,,,,,,,,,,0.0,0.0,230.6999969482422,228.39999389648438,227.6999969482422,0.0,0.0,0.0,0.0,1000.0,0.0,0.0,0,0,2026-05-29 11:09:00
14050201014500,11030313519307,,,,,2026-04-21 01:45:00,1405-02-01 01:45:00,,faham,0.0,,,,,,,,,,,,,,,0.0,0.0,230.8000030517578,228.6999969482422,228.0,0.0,0.0,0.0,0.0,1000.0,0.0,0.0,0,0,2026-05-29 11:14:00
14050201020000,11030313519307,,,,,2026-04-21 02:00:00,1405-02-01 02:00:00,,faham,0.0,,,,,,,,,,,,,,,0.0,0.0,231.0,228.60000610351562,228.10000610351562,0.0,0.0,0.0,0.0,1000.0,0.0,0.0,0,0,2026-05-29 11:14:00
14050201021500,11030313519307,,,,,2026-04-21 02:15:00,1405-02-01 02:15:00,,faham,0.0,,,,,,,,,,,,,,,0.0,0.0,231.0,228.8000030517578,228.1999969482422,0.0,0.0,0.0,0.0,1000.0,0.0,0.0,0,0,2026-05-29 11:19:00
14050201023000,11030313519307,,,,,2026-04-21 02:30:00,1405-02-01 02:30:00,,faham,0.0,,,,,,,,,,,,,,,0.0,0.0,230.89999389648438,228.3000030517578,227.6999969482422,0.0,0.0,0.0,0.0,1000.0,0.0,0.0,0,0,2026-05-29 11:19:00
14050201024500,11030313519307,,,,,2026-04-21 02:45:00,1405-02-01 02:45:00,,faham,0.0,,,,,,,,,,,,,,,0.0,0.0,230.8000030517578,228.89999389648438,228.10000610351562,0.0,0.0,0.0,0.0,1000.0,0.0,0.0,0,0,2026-05-29 11:24:00
14050201030000,11030313519307,,,,,2026-04-21 03:00:00,1405-02-01 03:00:00,,faham,0.0,,,,,,,,,,,,,,,0.0,0.0,231.1999969482422,228.89999389648438,228.0,0.0,0.0,0.0,0.0,1000.0,0.0,0.0,0,0,2026-05-29 11:24:00
14050201031500,11030313519307,,,,,2026-04-21 03:15:00,1405-02-01 03:15:00,,faham,0.0,,,,,,,,,,,,,,,0.0,0.0,230.8000030517578,228.10000610351562,227.60000610351562,0.0,0.0,0.0,0.0,1000.0,0.0,0.0,0,0,2026-05-29 11:28:00
14050201033000,11030313519307,,,,,2026-04-21 03:30:00,1405-02-01 03:30:00,,faham,0.0,,,,,,,,,,,,,,,0.0,0.0,230.60000610351562,228.1999969482422,227.5,0.0,0.0,0.0,0.0,1000.0,0.0,0.0,0,0,2026-05-29 11:28:00
14050201034500,11030313519307,,,,,2026-04-21 03:45:00,1405-02-01 03:45:00,,faham,0.0,,,,,,,,,,,,,,,0.0,0.0,230.8000030517578,228.1999969482422,228.1999969482422,0.0,0.0,0.0,0.0,1000.0,0.0,0.0,0,0,2026-05-29 11:34:00
14050201040000,11030313519307,,,,,2026-04-21 04:00:00,1405-02-01 04:00:00,,faham,0.0,,,,,,,,,,,,,,,0.0,0.0,230.89999389648438,228.89999389648438,228.10000610351562,0.0,0.0,0.0,0.0,1000.0,0.0,0.0,0,0,2026-05-29 11:34:00
14050201041500,11030313519307,,,,,2026-04-21 04:15:00,1405-02-01 04:15:00,,faham,0.0,,,,,,,,,,,,,,,0.0,0.0,231.10000610351562,228.8000030517578,228.0,0.0,0.0,0.0,0.0,1000.0,0.0,0.0,0,0,2026-05-29 11:39:00
14050201043000,11030313519307,,,,,2026-04-21 04:30:00,1405-02-01 04:30:00,,faham,0.0,,,,,,,,,,,,,,,0.0,0.0,231.0,228.6999969482422,228.1999969482422,0.0,0.0,0.0,0.0,1000.0,0.0,0.0,0,0,2026-05-29 11:39:00
14050201044500,11030313519307,,,,,2026-04-21 04:45:00,1405-02-01 04:45:00,,faham,0.0,,,,,,,,,,,,,,,0.0,0.0,231.60000610351562,229.39999389648438,228.39999389648438,0.0,0.0,0.0,0.0,1000.0,0.0,0.0,0,0,2026-05-29 11:43:00
14050201050000,11030313519307,,,,,2026-04-21 05:00:00,1405-02-01 05:00:00,,faham,0.0,,,,,,,,,,,,,,,0.0,0.0,231.60000610351562,229.39999389648438,228.39999389648438,0.0,0.0,0.0,0.0,1000.0,0.0,0.0,0,0,2026-05-29 11:43:00
14050201051500,11030313519307,,,,,2026-04-21 05:15:00,1405-02-01 05:15:00,,faham,0.0,,,,,,,,,,,,,,,0.0,0.0,229.60000610351562,227.10000610351562,226.8000030517578,0.0,0.0,0.0,0.0,1000.0,0.0,0.0,0,0,2026-05-29 11:48:00
14050201053000,11030313519307,,,,,2026-04-21 05:30:00,1405-02-01 05:30:00,,faham,0.0,,,,,,,,,,,,,,,0.0,0.0,230.5,228.10000610351562,227.3000030517578,0.0,0.0,0.0,0.0,1000.0,0.0,0.0,0,0,2026-05-29 11:48:00
14050201054500,11030313519307,,,,,2026-04-21 05:45:00,1405-02-01 05:45:00,,faham,0.0,,,,,,,,,,,,,,,0.0,0.0,230.60000610351562,228.6999969482422,227.60000610351562,0.0,0.0,0.0,0.0,1000.0,0.0,0.0,0,0,2026-05-29 11:53:00
14050201060000,11030313519307,,,,,2026-04-21 06:00:00,1405-02-01 06:00:00,,faham,0.0,,,,,,,,,,,,,,,0.0,0.0,230.60000610351562,228.3000030517578,227.8000030517578,0.0,0.0,0.0,0.0,1000.0,0.0,0.0,0,0,2026-05-29 11:53:00
14050201061500,11030313519307,,,,,2026-04-21 06:15:00,1405-02-01 06:15:00,,faham,0.0,,,,,,,,,,,,,,,0.0,0.0,230.5,227.1999969482422,227.60000610351562,0.0,0.0,0.0,0.0,1000.0,0.0,0.0,0,0,2026-05-29 11:58:00
14050201063000,11030313519307,,,,,2026-04-21 06:30:00,1405-02-01 06:30:00,,faham,0.0,,,,,,,,,,,,,,,0.0,0.0,230.0,226.6999969482422,227.5,0.0,0.0,0.0,0.0,1000.0,0.0,0.0,0,0,2026-05-29 11:58:00
14050201064500,11030313519307,,,,,2026-04-21 06:45:00,1405-02-01 06:45:00,,faham,0.0,,,,,,,,,,,,,,,0.0,0.0,229.6999969482422,226.1999969482422,226.60000610351562,0.0,0.0,0.0,0.0,1000.0,0.0,0.0,0,0,2026-05-29 12:03:00
14050201070000,11030313519307,,,,,2026-04-21 07:00:00,1405-02-01 07:00:00,,faham,0.0,,,,,,,,,,,,,,,0.0,0.0,229.1999969482422,225.89999389648438,226.60000610351562,0.0,0.0,0.0,0.0,1000.0,0.0,0.0,0,0,2026-05-29 12:03:00
14050201071500,11030313519307,,,,,2026-04-21 07:15:00,1405-02-01 07:15:00,,faham,0.0,,,,,,,,,,,,,,,0.0,0.0,228.0,224.60000610351562,225.60000610351562,0.0,0.0,0.0,0.0,1000.0,0.0,0.0,0,0,2026-05-29 12:08:00
14050201073000,11030313519307,,,,,2026-04-21 07:30:00,1405-02-01 07:30:00,,faham,0.0,,,,,,,,,,,,,,,0.0,0.0,226.39999389648438,223.6999969482422,224.5,0.0,0.0,0.0,0.0,1000.0,0.0,0.0,0,0,2026-05-29 12:08:00
14050201074500,11030313519307,,,,,2026-04-21 07:45:00,1405-02-01 07:45:00,,faham,0.0,,,,,,,,,,,,,,,0.0,0.0,228.60000610351562,224.8000030517578,225.60000610351562,0.0,0.0,0.0,0.0,1000.0,0.0,0.0,0,0,2026-05-29 12:13:00
14050201080000,11030313519307,,,,,2026-04-21 08:00:00,1405-02-01 08:00:00,,faham,0.0,,,,,,,,,,,,,,,0.0,0.0,228.60000610351562,224.8000030517578,225.8000030517578,0.0,0.0,0.0,0.0,1000.0,0.0,0.0,0,0,2026-05-29 12:13:00
14050201081500,11030313519307,,,,,2026-04-21 08:15:00,1405-02-01 08:15:00,,faham,0.0,,,,,,,,,,,,,,,0.0,0.0,227.3000030517578,223.0,225.10000610351562,0.0,0.0,0.0,0.0,1000.0,0.0,0.0,0,0,2026-05-29 12:18:00
14050201083000,11030313519307,,,,,2026-04-21 08:30:00,1405-02-01 08:30:00,,faham,0.0,,,,,,,,,,,,,,,0.0,0.0,226.60000610351562,222.6999969482422,224.39999389648438,0.0,0.0,0.0,0.0,1000.0,0.0,0.0,0,0,2026-05-29 12:18:00
14050201084500,11030313519307,,,,,2026-04-21 08:45:00,1405-02-01 08:45:00,,faham,0.0,,,,,,,,,,,,,,,0.0,0.0,226.1999969482422,222.10000610351562,224.1999969482422,0.0,0.0,0.0,0.0,1000.0,0.0,0.0,0,0,2026-05-29 12:23:00
14050201090000,11030313519307,,,,,2026-04-21 09:00:00,1405-02-01 09:00:00,,faham,0.0,,,,,,,,,,,,,,,0.0,0.0,225.89999389648438,221.1999969482422,222.89999389648438,0.0,0.0,0.0,0.0,1000.0,0.0,0.0,0,0,2026-05-29 12:23:00
14050201091500,11030313519307,,,,,2026-04-21 09:15:00,1405-02-01 09:15:00,,faham,0.0,,,,,,,,,,,,,,,0.0,0.0,226.60000610351562,221.0,224.0,0.0,0.0,0.0,0.0,1000.0,0.0,0.0,0,0,2026-05-29 12:28:00
14050201093000,11030313519307,,,,,2026-04-21 09:30:00,1405-02-01 09:30:00,,faham,0.0,,,,,,,,,,,,,,,0.0,0.0,230.8000030517578,225.6999969482422,225.60000610351562,0.0,0.0,0.0,0.0,1000.0,0.0,0.0,0,0,2026-05-29 12:28:00
14050201094500,11030313519307,,,,,2026-04-21 09:45:00,1405-02-01 09:45:00,,faham,0.0,,,,,,,,,,,,,,,0.0,0.0,230.8000030517578,225.60000610351562,225.8000030517578,0.0,0.0,0.0,0.0,1000.0,0.0,0.0,0,0,2026-05-29 12:33:00
14050201100000,11030313519307,,,,,2026-04-21 10:00:00,1405-02-01 10:00:00,,faham,0.0,,,,,,,,,,,,,,,0.0,0.0,231.0,225.39999389648438,224.8000030517578,0.0,0.0,0.0,0.0,1000.0,0.0,0.0,0,0,2026-05-29 12:33:00
14050201101500,11030313519307,,,,,2026-04-21 10:15:00,1405-02-01 10:15:00,,faham,0.0,,,,,,,,,,,,,,,0.0,0.0,231.39999389648438,225.3000030517578,225.89999389648438,0.0,0.0,0.0,0.0,1000.0,0.0,0.0,0,0,2026-05-29 12:39:00
14050201103000,11030313519307,,,,,2026-04-21 10:30:00,1405-02-01 10:30:00,,faham,0.0,,,,,,,,,,,,,,,0.0,0.0,231.10000610351562,223.89999389648438,225.39999389648438,0.0,0.0,0.0,0.0,1000.0,0.0,0.0,0,0,2026-05-29 12:39:00
14050201104500,11030313519307,,,,,2026-04-21 10:45:00,1405-02-01 10:45:00,,faham,0.0,,,,,,,,,,,,,,,0.0,0.0,230.8000030517578,224.3000030517578,225.6999969482422,0.0,0.0,0.0,0.0,1000.0,0.0,0.0,0,0,2026-05-29 12:43:00
14050201110000,11030313519307,,,,,2026-04-21 11:00:00,1405-02-01 11:00:00,,faham,0.0,,,,,,,,,,,,,,,0.0,0.0,230.39999389648438,224.8000030517578,224.89999389648438,0.0,0.0,0.0,0.0,1000.0,0.0,0.0,0,0,2026-05-29 12:43:00
14050201111500,11030313519307,,,,,2026-04-21 11:15:00,1405-02-01 11:15:00,,faham,0.0,,,,,,,,,,,,,,,0.0,0.0,230.6999969482422,225.3000030517578,224.6999969482422,0.0,0.0,0.0,0.0,1000.0,0.0,0.0,0,0,2026-05-29 12:49:00
14050201113000,11030313519307,,,,,2026-04-21 11:30:00,1405-02-01 11:30:00,,faham,0.0,,,,,,,,,,,,,,,0.0,0.0,230.3000030517578,225.1999969482422,225.3000030517578,0.0,0.0,0.0,0.0,1000.0,0.0,0.0,0,0,2026-05-29 12:49:00
14050201114500,11030313519307,,,,,2026-04-21 11:45:00,1405-02-01 11:45:00,,faham,0.0,,,,,,,,,,,,,,,0.0,0.0,230.3000030517578,224.60000610351562,225.10000610351562,0.0,0.0,0.0,0.0,1000.0,0.0,0.0,0,0,2026-05-29 12:53:00
14050201120000,11030313519307,,,,,2026-04-21 12:00:00,1405-02-01 12:00:00,,faham,0.0,,,,,,,,,,,,,,,0.0,0.0,230.89999389648438,224.60000610351562,226.10000610351562,0.0,0.0,0.0,0.0,1000.0,0.0,0.0,0,0,2026-05-29 12:53:00
14050201121500,11030313519307,,,,,2026-04-21 12:15:00,1405-02-01 12:15:00,,faham,0.0,,,,,,,,,,,,,,,0.0,0.0,231.8000030517578,225.6999969482422,226.39999389648438,0.0,0.0,0.0,0.0,1000.0,0.0,0.0,0,0,2026-05-29 12:58:00
14050201123000,11030313519307,,,,,2026-04-21 12:30:00,1405-02-01 12:30:00,,faham,0.0,,,,,,,,,,,,,,,0.0,0.0,232.60000610351562,224.8000030517578,227.60000610351562,0.0,0.0,0.0,0.0,1000.0,0.0,0.0,0,0,2026-05-29 12:58:00
14050201124500,11030313519307,,,,,2026-04-21 12:45:00,1405-02-01 12:45:00,,faham,0.0,,,,,,,,,,,,,,,0.0,0.0,232.3000030517578,225.6999969482422,227.39999389648438,0.0,0.0,0.0,0.0,1000.0,0.0,0.0,0,0,2026-05-29 13:03:00
14050201130000,11030313519307,,,,,2026-04-21 13:00:00,1405-02-01 13:00:00,,faham,0.0,,,,,,,,,,,,,,,0.0,0.0,232.60000610351562,226.10000610351562,228.0,0.0,0.0,0.0,0.0,1000.0,0.0,0.0,0,0,2026-05-29 13:03:00
14050201131500,11030313519307,,,,,2026-04-21 13:15:00,1405-02-01 13:15:00,,faham,0.0,,,,,,,,,,,,,,,0.0,0.0,230.10000610351562,224.39999389648438,225.5,0.0,0.0,0.0,0.0,1000.0,0.0,0.0,0,0,2026-05-29 13:09:00
14050201133000,11030313519307,,,,,2026-04-21 13:30:00,1405-02-01 13:30:00,,faham,0.0,,,,,,,,,,,,,,,0.0,0.0,229.8000030517578,223.60000610351562,225.1999969482422,0.0,0.0,0.0,0.0,1000.0,0.0,0.0,0,0,2026-05-29 13:09:00
14050201134500,11030313519307,,,,,2026-04-21 13:45:00,1405-02-01 13:45:00,,faham,0.0,,,,,,,,,,,,,,,0.0,0.0,227.3000030517578,221.3000030517578,223.10000610351562,0.0,0.0,0.0,0.0,1000.0,0.0,0.0,0,0,2026-05-29 13:13:00
14050201140000,11030313519307,,,,,2026-04-21 14:00:00,1405-02-01 14:00:00,,faham,0.0,,,,,,,,,,,,,,,0.0,0.0,226.89999389648438,220.8000030517578,222.89999389648438,0.0,0.0,0.0,0.0,1000.0,0.0,0.0,0,0,2026-05-29 13:13:00
14050201141500,11030313519307,,,,,2026-04-21 14:15:00,1405-02-01 14:15:00,,faham,0.0,,,,,,,,,,,,,,,0.0,0.0,226.6999969482422,220.5,222.0,0.0,0.0,0.0,0.0,1000.0,0.0,0.0,0,0,2026-05-29 13:19:00
14050201143000,11030313519307,,,,,2026-04-21 14:30:00,1405-02-01 14:30:00,,faham,0.0,,,,,,,,,,,,,,,0.0,0.0,229.3000030517578,223.0,224.89999389648438,0.0,0.0,0.0,0.0,1000.0,0.0,0.0,0,0,2026-05-29 13:19:00
14050201144500,11030313519307,,,,,2026-04-21 14:45:00,1405-02-01 14:45:00,,faham,0.0,,,,,,,,,,,,,,,0.0,0.0,230.10000610351562,223.3000030517578,225.89999389648438,0.0,0.0,0.0,0.0,1000.0,0.0,0.0,0,0,2026-05-29 13:24:00
14050201150000,11030313519307,,,,,2026-04-21 15:00:00,1405-02-01 15:00:00,,faham,0.0,,,,,,,,,,,,,,,0.0,0.0,230.60000610351562,223.6999969482422,226.1999969482422,0.0,0.0,0.0,0.0,1000.0,0.0,0.0,0,0,2026-05-29 13:24:00
14050201151500,11030313519307,,,,,2026-04-21 15:15:00,1405-02-01 15:15:00,,faham,0.0,,,,,,,,,,,,,,,0.0,0.0,230.39999389648438,223.39999389648438,226.0,0.0,0.0,0.0,0.0,1000.0,0.0,0.0,0,0,2026-05-29 13:30:00
14050201153000,11030313519307,,,,,2026-04-21 15:30:00,1405-02-01 15:30:00,,faham,0.0,,,,,,,,,,,,,,,0.0,0.0,229.5,223.3000030517578,225.60000610351562,0.0,0.0,0.0,0.0,1000.0,0.0,0.0,0,0,2026-05-29 13:30:00
14050201154500,11030313519307,,,,,2026-04-21 15:45:00,1405-02-01 15:45:00,,faham,0.0,,,,,,,,,,,,,,,0.0,0.0,230.3000030517578,222.89999389648438,224.6999969482422,0.0,0.0,0.0,0.0,1000.0,0.0,0.0,0,0,2026-05-29 13:34:00
14050201160000,11030313519307,,,,,2026-04-21 16:00:00,1405-02-01 16:00:00,,faham,0.0,,,,,,,,,,,,,,,0.0,0.0,230.1999969482422,224.10000610351562,224.89999389648438,0.0,0.0,0.0,0.0,1000.0,0.0,0.0,0,0,2026-05-29 13:34:00
14050201161500,11030313519307,,,,,2026-04-21 16:15:00,1405-02-01 16:15:00,,faham,0.0,,,,,,,,,,,,,,,0.0,0.0,231.10000610351562,225.3000030517578,226.10000610351562,0.0,0.0,0.0,0.0,1000.0,0.0,0.0,0,0,2026-05-29 13:39:00
14050201163000,11030313519307,,,,,2026-04-21 16:30:00,1405-02-01 16:30:00,,faham,0.0,,,,,,,,,,,,,,,0.0,0.0,231.3000030517578,225.10000610351562,226.10000610351562,0.0,0.0,0.0,0.0,1000.0,0.0,0.0,0,0,2026-05-29 13:39:00
14050201164500,11030313519307,,,,,2026-04-21 16:45:00,1405-02-01 16:45:00,,faham,0.0,,,,,,,,,,,,,,,0.0,0.0,230.6999969482422,224.6999969482422,225.5,0.0,0.0,0.0,0.0,1000.0,0.0,0.0,0,0,2026-05-29 13:43:00
14050201170000,11030313519307,,,,,2026-04-21 17:00:00,1405-02-01 17:00:00,,faham,0.0,,,,,,,,,,,,,,,0.0,0.0,230.6999969482422,224.5,225.6999969482422,0.0,0.0,0.0,0.0,1000.0,0.0,0.0,0,0,2026-05-29 13:43:00
14050201171500,11030313519307,,,,,2026-04-21 17:15:00,1405-02-01 17:15:00,,faham,0.0,,,,,,,,,,,,,,,0.0,0.0,231.3000030517578,224.60000610351562,225.3000030517578,0.0,0.0,0.0,0.0,1000.0,0.0,0.0,0,0,2026-05-29 13:48:00
14050201173000,11030313519307,,,,,2026-04-21 17:30:00,1405-02-01 17:30:00,,faham,0.0,,,,,,,,,,,,,,,0.0,0.0,231.3000030517578,224.6999969482422,225.60000610351562,0.0,0.0,0.0,0.0,1000.0,0.0,0.0,0,0,2026-05-29 13:48:00
14050201174500,11030313519307,,,,,2026-04-21 17:45:00,1405-02-01 17:45:00,,faham,0.0,,,,,,,,,,,,,,,0.0,0.0,231.5,225.0,225.6999969482422,0.0,0.0,0.0,0.0,1000.0,0.0,0.0,0,0,2026-05-29 13:53:00
14050201180000,11030313519307,,,,,2026-04-21 18:00:00,1405-02-01 18:00:00,,faham,0.0,,,,,,,,,,,,,,,0.0,0.0,232.1,226.6,226.6,0.0,0.0,0.0,0.0,1000.0,0.0,0.0,0,0,
14050201181500,11030313519307,,,,,2026-04-21 18:15:00,1405-02-01 18:15:00,,faham,0.0,,,,,,,,,,,,,,,0.0,0.0,234.8000030517578,229.6999969482422,230.0,0.0,0.0,0.0,0.0,1000.0,0.0,0.0,0,0,2026-05-29 13:56:00
14050201183000,11030313519307,,,,,2026-04-21 18:30:00,1405-02-01 18:30:00,,faham,0.0,,,,,,,,,,,,,,,0.0,0.0,232.89999389648438,227.8000030517578,227.3000030517578,0.0,0.0,0.0,0.0,1000.0,0.0,0.0,0,0,2026-05-29 13:56:00
14050201184500,11030313519307,,,,,2026-04-21 18:45:00,1405-02-01 18:45:00,,faham,0.0,,,,,,,,,,,,,,,0.0,0.0,230.6999969482422,225.39999389648438,224.89999389648438,0.0,0.0,0.0,0.0,1000.0,0.0,0.0,0,0,2026-05-29 14:46:00
14050201190000,11030313519307,,,,,2026-04-21 19:00:00,1405-02-01 19:00:00,,faham,0.0,,,,,,,,,,,,,,,0.0,0.0,230.0,223.39999389648438,224.1999969482422,0.0,0.0,0.0,0.0,1000.0,0.0,0.0,0,0,2026-05-29 14:46:00
14050201191500,11030313519307,,,,,2026-04-21 19:15:00,1405-02-01 19:15:00,,faham,0.0,,,,,,,,,,,,,,,0.0,0.0,229.6999969482422,224.1999969482422,223.8000030517578,0.0,0.0,0.0,0.0,1000.0,0.0,0.0,0,0,2026-05-29 14:51:00
14050201193000,11030313519307,,,,,2026-04-21 19:30:00,1405-02-01 19:30:00,,faham,0.0,,,,,,,,,,,,,,,0.0,0.0,229.89999389648438,225.0,224.39999389648438,0.0,0.0,0.0,0.0,1000.0,0.0,0.0,0,0,2026-05-29 14:51:00
14050201194500,11030313519307,,,,,2026-04-21 19:45:00,1405-02-01 19:45:00,,faham,0.0,,,,,,,,,,,,,,,0.0,0.0,229.60000610351562,225.0,224.10000610351562,0.0,0.0,0.0,0.0,1000.0,0.0,0.0,0,0,2026-05-29 14:56:00
14050201200000,11030313519307,,,,,2026-04-21 20:00:00,1405-02-01 20:00:00,,faham,0.0,,,,,,,,,,,,,,,0.0,0.0,229.6999969482422,225.5,224.10000610351562,0.0,0.0,0.0,0.0,1000.0,0.0,0.0,0,0,2026-05-29 14:56:00
14050201201500,11030313519307,,,,,2026-04-21 20:15:00,1405-02-01 20:15:00,,faham,0.0,,,,,,,,,,,,,,,0.0,0.0,230.6999969482422,224.5,225.3000030517578,0.0,0.0,0.0,0.0,1000.0,0.0,0.0,0,0,2026-05-29 15:01:00
14050201203000,11030313519307,,,,,2026-04-21 20:30:00,1405-02-01 20:30:00,,faham,0.0,,,,,,,,,,,,,,,0.0,0.0,230.1999969482422,225.3000030517578,224.5,0.0,0.0,0.0,0.0,1000.0,0.0,0.0,0,0,2026-05-29 15:01:00
14050201204500,11030313519307,,,,,2026-04-21 20:45:00,1405-02-01 20:45:00,,faham,0.0,,,,,,,,,,,,,,,0.0,0.0,230.0,225.6999969482422,225.39999389648438,0.0,0.0,0.0,0.0,1000.0,0.0,0.0,0,0,2026-05-29 15:06:00
14050201210000,11030313519307,,,,,2026-04-21 21:00:00,1405-02-01 21:00:00,,faham,0.0,,,,,,,,,,,,,,,0.0,0.0,229.6999969482422,226.0,225.10000610351562,0.0,0.0,0.0,0.0,1000.0,0.0,0.0,0,0,2026-05-29 15:06:00
14050201211500,11030313519307,,,,,2026-04-21 21:15:00,1405-02-01 21:15:00,,faham,0.0,,,,,,,,,,,,,,,0.0,0.0,230.39999389648438,226.89999389648438,225.39999389648438,0.0,0.0,0.0,0.0,1000.0,0.0,0.0,0,0,2026-05-29 15:11:00
14050201213000,11030313519307,,,,,2026-04-21 21:30:00,1405-02-01 21:30:00,,faham,0.0,,,,,,,,,,,,,,,0.0,0.0,231.3000030517578,227.10000610351562,226.3000030517578,0.0,0.0,0.0,0.0,1000.0,0.0,0.0,0,0,2026-05-29 15:11:00
14050201214500,11030313519307,,,,,2026-04-21 21:45:00,1405-02-01 21:45:00,,faham,0.0,,,,,,,,,,,,,,,0.0,0.0,231.5,227.6999969482422,226.3000030517578,0.0,0.0,0.0,0.0,1000.0,0.0,0.0,0,0,2026-05-29 15:17:00
14050201220000,11030313519307,,,,,2026-04-21 22:00:00,1405-02-01 22:00:00,,faham,0.0,,,,,,,,,,,,,,,0.0,0.0,230.60000610351562,228.60000610351562,226.5,0.0,0.0,0.0,0.0,1000.0,0.0,0.0,0,0,2026-05-29 15:17:00
14050201221500,11030313519307,,,,,2026-04-21 22:15:00,1405-02-01 22:15:00,,faham,0.0,,,,,,,,,,,,,,,0.0,0.0,231.0,229.60000610351562,227.60000610351562,0.0,0.0,0.0,0.0,1000.0,0.0,0.0,0,0,2026-05-29 15:23:00
14050201223000,11030313519307,,,,,2026-04-21 22:30:00,1405-02-01 22:30:00,,faham,0.0,,,,,,,,,,,,,,,0.0,0.0,231.6999969482422,229.5,228.39999389648438,0.0,0.0,0.0,0.0,1000.0,0.0,0.0,0,0,2026-05-29 15:23:00
14050201224500,11030313519307,,,,,2026-04-21 22:45:00,1405-02-01 22:45:00,,faham,0.0,,,,,,,,,,,,,,,0.0,0.0,230.6999969482422,227.60000610351562,227.1999969482422,0.0,0.0,0.0,0.0,1000.0,0.0,0.0,0,0,2026-05-29 15:28:00
14050201230000,11030313519307,,,,,2026-04-21 23:00:00,1405-02-01 23:00:00,,faham,0.0,,,,,,,,,,,,,,,0.0,0.0,230.0,226.6999969482422,226.39999389648438,0.0,0.0,0.0,0.0,1000.0,0.0,0.0,0,0,2026-05-29 15:28:00
14050201231500,11030313519307,,,,,2026-04-21 23:15:00,1405-02-01 23:15:00,,faham,0.0,,,,,,,,,,,,,,,0.0,0.0,229.8000030517578,227.60000610351562,225.89999389648438,0.0,0.0,0.0,0.0,1000.0,0.0,0.0,0,0,2026-05-29 15:33:00
14050201233000,11030313519307,,,,,2026-04-21 23:30:00,1405-02-01 23:30:00,,faham,0.0,,,,,,,,,,,,,,,0.0,0.0,230.1999969482422,227.6999969482422,225.8000030517578,0.0,0.0,0.0,0.0,1000.0,0.0,0.0,0,0,2026-05-29 15:33:00
14050201234500,11030313519307,,,,,2026-04-21 23:45:00,1405-02-01 23:45:00,,faham,0.0,,,,,,,,,,,,,,,0.0,0.0,230.6999969482422,228.3000030517578,226.6999969482422,0.0,0.0,0.0,0.0,1000.0,0.0,0.0,0,0,2026-05-29 15:39:00
14050201000000,11030313520546,,,,,2026-04-21 00:00:00,1405-02-01 00:00:00,,faham,59.0,,,,,,,,,,,,,,,,,225.39999389648438,226.1999969482422,224.6999969482422,0.05000000074505806,0.12999999523162842,0.4099999964237213,,343.0,,,,0,2026-05-29 10:51:00
14050201001500,11030313520546,,,,,2026-04-21 00:15:00,1405-02-01 00:15:00,,faham,61.0,,,,,,,,,,,,,,,,,225.5,227.1999969482422,225.5,0.05999999865889549,0.12999999523162842,0.4099999964237213,,336.0,,,,0,2026-05-29 10:57:00
14050201003000,11030313520546,,,,,2026-04-21 00:30:00,1405-02-01 00:30:00,,faham,34.0,,,,,,,,,,,,,,,,,225.39999389648438,229.6999969482422,224.89999389648438,0.03999999910593033,0.12999999523162842,0.2800000011920929,,339.0,,,,0,2026-05-29 10:57:00
14050201004500,11030313520546,,,,,2026-04-21 00:45:00,1405-02-01 00:45:00,,faham,34.0,,,,,,,,,,,,,,,,,225.5,229.8000030517578,227.10000610351562,0.03999999910593033,0.12999999523162842,0.2800000011920929,,343.0,,,,0,2026-05-29 11:03:00
14050201010000,11030313520546,,,,,2026-04-21 01:00:00,1405-02-01 01:00:00,,faham,34.0,,,,,,,,,,,,,,,,,226.6999969482422,230.60000610351562,228.60000610351562,0.05999999865889549,0.12999999523162842,0.27000001072883606,,326.0,,,,0,2026-05-29 11:03:00
14050201011500,11030313520546,,,,,2026-04-21 01:15:00,1405-02-01 01:15:00,,faham,34.0,,,,,,,,,,,,,,,,,225.89999389648438,231.0,227.3000030517578,0.05999999865889549,0.12999999523162842,0.27000001072883606,,327.0,,,,0,2026-05-29 11:09:00
14050201013000,11030313520546,,,,,2026-04-21 01:30:00,1405-02-01 01:30:00,,faham,34.0,,,,,,,,,,,,,,,,,226.10000610351562,231.60000610351562,228.3000030517578,0.05999999865889549,0.12999999523162842,0.27000001072883606,,327.0,,,,0,2026-05-29 11:09:00
14050201014500,11030313520546,,,,,2026-04-21 01:45:00,1405-02-01 01:45:00,,faham,34.0,,,,,,,,,,,,,,,,,226.3000030517578,231.5,228.6999969482422,0.05999999865889549,0.12999999523162842,0.27000001072883606,,330.0,,,,0,2026-05-29 11:14:00
14050201020000,11030313520546,,,,,2026-04-21 02:00:00,1405-02-01 02:00:00,,faham,34.0,,,,,,,,,,,,,,,,,227.10000610351562,231.89999389648438,228.3000030517578,0.07000000029802322,0.12999999523162842,0.27000001072883606,,325.0,,,,0,2026-05-29 11:14:00
14050201021500,11030313520546,,,,,2026-04-21 02:15:00,1405-02-01 02:15:00,,faham,34.0,,,,,,,,,,,,,,,,,226.3000030517578,232.5,228.1999969482422,0.05999999865889549,0.12999999523162842,0.27000001072883606,,331.0,,,,0,2026-05-29 11:19:00
14050201023000,11030313520546,,,,,2026-04-21 02:30:00,1405-02-01 02:30:00,,faham,60.0,,,,,,,,,,,,,,,,,227.3000030517578,232.3000030517578,228.10000610351562,0.05999999865889549,0.12999999523162842,0.4000000059604645,,336.0,,,,0,2026-05-29 11:19:00
14050201024500,11030313520546,,,,,2026-04-21 02:45:00,1405-02-01 02:45:00,,faham,35.0,,,,,,,,,,,,,,,,,227.6999969482422,232.89999389648438,228.89999389648438,0.05999999865889549,0.12999999523162842,0.27000001072883606,,330.0,,,,0,2026-05-29 11:24:00
14050201030000,11030313520546,,,,,2026-04-21 03:00:00,1405-02-01 03:00:00,,faham,34.0,,,,,,,,,,,,,,,,,228.1999969482422,232.39999389648438,228.5,0.05999999865889549,0.12999999523162842,0.27000001072883606,,329.0,,,,0,2026-05-29 11:24:00
14050201031500,11030313520546,,,,,2026-04-21 03:15:00,1405-02-01 03:15:00,,faham,34.0,,,,,,,,,,,,,,,,,227.3000030517578,231.3000030517578,227.8000030517578,0.07000000029802322,0.12999999523162842,0.27000001072883606,,327.0,,,,0,2026-05-29 11:28:00
14050201033000,11030313520546,,,,,2026-04-21 03:30:00,1405-02-01 03:30:00,,faham,34.0,,,,,,,,,,,,,,,,,226.60000610351562,232.10000610351562,228.3000030517578,0.05999999865889549,0.12999999523162842,0.27000001072883606,,331.0,,,,0,2026-05-29 11:28:00
14050201034500,11030313520546,,,,,2026-04-21 03:45:00,1405-02-01 03:45:00,,faham,34.0,,,,,,,,,,,,,,,,,227.39999389648438,231.6999969482422,228.10000610351562,0.05000000074505806,0.12999999523162842,0.27000001072883606,,335.0,,,,0,2026-05-29 11:34:00
14050201040000,11030313520546,,,,,2026-04-21 04:00:00,1405-02-01 04:00:00,,faham,34.0,,,,,,,,,,,,,,,,,227.39999389648438,232.0,229.1999969482422,0.019999999552965164,0.12999999523162842,0.2800000011920929,,351.0,,,,0,2026-05-29 11:34:00
14050201041500,11030313520546,,,,,2026-04-21 04:15:00,1405-02-01 04:15:00,,faham,35.0,,,,,,,,,,,,,,,,,227.89999389648438,232.10000610351562,228.8000030517578,0.05000000074505806,0.12999999523162842,0.2800000011920929,,336.0,,,,0,2026-05-29 11:39:00
14050201043000,11030313520546,,,,,2026-04-21 04:30:00,1405-02-01 04:30:00,,faham,35.0,,,,,,,,,,,,,,,,,227.39999389648438,232.0,228.39999389648438,0.05000000074505806,0.12999999523162842,0.27000001072883606,,336.0,,,,0,2026-05-29 11:39:00
14050201044500,11030313520546,,,,,2026-04-21 04:45:00,1405-02-01 04:45:00,,faham,35.0,,,,,,,,,,,,,,,,,228.10000610351562,232.5,228.60000610351562,0.05000000074505806,0.12999999523162842,0.2800000011920929,,338.0,,,,0,2026-05-29 11:43:00
14050201050000,11030313520546,,,,,2026-04-21 05:00:00,1405-02-01 05:00:00,,faham,35.0,,,,,,,,,,,,,,,,,228.39999389648438,232.60000610351562,228.39999389648438,0.03999999910593033,0.12999999523162842,0.2800000011920929,,342.0,,,,0,2026-05-29 11:43:00
14050201051500,11030313520546,,,,,2026-04-21 05:15:00,1405-02-01 05:15:00,,faham,35.0,,,,,,,,,,,,,,,,,228.60000610351562,232.0,229.1999969482422,0.03999999910593033,0.12999999523162842,0.2800000011920929,,342.0,,,,0,2026-05-29 11:48:00
14050201053000,11030313520546,,,,,2026-04-21 05:30:00,1405-02-01 05:30:00,,faham,35.0,,,,,,,,,,,,,,,,,227.8000030517578,232.5,229.6999969482422,0.029999999329447746,0.12999999523162842,0.2800000011920929,,347.0,,,,0,2026-05-29 11:48:00
14050201054500,11030313520546,,,,,2026-04-21 05:45:00,1405-02-01 05:45:00,,faham,35.0,,,,,,,,,,,,,,,,,228.5,233.0,229.3000030517578,0.03999999910593033,0.12999999523162842,0.2800000011920929,,340.0,,,,0,2026-05-29 11:53:00
14050201060000,11030313520546,,,,,2026-04-21 06:00:00,1405-02-01 06:00:00,,faham,35.0,,,,,,,,,,,,,,,,,228.3000030517578,232.8000030517578,228.60000610351562,0.03999999910593033,0.12999999523162842,0.2800000011920929,,342.0,,,,0,2026-05-29 11:53:00
14050201061500,11030313520546,,,,,2026-04-21 06:15:00,1405-02-01 06:15:00,,faham,34.0,,,,,,,,,,,,,,,,,227.5,232.1999969482422,228.39999389648438,0.05000000074505806,0.12999999523162842,0.2800000011920929,,339.0,,,,0,2026-05-29 11:58:00
14050201063000,11030313520546,,,,,2026-04-21 06:30:00,1405-02-01 06:30:00,,faham,34.0,,,,,,,,,,,,,,,,,226.60000610351562,231.10000610351562,227.8000030517578,0.029999999329447746,0.12999999523162842,0.2800000011920929,,346.0,,,,0,2026-05-29 11:58:00
14050201064500,11030313520546,,,,,2026-04-21 06:45:00,1405-02-01 06:45:00,,faham,34.0,,,,,,,,,,,,,,,,,225.3000030517578,230.6999969482422,227.3000030517578,0.0,0.14000000059604645,0.28999999165534973,,355.0,,,,0,2026-05-29 12:03:00
14050201070000,11030313520546,,,,,2026-04-21 07:00:00,1405-02-01 07:00:00,,faham,34.0,,,,,,,,,,,,,,,,,225.3000030517578,230.39999389648438,226.8000030517578,0.009999999776482582,0.14000000059604645,0.28999999165534973,,352.0,,,,0,2026-05-29 12:03:00
14050201071500,11030313520546,,,,,2026-04-21 07:15:00,1405-02-01 07:15:00,,faham,34.0,,,,,,,,,,,,,,,,,225.1999969482422,229.6999969482422,225.39999389648438,0.009999999776482582,0.14000000059604645,0.2800000011920929,,351.0,,,,0,2026-05-29 12:08:00
14050201073000,11030313520546,,,,,2026-04-21 07:30:00,1405-02-01 07:30:00,,faham,33.0,,,,,,,,,,,,,,,,,224.60000610351562,229.1999969482422,224.5,0.03999999910593033,0.12999999523162842,0.2800000011920929,,340.0,,,,0,2026-05-29 12:08:00
14050201074500,11030313520546,,,,,2026-04-21 07:45:00,1405-02-01 07:45:00,,faham,34.0,,,,,,,,,,,,,,,,,226.6999969482422,230.1999969482422,227.5,0.05000000074505806,0.12999999523162842,0.2800000011920929,,337.0,,,,0,2026-05-29 12:13:00
14050201080000,11030313520546,,,,,2026-04-21 08:00:00,1405-02-01 08:00:00,,faham,34.0,,,,,,,,,,,,,,,,,227.1999969482422,231.5,228.3000030517578,0.029999999329447746,0.12999999523162842,0.2800000011920929,,348.0,,,,0,2026-05-29 12:13:00
14050201081500,11030313520546,,,,,2026-04-21 08:15:00,1405-02-01 08:15:00,,faham,594.0,,,,,,,,,,,,,,,,,227.89999389648438,232.0,228.0,0.11999999731779099,0.23000000417232513,2.680000066757202,,562.0,,,,0,2026-05-29 12:18:00
14050201083000,11030313520546,,,,,2026-04-21 08:30:00,1405-02-01 08:30:00,,faham,334.0,,,,,,,,,,,,,,,,,228.60000610351562,232.6999969482422,228.6999969482422,0.019999999552965164,0.14000000059604645,1.6299999952316284,,456.0,,,,0,2026-05-29 12:18:00
14050201084500,11030313520546,,,,,2026-04-21 08:45:00,1405-02-01 08:45:00,,faham,34.0,,,,,,,,,,,,,,,,,226.0,233.1999969482422,228.89999389648438,0.0,0.14000000059604645,0.28999999165534973,,353.0,,,,0,2026-05-29 12:23:00
14050201090000,11030313520546,,,,,2026-04-21 09:00:00,1405-02-01 09:00:00,,faham,34.0,,,,,,,,,,,,,,,,,226.5,231.10000610351562,228.1999969482422,0.0,0.14000000059604645,0.28999999165534973,,352.0,,,,0,2026-05-29 12:23:00
14050201091500,11030313520546,,,,,2026-04-21 09:15:00,1405-02-01 09:15:00,,faham,34.0,,,,,,,,,,,,,,,,,227.0,231.1999969482422,228.5,0.019999999552965164,0.14000000059604645,0.2800000011920929,,346.0,,,,0,2026-05-29 12:28:00
14050201093000,11030313520546,,,,,2026-04-21 09:30:00,1405-02-01 09:30:00,,faham,34.0,,,,,,,,,,,,,,,,,225.39999389648438,231.1999969482422,227.1999969482422,0.009999999776482582,0.14000000059604645,0.2800000011920929,,348.0,,,,0,2026-05-29 12:28:00
14050201094500,11030313520546,,,,,2026-04-21 09:45:00,1405-02-01 09:45:00,,faham,34.0,,,,,,,,,,,,,,,,,224.39999389648438,230.5,227.6999969482422,0.0,0.14000000059604645,0.28999999165534973,,351.0,,,,0,2026-05-29 12:33:00
14050201100000,11030313520546,,,,,2026-04-21 10:00:00,1405-02-01 10:00:00,,faham,272.0,,,,,,,,,,,,,,,,,227.0,228.8000030517578,227.0,0.05000000074505806,0.12999999523162842,1.3700000047683716,,419.0,,,,0,2026-05-29 12:33:00
14050201101500,11030313520546,,,,,2026-04-21 10:15:00,1405-02-01 10:15:00,,faham,33.0,,,,,,,,,,,,,,,,,226.1999969482422,229.89999389648438,227.10000610351562,0.03999999910593033,0.12999999523162842,0.2800000011920929,,340.0,,,,0,2026-05-29 12:39:00
14050201103000,11030313520546,,,,,2026-04-21 10:30:00,1405-02-01 10:30:00,,faham,34.0,,,,,,,,,,,,,,,,,225.3000030517578,230.39999389648438,226.6999969482422,0.03999999910593033,0.12999999523162842,0.2800000011920929,,340.0,,,,0,2026-05-29 12:39:00
14050201104500,11030313520546,,,,,2026-04-21 10:45:00,1405-02-01 10:45:00,,faham,33.0,,,,,,,,,,,,,,,,,224.89999389648438,229.8000030517578,225.3000030517578,0.05999999865889549,0.12999999523162842,0.27000001072883606,,330.0,,,,0,2026-05-29 12:43:00
14050201110000,11030313520546,,,,,2026-04-21 11:00:00,1405-02-01 11:00:00,,faham,83.0,,,,,,,,,,,,,,,,,225.10000610351562,230.0,224.89999389648438,0.05999999865889549,0.12999999523162842,0.5199999809265137,,345.0,,,,0,2026-05-29 12:43:00
14050201111500,11030313520546,,,,,2026-04-21 11:15:00,1405-02-01 11:15:00,,faham,35.0,,,,,,,,,,,,,,,,,225.0,228.1999969482422,226.1999969482422,0.05000000074505806,0.12999999523162842,0.2800000011920929,,330.0,,,,0,2026-05-29 12:49:00
14050201113000,11030313520546,,,,,2026-04-21 11:30:00,1405-02-01 11:30:00,,faham,77.0,,,,,,,,,,,,,,,,,223.39999389648438,229.5,225.0,0.019999999552965164,0.12999999523162842,0.47999998927116394,,365.0,,,,0,2026-05-29 12:49:00
14050201114500,11030313520546,,,,,2026-04-21 11:45:00,1405-02-01 11:45:00,,faham,235.0,,,,,,,,,,,,,,,,,222.3000030517578,229.89999389648438,225.0,0.019999999552965164,0.12999999523162842,1.25,,420.0,,,,0,2026-05-29 12:53:00
14050201120000,11030313520546,,,,,2026-04-21 12:00:00,1405-02-01 12:00:00,,faham,345.0,,,,,,,,,,,,,,,,,222.3000030517578,229.10000610351562,225.89999389648438,0.009999999776482582,0.12999999523162842,1.7000000476837158,,460.0,,,,0,2026-05-29 12:53:00
14050201121500,11030313520546,,,,,2026-04-21 12:15:00,1405-02-01 12:15:00,,faham,144.0,,,,,,,,,,,,,,,,,225.8000030517578,230.1999969482422,226.1999969482422,0.029999999329447746,0.12999999523162842,0.8100000023841858,,384.0,,,,0,2026-05-29 12:58:00
14050201123000,11030313520546,,,,,2026-04-21 12:30:00,1405-02-01 12:30:00,,faham,105.0,,,,,,,,,,,,,,,,,226.3000030517578,230.5,225.5,0.019999999552965164,0.14000000059604645,0.6100000143051147,,377.0,,,,0,2026-05-29 12:58:00
14050201124500,11030313520546,,,,,2026-04-21 12:45:00,1405-02-01 12:45:00,,faham,104.0,,,,,,,,,,,,,,,,,225.3000030517578,231.3000030517578,225.89999389648438,0.15000000596046448,0.25999999046325684,0.47999998927116394,,359.0,,,,0,2026-05-29 13:03:00
14050201130000,11030313520546,,,,,2026-04-21 13:00:00,1405-02-01 13:00:00,,faham,34.0,,,,,,,,,,,,,,,,,224.6999969482422,230.89999389648438,226.0,0.05999999865889549,0.12999999523162842,0.27000001072883606,,331.0,,,,0,2026-05-29 13:03:00
14050201131500,11030313520546,,,,,2026-04-21 13:15:00,1405-02-01 13:15:00,,faham,33.0,,,,,,,,,,,,,,,,,225.6999969482422,229.39999389648438,227.0,0.05000000074505806,0.12999999523162842,0.2800000011920929,,334.0,,,,0,2026-05-29 13:09:00
14050201133000,11030313520546,,,,,2026-04-21 13:30:00,1405-02-01 13:30:00,,faham,33.0,,,,,,,,,,,,,,,,,224.0,228.5,226.1999969482422,0.05000000074505806,0.12999999523162842,0.27000001072883606,,335.0,,,,0,2026-05-29 13:09:00
14050201134500,11030313520546,,,,,2026-04-21 13:45:00,1405-02-01 13:45:00,,faham,273.0,,,,,,,,,,,,,,,,,221.8000030517578,227.1999969482422,224.89999389648438,0.18000000715255737,0.36000001430511475,1.1699999570846558,,448.0,,,,0,2026-05-29 13:13:00
14050201140000,11030313520546,,,,,2026-04-21 14:00:00,1405-02-01 14:00:00,,faham,64.0,,,,,,,,,,,,,,,,,222.5,227.10000610351562,224.8000030517578,0.03999999910593033,0.12999999523162842,0.41999998688697815,,350.0,,,,0,2026-05-29 13:13:00
14050201141500,11030313520546,,,,,2026-04-21 14:15:00,1405-02-01 14:15:00,,faham,63.0,,,,,,,,,,,,,,,,,223.0,227.60000610351562,223.0,0.12999999523162842,0.2199999988079071,0.3199999928474426,,347.0,,,,0,2026-05-29 13:19:00
14050201143000,11030313520546,,,,,2026-04-21 14:30:00,1405-02-01 14:30:00,,faham,35.0,,,,,,,,,,,,,,,,,221.89999389648438,227.39999389648438,224.1999969482422,0.029999999329447746,0.12999999523162842,0.2800000011920929,,355.0,,,,0,2026-05-29 13:19:00
14050201144500,11030313520546,,,,,2026-04-21 14:45:00,1405-02-01 14:45:00,,faham,33.0,,,,,,,,,,,,,,,,,223.3000030517578,228.10000610351562,224.1999969482422,0.029999999329447746,0.12999999523162842,0.2800000011920929,,344.0,,,,0,2026-05-29 13:24:00
14050201150000,11030313520546,,,,,2026-04-21 15:00:00,1405-02-01 15:00:00,,faham,190.0,,,,,,,,,,,,,,,,,223.5,227.3000030517578,224.10000610351562,0.03999999910593033,0.12999999523162842,1.0199999809265137,,396.0,,,,0,2026-05-29 13:24:00
14050201151500,11030313520546,,,,,2026-04-21 15:15:00,1405-02-01 15:15:00,,faham,33.0,,,,,,,,,,,,,,,,,223.3000030517578,226.6999969482422,225.10000610351562,0.029999999329447746,0.12999999523162842,0.2800000011920929,,341.0,,,,0,2026-05-29 13:30:00
14050201153000,11030313520546,,,,,2026-04-21 15:30:00,1405-02-01 15:30:00,,faham,86.0,,,,,,,,,,,,,,,,,222.6999969482422,227.10000610351562,224.6999969482422,0.029999999329447746,0.12999999523162842,0.5299999713897705,,359.0,,,,0,2026-05-29 13:30:00
14050201154500,11030313520546,,,,,2026-04-21 15:45:00,1405-02-01 15:45:00,,faham,60.0,,,,,,,,,,,,,,,,,222.5,227.8000030517578,225.60000610351562,0.009999999776482582,0.12999999523162842,0.4099999964237213,,358.0,,,,0,2026-05-29 13:34:00
14050201160000,11030313520546,,,,,2026-04-21 16:00:00,1405-02-01 16:00:00,,faham,255.0,,,,,,,,,,,,,,,,,223.0,228.8000030517578,225.10000610351562,0.009999999776482582,0.14000000059604645,1.3300000429153442,,427.0,,,,0,2026-05-29 13:34:00
14050201161500,11030313520546,,,,,2026-04-21 16:15:00,1405-02-01 16:15:00,,faham,55.0,,,,,,,,,,,,,,,,,224.10000610351562,228.39999389648438,226.39999389648438,0.07000000029802322,0.20000000298023224,0.3199999928474426,,358.0,,,,0,2026-05-29 13:39:00
14050201163000,11030313520546,,,,,2026-04-21 16:30:00,1405-02-01 16:30:00,,faham,33.0,,,,,,,,,,,,,,,,,224.3000030517578,228.10000610351562,225.6999969482422,0.03999999910593033,0.12999999523162842,0.2800000011920929,,340.0,,,,0,2026-05-29 13:39:00
14050201164500,11030313520546,,,,,2026-04-21 16:45:00,1405-02-01 16:45:00,,faham,33.0,,,,,,,,,,,,,,,,,223.89999389648438,229.39999389648438,223.39999389648438,0.05000000074505806,0.12999999523162842,0.27000001072883606,,337.0,,,,0,2026-05-29 13:43:00
14050201170000,11030313520546,,,,,2026-04-21 17:00:00,1405-02-01 17:00:00,,faham,413.0,,,,,,,,,,,,,,,,,223.5,228.6999969482422,224.5,0.03999999910593033,0.12999999523162842,2.049999952316284,,477.0,,,,0,2026-05-29 13:43:00
14050201171500,11030313520546,,,,,2026-04-21 17:15:00,1405-02-01 17:15:00,,faham,260.0,,,,,,,,,,,,,,,,,223.10000610351562,229.0,224.60000610351562,0.20999999344348907,0.3499999940395355,1.1200000047683716,,446.0,,,,0,2026-05-29 13:48:00
14050201173000,11030313520546,,,,,2026-04-21 17:30:00,1405-02-01 17:30:00,,faham,65.0,,,,,,,,,,,,,,,,,222.10000610351562,229.1999969482422,224.6999969482422,0.019999999552965164,0.14000000059604645,0.41999998688697815,,388.0,,,,0,2026-05-29 13:48:00
14050201174500,11030313520546,,,,,2026-04-21 17:45:00,1405-02-01 17:45:00,,faham,61.0,,,,,,,,,,,,,,,,,222.8000030517578,229.1999969482422,225.3000030517578,0.019999999552965164,0.14000000059604645,0.4099999964237213,,365.0,,,,0,2026-05-29 13:53:00
14050201180000,11030313520546,,,,,2026-04-21 18:00:00,1405-02-01 18:00:00,,faham,58.0,,,,,,,,,,,,,,,15.0,4.0,223.7,229.0,224.0,0.06,0.13,0.39,62.0,340.0,0.0,14.0,0,0,
14050201181500,11030313520546,,,,,2026-04-21 18:15:00,1405-02-01 18:15:00,,faham,114.0,,,,,,,,,,,,,,,,,221.0,229.6999969482422,224.3000030517578,0.07000000029802322,0.1899999976158142,0.6100000143051147,,396.0,,,,0,2026-05-29 13:56:00
14050201183000,11030313520546,,,,,2026-04-21 18:30:00,1405-02-01 18:30:00,,faham,112.0,,,,,,,,,,,,,,,,,223.6999969482422,228.60000610351562,225.0,0.03999999910593033,0.12999999523162842,0.6600000262260437,,378.0,,,,0,2026-05-29 13:56:00
14050201184500,11030313520546,,,,,2026-04-21 18:45:00,1405-02-01 18:45:00,,faham,485.0,,,,,,,,,,,,,,,,,221.8000030517578,227.8000030517578,224.10000610351562,0.2800000011920929,0.4000000059604645,2.119999885559082,,489.0,,,,0,2026-05-29 14:46:00
14050201190000,11030313520546,,,,,2026-04-21 19:00:00,1405-02-01 19:00:00,,faham,166.0,,,,,,,,,,,,,,,,,220.1999969482422,228.5,224.3000030517578,0.3499999940395355,0.5199999809265137,0.5199999809265137,,399.0,,,,0,2026-05-29 14:46:00
14050201191500,11030313520546,,,,,2026-04-21 19:15:00,1405-02-01 19:15:00,,faham,34.0,,,,,,,,,,,,,,,,,221.0,227.39999389648438,223.8000030517578,0.05999999865889549,0.12999999523162842,0.27000001072883606,,329.0,,,,0,2026-05-29 14:51:00
14050201193000,11030313520546,,,,,2026-04-21 19:30:00,1405-02-01 19:30:00,,faham,121.0,,,,,,,,,,,,,,,,,221.5,227.89999389648438,224.6999969482422,0.1899999976158142,0.30000001192092896,0.5099999904632568,,387.0,,,,0,2026-05-29 14:51:00
14050201194500,11030313520546,,,,,2026-04-21 19:45:00,1405-02-01 19:45:00,,faham,33.0,,,,,,,,,,,,,,,,,222.0,229.0,224.39999389648438,0.05999999865889549,0.12999999523162842,0.27000001072883606,,323.0,,,,0,2026-05-29 14:56:00
14050201200000,11030313520546,,,,,2026-04-21 20:00:00,1405-02-01 20:00:00,,faham,104.0,,,,,,,,,,,,,,,,,219.1999969482422,229.6999969482422,225.39999389648438,0.03999999910593033,0.12999999523162842,0.6100000143051147,,384.0,,,,0,2026-05-29 14:56:00
14050201201500,11030313520546,,,,,2026-04-21 20:15:00,1405-02-01 20:15:00,,faham,120.0,,,,,,,,,,,,,,,,,219.1999969482422,230.10000610351562,225.1999969482422,0.10999999940395355,0.2800000011920929,0.5299999713897705,,472.0,,,,0,2026-05-29 15:01:00
14050201203000,11030313520546,,,,,2026-04-21 20:30:00,1405-02-01 20:30:00,,faham,33.0,,,,,,,,,,,,,,,,,221.39999389648438,229.10000610351562,225.10000610351562,0.05999999865889549,0.12999999523162842,0.27000001072883606,,326.0,,,,0,2026-05-29 15:01:00
14050201204500,11030313520546,,,,,2026-04-21 20:45:00,1405-02-01 20:45:00,,faham,63.0,,,,,,,,,,,,,,,,,219.3000030517578,229.1999969482422,224.3000030517578,0.05000000074505806,0.12999999523162842,0.4300000071525574,,345.0,,,,0,2026-05-29 15:06:00
14050201210000,11030313520546,,,,,2026-04-21 21:00:00,1405-02-01 21:00:00,,faham,625.0,,,,,,,,,,,,,,,,,219.3000030517578,230.5,222.60000610351562,0.11999999731779099,0.2199999988079071,2.9800000190734863,,564.0,,,,0,2026-05-29 15:06:00
14050201211500,11030313520546,,,,,2026-04-21 21:15:00,1405-02-01 21:15:00,,faham,126.0,,,,,,,,,,,,,,,,,220.39999389648438,230.1999969482422,225.3000030517578,0.05000000074505806,0.12999999523162842,0.7200000286102295,,365.0,,,,0,2026-05-29 15:11:00
14050201213000,11030313520546,,,,,2026-04-21 21:30:00,1405-02-01 21:30:00,,faham,62.0,,,,,,,,,,,,,,,,,222.3000030517578,230.60000610351562,225.8000030517578,0.05999999865889549,0.12999999523162842,0.41999998688697815,,335.0,,,,0,2026-05-29 15:11:00
14050201214500,11030313520546,,,,,2026-04-21 21:45:00,1405-02-01 21:45:00,,faham,119.0,,,,,,,,,,,,,,,,,224.0,230.8000030517578,226.39999389648438,0.07000000029802322,0.12999999523162842,0.6800000071525574,,354.0,,,,0,2026-05-29 15:17:00
14050201220000,11030313520546,,,,,2026-04-21 22:00:00,1405-02-01 22:00:00,,faham,37.0,,,,,,,,,,,,,,,,,222.3000030517578,230.39999389648438,227.39999389648438,0.05999999865889549,0.12999999523162842,0.2800000011920929,,349.0,,,,0,2026-05-29 15:17:00
14050201221500,11030313520546,,,,,2026-04-21 22:15:00,1405-02-01 22:15:00,,faham,169.0,,,,,,,,,,,,,,,,,223.8000030517578,231.3000030517578,226.89999389648438,0.25,0.3799999952316284,0.6800000071525574,,381.0,,,,0,2026-05-29 15:23:00
14050201223000,11030313520546,,,,,2026-04-21 22:30:00,1405-02-01 22:30:00,,faham,149.0,,,,,,,,,,,,,,,,,224.5,231.89999389648438,226.6999969482422,0.05999999865889549,0.17000000178813934,0.699999988079071,,584.0,,,,0,2026-05-29 15:23:00
14050201224500,11030313520546,,,,,2026-04-21 22:45:00,1405-02-01 22:45:00,,faham,330.0,,,,,,,,,,,,,,,,,225.1999969482422,232.10000610351562,228.39999389648438,0.25,0.4699999988079071,1.25,,666.0,,,,0,2026-05-29 15:28:00
14050201230000,11030313520546,,,,,2026-04-21 23:00:00,1405-02-01 23:00:00,,faham,157.0,,,,,,,,,,,,,,,,,222.89999389648438,230.1999969482422,227.1999969482422,0.20999999344348907,0.36000001430511475,0.5400000214576721,,622.0,,,,0,2026-05-29 15:28:00
14050201231500,11030313520546,,,,,2026-04-21 23:15:00,1405-02-01 23:15:00,,faham,113.0,,,,,,,,,,,,,,,,,222.5,229.39999389648438,226.5,0.019999999552965164,0.14000000059604645,0.550000011920929,,654.0,,,,0,2026-05-29 15:33:00
14050201233000,11030313520546,,,,,2026-04-21 23:30:00,1405-02-01 23:30:00,,faham,408.0,,,,,,,,,,,,,,,,,222.8000030517578,229.3000030517578,225.8000030517578,0.5299999713897705,0.800000011920929,1.2799999713897705,,681.0,,,,0,2026-05-29 15:33:00
14050201234500,11030313520546,,,,,2026-04-21 23:45:00,1405-02-01 23:45:00,,faham,232.0,,,,,,,,,,,,,,,,,222.6999969482422,230.3000030517578,226.0,0.14000000059604645,0.3499999940395355,0.9900000095367432,,530.0,,,,0,2026-05-29 15:39:00
14050201000000,11030313525109,,,,,2026-04-21 00:00:00,1405-02-01 00:00:00,,faham,1333.0,,,,,,,,,,,,,,,334.0,14.0,235.1999969482422,237.10000610351562,235.6999969482422,0.029999999329447746,0.03999999910593033,5.659999847412109,1337.0,985.0,0.0,8.0,0,64,2026-05-29 10:51:00
14050201001500,11030313525109,,,,,2026-04-21 00:15:00,1405-02-01 00:15:00,,faham,1337.0,,,,,,,,,,,,,,,335.0,14.0,235.60000610351562,237.60000610351562,236.1999969482422,0.029999999329447746,0.03999999910593033,5.670000076293945,1342.0,985.0,0.0,8.0,0,64,2026-05-29 10:57:00
14050201003000,11030313525109,,,,,2026-04-21 00:30:00,1405-02-01 00:30:00,,faham,1317.0,,,,,,,,,,,,,,,330.0,8.0,235.60000610351562,237.60000610351562,236.1999969482422,0.029999999329447746,0.03999999910593033,5.579999923706055,1321.0,986.0,0.0,9.0,0,64,2026-05-29 10:57:00
14050201004500,11030313525109,,,,,2026-04-21 00:45:00,1405-02-01 00:45:00,,faham,1308.0,,,,,,,,,,,,,,,328.0,6.0,236.0,237.89999389648438,236.5,0.029999999329447746,0.03999999910593033,5.53000020980835,1312.0,986.0,0.0,9.0,0,64,2026-05-29 11:03:00
14050201010000,11030313525109,,,,,2026-04-21 01:00:00,1405-02-01 01:00:00,,faham,1345.0,,,,,,,,,,,,,,,337.0,14.0,236.5,238.5,237.0,0.029999999329447746,0.03999999910593033,5.679999828338623,1349.0,985.0,0.0,8.0,0,64,2026-05-29 11:03:00
14050201011500,11030313525109,,,,,2026-04-21 01:15:00,1405-02-01 01:15:00,,faham,1339.0,,,,,,,,,,,,,,,336.0,15.0,236.0,237.89999389648438,236.5,0.029999999329447746,0.03999999910593033,5.670000076293945,1344.0,985.0,0.0,8.0,0,64,2026-05-29 11:09:00
14050201013000,11030313525109,,,,,2026-04-21 01:30:00,1405-02-01 01:30:00,,faham,1318.0,,,,,,,,,,,,,,,330.0,8.0,236.3000030517578,238.10000610351562,236.60000610351562,0.029999999329447746,0.03999999910593033,5.570000171661377,1322.0,986.0,0.0,9.0,0,64,2026-05-29 11:09:00
14050201014500,11030313525109,,,,,2026-04-21 01:45:00,1405-02-01 01:45:00,,faham,1318.0,,,,,,,,,,,,,,,330.0,6.0,236.8000030517578,238.6999969482422,237.1999969482422,0.029999999329447746,0.03999999910593033,5.559999942779541,1322.0,986.0,0.0,9.0,0,64,2026-05-29 11:14:00
14050201020000,11030313525109,,,,,2026-04-21 02:00:00,1405-02-01 02:00:00,,faham,1356.0,,,,,,,,,,,,,,,339.0,15.0,237.3000030517578,239.3000030517578,237.89999389648438,0.029999999329447746,0.03999999910593033,5.710000038146973,1360.0,985.0,0.0,8.0,0,64,2026-05-29 11:14:00
14050201021500,11030313525109,,,,,2026-04-21 02:15:00,1405-02-01 02:15:00,,faham,1356.0,,,,,,,,,,,,,,,340.0,15.0,237.1999969482422,239.3000030517578,237.8000030517578,0.029999999329447746,0.03999999910593033,5.710000038146973,1360.0,985.0,0.0,8.0,0,64,2026-05-29 11:19:00
14050201023000,11030313525109,,,,,2026-04-21 02:30:00,1405-02-01 02:30:00,,faham,1325.0,,,,,,,,,,,,,,,332.0,6.0,237.3000030517578,239.3000030517578,237.8000030517578,0.029999999329447746,0.03999999910593033,5.570000171661377,1326.0,986.0,0.0,9.0,0,64,2026-05-29 11:19:00
14050201024500,11030313525109,,,,,2026-04-21 02:45:00,1405-02-01 02:45:00,,faham,1319.0,,,,,,,,,,,,,,,330.0,9.0,236.10000610351562,238.1999969482422,236.6999969482422,0.029999999329447746,0.03999999910593033,5.579999923706055,1328.0,986.0,0.0,9.0,0,64,2026-05-29 11:24:00
14050201030000,11030313525109,,,,,2026-04-21 03:00:00,1405-02-01 03:00:00,,faham,1332.0,,,,,,,,,,,,,,,334.0,15.0,235.10000610351562,237.10000610351562,235.60000610351562,0.029999999329447746,0.03999999910593033,5.670000076293945,1337.0,985.0,0.0,8.0,0,64,2026-05-29 11:24:00
14050201031500,11030313525109,,,,,2026-04-21 03:15:00,1405-02-01 03:15:00,,faham,1325.0,,,,,,,,,,,,,,,332.0,15.0,234.39999389648438,236.39999389648438,234.89999389648438,0.029999999329447746,0.03999999910593033,5.650000095367432,1329.0,985.0,0.0,8.0,0,64,2026-05-29 11:28:00
14050201033000,11030313525109,,,,,2026-04-21 03:30:00,1405-02-01 03:30:00,,faham,1283.0,,,,,,,,,,,,,,,321.0,3.0,234.39999389648438,236.39999389648438,234.89999389648438,0.029999999329447746,0.03999999910593033,5.460000038146973,1282.0,987.0,0.0,10.0,0,64,2026-05-29 11:28:00
14050201034500,11030313525109,,,,,2026-04-21 03:45:00,1405-02-01 03:45:00,,faham,1313.0,,,,,,,,,,,,,,,329.0,12.0,234.5,236.5,235.0,0.029999999329447746,0.03999999910593033,5.590000152587891,1321.0,986.0,0.0,8.0,0,64,2026-05-29 11:34:00
14050201040000,11030313525109,,,,,2026-04-21 04:00:00,1405-02-01 04:00:00,,faham,1325.0,,,,,,,,,,,,,,,332.0,15.0,234.60000610351562,236.60000610351562,235.10000610351562,0.029999999329447746,0.03999999910593033,5.650000095367432,1330.0,985.0,0.0,8.0,0,64,2026-05-29 11:34:00
14050201041500,11030313525109,,,,,2026-04-21 04:15:00,1405-02-01 04:15:00,,faham,1320.0,,,,,,,,,,,,,,,331.0,13.0,234.60000610351562,236.60000610351562,235.10000610351562,0.029999999329447746,0.03999999910593033,5.619999885559082,1320.0,986.0,0.0,8.0,0,64,2026-05-29 11:39:00
14050201043000,11030313525109,,,,,2026-04-21 04:30:00,1405-02-01 04:30:00,,faham,1275.0,,,,,,,,,,,,,,,319.0,1.0,234.39999389648438,236.3000030517578,234.89999389648438,0.029999999329447746,0.03999999910593033,5.429999828338623,1282.0,987.0,0.0,10.0,0,64,2026-05-29 11:39:00
14050201044500,11030313525109,,,,,2026-04-21 04:45:00,1405-02-01 04:45:00,,faham,1330.0,,,,,,,,,,,,,,,333.0,14.0,235.10000610351562,237.10000610351562,235.60000610351562,0.029999999329447746,0.03999999910593033,5.659999847412109,1334.0,985.0,0.0,8.0,0,64,2026-05-29 11:43:00
14050201050000,11030313525109,,,,,2026-04-21 05:00:00,1405-02-01 05:00:00,,faham,1331.0,,,,,,,,,,,,,,,334.0,15.0,235.10000610351562,237.1999969482422,235.6999969482422,0.029999999329447746,0.03999999910593033,5.659999847412109,1336.0,985.0,0.0,8.0,0,64,2026-05-29 11:43:00
14050201051500,11030313525109,,,,,2026-04-21 05:15:00,1405-02-01 05:15:00,,faham,1321.0,,,,,,,,,,,,,,,331.0,10.0,235.39999389648438,237.5,236.0,0.029999999329447746,0.03999999910593033,5.599999904632568,1321.0,986.0,0.0,9.0,0,64,2026-05-29 11:48:00
14050201053000,11030313525109,,,,,2026-04-21 05:30:00,1405-02-01 05:30:00,,faham,1302.0,,,,,,,,,,,,,,,326.0,4.0,235.8000030517578,237.89999389648438,236.5,0.029999999329447746,0.03999999910593033,5.510000228881836,1327.0,987.0,0.0,10.0,0,64,2026-05-29 11:48:00
14050201054500,11030313525109,,,,,2026-04-21 05:45:00,1405-02-01 05:45:00,,faham,1345.0,,,,,,,,,,,,,,,337.0,15.0,236.3000030517578,238.39999389648438,237.0,0.029999999329447746,0.03999999910593033,5.690000057220459,1350.0,985.0,0.0,8.0,0,64,2026-05-29 11:53:00
14050201060000,11030313525109,,,,,2026-04-21 06:00:00,1405-02-01 06:00:00,,faham,1342.0,,,,,,,,,,,,,,,336.0,15.0,236.0,238.10000610351562,236.60000610351562,0.029999999329447746,0.03999999910593033,5.679999828338623,1347.0,985.0,0.0,8.0,0,64,2026-05-29 11:53:00
14050201061500,11030313525109,,,,,2026-04-21 06:15:00,1405-02-01 06:15:00,,faham,21956.0,,,,,,,,,,,,,,,5516.0,1904.0,231.0,232.6999969482422,231.39999389648438,32.150001525878906,32.04999923706055,37.02000045776367,20399.0,954.0,0.0,3.0,0,0,2026-05-29 11:58:00
14050201063000,11030313525109,,,,,2026-04-21 06:30:00,1405-02-01 06:30:00,,faham,27751.0,,,,,,,,,,,,,,,6950.0,2382.0,229.3000030517578,231.0,229.6999969482422,41.08000183105469,40.939998626708984,45.77000045776367,27821.0,944.0,0.0,0.0,0,0,2026-05-29 11:58:00
14050201064500,11030313525109,,,,,2026-04-21 06:45:00,1405-02-01 06:45:00,,faham,27790.0,,,,,,,,,,,,,,,6960.0,2331.0,228.89999389648438,230.5,229.3000030517578,41.060001373291016,40.90999984741211,45.93000030517578,27848.0,946.0,0.0,0.0,0,0,2026-05-29 12:03:00
14050201070000,11030313525109,,,,,2026-04-21 07:00:00,1405-02-01 07:00:00,,faham,27622.0,,,,,,,,,,,,,,,6918.0,2250.0,227.6999969482422,229.1999969482422,228.10000610351562,40.88999938964844,40.689998626708984,45.880001068115234,27676.0,949.0,0.0,0.0,0,0,2026-05-29 12:03:00
14050201071500,11030313525109,,,,,2026-04-21 07:15:00,1405-02-01 07:15:00,,faham,27370.0,,,,,,,,,,,,,,,6855.0,2162.0,225.89999389648438,227.3000030517578,226.3000030517578,40.81999969482422,40.52000045776367,45.58000183105469,27434.0,952.0,0.0,0.0,0,0,2026-05-29 12:08:00
14050201073000,11030313525109,,,,,2026-04-21 07:30:00,1405-02-01 07:30:00,,faham,27312.0,,,,,,,,,,,,,,,6840.0,2076.0,223.60000610351562,224.89999389648438,224.0,40.880001068115234,40.630001068115234,46.029998779296875,27370.0,955.0,0.0,0.0,0,0,2026-05-29 12:08:00
14050201074500,11030313525109,,,,,2026-04-21 07:45:00,1405-02-01 07:45:00,,faham,27316.0,,,,,,,,,,,,,,,6841.0,2086.0,224.5,225.6999969482422,224.8000030517578,40.790000915527344,40.40999984741211,45.939998626708984,27360.0,955.0,0.0,0.0,0,0,2026-05-29 12:13:00
14050201080000,11030313525109,,,,,2026-04-21 08:00:00,1405-02-01 08:00:00,,faham,27409.0,,,,,,,,,,,,,,,6864.0,2054.0,224.39999389648438,225.60000610351562,224.6999969482422,40.90999984741211,40.52000045776367,46.0,27448.0,956.0,0.0,0.0,0,0,2026-05-29 12:13:00
14050201081500,11030313525109,,,,,2026-04-21 08:15:00,1405-02-01 08:15:00,,faham,27219.0,,,,,,,,,,,,,,,6817.0,2042.0,224.0,225.3000030517578,224.39999389648438,40.68000030517578,40.40999984741211,45.66999816894531,27289.0,956.0,0.0,0.0,0,0,2026-05-29 12:18:00
14050201083000,11030313525109,,,,,2026-04-21 08:30:00,1405-02-01 08:30:00,,faham,27400.0,,,,,,,,,,,,,,,6863.0,2122.0,226.0,227.3000030517578,226.39999389648438,40.63999938964844,40.349998474121094,45.86000061035156,27435.0,954.0,0.0,0.0,0,0,2026-05-29 12:18:00
14050201084500,11030313525109,,,,,2026-04-21 08:45:00,1405-02-01 08:45:00,,faham,27543.0,,,,,,,,,,,,,,,6898.0,2088.0,225.0,226.1999969482422,225.39999389648438,40.97999954223633,40.65999984741211,46.20000076293945,27591.0,955.0,0.0,0.0,0,0,2026-05-29 12:23:00
14050201090000,11030313525109,,,,,2026-04-21 09:00:00,1405-02-01 09:00:00,,faham,27223.0,,,,,,,,,,,,,,,6810.0,2036.0,224.10000610351562,225.3000030517578,224.5,40.619998931884766,40.29999923706055,45.779998779296875,27344.0,956.0,0.0,0.0,0,0,2026-05-29 12:23:00
14050201091500,11030313525109,,,,,2026-04-21 09:15:00,1405-02-01 09:15:00,,faham,27472.0,,,,,,,,,,,,,,,6880.0,2047.0,223.8000030517578,225.0,224.3000030517578,41.029998779296875,40.709999084472656,46.22999954223633,27525.0,957.0,0.0,0.0,0,0,2026-05-29 12:28:00
14050201093000,11030313525109,,,,,2026-04-21 09:30:00,1405-02-01 09:30:00,,faham,26828.0,,,,,,,,,,,,,,,6719.0,1999.0,222.1999969482422,223.1999969482422,222.6999969482422,41.040000915527344,40.810001373291016,44.029998779296875,26884.0,957.0,0.0,0.0,0,0,2026-05-29 12:28:00
14050201094500,11030313525109,,,,,2026-04-21 09:45:00,1405-02-01 09:45:00,,faham,26356.0,,,,,,,,,,,,,,,6600.0,1963.0,221.1999969482422,222.10000610351562,221.8000030517578,41.04999923706055,40.810001373291016,42.36000061035156,26445.0,957.0,0.0,0.0,0,0,2026-05-29 12:33:00
14050201100000,11030313525109,,,,,2026-04-21 10:00:00,1405-02-01 10:00:00,,faham,26460.0,,,,,,,,,,,,,,,6627.0,1972.0,220.89999389648438,221.89999389648438,221.5,41.45000076293945,41.220001220703125,42.189998626708984,26479.0,957.0,0.0,0.0,0,0,2026-05-29 12:33:00
14050201101500,11030313525109,,,,,2026-04-21 10:15:00,1405-02-01 10:15:00,,faham,27207.0,,,,,,,,,,,,,,,6814.0,2008.0,220.39999389648438,221.3000030517578,221.10000610351562,42.599998474121094,42.5,43.459999084472656,27246.0,958.0,0.0,0.0,0,0,2026-05-29 12:39:00
14050201103000,11030313525109,,,,,2026-04-21 10:30:00,1405-02-01 10:30:00,,faham,26252.0,,,,,,,,,,,,,,,6574.0,1947.0,220.89999389648438,221.8000030517578,221.60000610351562,41.02000045776367,40.95000076293945,41.869998931884766,26346.0,957.0,0.0,0.0,0,0,2026-05-29 12:39:00
14050201104500,11030313525109,,,,,2026-04-21 10:45:00,1405-02-01 10:45:00,,faham,26156.0,,,,,,,,,,,,,,,6551.0,2005.0,223.0,223.89999389648438,223.60000610351562,40.650001525878906,40.5,41.43000030517578,26202.0,955.0,0.0,0.0,0,0,2026-05-29 12:43:00
14050201110000,11030313525109,,,,,2026-04-21 11:00:00,1405-02-01 11:00:00,,faham,27200.0,,,,,,,,,,,,,,,6813.0,2081.0,225.10000610351562,226.3000030517578,225.60000610351562,40.72999954223633,40.400001525878906,45.099998474121094,27191.0,955.0,0.0,0.0,0,0,2026-05-29 12:43:00
14050201111500,11030313525109,,,,,2026-04-21 11:15:00,1405-02-01 11:15:00,,faham,27514.0,,,,,,,,,,,,,,,6891.0,2105.0,225.89999389648438,227.0,226.3000030517578,40.7400016784668,40.290000915527344,46.27000045776367,27564.0,955.0,0.0,0.0,0,0,2026-05-29 12:49:00
14050201113000,11030313525109,,,,,2026-04-21 11:30:00,1405-02-01 11:30:00,,faham,27497.0,,,,,,,,,,,,,,,6886.0,2117.0,226.39999389648438,227.5,226.8000030517578,40.63999938964844,40.25,46.11000061035156,27549.0,954.0,0.0,0.0,0,0,2026-05-29 12:49:00
14050201114500,11030313525109,,,,,2026-04-21 11:45:00,1405-02-01 11:45:00,,faham,27471.0,,,,,,,,,,,,,,,6880.0,2126.0,226.60000610351562,227.8000030517578,227.10000610351562,40.54999923706055,40.209999084472656,46.029998779296875,27521.0,954.0,0.0,0.0,0,0,2026-05-29 12:53:00
14050201120000,11030313525109,,,,,2026-04-21 12:00:00,1405-02-01 12:00:00,,faham,27445.0,,,,,,,,,,,,,,,6873.0,2053.0,224.60000610351562,225.8000030517578,225.0,40.77000045776367,40.459999084472656,46.209999084472656,27498.0,956.0,0.0,0.0,0,0,2026-05-29 12:53:00
14050201121500,11030313525109,,,,,2026-04-21 12:15:00,1405-02-01 12:15:00,,faham,27478.0,,,,,,,,,,,,,,,6882.0,2089.0,225.6999969482422,226.89999389648438,226.10000610351562,40.689998626708984,40.36000061035156,46.119998931884766,27534.0,955.0,0.0,0.0,0,0,2026-05-29 12:58:00
14050201123000,11030313525109,,,,,2026-04-21 12:30:00,1405-02-01 12:30:00,,faham,27463.0,,,,,,,,,,,,,,,6870.0,2100.0,226.10000610351562,227.3000030517578,226.5,40.619998931884766,40.279998779296875,46.04999923706055,27484.0,954.0,0.0,0.0,0,0,2026-05-29 12:58:00
14050201124500,11030313525109,,,,,2026-04-21 12:45:00,1405-02-01 12:45:00,,faham,27369.0,,,,,,,,,,,,,,,6854.0,2121.0,226.5,227.6999969482422,226.89999389648438,40.5,40.130001068115234,45.779998779296875,27418.0,953.0,0.0,0.0,0,0,2026-05-29 13:03:00
14050201130000,11030313525109,,,,,2026-04-21 13:00:00,1405-02-01 13:00:00,,faham,27449.0,,,,,,,,,,,,,,,6874.0,2114.0,226.60000610351562,227.8000030517578,226.89999389648438,40.63999938964844,40.22999954223633,45.810001373291016,27499.0,954.0,0.0,0.0,0,0,2026-05-29 13:03:00
14050201131500,11030313525109,,,,,2026-04-21 13:15:00,1405-02-01 13:15:00,,faham,27495.0,,,,,,,,,,,,,,,6886.0,2131.0,226.8000030517578,228.0,227.1999969482422,40.59000015258789,40.209999084472656,46.029998779296875,27548.0,953.0,0.0,0.0,0,0,2026-05-29 13:09:00
14050201133000,11030313525109,,,,,2026-04-21 13:30:00,1405-02-01 13:30:00,,faham,27394.0,,,,,,,,,,,,,,,6861.0,2157.0,227.1999969482422,228.39999389648438,227.5,40.439998626708984,40.060001373291016,45.86000061035156,27447.0,952.0,0.0,0.0,0,0,2026-05-29 13:09:00
14050201134500,11030313525109,,,,,2026-04-21 13:45:00,1405-02-01 13:45:00,,faham,27366.0,,,,,,,,,,,,,,,6854.0,2085.0,225.60000610351562,226.6999969482422,225.89999389648438,40.63999938964844,40.189998626708984,45.939998626708984,27408.0,955.0,0.0,0.0,0,0,2026-05-29 13:13:00
14050201140000,11030313525109,,,,,2026-04-21 14:00:00,1405-02-01 14:00:00,,faham,27444.0,,,,,,,,,,,,,,,6872.0,2093.0,226.3000030517578,227.5,226.60000610351562,40.689998626708984,40.209999084472656,45.79999923706055,27495.0,955.0,0.0,0.0,0,0,2026-05-29 13:13:00
14050201141500,11030313525109,,,,,2026-04-21 14:15:00,1405-02-01 14:15:00,,faham,28432.0,,,,,,,,,,,,,,,7121.0,2170.0,225.89999389648438,227.10000610351562,226.1999969482422,42.209999084472656,41.72999954223633,47.59000015258789,28467.0,955.0,0.0,0.0,0,0,2026-05-29 13:19:00
14050201143000,11030313525109,,,,,2026-04-21 14:30:00,1405-02-01 14:30:00,,faham,28745.0,,,,,,,,,,,,,,,7199.0,2165.0,224.89999389648438,226.10000610351562,225.1999969482422,42.810001373291016,42.349998474121094,48.22999954223633,28777.0,956.0,0.0,0.0,0,0,2026-05-29 13:19:00
14050201144500,11030313525109,,,,,2026-04-21 14:45:00,1405-02-01 14:45:00,,faham,29083.0,,,,,,,,,,,,,,,7284.0,2196.0,225.8000030517578,226.89999389648438,226.10000610351562,43.209999084472656,42.7400016784668,48.54999923706055,29130.0,956.0,0.0,0.0,0,0,2026-05-29 13:24:00
14050201150000,11030313525109,,,,,2026-04-21 15:00:00,1405-02-01 15:00:00,,faham,29054.0,,,,,,,,,,,,,,,7277.0,2206.0,226.3000030517578,227.39999389648438,226.60000610351562,43.11000061035156,42.65999984741211,48.36000061035156,29111.0,955.0,0.0,0.0,0,0,2026-05-29 13:24:00
14050201151500,11030313525109,,,,,2026-04-21 15:15:00,1405-02-01 15:15:00,,faham,29124.0,,,,,,,,,,,,,,,7294.0,2231.0,226.8000030517578,227.89999389648438,227.10000610351562,43.099998474121094,42.619998931884766,48.54999923706055,29177.0,954.0,0.0,0.0,0,0,2026-05-29 13:30:00
14050201153000,11030313525109,,,,,2026-04-21 15:30:00,1405-02-01 15:30:00,,faham,29066.0,,,,,,,,,,,,,,,7280.0,2237.0,226.89999389648438,228.0,227.1999969482422,43.0,42.4900016784668,48.5,29122.0,954.0,0.0,0.0,0,0,2026-05-29 13:30:00
14050201154500,11030313525109,,,,,2026-04-21 15:45:00,1405-02-01 15:45:00,,faham,28962.0,,,,,,,,,,,,,,,7253.0,2216.0,226.6999969482422,227.8000030517578,227.0,42.880001068115234,42.439998626708984,48.22999954223633,29016.0,954.0,0.0,0.0,0,0,2026-05-29 13:34:00
14050201160000,11030313525109,,,,,2026-04-21 16:00:00,1405-02-01 16:00:00,,faham,28907.0,,,,,,,,,,,,,,,7240.0,2224.0,227.1999969482422,228.3000030517578,227.60000610351562,42.720001220703125,42.29999923706055,48.04999923706055,28983.0,954.0,0.0,0.0,0,0,2026-05-29 13:34:00
14050201161500,11030313525109,,,,,2026-04-21 16:15:00,1405-02-01 16:15:00,,faham,28983.0,,,,,,,,,,,,,,,7251.0,2257.0,228.0,229.1999969482422,228.39999389648438,42.66999816894531,42.2599983215332,48.15999984741211,29026.0,953.0,0.0,0.0,0,0,2026-05-29 13:39:00
14050201163000,11030313525109,,,,,2026-04-21 16:30:00,1405-02-01 16:30:00,,faham,28871.0,,,,,,,,,,,,,,,7231.0,2161.0,224.89999389648438,226.10000610351562,225.39999389648438,42.880001068115234,42.56999969482422,48.43000030517578,28934.0,956.0,0.0,0.0,0,0,2026-05-29 13:39:00
14050201164500,11030313525109,,,,,2026-04-21 16:45:00,1405-02-01 16:45:00,,faham,28799.0,,,,,,,,,,,,,,,7212.0,2133.0,224.60000610351562,225.6999969482422,225.0,42.84000015258789,42.59000015258789,48.20000076293945,28842.0,957.0,0.0,0.0,0,0,2026-05-29 13:43:00
14050201170000,11030313525109,,,,,2026-04-21 17:00:00,1405-02-01 17:00:00,,faham,28746.0,,,,,,,,,,,,,,,7199.0,2124.0,224.0,225.1999969482422,224.5,42.790000915527344,42.540000915527344,48.34000015258789,28820.0,957.0,0.0,0.0,0,0,2026-05-29 13:43:00
14050201171500,11030313525109,,,,,2026-04-21 17:15:00,1405-02-01 17:15:00,,faham,28673.0,,,,,,,,,,,,,,,7181.0,2122.0,224.1999969482422,225.39999389648438,224.60000610351562,42.66999816894531,42.369998931884766,48.2400016784668,28726.0,957.0,0.0,0.0,0,0,2026-05-29 13:48:00
14050201173000,11030313525109,,,,,2026-04-21 17:30:00,1405-02-01 17:30:00,,faham,28712.0,,,,,,,,,,,,,,,7191.0,2103.0,223.39999389648438,224.60000610351562,223.89999389648438,42.84000015258789,42.58000183105469,48.36000061035156,28750.0,958.0,0.0,0.0,0,0,2026-05-29 13:48:00
14050201174500,11030313525109,,,,,2026-04-21 17:45:00,1405-02-01 17:45:00,,faham,28779.0,,,,,,,,,,,,,,,7208.0,2083.0,222.8000030517578,223.89999389648438,223.3000030517578,43.040000915527344,42.790000915527344,48.529998779296875,28844.0,959.0,0.0,0.0,0,0,2026-05-29 13:53:00
14050201180000,11030313525109,,,,,2026-04-21 18:00:00,1405-02-01 18:00:00,,faham,28759.0,,,,,,,,,,,,,,,7203.0,2075.0,222.0,223.1,222.5,43.08,42.87,48.75,28811.0,959.0,0.0,0.0,0,0,
14050201181500,11030313525109,,,,,2026-04-21 18:15:00,1405-02-01 18:15:00,,faham,28794.0,,,,,,,,,,,,,,,7211.0,2088.0,222.60000610351562,223.8000030517578,223.0,43.08000183105469,42.849998474121094,48.630001068115234,28847.0,959.0,0.0,0.0,0,0,2026-05-29 13:56:00
14050201183000,11030313525109,,,,,2026-04-21 18:30:00,1405-02-01 18:30:00,,faham,5699.0,,,,,,,,,,,,,,,1411.0,338.0,225.1999969482422,226.39999389648438,225.60000610351562,7.019999980926514,6.989999771118164,12.430000305175781,7356.0,982.0,0.0,8.0,0,0,2026-05-29 13:56:00
14050201184500,11030313525109,,,,,2026-04-21 18:45:00,1405-02-01 18:45:00,,faham,1232.0,,,,,,,,,,,,,,,309.0,8.0,225.5,226.6999969482422,226.0,0.029999999329447746,0.029999999329447746,5.460000038146973,1241.0,986.0,0.0,10.0,0,64,2026-05-29 14:46:00
14050201190000,11030313525109,,,,,2026-04-21 19:00:00,1405-02-01 19:00:00,,faham,1293.0,,,,,,,,,,,,,,,324.0,14.0,227.0,228.3000030517578,227.60000610351562,0.029999999329447746,0.03999999910593033,5.699999809265137,1298.0,984.0,0.0,9.0,0,64,2026-05-29 14:46:00
14050201191500,11030313525109,,,,,2026-04-21 19:15:00,1405-02-01 19:15:00,,faham,1297.0,,,,,,,,,,,,,,,325.0,13.0,227.60000610351562,228.89999389648438,228.1999969482422,0.029999999329447746,0.03999999910593033,5.699999809265137,1294.0,984.0,0.0,10.0,0,64,2026-05-29 14:51:00
14050201193000,11030313525109,,,,,2026-04-21 19:30:00,1405-02-01 19:30:00,,faham,1260.0,,,,,,,,,,,,,,,316.0,1.0,228.5,229.8000030517578,229.10000610351562,0.029999999329447746,0.03999999910593033,5.510000228881836,1274.0,985.0,0.0,14.0,0,64,2026-05-29 14:51:00
14050201194500,11030313525109,,,,,2026-04-21 19:45:00,1405-02-01 19:45:00,,faham,1304.0,,,,,,,,,,,,,,,326.0,13.0,228.60000610351562,230.0,229.10000610351562,0.029999999329447746,0.03999999910593033,5.710000038146973,1300.0,984.0,0.0,10.0,0,64,2026-05-29 14:56:00
14050201200000,11030313525109,,,,,2026-04-21 20:00:00,1405-02-01 20:00:00,,faham,1312.0,,,,,,,,,,,,,,,329.0,14.0,229.1999969482422,230.5,229.60000610351562,0.029999999329447746,0.03999999910593033,5.739999771118164,1316.0,984.0,0.0,10.0,0,64,2026-05-29 14:56:00
14050201201500,11030313525109,,,,,2026-04-21 20:15:00,1405-02-01 20:15:00,,faham,1288.0,,,,,,,,,,,,,,,323.0,7.0,229.39999389648438,230.8000030517578,229.89999389648438,0.029999999329447746,0.03999999910593033,5.619999885559082,1285.0,985.0,0.0,12.0,0,64,2026-05-29 15:01:00
14050201203000,11030313525109,,,,,2026-04-21 20:30:00,1405-02-01 20:30:00,,faham,1309.0,,,,,,,,,,,,,,,328.0,7.0,231.5,233.0,232.10000610351562,0.029999999329447746,0.03999999910593033,5.659999847412109,1315.0,985.0,0.0,12.0,0,64,2026-05-29 15:01:00
14050201204500,11030313525109,,,,,2026-04-21 20:45:00,1405-02-01 20:45:00,,faham,1369.0,,,,,,,,,,,,,,,343.0,16.0,233.6999969482422,235.39999389648438,234.3000030517578,0.029999999329447746,0.03999999910593033,5.860000133514404,1376.0,984.0,0.0,9.0,0,64,2026-05-29 15:06:00
14050201210000,11030313525109,,,,,2026-04-21 21:00:00,1405-02-01 21:00:00,,faham,1385.0,,,,,,,,,,,,,,,347.0,17.0,234.89999389648438,236.60000610351562,235.5,0.029999999329447746,0.03999999910593033,5.900000095367432,1389.0,984.0,0.0,9.0,0,64,2026-05-29 15:06:00
14050201211500,11030313525109,,,,,2026-04-21 21:15:00,1405-02-01 21:15:00,,faham,1351.0,,,,,,,,,,,,,,,339.0,8.0,235.0,236.8000030517578,235.6999969482422,0.029999999329447746,0.03999999910593033,5.75,1350.0,985.0,0.0,12.0,0,64,2026-05-29 15:11:00
14050201213000,11030313525109,,,,,2026-04-21 21:30:00,1405-02-01 21:30:00,,faham,1327.0,,,,,,,,,,,,,,,332.0,8.0,232.89999389648438,234.60000610351562,233.60000610351562,0.029999999329447746,0.03999999910593033,5.699999809265137,1338.0,984.0,0.0,12.0,0,64,2026-05-29 15:11:00
14050201214500,11030313525109,,,,,2026-04-21 21:45:00,1405-02-01 21:45:00,,faham,1363.0,,,,,,,,,,,,,,,341.0,16.0,233.3000030517578,235.10000610351562,234.0,0.029999999329447746,0.03999999910593033,5.849999904632568,1368.0,984.0,0.0,9.0,0,64,2026-05-29 15:17:00
14050201220000,11030313525109,,,,,2026-04-21 22:00:00,1405-02-01 22:00:00,,faham,1330.0,,,,,,,,,,,,,,,333.0,16.0,232.39999389648438,234.1999969482422,233.10000610351562,0.029999999329447746,0.03999999910593033,5.71999979019165,1332.0,985.0,0.0,8.0,0,64,2026-05-29 15:17:00
14050201221500,11030313525109,,,,,2026-04-21 22:15:00,1405-02-01 22:15:00,,faham,1297.0,,,,,,,,,,,,,,,325.0,5.0,232.89999389648438,234.6999969482422,233.5,0.029999999329447746,0.03999999910593033,5.559999942779541,1296.0,987.0,0.0,11.0,0,64,2026-05-29 15:23:00
14050201223000,11030313525109,,,,,2026-04-21 22:30:00,1405-02-01 22:30:00,,faham,1340.0,,,,,,,,,,,,,,,336.0,12.0,234.8000030517578,236.60000610351562,235.3000030517578,0.029999999329447746,0.03999999910593033,5.699999809265137,1351.0,986.0,0.0,10.0,0,64,2026-05-29 15:23:00
14050201224500,11030313525109,,,,,2026-04-21 22:45:00,1405-02-01 22:45:00,,faham,1361.0,,,,,,,,,,,,,,,341.0,17.0,234.8000030517578,236.6999969482422,235.39999389648438,0.029999999329447746,0.03999999910593033,5.789999961853027,1365.0,985.0,0.0,8.0,0,64,2026-05-29 15:28:00
14050201230000,11030313525109,,,,,2026-04-21 23:00:00,1405-02-01 23:00:00,,faham,1358.0,,,,,,,,,,,,,,,340.0,13.0,235.89999389648438,237.8000030517578,236.39999389648438,0.029999999329447746,0.03999999910593033,5.75,1346.0,986.0,0.0,9.0,0,64,2026-05-29 15:28:00
14050201231500,11030313525109,,,,,2026-04-21 23:15:00,1405-02-01 23:15:00,,faham,1329.0,,,,,,,,,,,,,,,333.0,4.0,236.5,238.39999389648438,237.0,0.029999999329447746,0.03999999910593033,5.610000133514404,1336.0,987.0,0.0,12.0,0,64,2026-05-29 15:33:00
14050201233000,11030313525109,,,,,2026-04-21 23:30:00,1405-02-01 23:30:00,,faham,1389.0,,,,,,,,,,,,,,,348.0,16.0,236.6999969482422,238.60000610351562,237.10000610351562,0.029999999329447746,0.03999999910593033,5.869999885559082,1394.0,985.0,0.0,9.0,0,64,2026-05-29 15:33:00
14050201234500,11030313525109,,,,,2026-04-21 23:45:00,1405-02-01 23:45:00,,faham,1395.0,,,,,,,,,,,,,,,350.0,16.0,237.39999389648438,239.3000030517578,237.8000030517578,0.029999999329447746,0.03999999910593033,5.880000114440918,1400.0,985.0,0.0,9.0,0,64,2026-05-29 15:39:00
14050201000000,11039811127429,,,,,2026-04-21 00:00:00,1405-02-01 00:00:00,,faham,180.0,,,,,,,,,,,,,,,,,225.1999969482422,227.8000030517578,226.10000610351562,0.019999999552965164,1.0700000524520874,0.029999999329447746,,688.0,,,,64,2026-05-29 10:51:00
14050201001500,11039811127429,,,,,2026-04-21 00:15:00,1405-02-01 00:15:00,,faham,50.0,,,,,,,,,,,,,,,,,225.39999389648438,228.0,226.39999389648438,0.019999999552965164,0.30000001192092896,0.029999999329447746,,622.0,,,,0,2026-05-29 10:57:00
14050201003000,11039811127429,,,,,2026-04-21 00:30:00,1405-02-01 00:30:00,,faham,51.0,,,,,,,,,,,,,,,,,225.39999389648438,228.10000610351562,226.39999389648438,0.019999999552965164,0.30000001192092896,0.029999999329447746,,619.0,,,,0,2026-05-29 10:57:00
14050201004500,11039811127429,,,,,2026-04-21 00:45:00,1405-02-01 00:45:00,,faham,51.0,,,,,,,,,,,,,,,,,225.3000030517578,228.0,226.3000030517578,0.019999999552965164,0.30000001192092896,0.029999999329447746,,618.0,,,,0,2026-05-29 11:03:00
14050201010000,11039811127429,,,,,2026-04-21 01:00:00,1405-02-01 01:00:00,,faham,50.0,,,,,,,,,,,,,,,,,224.5,227.10000610351562,225.39999389648438,0.019999999552965164,0.3100000023841858,0.029999999329447746,,618.0,,,,0,2026-05-29 11:03:00
14050201011500,11039811127429,,,,,2026-04-21 01:15:00,1405-02-01 01:15:00,,faham,51.0,,,,,,,,,,,,,,,,,223.0,225.39999389648438,223.8000030517578,0.019999999552965164,0.3199999928474426,0.029999999329447746,,620.0,,,,0,2026-05-29 11:09:00
14050201013000,11039811127429,,,,,2026-04-21 01:30:00,1405-02-01 01:30:00,,faham,179.0,,,,,,,,,,,,,,,,,223.3000030517578,225.8000030517578,224.0,0.019999999552965164,1.0700000524520874,0.029999999329447746,,692.0,,,,64,2026-05-29 11:09:00
14050201014500,11039811127429,,,,,2026-04-21 01:45:00,1405-02-01 01:45:00,,faham,50.0,,,,,,,,,,,,,,,,,223.8000030517578,226.39999389648438,224.5,0.019999999552965164,0.3100000023841858,0.029999999329447746,,615.0,,,,0,2026-05-29 11:14:00
14050201020000,11039811127429,,,,,2026-04-21 02:00:00,1405-02-01 02:00:00,,faham,50.0,,,,,,,,,,,,,,,,,223.8000030517578,226.39999389648438,224.8000030517578,0.019999999552965164,0.3100000023841858,0.029999999329447746,,613.0,,,,0,2026-05-29 11:14:00
14050201021500,11039811127429,,,,,2026-04-21 02:15:00,1405-02-01 02:15:00,,faham,50.0,,,,,,,,,,,,,,,,,223.39999389648438,226.1999969482422,224.5,0.019999999552965164,0.3100000023841858,0.029999999329447746,,614.0,,,,0,2026-05-29 11:19:00
14050201023000,11039811127429,,,,,2026-04-21 02:30:00,1405-02-01 02:30:00,,faham,50.0,,,,,,,,,,,,,,,,,223.39999389648438,226.10000610351562,224.39999389648438,0.019999999552965164,0.3100000023841858,0.029999999329447746,,613.0,,,,0,2026-05-29 11:19:00
14050201024500,11039811127429,,,,,2026-04-21 02:45:00,1405-02-01 02:45:00,,faham,56.0,,,,,,,,,,,,,,,,,222.5,225.10000610351562,223.39999389648438,0.019999999552965164,0.3400000035762787,0.029999999329447746,,617.0,,,,0,2026-05-29 11:24:00
14050201030000,11039811127429,,,,,2026-04-21 03:00:00,1405-02-01 03:00:00,,faham,174.0,,,,,,,,,,,,,,,,,221.3000030517578,223.8000030517578,222.1999969482422,0.019999999552965164,1.0399999618530273,0.029999999329447746,,694.0,,,,64,2026-05-29 11:24:00
14050201031500,11039811127429,,,,,2026-04-21 03:15:00,1405-02-01 03:15:00,,faham,49.0,,,,,,,,,,,,,,,,,220.6999969482422,223.10000610351562,221.60000610351562,0.019999999552965164,0.3100000023841858,0.029999999329447746,,616.0,,,,0,2026-05-29 11:28:00
14050201033000,11039811127429,,,,,2026-04-21 03:30:00,1405-02-01 03:30:00,,faham,49.0,,,,,,,,,,,,,,,,,220.89999389648438,223.5,221.89999389648438,0.019999999552965164,0.3100000023841858,0.029999999329447746,,614.0,,,,0,2026-05-29 11:28:00
14050201034500,11039811127429,,,,,2026-04-21 03:45:00,1405-02-01 03:45:00,,faham,49.0,,,,,,,,,,,,,,,,,221.10000610351562,223.8000030517578,222.10000610351562,0.019999999552965164,0.3100000023841858,0.029999999329447746,,614.0,,,,0,2026-05-29 11:34:00
14050201040000,11039811127429,,,,,2026-04-21 04:00:00,1405-02-01 04:00:00,,faham,49.0,,,,,,,,,,,,,,,,,221.10000610351562,223.8000030517578,222.10000610351562,0.019999999552965164,0.3100000023841858,0.029999999329447746,,614.0,,,,0,2026-05-29 11:34:00
14050201041500,11039811127429,,,,,2026-04-21 04:15:00,1405-02-01 04:15:00,,faham,49.0,,,,,,,,,,,,,,,,,220.5,223.1999969482422,221.60000610351562,0.019999999552965164,0.3100000023841858,0.029999999329447746,,615.0,,,,0,2026-05-29 11:39:00
14050201043000,11039811127429,,,,,2026-04-21 04:30:00,1405-02-01 04:30:00,,faham,181.0,,,,,,,,,,,,,,,,,220.6999969482422,223.3000030517578,221.6999969482422,0.019999999552965164,1.090000033378601,0.029999999329447746,,699.0,,,,64,2026-05-29 11:39:00
14050201044500,11039811127429,,,,,2026-04-21 04:45:00,1405-02-01 04:45:00,,faham,50.0,,,,,,,,,,,,,,,,,221.89999389648438,224.5,222.89999389648438,0.019999999552965164,0.3100000023841858,0.029999999329447746,,614.0,,,,0,2026-05-29 11:43:00
14050201050000,11039811127429,,,,,2026-04-21 05:00:00,1405-02-01 05:00:00,,faham,49.0,,,,,,,,,,,,,,,,,221.60000610351562,224.10000610351562,222.6999969482422,0.019999999552965164,0.3100000023841858,0.029999999329447746,,614.0,,,,0,2026-05-29 11:43:00
14050201051500,11039811127429,,,,,2026-04-21 05:15:00,1405-02-01 05:15:00,,faham,49.0,,,,,,,,,,,,,,,,,221.89999389648438,224.3000030517578,222.89999389648438,0.019999999552965164,0.3100000023841858,0.029999999329447746,,615.0,,,,0,2026-05-29 11:48:00
14050201053000,11039811127429,,,,,2026-04-21 05:30:00,1405-02-01 05:30:00,,faham,48.0,,,,,,,,,,,,,,,,,222.39999389648438,224.89999389648438,223.5,0.019999999552965164,0.30000001192092896,0.029999999329447746,,614.0,,,,0,2026-05-29 11:48:00
14050201054500,11039811127429,,,,,2026-04-21 05:45:00,1405-02-01 05:45:00,,faham,48.0,,,,,,,,,,,,,,,,,223.0,225.60000610351562,224.10000610351562,0.019999999552965164,0.30000001192092896,0.029999999329447746,,613.0,,,,0,2026-05-29 11:53:00
14050201060000,11039811127429,,,,,2026-04-21 06:00:00,1405-02-01 06:00:00,,faham,145.0,,,,,,,,,,,,,,,,,222.8000030517578,225.3000030517578,223.8000030517578,0.019999999552965164,0.8700000047683716,0.029999999329447746,,671.0,,,,0,2026-05-29 11:53:00
14050201061500,11039811127429,,,,,2026-04-21 06:15:00,1405-02-01 06:15:00,,faham,84.0,,,,,,,,,,,,,,,,,221.5,223.89999389648438,222.5,0.019999999552965164,0.5199999809265137,0.029999999329447746,,635.0,,,,0,2026-05-29 11:58:00
14050201063000,11039811127429,,,,,2026-04-21 06:30:00,1405-02-01 06:30:00,,faham,48.0,,,,,,,,,,,,,,,,,220.8000030517578,223.0,221.60000610351562,0.019999999552965164,0.30000001192092896,0.029999999329447746,,614.0,,,,0,2026-05-29 11:58:00
14050201064500,11039811127429,,,,,2026-04-21 06:45:00,1405-02-01 06:45:00,,faham,48.0,,,,,,,,,,,,,,,,,220.8000030517578,223.1999969482422,221.8000030517578,0.019999999552965164,0.30000001192092896,0.029999999329447746,,616.0,,,,0,2026-05-29 12:03:00
14050201070000,11039811127429,,,,,2026-04-21 07:00:00,1405-02-01 07:00:00,,faham,48.0,,,,,,,,,,,,,,,,,220.8000030517578,223.1999969482422,221.6999969482422,0.019999999552965164,0.30000001192092896,0.029999999329447746,,616.0,,,,0,2026-05-29 12:03:00
14050201071500,11039811127429,,,,,2026-04-21 07:15:00,1405-02-01 07:15:00,,faham,48.0,,,,,,,,,,,,,,,,,222.10000610351562,224.39999389648438,222.8000030517578,0.019999999552965164,0.30000001192092896,0.029999999329447746,,621.0,,,,0,2026-05-29 12:08:00
14050201073000,11039811127429,,,,,2026-04-21 07:30:00,1405-02-01 07:30:00,,faham,48.0,,,,,,,,,,,,,,,,,223.0,225.10000610351562,223.6999969482422,0.019999999552965164,0.30000001192092896,0.029999999329447746,,620.0,,,,0,2026-05-29 12:08:00
14050201074500,11039811127429,,,,,2026-04-21 07:45:00,1405-02-01 07:45:00,,faham,183.0,,,,,,,,,,,,,,,,,222.39999389648438,224.3000030517578,223.0,0.019999999552965164,1.100000023841858,0.029999999329447746,,697.0,,,,64,2026-05-29 12:13:00
14050201080000,11039811127429,,,,,2026-04-21 08:00:00,1405-02-01 08:00:00,,faham,48.0,,,,,,,,,,,,,,,,,221.89999389648438,224.10000610351562,222.6999969482422,0.019999999552965164,0.28999999165534973,0.029999999329447746,,621.0,,,,0,2026-05-29 12:13:00
14050201081500,11039811127429,,,,,2026-04-21 08:15:00,1405-02-01 08:15:00,,faham,48.0,,,,,,,,,,,,,,,,,223.39999389648438,225.60000610351562,224.1999969482422,0.019999999552965164,0.28999999165534973,0.029999999329447746,,621.0,,,,0,2026-05-29 12:18:00
14050201083000,11039811127429,,,,,2026-04-21 08:30:00,1405-02-01 08:30:00,,faham,49.0,,,,,,,,,,,,,,,,,224.89999389648438,226.8000030517578,225.5,0.019999999552965164,0.28999999165534973,0.029999999329447746,,620.0,,,,0,2026-05-29 12:18:00
14050201084500,11039811127429,,,,,2026-04-21 08:45:00,1405-02-01 08:45:00,,faham,49.0,,,,,,,,,,,,,,,,,224.89999389648438,226.6999969482422,225.5,0.019999999552965164,0.28999999165534973,0.029999999329447746,,621.0,,,,0,2026-05-29 12:23:00
14050201090000,11039811127429,,,,,2026-04-21 09:00:00,1405-02-01 09:00:00,,faham,48.0,,,,,,,,,,,,,,,,,224.10000610351562,226.0,224.6999969482422,0.019999999552965164,0.28999999165534973,0.029999999329447746,,622.0,,,,0,2026-05-29 12:23:00
14050201091500,11039811127429,,,,,2026-04-21 09:15:00,1405-02-01 09:15:00,,faham,78.0,,,,,,,,,,,,,,,,,224.10000610351562,225.89999389648438,224.8000030517578,0.019999999552965164,0.46000000834465027,0.029999999329447746,,638.0,,,,0,2026-05-29 12:28:00
14050201093000,11039811127429,,,,,2026-04-21 09:30:00,1405-02-01 09:30:00,,faham,156.0,,,,,,,,,,,,,,,,,224.39999389648438,226.10000610351562,225.0,0.019999999552965164,0.9399999976158142,0.029999999329447746,,677.0,,,,0,2026-05-29 12:28:00
14050201094500,11039811127429,,,,,2026-04-21 09:45:00,1405-02-01 09:45:00,,faham,49.0,,,,,,,,,,,,,,,,,225.0,226.6999969482422,225.5,0.019999999552965164,0.28999999165534973,0.029999999329447746,,621.0,,,,0,2026-05-29 12:33:00
14050201100000,11039811127429,,,,,2026-04-21 10:00:00,1405-02-01 10:00:00,,faham,49.0,,,,,,,,,,,,,,,,,225.0,226.89999389648438,225.6999969482422,0.019999999552965164,0.28999999165534973,0.029999999329447746,,621.0,,,,0,2026-05-29 12:33:00
14050201101500,11039811127429,,,,,2026-04-21 10:15:00,1405-02-01 10:15:00,,faham,49.0,,,,,,,,,,,,,,,,,224.89999389648438,226.6999969482422,225.39999389648438,0.019999999552965164,0.28999999165534973,0.029999999329447746,,622.0,,,,0,2026-05-29 12:39:00
14050201103000,11039811127429,,,,,2026-04-21 10:30:00,1405-02-01 10:30:00,,faham,48.0,,,,,,,,,,,,,,,,,224.8000030517578,226.5,225.3000030517578,0.019999999552965164,0.28999999165534973,0.029999999329447746,,622.0,,,,0,2026-05-29 12:39:00
14050201104500,11039811127429,,,,,2026-04-21 10:45:00,1405-02-01 10:45:00,,faham,48.0,,,,,,,,,,,,,,,,,223.6999969482422,225.5,224.10000610351562,0.019999999552965164,0.28999999165534973,0.029999999329447746,,622.0,,,,0,2026-05-29 12:43:00
14050201110000,11039811127429,,,,,2026-04-21 11:00:00,1405-02-01 11:00:00,,faham,164.0,,,,,,,,,,,,,,,,,225.8000030517578,227.39999389648438,226.10000610351562,0.019999999552965164,0.9800000190734863,0.029999999329447746,,678.0,,,,0,2026-05-29 12:43:00
14050201111500,11039811127429,,,,,2026-04-21 11:15:00,1405-02-01 11:15:00,,faham,71.0,,,,,,,,,,,,,,,,,225.60000610351562,227.39999389648438,226.0,0.019999999552965164,0.4300000071525574,0.029999999329447746,,630.0,,,,0,2026-05-29 12:49:00
14050201113000,11039811127429,,,,,2026-04-21 11:30:00,1405-02-01 11:30:00,,faham,49.0,,,,,,,,,,,,,,,,,225.60000610351562,227.39999389648438,226.1999969482422,0.019999999552965164,0.28999999165534973,0.029999999329447746,,619.0,,,,0,2026-05-29 12:49:00
14050201114500,11039811127429,,,,,2026-04-21 11:45:00,1405-02-01 11:45:00,,faham,49.0,,,,,,,,,,,,,,,,,225.89999389648438,227.8000030517578,226.39999389648438,0.019999999552965164,0.28999999165534973,0.029999999329447746,,618.0,,,,0,2026-05-29 12:53:00
14050201120000,11039811127429,,,,,2026-04-21 12:00:00,1405-02-01 12:00:00,,faham,49.0,,,,,,,,,,,,,,,,,226.0,227.89999389648438,226.39999389648438,0.019999999552965164,0.28999999165534973,0.029999999329447746,,619.0,,,,0,2026-05-29 12:53:00
14050201121500,11039811127429,,,,,2026-04-21 12:15:00,1405-02-01 12:15:00,,faham,49.0,,,,,,,,,,,,,,,,,225.0,226.89999389648438,225.5,0.019999999552965164,0.28999999165534973,0.029999999329447746,,620.0,,,,0,2026-05-29 12:58:00
14050201123000,11039811127429,,,,,2026-04-21 12:30:00,1405-02-01 12:30:00,,faham,88.0,,,,,,,,,,,,,,,,,224.89999389648438,226.8000030517578,225.39999389648438,0.019999999552965164,0.5299999713897705,0.029999999329447746,,640.0,,,,0,2026-05-29 12:58:00
14050201124500,11039811127429,,,,,2026-04-21 12:45:00,1405-02-01 12:45:00,,faham,146.0,,,,,,,,,,,,,,,,,225.10000610351562,227.0,225.60000610351562,0.019999999552965164,0.8799999952316284,0.029999999329447746,,668.0,,,,0,2026-05-29 13:03:00
14050201130000,11039811127429,,,,,2026-04-21 13:00:00,1405-02-01 13:00:00,,faham,49.0,,,,,,,,,,,,,,,,,225.3000030517578,227.0,225.60000610351562,0.019999999552965164,0.28999999165534973,0.029999999329447746,,619.0,,,,0,2026-05-29 13:03:00
14050201131500,11039811127429,,,,,2026-04-21 13:15:00,1405-02-01 13:15:00,,faham,49.0,,,,,,,,,,,,,,,,,226.39999389648438,228.1999969482422,226.89999389648438,0.019999999552965164,0.28999999165534973,0.029999999329447746,,619.0,,,,0,2026-05-29 13:09:00
14050201133000,11039811127429,,,,,2026-04-21 13:30:00,1405-02-01 13:30:00,,faham,49.0,,,,,,,,,,,,,,,,,226.3000030517578,228.3000030517578,226.89999389648438,0.019999999552965164,0.28999999165534973,0.029999999329447746,,617.0,,,,0,2026-05-29 13:09:00
14050201134500,11039811127429,,,,,2026-04-21 13:45:00,1405-02-01 13:45:00,,faham,49.0,,,,,,,,,,,,,,,,,225.1999969482422,227.0,225.60000610351562,0.019999999552965164,0.28999999165534973,0.029999999329447746,,616.0,,,,0,2026-05-29 13:13:00
14050201140000,11039811127429,,,,,2026-04-21 14:00:00,1405-02-01 14:00:00,,faham,77.0,,,,,,,,,,,,,,,,,225.5,227.3000030517578,225.89999389648438,0.019999999552965164,0.46000000834465027,0.029999999329447746,,631.0,,,,0,2026-05-29 13:13:00
14050201141500,11039811127429,,,,,2026-04-21 14:15:00,1405-02-01 14:15:00,,faham,155.0,,,,,,,,,,,,,,,,,224.39999389648438,226.1999969482422,225.0,0.019999999552965164,0.9300000071525574,0.029999999329447746,,674.0,,,,0,2026-05-29 13:19:00
14050201143000,11039811127429,,,,,2026-04-21 14:30:00,1405-02-01 14:30:00,,faham,48.0,,,,,,,,,,,,,,,,,223.89999389648438,225.6999969482422,224.5,0.019999999552965164,0.28999999165534973,0.029999999329447746,,618.0,,,,0,2026-05-29 13:19:00
14050201144500,11039811127429,,,,,2026-04-21 14:45:00,1405-02-01 14:45:00,,faham,48.0,,,,,,,,,,,,,,,,,224.10000610351562,226.0,224.60000610351562,0.019999999552965164,0.28999999165534973,0.029999999329447746,,618.0,,,,0,2026-05-29 13:24:00
14050201150000,11039811127429,,,,,2026-04-21 15:00:00,1405-02-01 15:00:00,,faham,48.0,,,,,,,,,,,,,,,,,224.0,225.8000030517578,224.60000610351562,0.019999999552965164,0.28999999165534973,0.029999999329447746,,619.0,,,,0,2026-05-29 13:24:00
14050201151500,11039811127429,,,,,2026-04-21 15:15:00,1405-02-01 15:15:00,,faham,2618.0,,,,,,,,,,,,,,,,,223.6999969482422,225.5,224.1999969482422,5.019999980926514,5.429999828338623,5.070000171661377,,708.0,,,,0,2026-05-29 13:30:00
14050201153000,11039811127429,,,,,2026-04-21 15:30:00,1405-02-01 15:30:00,,faham,3855.0,,,,,,,,,,,,,,,,,223.5,225.1999969482422,223.89999389648438,7.429999828338623,8.180000305175781,7.5,,744.0,,,,0,2026-05-29 13:30:00
14050201154500,11039811127429,,,,,2026-04-21 15:45:00,1405-02-01 15:45:00,,faham,3889.0,,,,,,,,,,,,,,,,,223.8000030517578,225.5,224.3000030517578,7.369999885559082,8.420000076293945,7.510000228881836,,743.0,,,,0,2026-05-29 13:34:00
14050201160000,11039811127429,,,,,2026-04-21 16:00:00,1405-02-01 16:00:00,,faham,3792.0,,,,,,,,,,,,,,,,,224.39999389648438,226.1999969482422,224.89999389648438,7.380000114440918,7.840000152587891,7.440000057220459,,743.0,,,,0,2026-05-29 13:34:00
14050201161500,11039811127429,,,,,2026-04-21 16:15:00,1405-02-01 16:15:00,,faham,3790.0,,,,,,,,,,,,,,,,,224.60000610351562,226.5,225.10000610351562,7.349999904632568,7.840000152587891,7.440000057220459,,743.0,,,,0,2026-05-29 13:39:00
14050201163000,11039811127429,,,,,2026-04-21 16:30:00,1405-02-01 16:30:00,,faham,3783.0,,,,,,,,,,,,,,,,,224.60000610351562,226.60000610351562,225.3000030517578,7.340000152587891,7.829999923706055,7.440000057220459,,742.0,,,,0,2026-05-29 13:39:00
14050201164500,11039811127429,,,,,2026-04-21 16:45:00,1405-02-01 16:45:00,,faham,3789.0,,,,,,,,,,,,,,,,,224.8000030517578,226.6999969482422,225.39999389648438,7.349999904632568,7.820000171661377,7.449999809265137,,742.0,,,,0,2026-05-29 13:43:00
14050201170000,11039811127429,,,,,2026-04-21 17:00:00,1405-02-01 17:00:00,,faham,3919.0,,,,,,,,,,,,,,,,,224.6999969482422,226.5,225.3000030517578,7.320000171661377,8.600000381469727,7.519999980926514,,741.0,,,,0,2026-05-29 13:43:00
14050201171500,11039811127429,,,,,2026-04-21 17:15:00,1405-02-01 17:15:00,,faham,3800.0,,,,,,,,,,,,,,,,,225.0,227.0,225.6999969482422,7.329999923706055,7.920000076293945,7.449999809265137,,741.0,,,,0,2026-05-29 13:48:00
14050201173000,11039811127429,,,,,2026-04-21 17:30:00,1405-02-01 17:30:00,,faham,3785.0,,,,,,,,,,,,,,,,,224.89999389648438,226.89999389648438,225.60000610351562,7.329999923706055,7.829999923706055,7.440000057220459,,741.0,,,,0,2026-05-29 13:48:00
14050201174500,11039811127429,,,,,2026-04-21 17:45:00,1405-02-01 17:45:00,,faham,3784.0,,,,,,,,,,,,,,,,,224.8000030517578,226.89999389648438,225.6999969482422,7.309999942779541,7.829999923706055,7.449999809265137,,741.0,,,,0,2026-05-29 13:53:00
14050201180000,11039811127429,,,,,2026-04-21 18:00:00,1405-02-01 18:00:00,,faham,3768.0,,,,,,,,,,,,,,,943.0,851.0,224.5,226.6,225.4,7.29,7.81,7.45,3774.0,741.0,0.0,0.0,0,0,
14050201181500,11039811127429,,,,,2026-04-21 18:15:00,1405-02-01 18:15:00,,faham,3805.0,,,,,,,,,,,,,,,,,224.6999969482422,226.89999389648438,225.3000030517578,7.28000020980835,8.09000015258789,7.420000076293945,,740.0,,,,0,2026-05-29 13:56:00
14050201183000,11039811127429,,,,,2026-04-21 18:30:00,1405-02-01 18:30:00,,faham,3858.0,,,,,,,,,,,,,,,,,224.6999969482422,226.8000030517578,225.39999389648438,7.28000020980835,8.40999984741211,7.460000038146973,,739.0,,,,0,2026-05-29 13:56:00
14050201184500,11039811127429,,,,,2026-04-21 18:45:00,1405-02-01 18:45:00,,faham,3738.0,,,,,,,,,,,,,,,,,223.0,225.10000610351562,223.6999969482422,7.260000228881836,7.78000020980835,7.369999885559082,,745.0,,,,0,2026-05-29 14:46:00
14050201190000,11039811127429,,,,,2026-04-21 19:00:00,1405-02-01 19:00:00,,faham,1508.0,,,,,,,,,,,,,,,,,221.6999969482422,224.1999969482422,222.8000030517578,2.869999885559082,3.259999990463257,2.940000057220459,,677.0,,,,0,2026-05-29 14:46:00
14050201191500,11039811127429,,,,,2026-04-21 19:15:00,1405-02-01 19:15:00,,faham,49.0,,,,,,,,,,,,,,,,,222.10000610351562,224.5,223.1999969482422,0.019999999552965164,0.30000001192092896,0.029999999329447746,,631.0,,,,0,2026-05-29 14:51:00
14050201193000,11039811127429,,,,,2026-04-21 19:30:00,1405-02-01 19:30:00,,faham,50.0,,,,,,,,,,,,,,,,,222.5,224.8000030517578,223.60000610351562,0.019999999552965164,0.30000001192092896,0.029999999329447746,,631.0,,,,0,2026-05-29 14:51:00
14050201194500,11039811127429,,,,,2026-04-21 19:45:00,1405-02-01 19:45:00,,faham,177.0,,,,,,,,,,,,,,,,,222.0,224.5,223.1999969482422,0.019999999552965164,1.059999942779541,0.029999999329447746,,696.0,,,,64,2026-05-29 14:56:00
14050201200000,11039811127429,,,,,2026-04-21 20:00:00,1405-02-01 20:00:00,,faham,50.0,,,,,,,,,,,,,,,,,222.0,224.39999389648438,223.3000030517578,0.019999999552965164,0.30000001192092896,0.029999999329447746,,631.0,,,,0,2026-05-29 14:56:00
14050201201500,11039811127429,,,,,2026-04-21 20:15:00,1405-02-01 20:15:00,,faham,50.0,,,,,,,,,,,,,,,,,222.0,224.60000610351562,223.39999389648438,0.019999999552965164,0.30000001192092896,0.029999999329447746,,630.0,,,,0,2026-05-29 15:01:00
14050201203000,11039811127429,,,,,2026-04-21 20:30:00,1405-02-01 20:30:00,,faham,50.0,,,,,,,,,,,,,,,,,222.6999969482422,225.1999969482422,224.0,0.019999999552965164,0.30000001192092896,0.029999999329447746,,629.0,,,,0,2026-05-29 15:01:00
14050201204500,11039811127429,,,,,2026-04-21 20:45:00,1405-02-01 20:45:00,,faham,50.0,,,,,,,,,,,,,,,,,222.5,225.10000610351562,223.89999389648438,0.019999999552965164,0.30000001192092896,0.029999999329447746,,628.0,,,,0,2026-05-29 15:06:00
14050201210000,11039811127429,,,,,2026-04-21 21:00:00,1405-02-01 21:00:00,,faham,116.0,,,,,,,,,,,,,,,,,223.0,225.5,224.3000030517578,0.019999999552965164,0.6899999976158142,0.029999999329447746,,663.0,,,,0,2026-05-29 15:06:00
14050201211500,11039811127429,,,,,2026-04-21 21:15:00,1405-02-01 21:15:00,,faham,114.0,,,,,,,,,,,,,,,,,223.39999389648438,225.89999389648438,224.8000030517578,0.019999999552965164,0.6800000071525574,0.029999999329447746,,659.0,,,,0,2026-05-29 15:11:00
14050201213000,11039811127429,,,,,2026-04-21 21:30:00,1405-02-01 21:30:00,,faham,51.0,,,,,,,,,,,,,,,,,223.6999969482422,226.1999969482422,225.10000610351562,0.019999999552965164,0.30000001192092896,0.029999999329447746,,625.0,,,,0,2026-05-29 15:11:00
14050201214500,11039811127429,,,,,2026-04-21 21:45:00,1405-02-01 21:45:00,,faham,51.0,,,,,,,,,,,,,,,,,224.3000030517578,226.8000030517578,225.60000610351562,0.019999999552965164,0.30000001192092896,0.029999999329447746,,626.0,,,,0,2026-05-29 15:17:00
14050201220000,11039811127429,,,,,2026-04-21 22:00:00,1405-02-01 22:00:00,,faham,50.0,,,,,,,,,,,,,,,,,224.10000610351562,226.6999969482422,225.3000030517578,0.019999999552965164,0.30000001192092896,0.029999999329447746,,625.0,,,,0,2026-05-29 15:17:00
14050201221500,11039811127429,,,,,2026-04-21 22:15:00,1405-02-01 22:15:00,,faham,50.0,,,,,,,,,,,,,,,,,224.39999389648438,226.89999389648438,225.60000610351562,0.019999999552965164,0.30000001192092896,0.029999999329447746,,626.0,,,,0,2026-05-29 15:23:00
14050201223000,11039811127429,,,,,2026-04-21 22:30:00,1405-02-01 22:30:00,,faham,179.0,,,,,,,,,,,,,,,,,225.10000610351562,227.6999969482422,226.39999389648438,0.019999999552965164,1.0700000524520874,0.029999999329447746,,686.0,,,,64,2026-05-29 15:23:00
14050201224500,11039811127429,,,,,2026-04-21 22:45:00,1405-02-01 22:45:00,,faham,50.0,,,,,,,,,,,,,,,,,225.39999389648438,228.10000610351562,226.6999969482422,0.019999999552965164,0.30000001192092896,0.029999999329447746,,623.0,,,,0,2026-05-29 15:28:00
14050201230000,11039811127429,,,,,2026-04-21 23:00:00,1405-02-01 23:00:00,,faham,50.0,,,,,,,,,,,,,,,,,225.39999389648438,228.10000610351562,226.5,0.019999999552965164,0.30000001192092896,0.029999999329447746,,625.0,,,,0,2026-05-29 15:28:00
14050201231500,11039811127429,,,,,2026-04-21 23:15:00,1405-02-01 23:15:00,,faham,51.0,,,,,,,,,,,,,,,,,224.3000030517578,226.89999389648438,225.3000030517578,0.019999999552965164,0.30000001192092896,0.029999999329447746,,623.0,,,,0,2026-05-29 15:33:00
14050201233000,11039811127429,,,,,2026-04-21 23:30:00,1405-02-01 23:30:00,,faham,50.0,,,,,,,,,,,,,,,,,224.60000610351562,227.10000610351562,225.60000610351562,0.019999999552965164,0.30000001192092896,0.029999999329447746,,627.0,,,,0,2026-05-29 15:33:00
14050201234500,11039811127429,,,,,2026-04-21 23:45:00,1405-02-01 23:45:00,,faham,97.0,,,,,,,,,,,,,,,,,225.10000610351562,227.6999969482422,226.10000610351562,0.019999999552965164,0.5699999928474426,0.029999999329447746,,652.0,,,,0,2026-05-29 15:39:00
14050201000000,11039811131542,,,,,2026-04-21 00:00:00,1405-02-01 00:00:00,,faham,1424.0,,,,,,,,,,,,,,,,,229.8000030517578,230.60000610351562,231.39999389648438,2.450000047683716,0.03999999910593033,4.349999904632568,,902.0,,,,0,2026-05-29 10:51:00
14050201001500,11039811131542,,,,,2026-04-21 00:15:00,1405-02-01 00:15:00,,faham,1479.0,,,,,,,,,,,,,,,,,230.0,231.0,231.6999969482422,2.759999990463257,0.03999999910593033,4.360000133514404,,896.0,,,,0,2026-05-29 10:57:00
14050201003000,11039811131542,,,,,2026-04-21 00:30:00,1405-02-01 00:30:00,,faham,1406.0,,,,,,,,,,,,,,,,,230.1999969482422,231.1999969482422,231.8000030517578,2.3399999141693115,0.03999999910593033,4.340000152587891,,904.0,,,,0,2026-05-29 10:57:00
14050201004500,11039811131542,,,,,2026-04-21 00:45:00,1405-02-01 00:45:00,,faham,1485.0,,,,,,,,,,,,,,,,,230.60000610351562,231.60000610351562,232.1999969482422,2.740000009536743,0.03999999910593033,4.369999885559082,,898.0,,,,0,2026-05-29 11:03:00
14050201010000,11039811131542,,,,,2026-04-21 01:00:00,1405-02-01 01:00:00,,faham,1420.0,,,,,,,,,,,,,,,,,231.10000610351562,232.10000610351562,232.8000030517578,2.3399999141693115,0.03999999910593033,4.380000114440918,,904.0,,,,0,2026-05-29 11:03:00
14050201011500,11039811131542,,,,,2026-04-21 01:15:00,1405-02-01 01:15:00,,faham,1473.0,,,,,,,,,,,,,,,,,230.60000610351562,231.6999969482422,232.1999969482422,2.6500000953674316,0.03999999910593033,4.380000114440918,,899.0,,,,0,2026-05-29 11:09:00
14050201013000,11039811131542,,,,,2026-04-21 01:30:00,1405-02-01 01:30:00,,faham,1441.0,,,,,,,,,,,,,,,,,230.89999389648438,232.1999969482422,232.6999969482422,2.450000047683716,0.03999999910593033,4.389999866485596,,903.0,,,,0,2026-05-29 11:09:00
14050201014500,11039811131542,,,,,2026-04-21 01:45:00,1405-02-01 01:45:00,,faham,1487.0,,,,,,,,,,,,,,,,,231.10000610351562,232.39999389648438,233.0,2.700000047683716,0.03999999910593033,4.400000095367432,,899.0,,,,0,2026-05-29 11:14:00
14050201020000,11039811131542,,,,,2026-04-21 02:00:00,1405-02-01 02:00:00,,faham,1462.0,,,,,,,,,,,,,,,,,231.39999389648438,232.5,233.0,2.559999942779541,0.03999999910593033,4.400000095367432,,900.0,,,,0,2026-05-29 11:14:00
14050201021500,11039811131542,,,,,2026-04-21 02:15:00,1405-02-01 02:15:00,,faham,1448.0,,,,,,,,,,,,,,,,,231.1999969482422,232.39999389648438,232.89999389648438,2.4700000286102295,0.03999999910593033,4.400000095367432,,902.0,,,,0,2026-05-29 11:19:00
14050201023000,11039811131542,,,,,2026-04-21 02:30:00,1405-02-01 02:30:00,,faham,1461.0,,,,,,,,,,,,,,,,,231.3000030517578,232.3000030517578,232.89999389648438,2.5399999618530273,0.03999999910593033,4.400000095367432,,901.0,,,,0,2026-05-29 11:19:00
14050201024500,11039811131542,,,,,2026-04-21 02:45:00,1405-02-01 02:45:00,,faham,1425.0,,,,,,,,,,,,,,,,,231.8000030517578,232.89999389648438,233.39999389648438,2.309999942779541,0.03999999910593033,4.409999847412109,,905.0,,,,0,2026-05-29 11:24:00
14050201030000,11039811131542,,,,,2026-04-21 03:00:00,1405-02-01 03:00:00,,faham,1488.0,,,,,,,,,,,,,,,,,231.39999389648438,232.60000610351562,233.10000610351562,2.7100000381469727,0.03999999910593033,4.389999866485596,,897.0,,,,0,2026-05-29 11:24:00
14050201031500,11039811131542,,,,,2026-04-21 03:15:00,1405-02-01 03:15:00,,faham,1421.0,,,,,,,,,,,,,,,,,230.3000030517578,231.39999389648438,231.89999389648438,2.4000000953674316,0.03999999910593033,4.360000133514404,,901.0,,,,0,2026-05-29 11:28:00
14050201033000,11039811131542,,,,,2026-04-21 03:30:00,1405-02-01 03:30:00,,faham,1502.0,,,,,,,,,,,,,,,,,230.39999389648438,231.39999389648438,232.10000610351562,2.8399999141693115,0.03999999910593033,4.369999885559082,,895.0,,,,0,2026-05-29 11:28:00
14050201034500,11039811131542,,,,,2026-04-21 03:45:00,1405-02-01 03:45:00,,faham,1408.0,,,,,,,,,,,,,,,,,230.5,231.60000610351562,232.1999969482422,2.3299999237060547,0.03999999910593033,4.360000133514404,,903.0,,,,0,2026-05-29 11:34:00
14050201040000,11039811131542,,,,,2026-04-21 04:00:00,1405-02-01 04:00:00,,faham,1477.0,,,,,,,,,,,,,,,,,230.8000030517578,231.89999389648438,232.39999389648438,2.7300000190734863,0.03999999910593033,4.360000133514404,,896.0,,,,0,2026-05-29 11:34:00
14050201041500,11039811131542,,,,,2026-04-21 04:15:00,1405-02-01 04:15:00,,faham,1405.0,,,,,,,,,,,,,,,,,230.8000030517578,231.8000030517578,232.3000030517578,2.309999942779541,0.03999999910593033,4.360000133514404,,902.0,,,,0,2026-05-29 11:39:00
14050201043000,11039811131542,,,,,2026-04-21 04:30:00,1405-02-01 04:30:00,,faham,1452.0,,,,,,,,,,,,,,,,,230.60000610351562,231.6999969482422,232.3000030517578,2.5799999237060547,0.03999999910593033,4.349999904632568,,898.0,,,,0,2026-05-29 11:39:00
14050201044500,11039811131542,,,,,2026-04-21 04:45:00,1405-02-01 04:45:00,,faham,1453.0,,,,,,,,,,,,,,,,,231.0,232.0,232.6999969482422,2.5799999237060547,0.03999999910593033,4.360000133514404,,898.0,,,,0,2026-05-29 11:43:00
14050201050000,11039811131542,,,,,2026-04-21 05:00:00,1405-02-01 05:00:00,,faham,1423.0,,,,,,,,,,,,,,,,,231.0,232.0,232.6999969482422,2.4100000858306885,0.03999999910593033,4.360000133514404,,900.0,,,,0,2026-05-29 11:43:00
14050201051500,11039811131542,,,,,2026-04-21 05:15:00,1405-02-01 05:15:00,,faham,1467.0,,,,,,,,,,,,,,,,,230.89999389648438,231.6999969482422,232.39999389648438,2.690000057220459,0.03999999910593033,4.340000152587891,,895.0,,,,0,2026-05-29 11:48:00
14050201053000,11039811131542,,,,,2026-04-21 05:30:00,1405-02-01 05:30:00,,faham,1388.0,,,,,,,,,,,,,,,,,231.1999969482422,232.10000610351562,232.6999969482422,2.240000009536743,0.03999999910593033,4.340000152587891,,903.0,,,,0,2026-05-29 11:48:00
14050201054500,11039811131542,,,,,2026-04-21 05:45:00,1405-02-01 05:45:00,,faham,1461.0,,,,,,,,,,,,,,,,,231.39999389648438,232.3000030517578,233.0,2.640000104904175,0.03999999910593033,4.349999904632568,,896.0,,,,0,2026-05-29 11:53:00
14050201060000,11039811131542,,,,,2026-04-21 06:00:00,1405-02-01 06:00:00,,faham,1403.0,,,,,,,,,,,,,,,,,231.0,232.0,232.5,2.3299999237060547,0.03999999910593033,4.340000152587891,,901.0,,,,0,2026-05-29 11:53:00
14050201061500,11039811131542,,,,,2026-04-21 06:15:00,1405-02-01 06:15:00,,faham,1454.0,,,,,,,,,,,,,,,,,230.60000610351562,231.39999389648438,232.10000610351562,2.630000114440918,0.03999999910593033,4.349999904632568,,895.0,,,,0,2026-05-29 11:58:00
14050201063000,11039811131542,,,,,2026-04-21 06:30:00,1405-02-01 06:30:00,,faham,1405.0,,,,,,,,,,,,,,,,,229.8000030517578,230.60000610351562,231.3000030517578,2.380000114440918,0.03999999910593033,4.349999904632568,,900.0,,,,0,2026-05-29 11:58:00
14050201064500,11039811131542,,,,,2026-04-21 06:45:00,1405-02-01 06:45:00,,faham,1373.0,,,,,,,,,,,,,,,,,229.1999969482422,230.10000610351562,230.8000030517578,2.240000009536743,0.03999999910593033,4.329999923706055,,902.0,,,,0,2026-05-29 12:03:00
14050201070000,11039811131542,,,,,2026-04-21 07:00:00,1405-02-01 07:00:00,,faham,1443.0,,,,,,,,,,,,,,,,,228.89999389648438,229.8000030517578,230.39999389648438,2.6500000953674316,0.03999999910593033,4.340000152587891,,895.0,,,,0,2026-05-29 12:03:00
14050201071500,11039811131542,,,,,2026-04-21 07:15:00,1405-02-01 07:15:00,,faham,1376.0,,,,,,,,,,,,,,,,,228.1999969482422,229.0,229.60000610351562,2.299999952316284,0.03999999910593033,4.320000171661377,,902.0,,,,0,2026-05-29 12:08:00
14050201073000,11039811131542,,,,,2026-04-21 07:30:00,1405-02-01 07:30:00,,faham,1461.0,,,,,,,,,,,,,,,,,227.60000610351562,228.39999389648438,229.10000610351562,2.819999933242798,0.03999999910593033,4.309999942779541,,892.0,,,,0,2026-05-29 12:08:00
14050201074500,11039811131542,,,,,2026-04-21 07:45:00,1405-02-01 07:45:00,,faham,1878.0,,,,,,,,,,,,,,,,,229.6999969482422,230.60000610351562,231.3000030517578,4.309999942779541,0.03999999910593033,4.349999904632568,,934.0,,,,0,2026-05-29 12:13:00
14050201080000,11039811131542,,,,,2026-04-21 08:00:00,1405-02-01 08:00:00,,faham,2062.0,,,,,,,,,,,,,,,,,230.3000030517578,231.10000610351562,231.89999389648438,5.170000076293945,0.03999999910593033,4.369999885559082,,930.0,,,,0,2026-05-29 12:13:00
14050201081500,11039811131542,,,,,2026-04-21 08:15:00,1405-02-01 08:15:00,,faham,2026.0,,,,,,,,,,,,,,,,,230.8000030517578,231.6999969482422,232.60000610351562,5.070000171661377,0.03999999910593033,4.380000114440918,,920.0,,,,0,2026-05-29 12:18:00
14050201083000,11039811131542,,,,,2026-04-21 08:30:00,1405-02-01 08:30:00,,faham,1536.0,,,,,,,,,,,,,,,,,231.89999389648438,232.6999969482422,233.5,2.990000009536743,0.03999999910593033,4.389999866485596,,888.0,,,,0,2026-05-29 12:18:00
14050201084500,11039811131542,,,,,2026-04-21 08:45:00,1405-02-01 08:45:00,,faham,2459.0,,,,,,,,,,,,,,,,,230.89999389648438,231.60000610351562,232.3000030517578,4.820000171661377,1.9700000286102295,6.110000133514404,,862.0,,,,64,2026-05-29 12:23:00
14050201090000,11039811131542,,,,,2026-04-21 09:00:00,1405-02-01 09:00:00,,faham,3093.0,,,,,,,,,,,,,,,,,230.10000610351562,230.5,231.5,7.820000171661377,5.690000057220459,7.869999885559082,,735.0,,,,0,2026-05-29 12:23:00
14050201091500,11039811131542,,,,,2026-04-21 09:15:00,1405-02-01 09:15:00,,faham,2390.0,,,,,,,,,,,,,,,,,230.39999389648438,230.6999969482422,231.89999389648438,6.769999980926514,4.050000190734863,4.239999771118164,,767.0,,,,0,2026-05-29 12:28:00
14050201093000,11039811131542,,,,,2026-04-21 09:30:00,1405-02-01 09:30:00,,faham,1464.0,,,,,,,,,,,,,,,,,230.39999389648438,230.60000610351562,231.8000030517578,4.389999866485596,2.0299999713897705,2.1700000762939453,,823.0,,,,64,2026-05-29 12:28:00
14050201094500,11039811131542,,,,,2026-04-21 09:45:00,1405-02-01 09:45:00,,faham,6122.0,,,,,,,,,,,,,,,,,229.1999969482422,229.60000610351562,230.6999969482422,12.34000015258789,9.039999961853027,9.779999732971191,,848.0,,,,0,2026-05-29 12:33:00
14050201100000,11039811131542,,,,,2026-04-21 10:00:00,1405-02-01 10:00:00,,faham,9920.0,,,,,,,,,,,,,,,,,228.0,228.39999389648438,229.39999389648438,19.790000915527344,17.31999969482422,18.510000228881836,,743.0,,,,0,2026-05-29 12:33:00
14050201101500,11039811131542,,,,,2026-04-21 10:15:00,1405-02-01 10:15:00,,faham,1640.0,,,,,,,,,,,,,,,,,229.6999969482422,230.0,231.1999969482422,4.900000095367432,2.25,2.4000000953674316,,823.0,,,,64,2026-05-29 12:39:00
14050201103000,11039811131542,,,,,2026-04-21 10:30:00,1405-02-01 10:30:00,,faham,1569.0,,,,,,,,,,,,,,,,,229.39999389648438,229.60000610351562,230.6999969482422,5.449999809265137,2.9100000858306885,3.0799999237060547,,775.0,,,,0,2026-05-29 12:39:00
14050201104500,11039811131542,,,,,2026-04-21 10:45:00,1405-02-01 10:45:00,,faham,4496.0,,,,,,,,,,,,,,,,,227.6999969482422,227.89999389648438,229.10000610351562,14.039999961853027,11.640000343322754,12.220000267028809,,519.0,,,,0,2026-05-29 12:43:00
14050201110000,11039811131542,,,,,2026-04-21 11:00:00,1405-02-01 11:00:00,,faham,4493.0,,,,,,,,,,,,,,,,,227.5,227.8000030517578,228.89999389648438,14.079999923706055,11.5600004196167,12.180000305175781,,521.0,,,,0,2026-05-29 12:43:00
14050201111500,11039811131542,,,,,2026-04-21 11:15:00,1405-02-01 11:15:00,,faham,4482.0,,,,,,,,,,,,,,,,,227.5,227.89999389648438,229.0,13.899999618530273,11.65999984741211,12.199999809265137,,520.0,,,,0,2026-05-29 12:49:00
14050201113000,11039811131542,,,,,2026-04-21 11:30:00,1405-02-01 11:30:00,,faham,4692.0,,,,,,,,,,,,,,,,,227.39999389648438,227.8000030517578,229.0,14.6899995803833,12.25,12.899999618530273,,517.0,,,,0,2026-05-29 12:49:00
14050201114500,11039811131542,,,,,2026-04-21 11:45:00,1405-02-01 11:45:00,,faham,6325.0,,,,,,,,,,,,,,,,,226.6999969482422,227.10000610351562,228.10000610351562,18.290000915527344,16.049999237060547,16.739999771118164,,542.0,,,,0,2026-05-29 12:53:00
14050201120000,11039811131542,,,,,2026-04-21 12:00:00,1405-02-01 12:00:00,,faham,7882.0,,,,,,,,,,,,,,,,,227.1999969482422,227.5,228.6999969482422,21.93000030517578,19.68000030517578,20.56999969482422,,555.0,,,,0,2026-05-29 12:53:00
14050201121500,11039811131542,,,,,2026-04-21 12:15:00,1405-02-01 12:15:00,,faham,4530.0,,,,,,,,,,,,,,,,,229.8000030517578,230.1999969482422,231.39999389648438,14.300000190734863,11.829999923706055,12.430000305175781,,509.0,,,,0,2026-05-29 12:58:00
14050201123000,11039811131542,,,,,2026-04-21 12:30:00,1405-02-01 12:30:00,,faham,5995.0,,,,,,,,,,,,,,,,,229.6999969482422,230.0,231.3000030517578,17.1299991607666,14.050000190734863,14.600000381469727,,563.0,,,,0,2026-05-29 12:58:00
14050201124500,11039811131542,,,,,2026-04-21 12:45:00,1405-02-01 12:45:00,,faham,7007.0,,,,,,,,,,,,,,,,,228.89999389648438,229.39999389648438,230.6999969482422,20.899999618530273,17.010000228881836,17.81999969482422,,547.0,,,,0,2026-05-29 13:03:00
14050201130000,11039811131542,,,,,2026-04-21 13:00:00,1405-02-01 13:00:00,,faham,16389.0,,,,,,,,,,,,,,,,,228.0,228.60000610351562,229.6999969482422,32.79999923706055,28.270000457763672,30.399999618530273,,737.0,,,,0,2026-05-29 13:03:00
14050201131500,11039811131542,,,,,2026-04-21 13:15:00,1405-02-01 13:15:00,,faham,7090.0,,,,,,,,,,,,,,,,,228.89999389648438,229.5,230.6999969482422,20.43000030517578,16.329999923706055,17.200000762939453,,569.0,,,,0,2026-05-29 13:09:00
14050201133000,11039811131542,,,,,2026-04-21 13:30:00,1405-02-01 13:30:00,,faham,12084.0,,,,,,,,,,,,,,,,,227.10000610351562,227.60000610351562,228.8000030517578,27.739999771118164,23.81999969482422,25.09000015258789,,635.0,,,,0,2026-05-29 13:09:00
14050201134500,11039811131542,,,,,2026-04-21 13:45:00,1405-02-01 13:45:00,,faham,12740.0,,,,,,,,,,,,,,,,,225.6999969482422,226.3000030517578,227.5,28.219999313354492,23.780000686645508,25.440000534057617,,682.0,,,,0,2026-05-29 13:13:00
14050201140000,11039811131542,,,,,2026-04-21 14:00:00,1405-02-01 14:00:00,,faham,5119.0,,,,,,,,,,,,,,,,,227.1999969482422,227.8000030517578,229.1999969482422,15.819999694824219,11.670000076293945,12.369999885559082,,563.0,,,,0,2026-05-29 13:13:00
14050201141500,11039811131542,,,,,2026-04-21 14:15:00,1405-02-01 14:15:00,,faham,11759.0,,,,,,,,,,,,,,,,,225.89999389648438,226.5,227.8000030517578,25.59000015258789,20.610000610351562,22.329999923706055,,685.0,,,,0,2026-05-29 13:19:00
14050201143000,11039811131542,,,,,2026-04-21 14:30:00,1405-02-01 14:30:00,,faham,9978.0,,,,,,,,,,,,,,,,,225.60000610351562,226.1999969482422,227.60000610351562,23.06999969482422,18.040000915527344,19.670000076293945,,667.0,,,,0,2026-05-29 13:19:00
14050201144500,11039811131542,,,,,2026-04-21 14:45:00,1405-02-01 14:45:00,,faham,4979.0,,,,,,,,,,,,,,,,,226.8000030517578,227.3000030517578,228.8000030517578,15.300000190734863,11.470000267028809,12.170000076293945,,562.0,,,,0,2026-05-29 13:24:00
14050201150000,11039811131542,,,,,2026-04-21 15:00:00,1405-02-01 15:00:00,,faham,5045.0,,,,,,,,,,,,,,,,,226.8000030517578,227.39999389648438,228.8000030517578,15.729999542236328,11.489999771118164,12.170000076293945,,563.0,,,,0,2026-05-29 13:24:00
14050201151500,11039811131542,,,,,2026-04-21 15:15:00,1405-02-01 15:15:00,,faham,4984.0,,,,,,,,,,,,,,,,,226.8000030517578,227.3000030517578,228.60000610351562,15.40999984741211,11.460000038146973,12.130000114440918,,562.0,,,,0,2026-05-29 13:30:00
14050201153000,11039811131542,,,,,2026-04-21 15:30:00,1405-02-01 15:30:00,,faham,5011.0,,,,,,,,,,,,,,,,,226.8000030517578,227.3000030517578,228.5,15.210000038146973,12.579999923706055,13.279999732971191,,532.0,,,,0,2026-05-29 13:30:00
14050201154500,11039811131542,,,,,2026-04-21 15:45:00,1405-02-01 15:45:00,,faham,8054.0,,,,,,,,,,,,,,,,,225.8000030517578,226.10000610351562,227.5,23.059999465942383,20.84000015258789,21.690000534057617,,540.0,,,,0,2026-05-29 13:34:00
14050201160000,11039811131542,,,,,2026-04-21 16:00:00,1405-02-01 16:00:00,,faham,5664.0,,,,,,,,,,,,,,,,,227.1999969482422,227.5,228.8000030517578,16.40999984741211,14.15999984741211,14.9399995803833,,538.0,,,,0,2026-05-29 13:34:00
14050201161500,11039811131542,,,,,2026-04-21 16:15:00,1405-02-01 16:15:00,,faham,13929.0,,,,,,,,,,,,,,,,,227.3000030517578,227.6999969482422,228.8000030517578,28.209999084472656,24.889999389648438,26.610000610351562,,700.0,,,,0,2026-05-29 13:39:00
14050201163000,11039811131542,,,,,2026-04-21 16:30:00,1405-02-01 16:30:00,,faham,10419.0,,,,,,,,,,,,,,,,,227.1999969482422,227.39999389648438,228.6999969482422,26.200000762939453,22.969999313354492,24.049999237060547,,600.0,,,,0,2026-05-29 13:39:00
14050201164500,11039811131542,,,,,2026-04-21 16:45:00,1405-02-01 16:45:00,,faham,5614.0,,,,,,,,,,,,,,,,,227.8000030517578,228.0,229.39999389648438,16.920000076293945,14.119999885559082,14.850000381469727,,531.0,,,,0,2026-05-29 13:43:00
14050201170000,11039811131542,,,,,2026-04-21 17:00:00,1405-02-01 17:00:00,,faham,5970.0,,,,,,,,,,,,,,,,,227.60000610351562,227.3000030517578,228.89999389648438,17.700000762939453,14.140000343322754,14.920000076293945,,552.0,,,,0,2026-05-29 13:43:00
14050201171500,11039811131542,,,,,2026-04-21 17:15:00,1405-02-01 17:15:00,,faham,17060.0,,,,,,,,,,,,,,,,,225.8000030517578,226.0,227.3000030517578,35.59000015258789,31.280000686645508,33.22999954223633,,702.0,,,,0,2026-05-29 13:48:00
14050201173000,11039811131542,,,,,2026-04-21 17:30:00,1405-02-01 17:30:00,,faham,9587.0,,,,,,,,,,,,,,,,,226.89999389648438,227.1999969482422,228.6999969482422,23.700000762939453,18.549999237060547,19.81999969482422,,627.0,,,,0,2026-05-29 13:48:00
14050201174500,11039811131542,,,,,2026-04-21 17:45:00,1405-02-01 17:45:00,,faham,14990.0,,,,,,,,,,,,,,,,,226.3000030517578,226.60000610351562,228.1999969482422,32.45000076293945,26.75,28.670000076293945,,692.0,,,,0,2026-05-29 13:53:00
14050201180000,11039811131542,,,,,2026-04-21 18:00:00,1405-02-01 18:00:00,,faham,11064.0,,,,,,,,,,,,,,,2759.0,2468.0,226.9,227.1,228.6,25.52,21.14,22.73,12341.0,650.0,0.0,0.0,0,0,
14050201181500,11039811131542,,,,,2026-04-21 18:15:00,1405-02-01 18:15:00,,faham,6468.0,,,,,,,,,,,,,,,,,228.1999969482422,228.5,230.1999969482422,19.309999465942383,14.199999809265137,15.130000114440918,,577.0,,,,0,2026-05-29 13:56:00
14050201183000,11039811131542,,,,,2026-04-21 18:30:00,1405-02-01 18:30:00,,faham,5710.0,,,,,,,,,,,,,,,,,228.8000030517578,229.3000030517578,231.0,17.639999389648438,11.899999618530273,12.739999771118164,,588.0,,,,0,2026-05-29 13:56:00
14050201184500,11039811131542,,,,,2026-04-21 18:45:00,1405-02-01 18:45:00,,faham,14517.0,,,,,,,,,,,,,,,,,226.39999389648438,227.1999969482422,228.6999969482422,31.149999618530273,23.100000381469727,25.829999923706055,,741.0,,,,0,2026-05-29 14:46:00
14050201190000,11039811131542,,,,,2026-04-21 19:00:00,1405-02-01 19:00:00,,faham,9880.0,,,,,,,,,,,,,,,,,226.89999389648438,227.6999969482422,228.89999389648438,22.639999389648438,15.970000267028809,19.950000762939453,,706.0,,,,0,2026-05-29 14:46:00
14050201191500,11039811131542,,,,,2026-04-21 19:15:00,1405-02-01 19:15:00,,faham,5062.0,,,,,,,,,,,,,,,,,228.39999389648438,229.10000610351562,230.60000610351562,14.399999618530273,6.099999904632568,9.779999732971191,,797.0,,,,0,2026-05-29 14:51:00
14050201193000,11039811131542,,,,,2026-04-21 19:30:00,1405-02-01 19:30:00,,faham,2766.0,,,,,,,,,,,,,,,,,229.5,230.0,231.60000610351562,8.5,0.03999999910593033,4.400000095367432,,928.0,,,,0,2026-05-29 14:51:00
14050201194500,11039811131542,,,,,2026-04-21 19:45:00,1405-02-01 19:45:00,,faham,2818.0,,,,,,,,,,,,,,,,,229.3000030517578,229.89999389648438,231.39999389648438,8.75,0.03999999910593033,4.389999866485596,,929.0,,,,0,2026-05-29 14:56:00
14050201200000,11039811131542,,,,,2026-04-21 20:00:00,1405-02-01 20:00:00,,faham,4429.0,,,,,,,,,,,,,,,,,229.1999969482422,230.10000610351562,232.0,15.449999809265137,0.03999999910593033,4.400000095367432,,968.0,,,,0,2026-05-29 14:56:00
14050201201500,11039811131542,,,,,2026-04-21 20:15:00,1405-02-01 20:15:00,,faham,3858.0,,,,,,,,,,,,,,,,,229.60000610351562,230.39999389648438,232.1999969482422,12.760000228881836,0.03999999910593033,4.400000095367432,,973.0,,,,0,2026-05-29 15:01:00
14050201203000,11039811131542,,,,,2026-04-21 20:30:00,1405-02-01 20:30:00,,faham,3861.0,,,,,,,,,,,,,,,,,229.8000030517578,230.5,232.3000030517578,12.760000228881836,0.03999999910593033,4.409999847412109,,973.0,,,,0,2026-05-29 15:01:00
14050201204500,11039811131542,,,,,2026-04-21 20:45:00,1405-02-01 20:45:00,,faham,3836.0,,,,,,,,,,,,,,,,,229.60000610351562,230.39999389648438,232.10000610351562,12.6899995803833,0.03999999910593033,4.400000095367432,,971.0,,,,0,2026-05-29 15:06:00
14050201210000,11039811131542,,,,,2026-04-21 21:00:00,1405-02-01 21:00:00,,faham,3394.0,,,,,,,,,,,,,,,,,229.8000030517578,230.5,232.1999969482422,10.850000381469727,0.03999999910593033,4.400000095367432,,945.0,,,,0,2026-05-29 15:06:00
14050201211500,11039811131542,,,,,2026-04-21 21:15:00,1405-02-01 21:15:00,,faham,4112.0,,,,,,,,,,,,,,,,,230.3000030517578,231.0,232.8000030517578,13.8100004196167,0.03999999910593033,4.420000076293945,,974.0,,,,0,2026-05-29 15:11:00
14050201213000,11039811131542,,,,,2026-04-21 21:30:00,1405-02-01 21:30:00,,faham,3699.0,,,,,,,,,,,,,,,,,230.89999389648438,231.60000610351562,233.3000030517578,12.029999732971191,0.03999999910593033,4.420000076293945,,961.0,,,,0,2026-05-29 15:11:00
14050201214500,11039811131542,,,,,2026-04-21 21:45:00,1405-02-01 21:45:00,,faham,3455.0,,,,,,,,,,,,,,,,,231.39999389648438,232.1999969482422,233.8000030517578,10.869999885559082,0.03999999910593033,4.429999828338623,,970.0,,,,0,2026-05-29 15:17:00
14050201220000,11039811131542,,,,,2026-04-21 22:00:00,1405-02-01 22:00:00,,faham,3405.0,,,,,,,,,,,,,,,,,231.3000030517578,232.10000610351562,233.60000610351562,10.680000305175781,0.03999999910593033,4.420000076293945,,969.0,,,,0,2026-05-29 15:17:00
14050201221500,11039811131542,,,,,2026-04-21 22:15:00,1405-02-01 22:15:00,,faham,3441.0,,,,,,,,,,,,,,,,,231.6999969482422,232.5,234.0,10.800000190734863,0.03999999910593033,4.429999828338623,,969.0,,,,0,2026-05-29 15:23:00
14050201223000,11039811131542,,,,,2026-04-21 22:30:00,1405-02-01 22:30:00,,faham,3496.0,,,,,,,,,,,,,,,,,232.39999389648438,233.39999389648438,234.6999969482422,11.0,0.03999999910593033,4.429999828338623,,969.0,,,,0,2026-05-29 15:23:00
14050201224500,11039811131542,,,,,2026-04-21 22:45:00,1405-02-01 22:45:00,,faham,6959.0,,,,,,,,,,,,,,,,,231.60000610351562,233.10000610351562,235.5,25.90999984741211,0.03999999910593033,4.449999809265137,,985.0,,,,0,2026-05-29 15:28:00
14050201230000,11039811131542,,,,,2026-04-21 23:00:00,1405-02-01 23:00:00,,faham,7303.0,,,,,,,,,,,,,,,,,230.0,231.60000610351562,233.89999389648438,27.639999389648438,0.03999999910593033,4.420000076293945,,986.0,,,,0,2026-05-29 15:28:00
14050201231500,11039811131542,,,,,2026-04-21 23:15:00,1405-02-01 23:15:00,,faham,7313.0,,,,,,,,,,,,,,,,,228.5,230.1999969482422,232.5,27.940000534057617,0.03999999910593033,4.409999847412109,,985.0,,,,0,2026-05-29 15:33:00
14050201233000,11039811131542,,,,,2026-04-21 23:30:00,1405-02-01 23:30:00,,faham,5729.0,,,,,,,,,,,,,,,,,228.6999969482422,230.3000030517578,232.10000610351562,21.030000686645508,0.03999999910593033,4.400000095367432,,980.0,,,,0,2026-05-29 15:33:00
14050201234500,11039811131542,,,,,2026-04-21 23:45:00,1405-02-01 23:45:00,,faham,6397.0,,,,,,,,,,,,,,,,,228.89999389648438,230.60000610351562,232.5,23.90999984741211,0.03999999910593033,4.409999847412109,,983.0,,,,0,2026-05-29 15:39:00
14050201000000,11040111306741,,,,,2026-04-21 00:00:00,1405-02-01 00:00:00,,faham,0.0,,,,,,,,,,,,,,,,,237.6999969482422,237.89999389648438,238.89999389648438,0.0,0.0,0.0,,1000.0,,,,0,2026-05-29 10:51:00
14050201001500,11040111306741,,,,,2026-04-21 00:15:00,1405-02-01 00:15:00,,faham,0.0,,,,,,,,,,,,,,,,,235.8000030517578,236.10000610351562,237.1999969482422,0.0,0.0,0.0,,1000.0,,,,0,2026-05-29 10:57:00
14050201003000,11040111306741,,,,,2026-04-21 00:30:00,1405-02-01 00:30:00,,faham,0.0,,,,,,,,,,,,,,,,,234.6999969482422,235.0,236.0,0.0,0.0,0.0,,1000.0,,,,0,2026-05-29 10:57:00
14050201004500,11040111306741,,,,,2026-04-21 00:45:00,1405-02-01 00:45:00,,faham,0.0,,,,,,,,,,,,,,,,,235.10000610351562,235.39999389648438,236.39999389648438,0.0,0.0,0.0,,1000.0,,,,0,2026-05-29 11:03:00
14050201010000,11040111306741,,,,,2026-04-21 01:00:00,1405-02-01 01:00:00,,faham,0.0,,,,,,,,,,,,,,,,,235.1999969482422,235.60000610351562,236.60000610351562,0.0,0.0,0.0,,1000.0,,,,0,2026-05-29 11:03:00
14050201011500,11040111306741,,,,,2026-04-21 01:15:00,1405-02-01 01:15:00,,faham,0.0,,,,,,,,,,,,,,,,,235.0,235.3000030517578,236.39999389648438,0.0,0.0,0.0,,1000.0,,,,0,2026-05-29 11:09:00
14050201013000,11040111306741,,,,,2026-04-21 01:30:00,1405-02-01 01:30:00,,faham,0.0,,,,,,,,,,,,,,,,,235.39999389648438,235.6999969482422,236.8000030517578,0.0,0.0,0.0,,1000.0,,,,0,2026-05-29 11:09:00
14050201014500,11040111306741,,,,,2026-04-21 01:45:00,1405-02-01 01:45:00,,faham,0.0,,,,,,,,,,,,,,,,,235.6999969482422,236.0,237.0,0.0,0.0,0.0,,1000.0,,,,0,2026-05-29 11:14:00
14050201020000,11040111306741,,,,,2026-04-21 02:00:00,1405-02-01 02:00:00,,faham,0.0,,,,,,,,,,,,,,,,,235.6999969482422,236.0,237.10000610351562,0.0,0.0,0.0,,1000.0,,,,0,2026-05-29 11:14:00
14050201021500,11040111306741,,,,,2026-04-21 02:15:00,1405-02-01 02:15:00,,faham,0.0,,,,,,,,,,,,,,,,,235.5,235.8000030517578,236.89999389648438,0.0,0.0,0.0,,1000.0,,,,0,2026-05-29 11:19:00
14050201023000,11040111306741,,,,,2026-04-21 02:30:00,1405-02-01 02:30:00,,faham,0.0,,,,,,,,,,,,,,,,,235.39999389648438,235.60000610351562,236.6999969482422,0.0,0.0,0.0,,1000.0,,,,0,2026-05-29 11:19:00
14050201024500,11040111306741,,,,,2026-04-21 02:45:00,1405-02-01 02:45:00,,faham,0.0,,,,,,,,,,,,,,,,,235.5,235.8000030517578,236.89999389648438,0.0,0.0,0.0,,1000.0,,,,0,2026-05-29 11:24:00
14050201030000,11040111306741,,,,,2026-04-21 03:00:00,1405-02-01 03:00:00,,faham,0.0,,,,,,,,,,,,,,,,,235.3000030517578,235.5,236.60000610351562,0.0,0.0,0.0,,1000.0,,,,0,2026-05-29 11:24:00
14050201031500,11040111306741,,,,,2026-04-21 03:15:00,1405-02-01 03:15:00,,faham,0.0,,,,,,,,,,,,,,,,,234.5,234.8000030517578,235.8000030517578,0.0,0.0,0.0,,1000.0,,,,0,2026-05-29 11:28:00
14050201033000,11040111306741,,,,,2026-04-21 03:30:00,1405-02-01 03:30:00,,faham,0.0,,,,,,,,,,,,,,,,,234.5,234.8000030517578,235.89999389648438,0.0,0.0,0.0,,1000.0,,,,0,2026-05-29 11:28:00
14050201034500,11040111306741,,,,,2026-04-21 03:45:00,1405-02-01 03:45:00,,faham,0.0,,,,,,,,,,,,,,,,,234.6999969482422,235.0,236.10000610351562,0.0,0.0,0.0,,1000.0,,,,0,2026-05-29 11:34:00
14050201040000,11040111306741,,,,,2026-04-21 04:00:00,1405-02-01 04:00:00,,faham,0.0,,,,,,,,,,,,,,,,,235.10000610351562,235.39999389648438,236.5,0.0,0.0,0.0,,1000.0,,,,0,2026-05-29 11:34:00
14050201041500,11040111306741,,,,,2026-04-21 04:15:00,1405-02-01 04:15:00,,faham,0.0,,,,,,,,,,,,,,,,,234.6999969482422,235.0,236.1999969482422,0.0,0.0,0.0,,1000.0,,,,0,2026-05-29 11:39:00
14050201043000,11040111306741,,,,,2026-04-21 04:30:00,1405-02-01 04:30:00,,faham,0.0,,,,,,,,,,,,,,,,,234.39999389648438,234.8000030517578,235.89999389648438,0.0,0.0,0.0,,1000.0,,,,0,2026-05-29 11:39:00
14050201044500,11040111306741,,,,,2026-04-21 04:45:00,1405-02-01 04:45:00,,faham,0.0,,,,,,,,,,,,,,,,,234.8000030517578,235.1999969482422,236.3000030517578,0.0,0.0,0.0,,1000.0,,,,0,2026-05-29 11:43:00
14050201050000,11040111306741,,,,,2026-04-21 05:00:00,1405-02-01 05:00:00,,faham,0.0,,,,,,,,,,,,,,,,,235.5,235.8000030517578,236.89999389648438,0.0,0.0,0.0,,1000.0,,,,0,2026-05-29 11:43:00
14050201051500,11040111306741,,,,,2026-04-21 05:15:00,1405-02-01 05:15:00,,faham,0.0,,,,,,,,,,,,,,,,,235.8000030517578,236.0,237.1999969482422,0.0,0.0,0.0,,1000.0,,,,0,2026-05-29 11:48:00
14050201053000,11040111306741,,,,,2026-04-21 05:30:00,1405-02-01 05:30:00,,faham,0.0,,,,,,,,,,,,,,,,,236.0,236.1999969482422,237.39999389648438,0.0,0.0,0.0,,1000.0,,,,0,2026-05-29 11:48:00
14050201054500,11040111306741,,,,,2026-04-21 05:45:00,1405-02-01 05:45:00,,faham,0.0,,,,,,,,,,,,,,,,,236.39999389648438,236.60000610351562,237.8000030517578,0.0,0.0,0.0,,1000.0,,,,0,2026-05-29 11:53:00
14050201060000,11040111306741,,,,,2026-04-21 06:00:00,1405-02-01 06:00:00,,faham,0.0,,,,,,,,,,,,,,,,,236.1999969482422,236.39999389648438,237.60000610351562,0.0,0.0,0.0,,1000.0,,,,0,2026-05-29 11:53:00
14050201061500,11040111306741,,,,,2026-04-21 06:15:00,1405-02-01 06:15:00,,faham,0.0,,,,,,,,,,,,,,,,,235.0,235.10000610351562,236.3000030517578,0.0,0.0,0.0,,1000.0,,,,0,2026-05-29 11:58:00
14050201063000,11040111306741,,,,,2026-04-21 06:30:00,1405-02-01 06:30:00,,faham,0.0,,,,,,,,,,,,,,,,,234.60000610351562,234.6999969482422,235.89999389648438,0.0,0.0,0.0,,1000.0,,,,0,2026-05-29 11:58:00
14050201064500,11040111306741,,,,,2026-04-21 06:45:00,1405-02-01 06:45:00,,faham,0.0,,,,,,,,,,,,,,,,,234.39999389648438,234.5,235.6999969482422,0.0,0.0,0.0,,1000.0,,,,0,2026-05-29 12:03:00
14050201070000,11040111306741,,,,,2026-04-21 07:00:00,1405-02-01 07:00:00,,faham,0.0,,,,,,,,,,,,,,,,,235.1999969482422,235.39999389648438,236.5,0.0,0.0,0.0,,1000.0,,,,0,2026-05-29 12:03:00
14050201071500,11040111306741,,,,,2026-04-21 07:15:00,1405-02-01 07:15:00,,faham,0.0,,,,,,,,,,,,,,,,,235.1999969482422,235.3000030517578,236.39999389648438,0.0,0.0,0.0,,1000.0,,,,0,2026-05-29 12:08:00
14050201073000,11040111306741,,,,,2026-04-21 07:30:00,1405-02-01 07:30:00,,faham,0.0,,,,,,,,,,,,,,,,,233.89999389648438,234.10000610351562,235.10000610351562,0.0,0.0,0.0,,1000.0,,,,0,2026-05-29 12:08:00
14050201074500,11040111306741,,,,,2026-04-21 07:45:00,1405-02-01 07:45:00,,faham,0.0,,,,,,,,,,,,,,,,,234.89999389648438,235.10000610351562,236.10000610351562,0.0,0.0,0.0,,1000.0,,,,0,2026-05-29 12:13:00
14050201080000,11040111306741,,,,,2026-04-21 08:00:00,1405-02-01 08:00:00,,faham,0.0,,,,,,,,,,,,,,,,,236.6999969482422,236.89999389648438,237.89999389648438,0.0,0.0,0.0,,1000.0,,,,0,2026-05-29 12:13:00
14050201081500,11040111306741,,,,,2026-04-21 08:15:00,1405-02-01 08:15:00,,faham,0.0,,,,,,,,,,,,,,,,,236.1999969482422,236.39999389648438,237.39999389648438,0.0,0.0,0.0,,1000.0,,,,0,2026-05-29 12:18:00
14050201083000,11040111306741,,,,,2026-04-21 08:30:00,1405-02-01 08:30:00,,faham,0.0,,,,,,,,,,,,,,,,,235.60000610351562,235.89999389648438,236.89999389648438,0.0,0.0,0.0,,1000.0,,,,0,2026-05-29 12:18:00
14050201084500,11040111306741,,,,,2026-04-21 08:45:00,1405-02-01 08:45:00,,faham,0.0,,,,,,,,,,,,,,,,,235.10000610351562,235.3000030517578,236.3000030517578,0.0,0.0,0.0,,1000.0,,,,0,2026-05-29 12:23:00
14050201090000,11040111306741,,,,,2026-04-21 09:00:00,1405-02-01 09:00:00,,faham,0.0,,,,,,,,,,,,,,,,,234.6999969482422,235.0,235.89999389648438,0.0,0.0,0.0,,1000.0,,,,0,2026-05-29 12:23:00
14050201091500,11040111306741,,,,,2026-04-21 09:15:00,1405-02-01 09:15:00,,faham,0.0,,,,,,,,,,,,,,,,,236.1999969482422,236.39999389648438,237.3000030517578,0.0,0.0,0.0,,1000.0,,,,0,2026-05-29 12:28:00
14050201093000,11040111306741,,,,,2026-04-21 09:30:00,1405-02-01 09:30:00,,faham,0.0,,,,,,,,,,,,,,,,,235.10000610351562,235.3000030517578,236.1999969482422,0.0,0.0,0.0,,1000.0,,,,0,2026-05-29 12:28:00
14050201094500,11040111306741,,,,,2026-04-21 09:45:00,1405-02-01 09:45:00,,faham,0.0,,,,,,,,,,,,,,,,,234.60000610351562,234.89999389648438,235.8000030517578,0.0,0.0,0.0,,1000.0,,,,0,2026-05-29 12:33:00
14050201100000,11040111306741,,,,,2026-04-21 10:00:00,1405-02-01 10:00:00,,faham,0.0,,,,,,,,,,,,,,,,,234.8000030517578,235.0,235.8000030517578,0.0,0.0,0.0,,1000.0,,,,0,2026-05-29 12:33:00
14050201101500,11040111306741,,,,,2026-04-21 10:15:00,1405-02-01 10:15:00,,faham,0.0,,,,,,,,,,,,,,,,,234.0,234.1999969482422,235.10000610351562,0.0,0.0,0.0,,1000.0,,,,0,2026-05-29 12:39:00
14050201103000,11040111306741,,,,,2026-04-21 10:30:00,1405-02-01 10:30:00,,faham,0.0,,,,,,,,,,,,,,,,,236.60000610351562,236.8000030517578,237.60000610351562,0.0,0.0,0.0,,1000.0,,,,0,2026-05-29 12:39:00
14050201104500,11040111306741,,,,,2026-04-21 10:45:00,1405-02-01 10:45:00,,faham,0.0,,,,,,,,,,,,,,,,,236.0,236.3000030517578,237.10000610351562,0.0,0.0,0.0,,1000.0,,,,0,2026-05-29 12:43:00
14050201110000,11040111306741,,,,,2026-04-21 11:00:00,1405-02-01 11:00:00,,faham,0.0,,,,,,,,,,,,,,,,,235.60000610351562,235.89999389648438,236.6999969482422,0.0,0.0,0.0,,1000.0,,,,0,2026-05-29 12:43:00
14050201111500,11040111306741,,,,,2026-04-21 11:15:00,1405-02-01 11:15:00,,faham,0.0,,,,,,,,,,,,,,,,,235.5,235.89999389648438,236.60000610351562,0.0,0.0,0.0,,1000.0,,,,0,2026-05-29 12:49:00
14050201113000,11040111306741,,,,,2026-04-21 11:30:00,1405-02-01 11:30:00,,faham,0.0,,,,,,,,,,,,,,,,,235.6999969482422,236.0,236.6999969482422,0.0,0.0,0.0,,1000.0,,,,0,2026-05-29 12:49:00
14050201114500,11040111306741,,,,,2026-04-21 11:45:00,1405-02-01 11:45:00,,faham,0.0,,,,,,,,,,,,,,,,,236.0,236.3000030517578,237.0,0.0,0.0,0.0,,1000.0,,,,0,2026-05-29 12:53:00
14050201120000,11040111306741,,,,,2026-04-21 12:00:00,1405-02-01 12:00:00,,faham,0.0,,,,,,,,,,,,,,,,,237.5,237.6999969482422,238.5,0.0,0.0,0.0,,1000.0,,,,0,2026-05-29 12:53:00
14050201121500,11040111306741,,,,,2026-04-21 12:15:00,1405-02-01 12:15:00,,faham,0.0,,,,,,,,,,,,,,,,,237.0,237.3000030517578,238.10000610351562,0.0,0.0,0.0,,1000.0,,,,0,2026-05-29 12:58:00
14050201123000,11040111306741,,,,,2026-04-21 12:30:00,1405-02-01 12:30:00,,faham,0.0,,,,,,,,,,,,,,,,,235.0,235.3000030517578,236.10000610351562,0.0,0.0,0.0,,1000.0,,,,0,2026-05-29 12:58:00
14050201124500,11040111306741,,,,,2026-04-21 12:45:00,1405-02-01 12:45:00,,faham,0.0,,,,,,,,,,,,,,,,,235.39999389648438,235.6999969482422,236.5,0.0,0.0,0.0,,1000.0,,,,0,2026-05-29 13:03:00
14050201130000,11040111306741,,,,,2026-04-21 13:00:00,1405-02-01 13:00:00,,faham,0.0,,,,,,,,,,,,,,,,,235.5,235.89999389648438,236.6999969482422,0.0,0.0,0.0,,1000.0,,,,0,2026-05-29 13:03:00
14050201131500,11040111306741,,,,,2026-04-21 13:15:00,1405-02-01 13:15:00,,faham,0.0,,,,,,,,,,,,,,,,,236.8000030517578,237.0,237.89999389648438,0.0,0.0,0.0,,1000.0,,,,0,2026-05-29 13:09:00
14050201133000,11040111306741,,,,,2026-04-21 13:30:00,1405-02-01 13:30:00,,faham,0.0,,,,,,,,,,,,,,,,,236.8000030517578,237.0,237.89999389648438,0.0,0.0,0.0,,1000.0,,,,0,2026-05-29 13:09:00
14050201134500,11040111306741,,,,,2026-04-21 13:45:00,1405-02-01 13:45:00,,faham,0.0,,,,,,,,,,,,,,,,,235.60000610351562,235.89999389648438,236.6999969482422,0.0,0.0,0.0,,1000.0,,,,0,2026-05-29 13:13:00
14050201140000,11040111306741,,,,,2026-04-21 14:00:00,1405-02-01 14:00:00,,faham,0.0,,,,,,,,,,,,,,,,,234.60000610351562,234.8000030517578,235.60000610351562,0.0,0.0,0.0,,1000.0,,,,0,2026-05-29 13:13:00
14050201141500,11040111306741,,,,,2026-04-21 14:15:00,1405-02-01 14:15:00,,faham,0.0,,,,,,,,,,,,,,,,,233.3000030517578,233.5,234.3000030517578,0.0,0.0,0.0,,1000.0,,,,0,2026-05-29 13:19:00
14050201143000,11040111306741,,,,,2026-04-21 14:30:00,1405-02-01 14:30:00,,faham,0.0,,,,,,,,,,,,,,,,,232.60000610351562,232.89999389648438,233.6999969482422,0.0,0.0,0.0,,1000.0,,,,0,2026-05-29 13:19:00
14050201144500,11040111306741,,,,,2026-04-21 14:45:00,1405-02-01 14:45:00,,faham,0.0,,,,,,,,,,,,,,,,,233.10000610351562,233.39999389648438,234.1999969482422,0.0,0.0,0.0,,1000.0,,,,0,2026-05-29 13:24:00
14050201150000,11040111306741,,,,,2026-04-21 15:00:00,1405-02-01 15:00:00,,faham,0.0,,,,,,,,,,,,,,,,,233.8000030517578,234.0,234.89999389648438,0.0,0.0,0.0,,1000.0,,,,0,2026-05-29 13:24:00
14050201151500,11040111306741,,,,,2026-04-21 15:15:00,1405-02-01 15:15:00,,faham,0.0,,,,,,,,,,,,,,,,,233.5,233.8000030517578,234.60000610351562,0.0,0.0,0.0,,1000.0,,,,0,2026-05-29 13:30:00
14050201153000,11040111306741,,,,,2026-04-21 15:30:00,1405-02-01 15:30:00,,faham,0.0,,,,,,,,,,,,,,,,,233.6999969482422,234.0,234.6999969482422,0.0,0.0,0.0,,1000.0,,,,0,2026-05-29 13:30:00
14050201154500,11040111306741,,,,,2026-04-21 15:45:00,1405-02-01 15:45:00,,faham,0.0,,,,,,,,,,,,,,,,,233.5,233.6999969482422,234.60000610351562,0.0,0.0,0.0,,1000.0,,,,0,2026-05-29 13:34:00
14050201160000,11040111306741,,,,,2026-04-21 16:00:00,1405-02-01 16:00:00,,faham,0.0,,,,,,,,,,,,,,,,,234.6999969482422,235.0,235.8000030517578,0.0,0.0,0.0,,1000.0,,,,0,2026-05-29 13:34:00
14050201161500,11040111306741,,,,,2026-04-21 16:15:00,1405-02-01 16:15:00,,faham,0.0,,,,,,,,,,,,,,,,,236.10000610351562,236.39999389648438,237.1999969482422,0.0,0.0,0.0,,1000.0,,,,0,2026-05-29 13:39:00
14050201163000,11040111306741,,,,,2026-04-21 16:30:00,1405-02-01 16:30:00,,faham,0.0,,,,,,,,,,,,,,,,,236.1999969482422,236.39999389648438,237.3000030517578,0.0,0.0,0.0,,1000.0,,,,0,2026-05-29 13:39:00
14050201164500,11040111306741,,,,,2026-04-21 16:45:00,1405-02-01 16:45:00,,faham,0.0,,,,,,,,,,,,,,,,,236.8000030517578,237.10000610351562,237.89999389648438,0.0,0.0,0.0,,1000.0,,,,0,2026-05-29 13:43:00
14050201170000,11040111306741,,,,,2026-04-21 17:00:00,1405-02-01 17:00:00,,faham,0.0,,,,,,,,,,,,,,,,,234.6999969482422,235.0,235.8000030517578,0.0,0.0,0.0,,1000.0,,,,0,2026-05-29 13:43:00
14050201171500,11040111306741,,,,,2026-04-21 17:15:00,1405-02-01 17:15:00,,faham,0.0,,,,,,,,,,,,,,,,,234.60000610351562,235.0,235.8000030517578,0.0,0.0,0.0,,1000.0,,,,0,2026-05-29 13:48:00
14050201173000,11040111306741,,,,,2026-04-21 17:30:00,1405-02-01 17:30:00,,faham,0.0,,,,,,,,,,,,,,,,,235.3000030517578,235.6999969482422,236.39999389648438,0.0,0.0,0.0,,1000.0,,,,0,2026-05-29 13:48:00
14050201174500,11040111306741,,,,,2026-04-21 17:45:00,1405-02-01 17:45:00,,faham,0.0,,,,,,,,,,,,,,,,,236.60000610351562,236.89999389648438,237.60000610351562,0.0,0.0,0.0,,1000.0,,,,0,2026-05-29 13:53:00
14050201180000,11040111306741,,,,,2026-04-21 18:00:00,1405-02-01 18:00:00,,faham,0.0,,,,,,,,,,,,,,,0.0,0.0,236.6,236.9,237.7,0.0,0.0,0.0,0.0,1000.0,0.0,0.0,0,0,
14050201181500,11040111306741,,,,,2026-04-21 18:15:00,1405-02-01 18:15:00,,faham,0.0,,,,,,,,,,,,,,,,,236.89999389648438,237.10000610351562,237.89999389648438,0.0,0.0,0.0,,1000.0,,,,0,2026-05-29 13:56:00
14050201183000,11040111306741,,,,,2026-04-21 18:30:00,1405-02-01 18:30:00,,faham,0.0,,,,,,,,,,,,,,,,,235.60000610351562,235.89999389648438,236.60000610351562,0.0,0.0,0.0,,1000.0,,,,0,2026-05-29 13:56:00
14050201184500,11040111306741,,,,,2026-04-21 18:45:00,1405-02-01 18:45:00,,faham,0.0,,,,,,,,,,,,,,,,,234.5,234.6999969482422,235.5,0.0,0.0,0.0,,1000.0,,,,0,2026-05-29 14:46:00
14050201190000,11040111306741,,,,,2026-04-21 19:00:00,1405-02-01 19:00:00,,faham,0.0,,,,,,,,,,,,,,,,,236.3000030517578,236.39999389648438,237.1999969482422,0.0,0.0,0.0,,1000.0,,,,0,2026-05-29 14:46:00
14050201191500,11040111306741,,,,,2026-04-21 19:15:00,1405-02-01 19:15:00,,faham,0.0,,,,,,,,,,,,,,,,,237.0,237.10000610351562,237.89999389648438,0.0,0.0,0.0,,1000.0,,,,0,2026-05-29 14:51:00
14050201193000,11040111306741,,,,,2026-04-21 19:30:00,1405-02-01 19:30:00,,faham,0.0,,,,,,,,,,,,,,,,,237.1999969482422,237.39999389648438,238.3000030517578,0.0,0.0,0.0,,1000.0,,,,0,2026-05-29 14:51:00
14050201194500,11040111306741,,,,,2026-04-21 19:45:00,1405-02-01 19:45:00,,faham,0.0,,,,,,,,,,,,,,,,,236.60000610351562,236.8000030517578,237.6999969482422,0.0,0.0,0.0,,1000.0,,,,0,2026-05-29 14:56:00
14050201200000,11040111306741,,,,,2026-04-21 20:00:00,1405-02-01 20:00:00,,faham,0.0,,,,,,,,,,,,,,,,,236.3000030517578,236.5,237.39999389648438,0.0,0.0,0.0,,1000.0,,,,0,2026-05-29 14:56:00
14050201201500,11040111306741,,,,,2026-04-21 20:15:00,1405-02-01 20:15:00,,faham,0.0,,,,,,,,,,,,,,,,,236.6999969482422,236.89999389648438,237.8000030517578,0.0,0.0,0.0,,1000.0,,,,0,2026-05-29 15:01:00
14050201203000,11040111306741,,,,,2026-04-21 20:30:00,1405-02-01 20:30:00,,faham,0.0,,,,,,,,,,,,,,,,,236.89999389648438,237.10000610351562,238.0,0.0,0.0,0.0,,1000.0,,,,0,2026-05-29 15:01:00
14050201204500,11040111306741,,,,,2026-04-21 20:45:00,1405-02-01 20:45:00,,faham,0.0,,,,,,,,,,,,,,,,,236.8000030517578,237.0,237.89999389648438,0.0,0.0,0.0,,1000.0,,,,0,2026-05-29 15:06:00
14050201210000,11040111306741,,,,,2026-04-21 21:00:00,1405-02-01 21:00:00,,faham,0.0,,,,,,,,,,,,,,,,,237.0,237.1999969482422,238.10000610351562,0.0,0.0,0.0,,1000.0,,,,0,2026-05-29 15:06:00
14050201211500,11040111306741,,,,,2026-04-21 21:15:00,1405-02-01 21:15:00,,faham,0.0,,,,,,,,,,,,,,,,,236.5,236.60000610351562,237.5,0.0,0.0,0.0,,1000.0,,,,0,2026-05-29 15:11:00
14050201213000,11040111306741,,,,,2026-04-21 21:30:00,1405-02-01 21:30:00,,faham,0.0,,,,,,,,,,,,,,,,,237.1999969482422,237.1999969482422,238.10000610351562,0.0,0.0,0.0,,1000.0,,,,0,2026-05-29 15:11:00
14050201214500,11040111306741,,,,,2026-04-21 21:45:00,1405-02-01 21:45:00,,faham,0.0,,,,,,,,,,,,,,,,,236.89999389648438,237.0,237.89999389648438,0.0,0.0,0.0,,1000.0,,,,0,2026-05-29 15:17:00
14050201220000,11040111306741,,,,,2026-04-21 22:00:00,1405-02-01 22:00:00,,faham,0.0,,,,,,,,,,,,,,,,,235.8000030517578,235.89999389648438,236.8000030517578,0.0,0.0,0.0,,1000.0,,,,0,2026-05-29 15:17:00
14050201221500,11040111306741,,,,,2026-04-21 22:15:00,1405-02-01 22:15:00,,faham,0.0,,,,,,,,,,,,,,,,,236.3000030517578,236.5,237.39999389648438,0.0,0.0,0.0,,1000.0,,,,0,2026-05-29 15:23:00
14050201223000,11040111306741,,,,,2026-04-21 22:30:00,1405-02-01 22:30:00,,faham,0.0,,,,,,,,,,,,,,,,,237.39999389648438,237.60000610351562,238.39999389648438,0.0,0.0,0.0,,1000.0,,,,0,2026-05-29 15:23:00
14050201224500,11040111306741,,,,,2026-04-21 22:45:00,1405-02-01 22:45:00,,faham,0.0,,,,,,,,,,,,,,,,,237.3000030517578,237.39999389648438,238.3000030517578,0.0,0.0,0.0,,1000.0,,,,0,2026-05-29 15:28:00
14050201230000,11040111306741,,,,,2026-04-21 23:00:00,1405-02-01 23:00:00,,faham,0.0,,,,,,,,,,,,,,,,,237.39999389648438,237.60000610351562,238.5,0.0,0.0,0.0,,1000.0,,,,128,2026-05-29 15:28:00
14050201231500,11040111306741,,,,,2026-04-21 23:15:00,1405-02-01 23:15:00,,faham,0.0,,,,,,,,,,,,,,,,,238.60000610351562,238.8000030517578,239.6999969482422,0.0,0.0,0.0,,1000.0,,,,128,2026-05-29 15:33:00
14050201233000,11040111306741,,,,,2026-04-21 23:30:00,1405-02-01 23:30:00,,faham,0.0,,,,,,,,,,,,,,,,,238.0,238.1999969482422,239.10000610351562,0.0,0.0,0.0,,1000.0,,,,0,2026-05-29 15:33:00
14050201234500,11040111306741,,,,,2026-04-21 23:45:00,1405-02-01 23:45:00,,faham,0.0,,,,,,,,,,,,,,,,,238.10000610351562,238.3000030517578,239.1999969482422,0.0,0.0,0.0,,1000.0,,,,0,2026-05-29 15:39:00
14050201000000,11040111317556,,,,,2026-04-21 00:00:00,1405-02-01 00:00:00,,faham,413.0,,,,,,,,,,,,,,,,,228.60000610351562,229.3000030517578,229.0,0.7400000095367432,0.5600000023841858,0.6899999976158142,,911.0,,,,0,2026-05-29 10:51:00
14050201001500,11040111317556,,,,,2026-04-21 00:15:00,1405-02-01 00:15:00,,faham,384.0,,,,,,,,,,,,,,,,,227.89999389648438,228.6999969482422,227.3000030517578,0.46000000834465027,0.5400000214576721,0.9800000190734863,,849.0,,,,0,2026-05-29 10:57:00
14050201003000,11040111317556,,,,,2026-04-21 00:30:00,1405-02-01 00:30:00,,faham,385.0,,,,,,,,,,,,,,,,,227.39999389648438,228.10000610351562,226.8000030517578,0.44999998807907104,0.5400000214576721,0.9800000190734863,,852.0,,,,0,2026-05-29 10:57:00
14050201004500,11040111317556,,,,,2026-04-21 00:45:00,1405-02-01 00:45:00,,faham,320.0,,,,,,,,,,,,,,,,,228.5,229.1999969482422,227.8000030517578,0.3199999928474426,0.4399999976158142,0.8399999737739563,,883.0,,,,0,2026-05-29 11:03:00
14050201010000,11040111317556,,,,,2026-04-21 01:00:00,1405-02-01 01:00:00,,faham,284.0,,,,,,,,,,,,,,,,,229.3000030517578,230.10000610351562,228.5,0.25999999046325684,0.33000001311302185,0.7799999713897705,,893.0,,,,0,2026-05-29 11:03:00
14050201011500,11040111317556,,,,,2026-04-21 01:15:00,1405-02-01 01:15:00,,faham,276.0,,,,,,,,,,,,,,,,,228.8000030517578,229.60000610351562,228.1999969482422,0.2800000011920929,0.33000001311302185,0.7200000286102295,,896.0,,,,0,2026-05-29 11:09:00
14050201013000,11040111317556,,,,,2026-04-21 01:30:00,1405-02-01 01:30:00,,faham,196.0,,,,,,,,,,,,,,,,,229.39999389648438,229.89999389648438,228.5,0.12999999523162842,0.33000001311302185,0.6000000238418579,,799.0,,,,0,2026-05-29 11:09:00
14050201014500,11040111317556,,,,,2026-04-21 01:45:00,1405-02-01 01:45:00,,faham,231.0,,,,,,,,,,,,,,,,,229.5,229.89999389648438,228.89999389648438,0.25999999046325684,0.3700000047683716,0.550000011920929,,844.0,,,,0,2026-05-29 11:14:00
14050201020000,11040111317556,,,,,2026-04-21 02:00:00,1405-02-01 02:00:00,,faham,217.0,,,,,,,,,,,,,,,,,229.5,230.0,228.6999969482422,0.1899999976158142,0.3700000047683716,0.5899999737739563,,815.0,,,,0,2026-05-29 11:14:00
14050201021500,11040111317556,,,,,2026-04-21 02:15:00,1405-02-01 02:15:00,,faham,208.0,,,,,,,,,,,,,,,,,229.60000610351562,230.0,228.8000030517578,0.18000000715255737,0.3700000047683716,0.550000011920929,,820.0,,,,0,2026-05-29 11:19:00
14050201023000,11040111317556,,,,,2026-04-21 02:30:00,1405-02-01 02:30:00,,faham,234.0,,,,,,,,,,,,,,,,,229.5,230.0,228.8000030517578,0.25999999046325684,0.3700000047683716,0.5699999928474426,,841.0,,,,0,2026-05-29 11:19:00
14050201024500,11040111317556,,,,,2026-04-21 02:45:00,1405-02-01 02:45:00,,faham,196.0,,,,,,,,,,,,,,,,,230.1999969482422,230.5,229.1999969482422,0.12999999523162842,0.36000001430511475,0.5600000023841858,,811.0,,,,0,2026-05-29 11:24:00
14050201030000,11040111317556,,,,,2026-04-21 03:00:00,1405-02-01 03:00:00,,faham,223.0,,,,,,,,,,,,,,,,,230.0,230.5,229.1999969482422,0.25,0.33000001311302185,0.6000000238418579,,809.0,,,,0,2026-05-29 11:24:00
14050201031500,11040111317556,,,,,2026-04-21 03:15:00,1405-02-01 03:15:00,,faham,222.0,,,,,,,,,,,,,,,,,229.6999969482422,230.1999969482422,228.89999389648438,0.25,0.33000001311302185,0.6000000238418579,,808.0,,,,0,2026-05-29 11:28:00
14050201033000,11040111317556,,,,,2026-04-21 03:30:00,1405-02-01 03:30:00,,faham,197.0,,,,,,,,,,,,,,,,,229.89999389648438,230.39999389648438,229.0,0.15000000596046448,0.3400000035762787,0.6000000238418579,,787.0,,,,0,2026-05-29 11:28:00
14050201034500,11040111317556,,,,,2026-04-21 03:45:00,1405-02-01 03:45:00,,faham,229.0,,,,,,,,,,,,,,,,,230.0,230.39999389648438,229.1999969482422,0.25,0.3700000047683716,0.6000000238418579,,810.0,,,,0,2026-05-29 11:34:00
14050201040000,11040111317556,,,,,2026-04-21 04:00:00,1405-02-01 04:00:00,,faham,195.0,,,,,,,,,,,,,,,,,230.3000030517578,230.60000610351562,229.39999389648438,0.12999999523162842,0.3700000047683716,0.5600000023841858,,796.0,,,,0,2026-05-29 11:34:00
14050201041500,11040111317556,,,,,2026-04-21 04:15:00,1405-02-01 04:15:00,,faham,212.0,,,,,,,,,,,,,,,,,230.10000610351562,230.39999389648438,229.60000610351562,0.2800000011920929,0.3700000047683716,0.4399999976158142,,847.0,,,,0,2026-05-29 11:39:00
14050201043000,11040111317556,,,,,2026-04-21 04:30:00,1405-02-01 04:30:00,,faham,135.0,,,,,,,,,,,,,,,,,230.10000610351562,230.1999969482422,230.10000610351562,0.23000000417232513,0.36000001430511475,0.03999999910593033,,912.0,,,,0,2026-05-29 11:39:00
14050201044500,11040111317556,,,,,2026-04-21 04:45:00,1405-02-01 04:45:00,,faham,114.0,,,,,,,,,,,,,,,,,230.3000030517578,230.5,230.10000610351562,0.15000000596046448,0.33000001311302185,0.05999999865889549,,900.0,,,,0,2026-05-29 11:43:00
14050201050000,11040111317556,,,,,2026-04-21 05:00:00,1405-02-01 05:00:00,,faham,280.0,,,,,,,,,,,,,,,,,229.3000030517578,229.60000610351562,229.39999389648438,0.550000011920929,0.5899999737739563,0.3499999940395355,,834.0,,,,0,2026-05-29 11:43:00
14050201051500,11040111317556,,,,,2026-04-21 05:15:00,1405-02-01 05:15:00,,faham,629.0,,,,,,,,,,,,,,,,,227.39999389648438,227.89999389648438,228.0,1.2999999523162842,1.2000000476837158,1.0,,791.0,,,,0,2026-05-29 11:48:00
14050201053000,11040111317556,,,,,2026-04-21 05:30:00,1405-02-01 05:30:00,,faham,727.0,,,,,,,,,,,,,,,,,226.60000610351562,227.10000610351562,227.39999389648438,1.5299999713897705,1.3700000047683716,1.1299999952316284,,793.0,,,,0,2026-05-29 11:48:00
14050201054500,11040111317556,,,,,2026-04-21 05:45:00,1405-02-01 05:45:00,,faham,720.0,,,,,,,,,,,,,,,,,226.6999969482422,227.10000610351562,227.39999389648438,1.5,1.3799999952316284,1.1200000047683716,,792.0,,,,0,2026-05-29 11:53:00
14050201060000,11040111317556,,,,,2026-04-21 06:00:00,1405-02-01 06:00:00,,faham,757.0,,,,,,,,,,,,,,,,,225.89999389648438,226.3000030517578,226.5,1.590000033378601,1.4700000286102295,1.2599999904632568,,775.0,,,,0,2026-05-29 11:53:00
14050201061500,11040111317556,,,,,2026-04-21 06:15:00,1405-02-01 06:15:00,,faham,978.0,,,,,,,,,,,,,,,,,222.39999389648438,223.1999969482422,223.89999389648438,2.140000104904175,1.6399999856948853,1.4600000381469727,,834.0,,,,0,2026-05-29 11:58:00
14050201063000,11040111317556,,,,,2026-04-21 06:30:00,1405-02-01 06:30:00,,faham,895.0,,,,,,,,,,,,,,,,,222.89999389648438,223.8000030517578,224.0,1.940000057220459,1.4800000190734863,1.5299999713897705,,805.0,,,,0,2026-05-29 11:58:00
14050201064500,11040111317556,,,,,2026-04-21 06:45:00,1405-02-01 06:45:00,,faham,647.0,,,,,,,,,,,,,,,,,224.10000610351562,224.89999389648438,224.3000030517578,1.340000033378601,1.0399999618530273,1.3799999952316284,,767.0,,,,0,2026-05-29 12:03:00
14050201070000,11040111317556,,,,,2026-04-21 07:00:00,1405-02-01 07:00:00,,faham,598.0,,,,,,,,,,,,,,,,,223.6999969482422,224.3000030517578,223.6999969482422,1.159999966621399,1.0099999904632568,1.309999942779541,,767.0,,,,0,2026-05-29 12:03:00
14050201071500,11040111317556,,,,,2026-04-21 07:15:00,1405-02-01 07:15:00,,faham,554.0,,,,,,,,,,,,,,,,,224.6999969482422,225.39999389648438,224.89999389648438,1.1200000047683716,0.8199999928474426,1.159999966621399,,795.0,,,,0,2026-05-29 12:08:00
14050201073000,11040111317556,,,,,2026-04-21 07:30:00,1405-02-01 07:30:00,,faham,543.0,,,,,,,,,,,,,,,,,226.0,226.8000030517578,226.1999969482422,1.0800000429153442,0.800000011920929,1.149999976158142,,789.0,,,,0,2026-05-29 12:08:00
14050201074500,11040111317556,,,,,2026-04-21 07:45:00,1405-02-01 07:45:00,,faham,524.0,,,,,,,,,,,,,,,,,227.3000030517578,227.89999389648438,227.1999969482422,0.949999988079071,0.8600000143051147,1.1799999475479126,,769.0,,,,0,2026-05-29 12:13:00
14050201080000,11040111317556,,,,,2026-04-21 08:00:00,1405-02-01 08:00:00,,faham,311.0,,,,,,,,,,,,,,,,,228.89999389648438,229.60000610351562,229.0,0.6299999952316284,0.33000001311302185,0.5899999737739563,,879.0,,,,0,2026-05-29 12:13:00
14050201081500,11040111317556,,,,,2026-04-21 08:15:00,1405-02-01 08:15:00,,faham,291.0,,,,,,,,,,,,,,,,,228.1999969482422,228.89999389648438,228.1999969482422,0.5799999833106995,0.2800000011920929,0.6000000238418579,,873.0,,,,0,2026-05-29 12:18:00
14050201083000,11040111317556,,,,,2026-04-21 08:30:00,1405-02-01 08:30:00,,faham,308.0,,,,,,,,,,,,,,,,,226.89999389648438,227.6999969482422,227.1999969482422,0.6899999976158142,0.2800000011920929,0.5400000214576721,,897.0,,,,0,2026-05-29 12:18:00
14050201084500,11040111317556,,,,,2026-04-21 08:45:00,1405-02-01 08:45:00,,faham,372.0,,,,,,,,,,,,,,,,,225.8000030517578,226.60000610351562,226.39999389648438,0.8999999761581421,0.3199999928474426,0.6000000238418579,,903.0,,,,0,2026-05-29 12:23:00
14050201090000,11040111317556,,,,,2026-04-21 09:00:00,1405-02-01 09:00:00,,faham,286.0,,,,,,,,,,,,,,,,,226.1999969482422,226.8000030517578,226.3000030517578,0.5699999928474426,0.30000001192092896,0.5400000214576721,,892.0,,,,0,2026-05-29 12:23:00
14050201091500,11040111317556,,,,,2026-04-21 09:15:00,1405-02-01 09:15:00,,faham,271.0,,,,,,,,,,,,,,,,,227.10000610351562,227.6999969482422,227.0,0.49000000953674316,0.2800000011920929,0.6000000238418579,,869.0,,,,0,2026-05-29 12:28:00
14050201093000,11040111317556,,,,,2026-04-21 09:30:00,1405-02-01 09:30:00,,faham,291.0,,,,,,,,,,,,,,,,,226.1999969482422,226.8000030517578,226.39999389648438,0.6000000238418579,0.30000001192092896,0.5400000214576721,,893.0,,,,0,2026-05-29 12:28:00
14050201094500,11040111317556,,,,,2026-04-21 09:45:00,1405-02-01 09:45:00,,faham,226.0,,,,,,,,,,,,,,,,,226.1999969482422,226.5,226.89999389648438,0.6100000143051147,0.3100000023841858,0.10000000149011612,,978.0,,,,0,2026-05-29 12:33:00
14050201100000,11040111317556,,,,,2026-04-21 10:00:00,1405-02-01 10:00:00,,faham,190.0,,,,,,,,,,,,,,,,,230.1999969482422,230.5,231.0,0.5299999713897705,0.27000001072883606,0.03999999910593033,,976.0,,,,0,2026-05-29 12:33:00
14050201101500,11040111317556,,,,,2026-04-21 10:15:00,1405-02-01 10:15:00,,faham,183.0,,,,,,,,,,,,,,,,,230.0,230.5,230.8000030517578,0.5299999713897705,0.2199999988079071,0.05000000074505806,,979.0,,,,0,2026-05-29 12:39:00
14050201103000,11040111317556,,,,,2026-04-21 10:30:00,1405-02-01 10:30:00,,faham,208.0,,,,,,,,,,,,,,,,,229.89999389648438,230.0,230.6999969482422,0.5600000023841858,0.3400000035762787,0.029999999329447746,,967.0,,,,0,2026-05-29 12:39:00
14050201104500,11040111317556,,,,,2026-04-21 10:45:00,1405-02-01 10:45:00,,faham,193.0,,,,,,,,,,,,,,,,,229.1999969482422,229.5,229.8000030517578,0.5,0.3400000035762787,0.18000000715255737,,856.0,,,,0,2026-05-29 12:43:00
14050201110000,11040111317556,,,,,2026-04-21 11:00:00,1405-02-01 11:00:00,,faham,206.0,,,,,,,,,,,,,,,,,229.10000610351562,229.5,230.0,0.6100000143051147,0.3100000023841858,0.1599999964237213,,864.0,,,,0,2026-05-29 12:43:00
14050201111500,11040111317556,,,,,2026-04-21 11:15:00,1405-02-01 11:15:00,,faham,189.0,,,,,,,,,,,,,,,,,229.5,230.0,230.39999389648438,0.5600000023841858,0.2199999988079071,0.05000000074505806,,978.0,,,,0,2026-05-29 12:49:00
14050201113000,11040111317556,,,,,2026-04-21 11:30:00,1405-02-01 11:30:00,,faham,194.0,,,,,,,,,,,,,,,,,230.10000610351562,230.10000610351562,230.60000610351562,0.4399999976158142,0.38999998569488525,0.029999999329447746,,973.0,,,,0,2026-05-29 12:49:00
14050201114500,11040111317556,,,,,2026-04-21 11:45:00,1405-02-01 11:45:00,,faham,249.0,,,,,,,,,,,,,,,,,230.0,230.0,230.60000610351562,0.5699999928474426,0.47999998927116394,0.05000000074505806,,983.0,,,,0,2026-05-29 12:53:00
14050201120000,11040111317556,,,,,2026-04-21 12:00:00,1405-02-01 12:00:00,,faham,217.0,,,,,,,,,,,,,,,,,230.10000610351562,230.10000610351562,230.5,0.49000000953674316,0.4399999976158142,0.029999999329447746,,977.0,,,,0,2026-05-29 12:53:00
14050201121500,11040111317556,,,,,2026-04-21 12:15:00,1405-02-01 12:15:00,,faham,212.0,,,,,,,,,,,,,,,,,229.0,229.0,229.3000030517578,0.46000000834465027,0.4399999976158142,0.03999999910593033,,977.0,,,,0,2026-05-29 12:58:00
14050201123000,11040111317556,,,,,2026-04-21 12:30:00,1405-02-01 12:30:00,,faham,150.0,,,,,,,,,,,,,,,,,229.1999969482422,228.89999389648438,229.0,0.18000000715255737,0.4699999988079071,0.029999999329447746,,949.0,,,,0,2026-05-29 12:58:00
14050201124500,11040111317556,,,,,2026-04-21 12:45:00,1405-02-01 12:45:00,,faham,155.0,,,,,,,,,,,,,,,,,229.6999969482422,229.5,229.5,0.18000000715255737,0.47999998927116394,0.03999999910593033,,955.0,,,,0,2026-05-29 13:03:00
14050201130000,11040111317556,,,,,2026-04-21 13:00:00,1405-02-01 13:00:00,,faham,173.0,,,,,,,,,,,,,,,,,230.39999389648438,230.3000030517578,230.39999389648438,0.2800000011920929,0.46000000834465027,0.029999999329447746,,952.0,,,,0,2026-05-29 13:03:00
14050201131500,11040111317556,,,,,2026-04-21 13:15:00,1405-02-01 13:15:00,,faham,127.0,,,,,,,,,,,,,,,,,228.0,227.6999969482422,227.60000610351562,0.07000000029802322,0.4699999988079071,0.03999999910593033,,945.0,,,,0,2026-05-29 13:09:00
14050201133000,11040111317556,,,,,2026-04-21 13:30:00,1405-02-01 13:30:00,,faham,162.0,,,,,,,,,,,,,,,,,227.6999969482422,227.5,227.60000610351562,0.2199999988079071,0.4699999988079071,0.03999999910593033,,958.0,,,,0,2026-05-29 13:09:00
14050201134500,11040111317556,,,,,2026-04-21 13:45:00,1405-02-01 13:45:00,,faham,531.0,,,,,,,,,,,,,,,,,227.8000030517578,227.60000610351562,227.60000610351562,0.6899999976158142,1.0800000429153442,0.6600000262260437,,950.0,,,,0,2026-05-29 13:13:00
14050201140000,11040111317556,,,,,2026-04-21 14:00:00,1405-02-01 14:00:00,,faham,851.0,,,,,,,,,,,,,,,,,226.6999969482422,226.60000610351562,226.8000030517578,1.2699999809265137,1.4900000095367432,1.0800000429153442,,972.0,,,,0,2026-05-29 13:13:00
14050201141500,11040111317556,,,,,2026-04-21 14:15:00,1405-02-01 14:15:00,,faham,327.0,,,,,,,,,,,,,,,,,226.60000610351562,226.39999389648438,226.5,0.47999998927116394,0.7400000095367432,0.33000001311302185,,935.0,,,,0,2026-05-29 13:19:00
14050201143000,11040111317556,,,,,2026-04-21 14:30:00,1405-02-01 14:30:00,,faham,208.0,,,,,,,,,,,,,,,,,227.8000030517578,227.6999969482422,227.8000030517578,0.38999998569488525,0.5199999809265137,0.20000000298023224,,863.0,,,,0,2026-05-29 13:19:00
14050201144500,11040111317556,,,,,2026-04-21 14:45:00,1405-02-01 14:45:00,,faham,139.0,,,,,,,,,,,,,,,,,228.0,228.60000610351562,228.8000030517578,0.5099999904632568,0.09000000357627869,0.03999999910593033,,956.0,,,,0,2026-05-29 13:24:00
14050201150000,11040111317556,,,,,2026-04-21 15:00:00,1405-02-01 15:00:00,,faham,170.0,,,,,,,,,,,,,,,,,228.3000030517578,228.89999389648438,229.10000610351562,0.550000011920929,0.17000000178813934,0.12999999523162842,,907.0,,,,0,2026-05-29 13:24:00
14050201151500,11040111317556,,,,,2026-04-21 15:15:00,1405-02-01 15:15:00,,faham,305.0,,,,,,,,,,,,,,,,,227.8000030517578,228.8000030517578,228.10000610351562,0.6700000166893005,0.3199999928474426,0.7099999785423279,,788.0,,,,0,2026-05-29 13:30:00
14050201153000,11040111317556,,,,,2026-04-21 15:30:00,1405-02-01 15:30:00,,faham,238.0,,,,,,,,,,,,,,,,,228.1999969482422,229.0,227.60000610351562,0.3199999928474426,0.3199999928474426,0.8399999737739563,,697.0,,,,0,2026-05-29 13:30:00
14050201154500,11040111317556,,,,,2026-04-21 15:45:00,1405-02-01 15:45:00,,faham,266.0,,,,,,,,,,,,,,,,,227.89999389648438,228.8000030517578,227.60000610351562,0.4300000071525574,0.3199999928474426,0.8199999928474426,,738.0,,,,0,2026-05-29 13:34:00
14050201160000,11040111317556,,,,,2026-04-21 16:00:00,1405-02-01 16:00:00,,faham,235.0,,,,,,,,,,,,,,,,,229.10000610351562,229.89999389648438,228.5,0.28999999165534973,0.3199999928474426,0.8500000238418579,,699.0,,,,0,2026-05-29 13:34:00
14050201161500,11040111317556,,,,,2026-04-21 16:15:00,1405-02-01 16:15:00,,faham,274.0,,,,,,,,,,,,,,,,,227.89999389648438,228.89999389648438,227.5,0.4300000071525574,0.3199999928474426,0.8799999952316284,,734.0,,,,0,2026-05-29 13:39:00
14050201163000,11040111317556,,,,,2026-04-21 16:30:00,1405-02-01 16:30:00,,faham,188.0,,,,,,,,,,,,,,,,,227.89999389648438,228.8000030517578,227.60000610351562,0.27000001072883606,0.09000000357627869,0.6299999952316284,,824.0,,,,0,2026-05-29 13:39:00
14050201164500,11040111317556,,,,,2026-04-21 16:45:00,1405-02-01 16:45:00,,faham,140.0,,,,,,,,,,,,,,,,,228.10000610351562,228.8000030517578,227.3000030517578,0.05999999865889549,0.07999999821186066,0.6399999856948853,,782.0,,,,0,2026-05-29 13:43:00
14050201170000,11040111317556,,,,,2026-04-21 17:00:00,1405-02-01 17:00:00,,faham,192.0,,,,,,,,,,,,,,,,,228.3000030517578,229.1999969482422,227.89999389648438,0.23999999463558197,0.11999999731779099,0.6800000071525574,,802.0,,,,0,2026-05-29 13:43:00
14050201171500,11040111317556,,,,,2026-04-21 17:15:00,1405-02-01 17:15:00,,faham,280.0,,,,,,,,,,,,,,,,,229.0,229.89999389648438,228.3000030517578,0.36000001430511475,0.4399999976158142,0.9900000095367432,,691.0,,,,0,2026-05-29 13:48:00
14050201173000,11040111317556,,,,,2026-04-21 17:30:00,1405-02-01 17:30:00,,faham,529.0,,,,,,,,,,,,,,,,,228.10000610351562,229.10000610351562,227.8000030517578,0.949999988079071,0.8999999761581421,1.4299999475479126,,710.0,,,,0,2026-05-29 13:48:00
14050201174500,11040111317556,,,,,2026-04-21 17:45:00,1405-02-01 17:45:00,,faham,647.0,,,,,,,,,,,,,,,,,228.0,229.0,227.6999969482422,1.190000057220459,1.1200000047683716,1.7000000476837158,,705.0,,,,0,2026-05-29 13:53:00
14050201180000,11040111317556,,,,,2026-04-21 18:00:00,1405-02-01 18:00:00,,faham,620.0,,,,,,,,,,,,,,,155.0,161.0,227.9,229.0,227.6,1.13,1.14,1.66,623.0,692.0,0.0,0.0,0,0,
14050201181500,11040111317556,,,,,2026-04-21 18:15:00,1405-02-01 18:15:00,,faham,766.0,,,,,,,,,,,,,,,,,227.8000030517578,229.10000610351562,228.1999969482422,1.5700000524520874,1.2799999713897705,1.7999999523162842,,720.0,,,,0,2026-05-29 13:56:00
14050201183000,11040111317556,,,,,2026-04-21 18:30:00,1405-02-01 18:30:00,,faham,720.0,,,,,,,,,,,,,,,,,228.5,229.6999969482422,228.8000030517578,1.440000057220459,1.2200000286102295,1.6699999570846558,,726.0,,,,0,2026-05-29 13:56:00
14050201184500,11040111317556,,,,,2026-04-21 18:45:00,1405-02-01 18:45:00,,faham,775.0,,,,,,,,,,,,,,,,,227.89999389648438,229.0,228.10000610351562,1.5399999618530273,1.340000033378601,1.8200000524520874,,722.0,,,,0,2026-05-29 14:46:00
14050201190000,11040111317556,,,,,2026-04-21 19:00:00,1405-02-01 19:00:00,,faham,795.0,,,,,,,,,,,,,,,,,227.89999389648438,229.1999969482422,228.5,1.649999976158142,1.2899999618530273,1.7799999713897705,,736.0,,,,0,2026-05-29 14:46:00
14050201191500,11040111317556,,,,,2026-04-21 19:15:00,1405-02-01 19:15:00,,faham,909.0,,,,,,,,,,,,,,,,,223.89999389648438,225.10000610351562,224.10000610351562,1.7100000381469727,1.4700000286102295,1.9500000476837158,,786.0,,,,0,2026-05-29 14:51:00
14050201193000,11040111317556,,,,,2026-04-21 19:30:00,1405-02-01 19:30:00,,faham,1052.0,,,,,,,,,,,,,,,,,223.39999389648438,224.3000030517578,223.6999969482422,1.9299999475479126,1.7699999809265137,2.0,,824.0,,,,0,2026-05-29 14:51:00
14050201194500,11040111317556,,,,,2026-04-21 19:45:00,1405-02-01 19:45:00,,faham,859.0,,,,,,,,,,,,,,,,,224.10000610351562,224.6999969482422,224.8000030517578,1.7100000381469727,1.5299999713897705,1.3799999952316284,,831.0,,,,0,2026-05-29 14:56:00
14050201200000,11040111317556,,,,,2026-04-21 20:00:00,1405-02-01 20:00:00,,faham,460.0,,,,,,,,,,,,,,,,,226.5,227.0,227.10000610351562,0.949999988079071,0.8999999761581421,0.6299999952316284,,814.0,,,,0,2026-05-29 14:56:00
14050201201500,11040111317556,,,,,2026-04-21 20:15:00,1405-02-01 20:15:00,,faham,517.0,,,,,,,,,,,,,,,,,226.6999969482422,227.0,227.3000030517578,1.0700000524520874,0.9900000095367432,0.6600000262260437,,839.0,,,,0,2026-05-29 15:01:00
14050201203000,11040111317556,,,,,2026-04-21 20:30:00,1405-02-01 20:30:00,,faham,492.0,,,,,,,,,,,,,,,,,227.0,227.1999969482422,227.39999389648438,0.949999988079071,1.0299999713897705,0.6399999856948853,,824.0,,,,0,2026-05-29 15:01:00
14050201204500,11040111317556,,,,,2026-04-21 20:45:00,1405-02-01 20:45:00,,faham,555.0,,,,,,,,,,,,,,,,,226.8000030517578,227.1999969482422,227.39999389648438,1.059999942779541,1.0099999904632568,0.7599999904632568,,866.0,,,,0,2026-05-29 15:06:00
14050201210000,11040111317556,,,,,2026-04-21 21:00:00,1405-02-01 21:00:00,,faham,306.0,,,,,,,,,,,,,,,,,228.39999389648438,228.89999389648438,228.6999969482422,0.49000000953674316,0.5299999713897705,0.3499999940395355,,973.0,,,,0,2026-05-29 15:06:00
14050201211500,11040111317556,,,,,2026-04-21 21:15:00,1405-02-01 21:15:00,,faham,296.0,,,,,,,,,,,,,,,,,228.6999969482422,229.60000610351562,229.39999389648438,0.6100000143051147,0.3799999952316284,0.33000001311302185,,972.0,,,,0,2026-05-29 15:11:00
14050201213000,11040111317556,,,,,2026-04-21 21:30:00,1405-02-01 21:30:00,,faham,295.0,,,,,,,,,,,,,,,,,229.10000610351562,229.89999389648438,229.6999969482422,0.5799999833106995,0.3799999952316284,0.36000001430511475,,965.0,,,,0,2026-05-29 15:11:00
14050201214500,11040111317556,,,,,2026-04-21 21:45:00,1405-02-01 21:45:00,,faham,275.0,,,,,,,,,,,,,,,,,229.5,230.3000030517578,230.10000610351562,0.5199999809265137,0.3799999952316284,0.33000001311302185,,970.0,,,,0,2026-05-29 15:17:00
14050201220000,11040111317556,,,,,2026-04-21 22:00:00,1405-02-01 22:00:00,,faham,338.0,,,,,,,,,,,,,,,,,229.5,230.39999389648438,230.39999389648438,0.75,0.4000000059604645,0.3700000047683716,,968.0,,,,0,2026-05-29 15:17:00
14050201221500,11040111317556,,,,,2026-04-21 22:15:00,1405-02-01 22:15:00,,faham,282.0,,,,,,,,,,,,,,,,,229.89999389648438,230.60000610351562,230.39999389648438,0.5299999713897705,0.4000000059604645,0.33000001311302185,,969.0,,,,0,2026-05-29 15:23:00
14050201223000,11040111317556,,,,,2026-04-21 22:30:00,1405-02-01 22:30:00,,faham,285.0,,,,,,,,,,,,,,,,,230.39999389648438,231.1999969482422,230.89999389648438,0.5199999809265137,0.38999998569488525,0.36000001430511475,,965.0,,,,0,2026-05-29 15:23:00
14050201224500,11040111317556,,,,,2026-04-21 22:45:00,1405-02-01 22:45:00,,faham,308.0,,,,,,,,,,,,,,,,,230.1999969482422,231.0,230.89999389648438,0.6600000262260437,0.36000001430511475,0.3400000035762787,,978.0,,,,0,2026-05-29 15:28:00
14050201230000,11040111317556,,,,,2026-04-21 23:00:00,1405-02-01 23:00:00,,faham,280.0,,,,,,,,,,,,,,,,,229.1999969482422,229.89999389648438,229.6999969482422,0.5199999809265137,0.38999998569488525,0.3499999940395355,,969.0,,,,0,2026-05-29 15:28:00
14050201231500,11040111317556,,,,,2026-04-21 23:15:00,1405-02-01 23:15:00,,faham,273.0,,,,,,,,,,,,,,,,,229.39999389648438,230.0,229.6999969482422,0.49000000953674316,0.4000000059604645,0.3499999940395355,,946.0,,,,0,2026-05-29 15:33:00
14050201233000,11040111317556,,,,,2026-04-21 23:30:00,1405-02-01 23:30:00,,faham,228.0,,,,,,,,,,,,,,,,,229.8000030517578,230.3000030517578,229.8000030517578,0.3100000023841858,0.4000000059604645,0.3400000035762787,,936.0,,,,0,2026-05-29 15:33:00
14050201234500,11040111317556,,,,,2026-04-21 23:45:00,1405-02-01 23:45:00,,faham,225.0,,,,,,,,,,,,,,,,,230.1999969482422,230.6999969482422,230.1999969482422,0.28999999165534973,0.4000000059604645,0.36000001430511475,,921.0,,,,0,2026-05-29 15:39:00
14050201000000,11040111422878,,,,,2026-04-21 00:00:00,1405-02-01 00:00:00,,faham,0.0,,,,,,,,,,,,,,,0.0,0.0,238.60000610351562,238.1999969482422,238.10000610351562,0.0,0.0,0.0,0.0,65.0,0.0,0.0,8,8,2026-05-29 10:51:00
14050201001500,11040111422878,,,,,2026-04-21 00:15:00,1405-02-01 00:15:00,,faham,0.0,,,,,,,,,,,,,,,0.0,0.0,238.6999969482422,238.39999389648438,238.1999969482422,0.0,0.0,0.0,0.0,65.0,0.0,0.0,8,8,2026-05-29 10:57:00
14050201003000,11040111422878,,,,,2026-04-21 00:30:00,1405-02-01 00:30:00,,faham,0.0,,,,,,,,,,,,,,,0.0,0.0,238.89999389648438,238.6999969482422,238.39999389648438,0.0,0.0,0.0,0.0,65.0,0.0,0.0,8,8,2026-05-29 10:57:00
14050201004500,11040111422878,,,,,2026-04-21 00:45:00,1405-02-01 00:45:00,,faham,0.0,,,,,,,,,,,,,,,0.0,0.0,238.89999389648438,238.6999969482422,238.5,0.0,0.0,0.0,0.0,64.0,0.0,0.0,8,8,2026-05-29 11:03:00
14050201010000,11040111422878,,,,,2026-04-21 01:00:00,1405-02-01 01:00:00,,faham,0.0,,,,,,,,,,,,,,,0.0,0.0,237.8000030517578,237.5,237.3000030517578,0.0,0.0,0.0,0.0,64.0,0.0,0.0,8,8,2026-05-29 11:03:00
14050201011500,11040111422878,,,,,2026-04-21 01:15:00,1405-02-01 01:15:00,,faham,0.0,,,,,,,,,,,,,,,0.0,0.0,236.6999969482422,236.39999389648438,236.3000030517578,0.0,0.0,0.0,0.0,64.0,0.0,0.0,8,8,2026-05-29 11:09:00
14050201013000,11040111422878,,,,,2026-04-21 01:30:00,1405-02-01 01:30:00,,faham,0.0,,,,,,,,,,,,,,,0.0,0.0,237.0,236.6999969482422,236.60000610351562,0.0,0.0,0.0,0.0,64.0,0.0,0.0,8,8,2026-05-29 11:09:00
14050201014500,11040111422878,,,,,2026-04-21 01:45:00,1405-02-01 01:45:00,,faham,0.0,,,,,,,,,,,,,,,0.0,0.0,237.10000610351562,236.8000030517578,236.6999969482422,0.0,0.0,0.0,0.0,65.0,0.0,0.0,8,8,2026-05-29 11:14:00
14050201020000,11040111422878,,,,,2026-04-21 02:00:00,1405-02-01 02:00:00,,faham,0.0,,,,,,,,,,,,,,,0.0,0.0,237.1999969482422,236.89999389648438,236.8000030517578,0.0,0.0,0.0,0.0,64.0,0.0,0.0,8,8,2026-05-29 11:14:00
14050201021500,11040111422878,,,,,2026-04-21 02:15:00,1405-02-01 02:15:00,,faham,0.0,,,,,,,,,,,,,,,0.0,0.0,237.10000610351562,236.89999389648438,236.6999969482422,0.0,0.0,0.0,0.0,64.0,0.0,0.0,8,8,2026-05-29 11:19:00
14050201023000,11040111422878,,,,,2026-04-21 02:30:00,1405-02-01 02:30:00,,faham,0.0,,,,,,,,,,,,,,,0.0,0.0,236.8000030517578,236.60000610351562,236.39999389648438,0.0,0.0,0.0,0.0,64.0,0.0,0.0,8,8,2026-05-29 11:19:00
14050201024500,11040111422878,,,,,2026-04-21 02:45:00,1405-02-01 02:45:00,,faham,0.0,,,,,,,,,,,,,,,0.0,0.0,237.1999969482422,237.0,236.8000030517578,0.0,0.0,0.0,0.0,65.0,0.0,0.0,8,8,2026-05-29 11:24:00
14050201030000,11040111422878,,,,,2026-04-21 03:00:00,1405-02-01 03:00:00,,faham,0.0,,,,,,,,,,,,,,,0.0,0.0,237.3000030517578,237.0,236.8000030517578,0.0,0.0,0.0,0.0,64.0,0.0,0.0,8,8,2026-05-29 11:24:00
14050201031500,11040111422878,,,,,2026-04-21 03:15:00,1405-02-01 03:15:00,,faham,0.0,,,,,,,,,,,,,,,0.0,0.0,236.6999969482422,236.39999389648438,236.3000030517578,0.0,0.0,0.0,0.0,64.0,0.0,0.0,8,8,2026-05-29 11:28:00
14050201033000,11040111422878,,,,,2026-04-21 03:30:00,1405-02-01 03:30:00,,faham,0.0,,,,,,,,,,,,,,,0.0,0.0,236.8000030517578,236.5,236.39999389648438,0.0,0.0,0.0,0.0,64.0,0.0,0.0,8,8,2026-05-29 11:28:00
14050201034500,11040111422878,,,,,2026-04-21 03:45:00,1405-02-01 03:45:00,,faham,0.0,,,,,,,,,,,,,,,0.0,0.0,236.89999389648438,236.60000610351562,236.5,0.0,0.0,0.0,0.0,64.0,0.0,0.0,8,8,2026-05-29 11:34:00
14050201040000,11040111422878,,,,,2026-04-21 04:00:00,1405-02-01 04:00:00,,faham,0.0,,,,,,,,,,,,,,,0.0,0.0,237.1999969482422,236.89999389648438,236.6999969482422,0.0,0.0,0.0,0.0,64.0,0.0,0.0,8,8,2026-05-29 11:34:00
14050201041500,11040111422878,,,,,2026-04-21 04:15:00,1405-02-01 04:15:00,,faham,0.0,,,,,,,,,,,,,,,0.0,0.0,237.10000610351562,236.8000030517578,236.60000610351562,0.0,0.0,0.0,0.0,63.0,0.0,0.0,8,8,2026-05-29 11:39:00
14050201043000,11040111422878,,,,,2026-04-21 04:30:00,1405-02-01 04:30:00,,faham,0.0,,,,,,,,,,,,,,,0.0,0.0,237.0,236.6999969482422,236.60000610351562,0.0,0.0,0.0,0.0,63.0,0.0,0.0,8,8,2026-05-29 11:39:00
14050201044500,11040111422878,,,,,2026-04-21 04:45:00,1405-02-01 04:45:00,,faham,0.0,,,,,,,,,,,,,,,0.0,0.0,237.60000610351562,237.3000030517578,237.0,0.0,0.0,0.0,0.0,63.0,0.0,0.0,8,8,2026-05-29 11:43:00
14050201050000,11040111422878,,,,,2026-04-21 05:00:00,1405-02-01 05:00:00,,faham,0.0,,,,,,,,,,,,,,,0.0,0.0,237.60000610351562,237.3000030517578,237.0,0.0,0.0,0.0,0.0,64.0,0.0,0.0,8,8,2026-05-29 11:43:00
14050201051500,11040111422878,,,,,2026-04-21 05:15:00,1405-02-01 05:15:00,,faham,0.0,,,,,,,,,,,,,,,0.0,0.0,237.0,236.6999969482422,236.3000030517578,0.0,0.0,0.0,0.0,64.0,0.0,0.0,8,8,2026-05-29 11:48:00
14050201053000,11040111422878,,,,,2026-04-21 05:30:00,1405-02-01 05:30:00,,faham,0.0,,,,,,,,,,,,,,,0.0,0.0,237.6999969482422,237.1999969482422,237.0,0.0,0.0,0.0,0.0,64.0,0.0,0.0,8,8,2026-05-29 11:48:00
14050201054500,11040111422878,,,,,2026-04-21 05:45:00,1405-02-01 05:45:00,,faham,0.0,,,,,,,,,,,,,,,0.0,0.0,238.10000610351562,237.60000610351562,237.39999389648438,0.0,0.0,0.0,0.0,65.0,0.0,0.0,8,8,2026-05-29 11:53:00
14050201060000,11040111422878,,,,,2026-04-21 06:00:00,1405-02-01 06:00:00,,faham,0.0,,,,,,,,,,,,,,,0.0,0.0,237.89999389648438,237.5,237.39999389648438,0.0,0.0,0.0,0.0,65.0,0.0,0.0,8,8,2026-05-29 11:53:00
14050201061500,11040111422878,,,,,2026-04-21 06:15:00,1405-02-01 06:15:00,,faham,0.0,,,,,,,,,,,,,,,0.0,0.0,237.5,237.10000610351562,236.89999389648438,0.0,0.0,0.0,0.0,64.0,0.0,0.0,8,8,2026-05-29 11:58:00
14050201063000,11040111422878,,,,,2026-04-21 06:30:00,1405-02-01 06:30:00,,faham,0.0,,,,,,,,,,,,,,,0.0,0.0,237.0,236.60000610351562,236.39999389648438,0.0,0.0,0.0,0.0,64.0,0.0,0.0,8,8,2026-05-29 11:58:00
14050201064500,11040111422878,,,,,2026-04-21 06:45:00,1405-02-01 06:45:00,,faham,0.0,,,,,,,,,,,,,,,0.0,0.0,236.6999969482422,236.3000030517578,236.1999969482422,0.0,0.0,0.0,0.0,64.0,0.0,0.0,8,8,2026-05-29 12:03:00
14050201070000,11040111422878,,,,,2026-04-21 07:00:00,1405-02-01 07:00:00,,faham,0.0,,,,,,,,,,,,,,,0.0,0.0,236.39999389648438,236.0,236.0,0.0,0.0,0.0,0.0,64.0,0.0,0.0,8,8,2026-05-29 12:03:00
14050201071500,11040111422878,,,,,2026-04-21 07:15:00,1405-02-01 07:15:00,,faham,0.0,,,,,,,,,,,,,,,0.0,0.0,235.6999969482422,235.3000030517578,235.3000030517578,0.0,0.0,0.0,0.0,64.0,0.0,0.0,8,8,2026-05-29 12:08:00
14050201073000,11040111422878,,,,,2026-04-21 07:30:00,1405-02-01 07:30:00,,faham,0.0,,,,,,,,,,,,,,,0.0,0.0,234.89999389648438,234.3000030517578,234.3000030517578,0.0,0.0,0.0,0.0,64.0,0.0,0.0,8,8,2026-05-29 12:08:00
14050201074500,11040111422878,,,,,2026-04-21 07:45:00,1405-02-01 07:45:00,,faham,0.0,,,,,,,,,,,,,,,0.0,0.0,234.3000030517578,233.60000610351562,233.6999969482422,0.0,0.0,0.0,0.0,66.0,0.0,0.0,8,8,2026-05-29 12:13:00
14050201080000,11040111422878,,,,,2026-04-21 08:00:00,1405-02-01 08:00:00,,faham,0.0,,,,,,,,,,,,,,,0.0,0.0,233.89999389648438,233.1999969482422,233.10000610351562,0.0,0.0,0.0,0.0,67.0,0.0,0.0,8,8,2026-05-29 12:13:00
14050201081500,11040111422878,,,,,2026-04-21 08:15:00,1405-02-01 08:15:00,,faham,0.0,,,,,,,,,,,,,,,0.0,0.0,233.3000030517578,232.60000610351562,232.5,0.0,0.0,0.0,0.0,67.0,0.0,0.0,8,8,2026-05-29 12:18:00
14050201083000,11040111422878,,,,,2026-04-21 08:30:00,1405-02-01 08:30:00,,faham,0.0,,,,,,,,,,,,,,,0.0,0.0,233.6999969482422,233.0,232.89999389648438,0.0,0.0,0.0,0.0,68.0,0.0,0.0,8,8,2026-05-29 12:18:00
14050201084500,11040111422878,,,,,2026-04-21 08:45:00,1405-02-01 08:45:00,,faham,0.0,,,,,,,,,,,,,,,0.0,0.0,234.3000030517578,233.5,233.39999389648438,0.0,0.0,0.0,0.0,68.0,0.0,0.0,8,8,2026-05-29 12:23:00
14050201090000,11040111422878,,,,,2026-04-21 09:00:00,1405-02-01 09:00:00,,faham,0.0,,,,,,,,,,,,,,,0.0,0.0,233.5,232.8000030517578,232.60000610351562,0.0,0.0,0.0,0.0,68.0,0.0,0.0,8,8,2026-05-29 12:23:00
14050201091500,11040111422878,,,,,2026-04-21 09:15:00,1405-02-01 09:15:00,,faham,0.0,,,,,,,,,,,,,,,0.0,0.0,233.3000030517578,232.60000610351562,232.39999389648438,0.0,0.0,0.0,0.0,68.0,0.0,0.0,8,8,2026-05-29 12:28:00
14050201093000,11040111422878,,,,,2026-04-21 09:30:00,1405-02-01 09:30:00,,faham,0.0,,,,,,,,,,,,,,,0.0,0.0,234.60000610351562,233.8000030517578,233.6999969482422,0.0,0.0,0.0,0.0,69.0,0.0,0.0,8,8,2026-05-29 12:28:00
14050201094500,11040111422878,,,,,2026-04-21 09:45:00,1405-02-01 09:45:00,,faham,0.0,,,,,,,,,,,,,,,0.0,0.0,235.10000610351562,234.3000030517578,234.3000030517578,0.0,0.0,0.0,0.0,70.0,0.0,0.0,8,8,2026-05-29 12:33:00
14050201100000,11040111422878,,,,,2026-04-21 10:00:00,1405-02-01 10:00:00,,faham,0.0,,,,,,,,,,,,,,,0.0,0.0,235.1999969482422,234.39999389648438,234.3000030517578,0.0,0.0,0.0,0.0,70.0,0.0,0.0,8,8,2026-05-29 12:33:00
14050201101500,11040111422878,,,,,2026-04-21 10:15:00,1405-02-01 10:15:00,,faham,0.0,,,,,,,,,,,,,,,0.0,0.0,235.1999969482422,234.5,234.3000030517578,0.0,0.0,0.0,0.0,70.0,0.0,0.0,8,8,2026-05-29 12:39:00
14050201103000,11040111422878,,,,,2026-04-21 10:30:00,1405-02-01 10:30:00,,faham,0.0,,,,,,,,,,,,,,,0.0,0.0,235.10000610351562,234.5,234.39999389648438,0.0,0.0,0.0,0.0,69.0,0.0,0.0,8,8,2026-05-29 12:39:00
14050201104500,11040111422878,,,,,2026-04-21 10:45:00,1405-02-01 10:45:00,,faham,0.0,,,,,,,,,,,,,,,0.0,0.0,234.8000030517578,234.10000610351562,234.10000610351562,0.0,0.0,0.0,0.0,70.0,0.0,0.0,8,8,2026-05-29 12:43:00
14050201110000,11040111422878,,,,,2026-04-21 11:00:00,1405-02-01 11:00:00,,faham,0.0,,,,,,,,,,,,,,,0.0,0.0,234.6999969482422,234.0,233.89999389648438,0.0,0.0,0.0,0.0,71.0,0.0,0.0,8,8,2026-05-29 12:43:00
14050201111500,11040111422878,,,,,2026-04-21 11:15:00,1405-02-01 11:15:00,,faham,0.0,,,,,,,,,,,,,,,0.0,0.0,235.0,234.39999389648438,234.39999389648438,0.0,0.0,0.0,0.0,71.0,0.0,0.0,8,8,2026-05-29 12:49:00
14050201113000,11040111422878,,,,,2026-04-21 11:30:00,1405-02-01 11:30:00,,faham,0.0,,,,,,,,,,,,,,,0.0,0.0,234.8000030517578,234.1999969482422,234.1999969482422,0.0,0.0,0.0,0.0,71.0,0.0,0.0,8,8,2026-05-29 12:49:00
14050201114500,11040111422878,,,,,2026-04-21 11:45:00,1405-02-01 11:45:00,,faham,0.0,,,,,,,,,,,,,,,0.0,0.0,234.8000030517578,234.10000610351562,234.10000610351562,0.0,0.0,0.0,0.0,72.0,0.0,0.0,8,8,2026-05-29 12:53:00
14050201120000,11040111422878,,,,,2026-04-21 12:00:00,1405-02-01 12:00:00,,faham,0.0,,,,,,,,,,,,,,,0.0,0.0,235.1999969482422,234.39999389648438,234.5,0.0,0.0,0.0,0.0,71.0,0.0,0.0,8,8,2026-05-29 12:53:00
14050201121500,11040111422878,,,,,2026-04-21 12:15:00,1405-02-01 12:15:00,,faham,0.0,,,,,,,,,,,,,,,0.0,0.0,235.6999969482422,234.89999389648438,234.89999389648438,0.0,0.0,0.0,0.0,70.0,0.0,0.0,8,8,2026-05-29 12:58:00
14050201123000,11040111422878,,,,,2026-04-21 12:30:00,1405-02-01 12:30:00,,faham,0.0,,,,,,,,,,,,,,,0.0,0.0,235.6999969482422,234.89999389648438,234.89999389648438,0.0,0.0,0.0,0.0,70.0,0.0,0.0,8,8,2026-05-29 12:58:00
14050201124500,11040111422878,,,,,2026-04-21 12:45:00,1405-02-01 12:45:00,,faham,0.0,,,,,,,,,,,,,,,0.0,0.0,235.5,234.6999969482422,234.6999969482422,0.0,0.0,0.0,0.0,70.0,0.0,0.0,8,8,2026-05-29 13:03:00
14050201130000,11040111422878,,,,,2026-04-21 13:00:00,1405-02-01 13:00:00,,faham,0.0,,,,,,,,,,,,,,,0.0,0.0,235.8000030517578,235.10000610351562,235.1999969482422,0.0,0.0,0.0,0.0,69.0,0.0,0.0,8,8,2026-05-29 13:03:00
14050201131500,11040111422878,,,,,2026-04-21 13:15:00,1405-02-01 13:15:00,,faham,0.0,,,,,,,,,,,,,,,0.0,0.0,236.60000610351562,235.89999389648438,236.10000610351562,0.0,0.0,0.0,0.0,69.0,0.0,0.0,8,8,2026-05-29 13:09:00
14050201133000,11040111422878,,,,,2026-04-21 13:30:00,1405-02-01 13:30:00,,faham,0.0,,,,,,,,,,,,,,,0.0,0.0,236.10000610351562,235.1999969482422,235.39999389648438,0.0,0.0,0.0,0.0,69.0,0.0,0.0,8,8,2026-05-29 13:09:00
14050201134500,11040111422878,,,,,2026-04-21 13:45:00,1405-02-01 13:45:00,,faham,0.0,,,,,,,,,,,,,,,0.0,0.0,233.8000030517578,232.60000610351562,233.0,0.0,0.0,0.0,0.0,69.0,0.0,0.0,8,8,2026-05-29 13:13:00
14050201140000,11040111422878,,,,,2026-04-21 14:00:00,1405-02-01 14:00:00,,faham,0.0,,,,,,,,,,,,,,,0.0,0.0,233.5,232.10000610351562,232.60000610351562,0.0,0.0,0.0,0.0,69.0,0.0,0.0,8,8,2026-05-29 13:13:00
14050201141500,11040111422878,,,,,2026-04-21 14:15:00,1405-02-01 14:15:00,,faham,0.0,,,,,,,,,,,,,,,0.0,0.0,234.0,232.6999969482422,233.10000610351562,0.0,0.0,0.0,0.0,69.0,0.0,0.0,8,8,2026-05-29 13:19:00
14050201143000,11040111422878,,,,,2026-04-21 14:30:00,1405-02-01 14:30:00,,faham,0.0,,,,,,,,,,,,,,,0.0,0.0,234.60000610351562,233.1999969482422,233.6999969482422,0.0,0.0,0.0,0.0,69.0,0.0,0.0,8,8,2026-05-29 13:19:00
14050201144500,11040111422878,,,,,2026-04-21 14:45:00,1405-02-01 14:45:00,,faham,0.0,,,,,,,,,,,,,,,0.0,0.0,235.10000610351562,233.6999969482422,234.1999969482422,0.0,0.0,0.0,0.0,67.0,0.0,0.0,8,8,2026-05-29 13:24:00
14050201150000,11040111422878,,,,,2026-04-21 15:00:00,1405-02-01 15:00:00,,faham,0.0,,,,,,,,,,,,,,,0.0,0.0,235.0,233.60000610351562,234.1999969482422,0.0,0.0,0.0,0.0,67.0,0.0,0.0,8,8,2026-05-29 13:24:00
14050201151500,11040111422878,,,,,2026-04-21 15:15:00,1405-02-01 15:15:00,,faham,0.0,,,,,,,,,,,,,,,0.0,0.0,235.0,233.60000610351562,234.10000610351562,0.0,0.0,0.0,0.0,66.0,0.0,0.0,8,8,2026-05-29 13:30:00
14050201153000,11040111422878,,,,,2026-04-21 15:30:00,1405-02-01 15:30:00,,faham,0.0,,,,,,,,,,,,,,,0.0,0.0,234.89999389648438,233.60000610351562,234.0,0.0,0.0,0.0,0.0,66.0,0.0,0.0,8,8,2026-05-29 13:30:00
14050201154500,11040111422878,,,,,2026-04-21 15:45:00,1405-02-01 15:45:00,,faham,0.0,,,,,,,,,,,,,,,0.0,0.0,234.89999389648438,233.5,233.89999389648438,0.0,0.0,0.0,0.0,65.0,0.0,0.0,8,8,2026-05-29 13:34:00
14050201160000,11040111422878,,,,,2026-04-21 16:00:00,1405-02-01 16:00:00,,faham,0.0,,,,,,,,,,,,,,,0.0,0.0,235.1999969482422,233.89999389648438,234.3000030517578,0.0,0.0,0.0,0.0,65.0,0.0,0.0,8,8,2026-05-29 13:34:00
14050201161500,11040111422878,,,,,2026-04-21 16:15:00,1405-02-01 16:15:00,,faham,0.0,,,,,,,,,,,,,,,0.0,0.0,236.5,235.3000030517578,235.6999969482422,0.0,0.0,0.0,0.0,66.0,0.0,0.0,8,8,2026-05-29 13:39:00
14050201163000,11040111422878,,,,,2026-04-21 16:30:00,1405-02-01 16:30:00,,faham,0.0,,,,,,,,,,,,,,,0.0,0.0,236.39999389648438,235.1999969482422,235.39999389648438,0.0,0.0,0.0,0.0,67.0,0.0,0.0,8,8,2026-05-29 13:39:00
14050201164500,11040111422878,,,,,2026-04-21 16:45:00,1405-02-01 16:45:00,,faham,0.0,,,,,,,,,,,,,,,0.0,0.0,236.0,234.6999969482422,234.89999389648438,0.0,0.0,0.0,0.0,67.0,0.0,0.0,8,8,2026-05-29 13:43:00
14050201170000,11040111422878,,,,,2026-04-21 17:00:00,1405-02-01 17:00:00,,faham,0.0,,,,,,,,,,,,,,,0.0,0.0,235.10000610351562,234.0,233.60000610351562,0.0,0.0,0.0,0.0,65.0,0.0,0.0,8,8,2026-05-29 13:43:00
14050201171500,11040111422878,,,,,2026-04-21 17:15:00,1405-02-01 17:15:00,,faham,0.0,,,,,,,,,,,,,,,0.0,0.0,235.39999389648438,234.0,234.10000610351562,0.0,0.0,0.0,0.0,66.0,0.0,0.0,8,8,2026-05-29 13:48:00
14050201173000,11040111422878,,,,,2026-04-21 17:30:00,1405-02-01 17:30:00,,faham,0.0,,,,,,,,,,,,,,,0.0,0.0,235.3000030517578,233.89999389648438,234.1999969482422,0.0,0.0,0.0,0.0,66.0,0.0,0.0,8,8,2026-05-29 13:48:00
14050201174500,11040111422878,,,,,2026-04-21 17:45:00,1405-02-01 17:45:00,,faham,0.0,,,,,,,,,,,,,,,0.0,0.0,235.3000030517578,234.0,234.1999969482422,0.0,0.0,0.0,0.0,66.0,0.0,0.0,8,8,2026-05-29 13:53:00
14050201180000,11040111422878,,,,,2026-04-21 18:00:00,1405-02-01 18:00:00,,faham,0.0,,,,,,,,,,,,,,,0.0,0.0,234.3,233.5,233.1,0.0,0.0,0.0,0.0,65.0,0.0,0.0,8,8,
14050201181500,11040111422878,,,,,2026-04-21 18:15:00,1405-02-01 18:15:00,,faham,0.0,,,,,,,,,,,,,,,0.0,0.0,235.3000030517578,235.0,234.3000030517578,0.0,0.0,0.0,0.0,65.0,0.0,0.0,8,8,2026-05-29 13:56:00
14050201183000,11040111422878,,,,,2026-04-21 18:30:00,1405-02-01 18:30:00,,faham,0.0,,,,,,,,,,,,,,,0.0,0.0,236.8000030517578,236.10000610351562,236.0,0.0,0.0,0.0,0.0,66.0,0.0,0.0,8,8,2026-05-29 13:56:00
14050201184500,11040111422878,,,,,2026-04-21 18:45:00,1405-02-01 18:45:00,,faham,0.0,,,,,,,,,,,,,,,0.0,0.0,236.0,234.89999389648438,235.10000610351562,0.0,0.0,0.0,0.0,66.0,0.0,0.0,8,8,2026-05-29 14:46:00
14050201190000,11040111422878,,,,,2026-04-21 19:00:00,1405-02-01 19:00:00,,faham,0.0,,,,,,,,,,,,,,,0.0,0.0,235.5,234.60000610351562,234.60000610351562,0.0,0.0,0.0,0.0,66.0,0.0,0.0,8,8,2026-05-29 14:46:00
14050201191500,11040111422878,,,,,2026-04-21 19:15:00,1405-02-01 19:15:00,,faham,0.0,,,,,,,,,,,,,,,0.0,0.0,235.3000030517578,234.39999389648438,234.39999389648438,0.0,0.0,0.0,0.0,66.0,0.0,0.0,8,8,2026-05-29 14:51:00
14050201193000,11040111422878,,,,,2026-04-21 19:30:00,1405-02-01 19:30:00,,faham,0.0,,,,,,,,,,,,,,,0.0,0.0,235.6999969482422,234.89999389648438,234.8000030517578,0.0,0.0,0.0,0.0,66.0,0.0,0.0,8,8,2026-05-29 14:51:00
14050201194500,11040111422878,,,,,2026-04-21 19:45:00,1405-02-01 19:45:00,,faham,0.0,,,,,,,,,,,,,,,0.0,0.0,235.60000610351562,234.6999969482422,234.60000610351562,0.0,0.0,0.0,0.0,66.0,0.0,0.0,8,8,2026-05-29 14:56:00
14050201200000,11040111422878,,,,,2026-04-21 20:00:00,1405-02-01 20:00:00,,faham,0.0,,,,,,,,,,,,,,,0.0,0.0,235.89999389648438,235.0,234.89999389648438,0.0,0.0,0.0,0.0,67.0,0.0,0.0,8,8,2026-05-29 14:56:00
14050201201500,11040111422878,,,,,2026-04-21 20:15:00,1405-02-01 20:15:00,,faham,0.0,,,,,,,,,,,,,,,0.0,0.0,236.3000030517578,235.39999389648438,235.3000030517578,0.0,0.0,0.0,0.0,67.0,0.0,0.0,8,8,2026-05-29 15:01:00
14050201203000,11040111422878,,,,,2026-04-21 20:30:00,1405-02-01 20:30:00,,faham,0.0,,,,,,,,,,,,,,,0.0,0.0,236.10000610351562,235.3000030517578,235.10000610351562,0.0,0.0,0.0,0.0,66.0,0.0,0.0,8,8,2026-05-29 15:01:00
14050201204500,11040111422878,,,,,2026-04-21 20:45:00,1405-02-01 20:45:00,,faham,0.0,,,,,,,,,,,,,,,0.0,0.0,236.1999969482422,235.3000030517578,235.3000030517578,0.0,0.0,0.0,0.0,66.0,0.0,0.0,8,8,2026-05-29 15:06:00
14050201210000,11040111422878,,,,,2026-04-21 21:00:00,1405-02-01 21:00:00,,faham,0.0,,,,,,,,,,,,,,,0.0,0.0,235.89999389648438,235.0,234.89999389648438,0.0,0.0,0.0,0.0,66.0,0.0,0.0,8,8,2026-05-29 15:06:00
14050201211500,11040111422878,,,,,2026-04-21 21:15:00,1405-02-01 21:15:00,,faham,0.0,,,,,,,,,,,,,,,0.0,0.0,236.39999389648438,235.5,235.39999389648438,0.0,0.0,0.0,0.0,66.0,0.0,0.0,8,8,2026-05-29 15:11:00
14050201213000,11040111422878,,,,,2026-04-21 21:30:00,1405-02-01 21:30:00,,faham,0.0,,,,,,,,,,,,,,,0.0,0.0,237.0,236.1999969482422,236.10000610351562,0.0,0.0,0.0,0.0,66.0,0.0,0.0,8,8,2026-05-29 15:11:00
14050201214500,11040111422878,,,,,2026-04-21 21:45:00,1405-02-01 21:45:00,,faham,0.0,,,,,,,,,,,,,,,0.0,0.0,237.39999389648438,236.6999969482422,236.60000610351562,0.0,0.0,0.0,0.0,66.0,0.0,0.0,8,8,2026-05-29 15:17:00
14050201220000,11040111422878,,,,,2026-04-21 22:00:00,1405-02-01 22:00:00,,faham,0.0,,,,,,,,,,,,,,,0.0,0.0,237.3000030517578,236.60000610351562,236.5,0.0,0.0,0.0,0.0,66.0,0.0,0.0,8,8,2026-05-29 15:17:00
14050201221500,11040111422878,,,,,2026-04-21 22:15:00,1405-02-01 22:15:00,,faham,0.0,,,,,,,,,,,,,,,0.0,0.0,237.8000030517578,237.0,237.0,0.0,0.0,0.0,0.0,67.0,0.0,0.0,8,8,2026-05-29 15:23:00
14050201223000,11040111422878,,,,,2026-04-21 22:30:00,1405-02-01 22:30:00,,faham,0.0,,,,,,,,,,,,,,,0.0,0.0,237.60000610351562,236.8000030517578,236.6999969482422,0.0,0.0,0.0,0.0,66.0,0.0,0.0,8,8,2026-05-29 15:23:00
14050201224500,11040111422878,,,,,2026-04-21 22:45:00,1405-02-01 22:45:00,,faham,0.0,,,,,,,,,,,,,,,0.0,0.0,236.8000030517578,236.10000610351562,236.0,0.0,0.0,0.0,0.0,66.0,0.0,0.0,8,8,2026-05-29 15:28:00
14050201230000,11040111422878,,,,,2026-04-21 23:00:00,1405-02-01 23:00:00,,faham,0.0,,,,,,,,,,,,,,,0.0,0.0,237.3000030517578,236.60000610351562,236.60000610351562,0.0,0.0,0.0,0.0,66.0,0.0,0.0,8,8,2026-05-29 15:28:00
14050201231500,11040111422878,,,,,2026-04-21 23:15:00,1405-02-01 23:15:00,,faham,0.0,,,,,,,,,,,,,,,0.0,0.0,237.1999969482422,236.60000610351562,236.6999969482422,0.0,0.0,0.0,0.0,67.0,0.0,0.0,8,8,2026-05-29 15:33:00
14050201233000,11040111422878,,,,,2026-04-21 23:30:00,1405-02-01 23:30:00,,faham,0.0,,,,,,,,,,,,,,,0.0,0.0,237.10000610351562,236.5,236.6999969482422,0.0,0.0,0.0,0.0,67.0,0.0,0.0,8,8,2026-05-29 15:33:00
14050201234500,11040111422878,,,,,2026-04-21 23:45:00,1405-02-01 23:45:00,,faham,0.0,,,,,,,,,,,,,,,0.0,0.0,237.60000610351562,237.0,237.1999969482422,0.0,0.0,0.0,0.0,68.0,0.0,0.0,8,8,2026-05-29 15:39:00
14050201000000,11040211548475,,,,,2026-04-21 00:00:00,1405-02-01 00:00:00,,faham,6.0,,,,,,,,,,,,,,,2.0,0.0,233.60000610351562,234.0,233.10000610351562,0.019999999552965164,0.0,0.009999999776482582,8.0,716.0,0.0,0.0,0,0,2026-05-29 10:51:00
14050201001500,11040211548475,,,,,2026-04-21 00:15:00,1405-02-01 00:15:00,,faham,7.0,,,,,,,,,,,,,,,2.0,0.0,233.8000030517578,234.3000030517578,233.3000030517578,0.029999999329447746,0.0,0.009999999776482582,9.0,744.0,0.0,0.0,0,0,2026-05-29 10:57:00
14050201003000,11040211548475,,,,,2026-04-21 00:30:00,1405-02-01 00:30:00,,faham,8.0,,,,,,,,,,,,,,,2.0,0.0,234.0,234.60000610351562,233.5,0.029999999329447746,0.0,0.019999999552965164,10.0,792.0,0.0,0.0,0,0,2026-05-29 10:57:00
14050201004500,11040211548475,,,,,2026-04-21 00:45:00,1405-02-01 00:45:00,,faham,8.0,,,,,,,,,,,,,,,2.0,0.0,234.0,234.5,233.5,0.019999999552965164,0.0,0.019999999552965164,10.0,776.0,0.0,0.0,0,0,2026-05-29 11:03:00
14050201010000,11040211548475,,,,,2026-04-21 01:00:00,1405-02-01 01:00:00,,faham,8.0,,,,,,,,,,,,,,,2.0,0.0,234.5,235.0,234.0,0.019999999552965164,0.0,0.019999999552965164,10.0,773.0,0.0,0.0,0,0,2026-05-29 11:03:00
14050201011500,11040211548475,,,,,2026-04-21 01:15:00,1405-02-01 01:15:00,,faham,9.0,,,,,,,,,,,,,,,2.0,0.0,234.1999969482422,234.6999969482422,233.6999969482422,0.029999999329447746,0.0,0.019999999552965164,10.0,799.0,0.0,0.0,0,0,2026-05-29 11:09:00
14050201013000,11040211548475,,,,,2026-04-21 01:30:00,1405-02-01 01:30:00,,faham,9.0,,,,,,,,,,,,,,,2.0,0.0,234.6999969482422,235.10000610351562,234.10000610351562,0.029999999329447746,0.0,0.019999999552965164,10.0,794.0,0.0,0.0,0,0,2026-05-29 11:09:00
14050201014500,11040211548475,,,,,2026-04-21 01:45:00,1405-02-01 01:45:00,,faham,8.0,,,,,,,,,,,,,,,2.0,0.0,235.0,235.39999389648438,234.39999389648438,0.019999999552965164,0.0,0.019999999552965164,10.0,768.0,0.0,0.0,0,0,2026-05-29 11:14:00
14050201020000,11040211548475,,,,,2026-04-21 02:00:00,1405-02-01 02:00:00,,faham,8.0,,,,,,,,,,,,,,,2.0,0.0,235.0,235.39999389648438,234.39999389648438,0.019999999552965164,0.0,0.019999999552965164,10.0,774.0,0.0,0.0,0,0,2026-05-29 11:14:00
14050201021500,11040211548475,,,,,2026-04-21 02:15:00,1405-02-01 02:15:00,,faham,9.0,,,,,,,,,,,,,,,2.0,0.0,234.89999389648438,235.39999389648438,234.3000030517578,0.029999999329447746,0.0,0.019999999552965164,10.0,791.0,0.0,0.0,0,0,2026-05-29 11:19:00
14050201023000,11040211548475,,,,,2026-04-21 02:30:00,1405-02-01 02:30:00,,faham,7.0,,,,,,,,,,,,,,,2.0,0.0,235.1999969482422,235.6999969482422,234.6999969482422,0.029999999329447746,0.0,0.009999999776482582,9.0,735.0,0.0,0.0,0,0,2026-05-29 11:19:00
14050201024500,11040211548475,,,,,2026-04-21 02:45:00,1405-02-01 02:45:00,,faham,6.0,,,,,,,,,,,,,,,2.0,0.0,235.6999969482422,236.3000030517578,235.1999969482422,0.019999999552965164,0.0,0.009999999776482582,8.0,704.0,0.0,0.0,0,0,2026-05-29 11:24:00
14050201030000,11040211548475,,,,,2026-04-21 03:00:00,1405-02-01 03:00:00,,faham,7.0,,,,,,,,,,,,,,,2.0,0.0,235.6999969482422,236.1999969482422,235.3000030517578,0.019999999552965164,0.0,0.019999999552965164,9.0,744.0,0.0,0.0,0,0,2026-05-29 11:24:00
14050201031500,11040211548475,,,,,2026-04-21 03:15:00,1405-02-01 03:15:00,,faham,8.0,,,,,,,,,,,,,,,2.0,0.0,235.1999969482422,235.60000610351562,234.6999969482422,0.029999999329447746,0.0,0.019999999552965164,9.0,764.0,0.0,0.0,0,0,2026-05-29 11:28:00
14050201033000,11040211548475,,,,,2026-04-21 03:30:00,1405-02-01 03:30:00,,faham,8.0,,,,,,,,,,,,,,,2.0,0.0,235.3000030517578,235.8000030517578,234.8000030517578,0.029999999329447746,0.0,0.019999999552965164,9.0,761.0,0.0,0.0,0,0,2026-05-29 11:28:00
14050201034500,11040211548475,,,,,2026-04-21 03:45:00,1405-02-01 03:45:00,,faham,7.0,,,,,,,,,,,,,,,2.0,0.0,235.60000610351562,236.1999969482422,235.1999969482422,0.019999999552965164,0.0,0.019999999552965164,9.0,747.0,0.0,0.0,0,0,2026-05-29 11:34:00
14050201040000,11040211548475,,,,,2026-04-21 04:00:00,1405-02-01 04:00:00,,faham,8.0,,,,,,,,,,,,,,,2.0,0.0,235.60000610351562,236.1999969482422,235.1999969482422,0.019999999552965164,0.0,0.019999999552965164,9.0,738.0,0.0,0.0,0,0,2026-05-29 11:34:00
14050201041500,11040211548475,,,,,2026-04-21 04:15:00,1405-02-01 04:15:00,,faham,8.0,,,,,,,,,,,,,,,2.0,0.0,235.6999969482422,236.3000030517578,235.3000030517578,0.029999999329447746,0.0,0.019999999552965164,9.0,761.0,0.0,0.0,0,0,2026-05-29 11:39:00
14050201043000,11040211548475,,,,,2026-04-21 04:30:00,1405-02-01 04:30:00,,faham,8.0,,,,,,,,,,,,,,,2.0,0.0,235.39999389648438,236.10000610351562,235.10000610351562,0.029999999329447746,0.0,0.019999999552965164,10.0,777.0,0.0,0.0,0,0,2026-05-29 11:39:00
14050201044500,11040211548475,,,,,2026-04-21 04:45:00,1405-02-01 04:45:00,,faham,7.0,,,,,,,,,,,,,,,2.0,0.0,235.60000610351562,236.3000030517578,235.3000030517578,0.019999999552965164,0.0,0.019999999552965164,8.0,719.0,0.0,0.0,0,0,2026-05-29 11:43:00
14050201050000,11040211548475,,,,,2026-04-21 05:00:00,1405-02-01 05:00:00,,faham,6.0,,,,,,,,,,,,,,,1.0,0.0,235.39999389648438,236.1999969482422,235.1999969482422,0.019999999552965164,0.0,0.009999999776482582,7.0,674.0,0.0,0.0,0,0,2026-05-29 11:43:00
14050201051500,11040211548475,,,,,2026-04-21 05:15:00,1405-02-01 05:15:00,,faham,7.0,,,,,,,,,,,,,,,2.0,0.0,235.10000610351562,235.89999389648438,234.89999389648438,0.029999999329447746,0.0,0.009999999776482582,7.0,702.0,0.0,0.0,0,0,2026-05-29 11:48:00
14050201053000,11040211548475,,,,,2026-04-21 05:30:00,1405-02-01 05:30:00,,faham,8.0,,,,,,,,,,,,,,,2.0,0.0,235.6999969482422,236.39999389648438,235.5,0.019999999552965164,0.0,0.019999999552965164,8.0,759.0,0.0,0.0,0,0,2026-05-29 11:48:00
14050201054500,11040211548475,,,,,2026-04-21 05:45:00,1405-02-01 05:45:00,,faham,4.0,,,,,,,,,,,,,,,1.0,0.0,236.0,236.6999969482422,235.6999969482422,0.0,0.0,0.019999999552965164,4.0,730.0,0.0,0.0,0,0,2026-05-29 11:53:00
14050201060000,11040211548475,,,,,2026-04-21 06:00:00,1405-02-01 06:00:00,,faham,3.0,,,,,,,,,,,,,,,1.0,0.0,235.89999389648438,236.60000610351562,235.60000610351562,0.0,0.0,0.019999999552965164,3.0,713.0,0.0,0.0,0,0,2026-05-29 11:53:00
14050201061500,11040211548475,,,,,2026-04-21 06:15:00,1405-02-01 06:15:00,,faham,3.0,,,,,,,,,,,,,,,0.0,0.0,235.39999389648438,236.10000610351562,235.1999969482422,0.0,0.0,0.009999999776482582,3.0,639.0,0.0,0.0,0,0,2026-05-29 11:58:00
14050201063000,11040211548475,,,,,2026-04-21 06:30:00,1405-02-01 06:30:00,,faham,3.0,,,,,,,,,,,,,,,0.0,0.0,234.6999969482422,235.3000030517578,234.5,0.0,0.0,0.009999999776482582,3.0,639.0,0.0,0.0,0,0,2026-05-29 11:58:00
14050201064500,11040211548475,,,,,2026-04-21 06:45:00,1405-02-01 06:45:00,,faham,2.0,,,,,,,,,,,,,,,1.0,0.0,234.39999389648438,235.0,234.1999969482422,0.0,0.0,0.009999999776482582,3.0,701.0,0.0,0.0,0,0,2026-05-29 12:03:00
14050201070000,11040211548475,,,,,2026-04-21 07:00:00,1405-02-01 07:00:00,,faham,3.0,,,,,,,,,,,,,,,1.0,0.0,234.10000610351562,234.60000610351562,233.8000030517578,0.0,0.0,0.019999999552965164,4.0,743.0,0.0,0.0,0,0,2026-05-29 12:03:00
14050201071500,11040211548475,,,,,2026-04-21 07:15:00,1405-02-01 07:15:00,,faham,4.0,,,,,,,,,,,,,,,1.0,0.0,233.39999389648438,234.0,233.1999969482422,0.0,0.0,0.019999999552965164,5.0,780.0,0.0,0.0,0,0,2026-05-29 12:08:00
14050201073000,11040211548475,,,,,2026-04-21 07:30:00,1405-02-01 07:30:00,,faham,5.0,,,,,,,,,,,,,,,1.0,0.0,233.5,234.0,233.1999969482422,0.0,0.0,0.019999999552965164,5.0,788.0,0.0,0.0,0,0,2026-05-29 12:08:00
14050201074500,11040211548475,,,,,2026-04-21 07:45:00,1405-02-01 07:45:00,,faham,3.0,,,,,,,,,,,,,,,1.0,0.0,233.0,233.5,232.6999969482422,0.0,0.0,0.009999999776482582,4.0,737.0,0.0,0.0,0,0,2026-05-29 12:13:00
14050201080000,11040211548475,,,,,2026-04-21 08:00:00,1405-02-01 08:00:00,,faham,2.0,,,,,,,,,,,,,,,1.0,0.0,232.89999389648438,233.39999389648438,232.6999969482422,0.0,0.0,0.009999999776482582,3.0,727.0,0.0,0.0,0,0,2026-05-29 12:13:00
14050201081500,11040211548475,,,,,2026-04-21 08:15:00,1405-02-01 08:15:00,,faham,2.0,,,,,,,,,,,,,,,1.0,0.0,232.3000030517578,232.8000030517578,232.10000610351562,0.0,0.0,0.009999999776482582,4.0,720.0,0.0,0.0,0,0,2026-05-29 12:18:00
14050201083000,11040211548475,,,,,2026-04-21 08:30:00,1405-02-01 08:30:00,,faham,3.0,,,,,,,,,,,,,,,,,232.10000610351562,232.60000610351562,231.89999389648438,0.0,0.0,0.009999999776482582,,694.0,,,,0,2026-05-29 12:18:00
14050201084500,11040211548475,,,,,2026-04-21 08:45:00,1405-02-01 08:45:00,,faham,0.0,,,,,,,,,,,,,,,,,232.0,232.39999389648438,231.8000030517578,0.0,0.0,0.0,,507.0,,,,0,2026-05-29 12:23:00
14050201090000,11040211548475,,,,,2026-04-21 09:00:00,1405-02-01 09:00:00,,faham,2.0,,,,,,,,,,,,,,,,,231.89999389648438,232.39999389648438,231.60000610351562,0.0,0.0,0.009999999776482582,,730.0,,,,0,2026-05-29 12:23:00
14050201091500,11040211548475,,,,,2026-04-21 09:15:00,1405-02-01 09:15:00,,faham,3.0,,,,,,,,,,,,,,,,,231.60000610351562,232.10000610351562,231.39999389648438,0.0,0.0,0.009999999776482582,,788.0,,,,0,2026-05-29 12:28:00
14050201093000,11040211548475,,,,,2026-04-21 09:30:00,1405-02-01 09:30:00,,faham,2.0,,,,,,,,,,,,,,,1.0,0.0,231.6999969482422,232.1999969482422,231.5,0.0,0.0,0.009999999776482582,3.0,750.0,0.0,0.0,0,0,2026-05-29 12:28:00
14050201094500,11040211548475,,,,,2026-04-21 09:45:00,1405-02-01 09:45:00,,faham,0.0,,,,,,,,,,,,,,,0.0,0.0,231.3000030517578,231.8000030517578,231.10000610351562,0.0,0.0,0.0,1.0,601.0,0.0,0.0,0,0,2026-05-29 12:33:00
14050201100000,11040211548475,,,,,2026-04-21 10:00:00,1405-02-01 10:00:00,,faham,0.0,,,,,,,,,,,,,,,0.0,0.0,231.39999389648438,231.89999389648438,231.1999969482422,0.0,0.0,0.0,1.0,659.0,0.0,0.0,0,0,2026-05-29 12:33:00
14050201101500,11040211548475,,,,,2026-04-21 10:15:00,1405-02-01 10:15:00,,faham,2.0,,,,,,,,,,,,,,,1.0,0.0,231.39999389648438,231.89999389648438,231.1999969482422,0.0,0.0,0.009999999776482582,4.0,777.0,0.0,0.0,0,0,2026-05-29 12:39:00
14050201103000,11040211548475,,,,,2026-04-21 10:30:00,1405-02-01 10:30:00,,faham,2.0,,,,,,,,,,,,,,,1.0,0.0,231.10000610351562,231.60000610351562,230.89999389648438,0.0,0.0,0.009999999776482582,3.0,767.0,0.0,0.0,0,0,2026-05-29 12:39:00
14050201104500,11040211548475,,,,,2026-04-21 10:45:00,1405-02-01 10:45:00,,faham,0.0,,,,,,,,,,,,,,,0.0,0.0,230.89999389648438,231.39999389648438,230.8000030517578,0.0,0.0,0.009999999776482582,2.0,595.0,0.0,0.0,0,0,2026-05-29 12:43:00
14050201110000,11040211548475,,,,,2026-04-21 11:00:00,1405-02-01 11:00:00,,faham,0.0,,,,,,,,,,,,,,,0.0,0.0,230.89999389648438,231.39999389648438,230.8000030517578,0.0,0.0,0.0,1.0,628.0,0.0,0.0,0,0,2026-05-29 12:43:00
14050201111500,11040211548475,,,,,2026-04-21 11:15:00,1405-02-01 11:15:00,,faham,1.0,,,,,,,,,,,,,,,0.0,0.0,230.60000610351562,231.10000610351562,230.39999389648438,0.0,0.0,0.0,2.0,721.0,0.0,0.0,0,0,2026-05-29 12:49:00
14050201113000,11040211548475,,,,,2026-04-21 11:30:00,1405-02-01 11:30:00,,faham,2.0,,,,,,,,,,,,,,,0.0,0.0,230.60000610351562,231.10000610351562,230.39999389648438,0.0,0.0,0.009999999776482582,3.0,764.0,0.0,0.0,0,0,2026-05-29 12:49:00
14050201114500,11040211548475,,,,,2026-04-21 11:45:00,1405-02-01 11:45:00,,faham,2.0,,,,,,,,,,,,,,,1.0,0.0,230.6999969482422,231.1999969482422,230.5,0.0,0.0,0.009999999776482582,3.0,792.0,0.0,0.0,0,0,2026-05-29 12:53:00
14050201120000,11040211548475,,,,,2026-04-21 12:00:00,1405-02-01 12:00:00,,faham,1.0,,,,,,,,,,,,,,,0.0,0.0,231.39999389648438,232.0,231.1999969482422,0.0,0.0,0.009999999776482582,2.0,680.0,0.0,0.0,0,0,2026-05-29 12:53:00
14050201121500,11040211548475,,,,,2026-04-21 12:15:00,1405-02-01 12:15:00,,faham,2.0,,,,,,,,,,,,,,,0.0,0.0,232.0,232.5,231.8000030517578,0.0,0.0,0.009999999776482582,3.0,699.0,0.0,0.0,0,0,2026-05-29 12:58:00
14050201123000,11040211548475,,,,,2026-04-21 12:30:00,1405-02-01 12:30:00,,faham,1.0,,,,,,,,,,,,,,,0.0,0.0,232.39999389648438,232.89999389648438,232.1999969482422,0.0,0.0,0.009999999776482582,2.0,661.0,0.0,0.0,0,0,2026-05-29 12:58:00
14050201124500,11040211548475,,,,,2026-04-21 12:45:00,1405-02-01 12:45:00,,faham,0.0,,,,,,,,,,,,,,,0.0,0.0,232.3000030517578,232.60000610351562,232.0,0.0,0.0,0.0,1.0,534.0,0.0,0.0,0,0,2026-05-29 13:03:00
14050201130000,11040211548475,,,,,2026-04-21 13:00:00,1405-02-01 13:00:00,,faham,0.0,,,,,,,,,,,,,,,0.0,0.0,232.60000610351562,233.0,232.5,0.0,0.0,0.0,1.0,575.0,0.0,0.0,0,0,2026-05-29 13:03:00
14050201131500,11040211548475,,,,,2026-04-21 13:15:00,1405-02-01 13:15:00,,faham,1.0,,,,,,,,,,,,,,,0.0,0.0,232.89999389648438,233.3000030517578,232.8000030517578,0.0,0.0,0.0,2.0,709.0,0.0,0.0,0,0,2026-05-29 13:09:00
14050201133000,11040211548475,,,,,2026-04-21 13:30:00,1405-02-01 13:30:00,,faham,2.0,,,,,,,,,,,,,,,1.0,0.0,233.0,233.39999389648438,232.8000030517578,0.0,0.0,0.009999999776482582,3.0,749.0,0.0,0.0,0,0,2026-05-29 13:09:00
14050201134500,11040211548475,,,,,2026-04-21 13:45:00,1405-02-01 13:45:00,,faham,2.0,,,,,,,,,,,,,,,1.0,0.0,233.0,233.39999389648438,232.8000030517578,0.0,0.0,0.009999999776482582,3.0,737.0,0.0,0.0,0,0,2026-05-29 13:13:00
14050201140000,11040211548475,,,,,2026-04-21 14:00:00,1405-02-01 14:00:00,,faham,2.0,,,,,,,,,,,,,,,0.0,0.0,233.10000610351562,233.60000610351562,232.89999389648438,0.0,0.0,0.009999999776482582,3.0,739.0,0.0,0.0,0,0,2026-05-29 13:13:00
14050201141500,11040211548475,,,,,2026-04-21 14:15:00,1405-02-01 14:15:00,,faham,1.0,,,,,,,,,,,,,,,0.0,0.0,232.6999969482422,233.3000030517578,232.6999969482422,0.0,0.0,0.0,1.0,623.0,0.0,0.0,0,0,2026-05-29 13:19:00
14050201143000,11040211548475,,,,,2026-04-21 14:30:00,1405-02-01 14:30:00,,faham,0.0,,,,,,,,,,,,,,,0.0,0.0,232.3000030517578,232.89999389648438,232.3000030517578,0.0,0.0,0.0,1.0,593.0,0.0,0.0,0,0,2026-05-29 13:19:00
14050201144500,11040211548475,,,,,2026-04-21 14:45:00,1405-02-01 14:45:00,,faham,1.0,,,,,,,,,,,,,,,0.0,0.0,232.8000030517578,233.39999389648438,232.60000610351562,0.0,0.0,0.009999999776482582,2.0,624.0,0.0,0.0,0,0,2026-05-29 13:24:00
14050201150000,11040211548475,,,,,2026-04-21 15:00:00,1405-02-01 15:00:00,,faham,2.0,,,,,,,,,,,,,,,0.0,0.0,233.0,233.5,232.8000030517578,0.0,0.0,0.009999999776482582,2.0,660.0,0.0,0.0,0,0,2026-05-29 13:24:00
14050201151500,11040211548475,,,,,2026-04-21 15:15:00,1405-02-01 15:15:00,,faham,1.0,,,,,,,,,,,,,,,0.0,0.0,232.39999389648438,233.0,232.3000030517578,0.0,0.0,0.0,2.0,667.0,0.0,0.0,0,0,2026-05-29 13:30:00
14050201153000,11040211548475,,,,,2026-04-21 15:30:00,1405-02-01 15:30:00,,faham,1.0,,,,,,,,,,,,,,,0.0,0.0,232.0,232.60000610351562,231.89999389648438,0.0,0.0,0.0,1.0,610.0,0.0,0.0,0,0,2026-05-29 13:30:00
14050201154500,11040211548475,,,,,2026-04-21 15:45:00,1405-02-01 15:45:00,,faham,0.0,,,,,,,,,,,,,,,0.0,0.0,231.60000610351562,232.1999969482422,231.60000610351562,0.0,0.0,0.0,0.0,507.0,0.0,0.0,0,0,2026-05-29 13:34:00
14050201160000,11040211548475,,,,,2026-04-21 16:00:00,1405-02-01 16:00:00,,faham,2.0,,,,,,,,,,,,,,,1.0,0.0,231.6999969482422,232.39999389648438,231.8000030517578,0.0,0.0,0.009999999776482582,3.0,770.0,0.0,0.0,0,0,2026-05-29 13:34:00
14050201161500,11040211548475,,,,,2026-04-21 16:15:00,1405-02-01 16:15:00,,faham,4.0,,,,,,,,,,,,,,,1.0,0.0,232.1999969482422,232.89999389648438,232.1999969482422,0.0,0.0,0.009999999776482582,4.0,813.0,0.0,0.0,0,0,2026-05-29 13:39:00
14050201163000,11040211548475,,,,,2026-04-21 16:30:00,1405-02-01 16:30:00,,faham,3.0,,,,,,,,,,,,,,,1.0,0.0,232.3000030517578,233.0,232.1999969482422,0.0,0.0,0.009999999776482582,4.0,794.0,0.0,0.0,0,0,2026-05-29 13:39:00
14050201164500,11040211548475,,,,,2026-04-21 16:45:00,1405-02-01 16:45:00,,faham,2.0,,,,,,,,,,,,,,,1.0,0.0,232.10000610351562,232.89999389648438,232.10000610351562,0.0,0.0,0.009999999776482582,3.0,741.0,0.0,0.0,0,0,2026-05-29 13:43:00
14050201170000,11040211548475,,,,,2026-04-21 17:00:00,1405-02-01 17:00:00,,faham,2.0,,,,,,,,,,,,,,,0.0,0.0,232.3000030517578,233.10000610351562,232.3000030517578,0.0,0.0,0.009999999776482582,3.0,725.0,0.0,0.0,0,0,2026-05-29 13:43:00
14050201171500,11040211548475,,,,,2026-04-21 17:15:00,1405-02-01 17:15:00,,faham,3.0,,,,,,,,,,,,,,,1.0,0.0,232.60000610351562,233.3000030517578,232.5,0.0,0.0,0.009999999776482582,3.0,774.0,0.0,0.0,0,0,2026-05-29 13:48:00
14050201173000,11040211548475,,,,,2026-04-21 17:30:00,1405-02-01 17:30:00,,faham,3.0,,,,,,,,,,,,,,,1.0,0.0,232.3000030517578,233.10000610351562,232.39999389648438,0.0,0.0,0.009999999776482582,4.0,774.0,0.0,0.0,0,0,2026-05-29 13:48:00
14050201174500,11040211548475,,,,,2026-04-21 17:45:00,1405-02-01 17:45:00,,faham,2.0,,,,,,,,,,,,,,,0.0,0.0,232.39999389648438,233.1999969482422,232.39999389648438,0.0,0.0,0.009999999776482582,3.0,716.0,0.0,0.0,0,0,2026-05-29 13:53:00
14050201180000,11040211548475,,,,,2026-04-21 18:00:00,1405-02-01 18:00:00,,faham,1.0,,,,,,,,,,,,,,,0.0,0.0,232.4,233.2,232.4,0.0,0.0,0.0,1.0,545.0,0.0,0.0,0,0,
14050201181500,11040211548475,,,,,2026-04-21 18:15:00,1405-02-01 18:15:00,,faham,1.0,,,,,,,,,,,,,,,0.0,0.0,232.6999969482422,233.5,232.8000030517578,0.0,0.0,0.0,1.0,576.0,0.0,0.0,0,0,2026-05-29 13:56:00
14050201183000,11040211548475,,,,,2026-04-21 18:30:00,1405-02-01 18:30:00,,faham,3.0,,,,,,,,,,,,,,,1.0,0.0,232.39999389648438,233.0,232.39999389648438,0.0,0.0,0.009999999776482582,4.0,773.0,0.0,0.0,0,0,2026-05-29 13:56:00
14050201184500,11040211548475,,,,,2026-04-21 18:45:00,1405-02-01 18:45:00,,faham,5.0,,,,,,,,,,,,,,,1.0,0.0,231.5,232.3000030517578,231.60000610351562,0.009999999776482582,0.0,0.009999999776482582,6.0,785.0,0.0,0.0,0,0,2026-05-29 14:46:00
14050201190000,11040211548475,,,,,2026-04-21 19:00:00,1405-02-01 19:00:00,,faham,8.0,,,,,,,,,,,,,,,2.0,0.0,230.5,231.3000030517578,230.6999969482422,0.019999999552965164,0.0,0.019999999552965164,9.0,796.0,0.0,0.0,0,0,2026-05-29 14:46:00
14050201191500,11040211548475,,,,,2026-04-21 19:15:00,1405-02-01 19:15:00,,faham,8.0,,,,,,,,,,,,,,,2.0,0.0,230.3000030517578,231.10000610351562,230.39999389648438,0.019999999552965164,0.0,0.019999999552965164,9.0,767.0,0.0,0.0,0,0,2026-05-29 14:51:00
14050201193000,11040211548475,,,,,2026-04-21 19:30:00,1405-02-01 19:30:00,,faham,8.0,,,,,,,,,,,,,,,2.0,0.0,230.39999389648438,231.3000030517578,230.60000610351562,0.019999999552965164,0.0,0.019999999552965164,10.0,801.0,0.0,0.0,0,0,2026-05-29 14:51:00
14050201194500,11040211548475,,,,,2026-04-21 19:45:00,1405-02-01 19:45:00,,faham,9.0,,,,,,,,,,,,,,,2.0,0.0,233.8000030517578,234.6999969482422,233.89999389648438,0.019999999552965164,0.0,0.019999999552965164,9.0,792.0,0.0,0.0,0,0,2026-05-29 14:56:00
14050201200000,11040211548475,,,,,2026-04-21 20:00:00,1405-02-01 20:00:00,,faham,9.0,,,,,,,,,,,,,,,2.0,0.0,234.10000610351562,235.10000610351562,234.3000030517578,0.019999999552965164,0.0,0.019999999552965164,9.0,789.0,0.0,0.0,0,0,2026-05-29 14:56:00
14050201201500,11040211548475,,,,,2026-04-21 20:15:00,1405-02-01 20:15:00,,faham,8.0,,,,,,,,,,,,,,,2.0,0.0,234.3000030517578,235.10000610351562,234.3000030517578,0.019999999552965164,0.0,0.019999999552965164,9.0,767.0,0.0,0.0,0,0,2026-05-29 15:01:00
14050201203000,11040211548475,,,,,2026-04-21 20:30:00,1405-02-01 20:30:00,,faham,7.0,,,,,,,,,,,,,,,2.0,0.0,234.5,235.39999389648438,234.60000610351562,0.019999999552965164,0.0,0.019999999552965164,8.0,738.0,0.0,0.0,0,0,2026-05-29 15:01:00
14050201204500,11040211548475,,,,,2026-04-21 20:45:00,1405-02-01 20:45:00,,faham,7.0,,,,,,,,,,,,,,,2.0,0.0,234.1999969482422,235.10000610351562,234.39999389648438,0.019999999552965164,0.0,0.009999999776482582,8.0,747.0,0.0,0.0,0,0,2026-05-29 15:06:00
14050201210000,11040211548475,,,,,2026-04-21 21:00:00,1405-02-01 21:00:00,,faham,8.0,,,,,,,,,,,,,,,2.0,0.0,234.5,235.39999389648438,234.6999969482422,0.019999999552965164,0.0,0.009999999776482582,9.0,752.0,0.0,0.0,0,0,2026-05-29 15:06:00
14050201211500,11040211548475,,,,,2026-04-21 21:15:00,1405-02-01 21:15:00,,faham,8.0,,,,,,,,,,,,,,,2.0,0.0,234.8000030517578,235.60000610351562,234.8000030517578,0.019999999552965164,0.0,0.019999999552965164,9.0,784.0,0.0,0.0,0,0,2026-05-29 15:11:00
14050201213000,11040211548475,,,,,2026-04-21 21:30:00,1405-02-01 21:30:00,,faham,8.0,,,,,,,,,,,,,,,2.0,0.0,235.1999969482422,236.0,235.10000610351562,0.019999999552965164,0.0,0.019999999552965164,9.0,769.0,0.0,0.0,0,0,2026-05-29 15:11:00
14050201214500,11040211548475,,,,,2026-04-21 21:45:00,1405-02-01 21:45:00,,faham,8.0,,,,,,,,,,,,,,,2.0,0.0,235.39999389648438,236.1999969482422,235.39999389648438,0.019999999552965164,0.0,0.019999999552965164,10.0,791.0,0.0,0.0,0,0,2026-05-29 15:17:00
14050201220000,11040211548475,,,,,2026-04-21 22:00:00,1405-02-01 22:00:00,,faham,9.0,,,,,,,,,,,,,,,2.0,0.0,235.8000030517578,236.5,235.60000610351562,0.019999999552965164,0.0,0.019999999552965164,10.0,783.0,0.0,0.0,0,0,2026-05-29 15:17:00
14050201221500,11040211548475,,,,,2026-04-21 22:15:00,1405-02-01 22:15:00,,faham,9.0,,,,,,,,,,,,,,,2.0,0.0,235.6999969482422,236.3000030517578,235.5,0.019999999552965164,0.0,0.019999999552965164,10.0,782.0,0.0,0.0,0,0,2026-05-29 15:23:00
14050201223000,11040211548475,,,,,2026-04-21 22:30:00,1405-02-01 22:30:00,,faham,8.0,,,,,,,,,,,,,,,2.0,0.0,236.1999969482422,236.8000030517578,236.0,0.019999999552965164,0.0,0.019999999552965164,9.0,764.0,0.0,0.0,0,0,2026-05-29 15:23:00
14050201224500,11040211548475,,,,,2026-04-21 22:45:00,1405-02-01 22:45:00,,faham,8.0,,,,,,,,,,,,,,,2.0,0.0,236.1999969482422,236.6999969482422,236.0,0.019999999552965164,0.0,0.019999999552965164,9.0,751.0,0.0,0.0,0,0,2026-05-29 15:28:00
14050201230000,11040211548475,,,,,2026-04-21 23:00:00,1405-02-01 23:00:00,,faham,7.0,,,,,,,,,,,,,,,2.0,0.0,233.6999969482422,234.39999389648438,233.6999969482422,0.019999999552965164,0.0,0.009999999776482582,8.0,726.0,0.0,0.0,0,0,2026-05-29 15:28:00
14050201231500,11040211548475,,,,,2026-04-21 23:15:00,1405-02-01 23:15:00,,faham,7.0,,,,,,,,,,,,,,,2.0,0.0,233.6999969482422,234.3000030517578,233.60000610351562,0.019999999552965164,0.0,0.009999999776482582,8.0,726.0,0.0,0.0,0,0,2026-05-29 15:33:00
14050201233000,11040211548475,,,,,2026-04-21 23:30:00,1405-02-01 23:30:00,,faham,7.0,,,,,,,,,,,,,,,2.0,0.0,233.6999969482422,234.3000030517578,233.5,0.019999999552965164,0.0,0.019999999552965164,9.0,759.0,0.0,0.0,0,0,2026-05-29 15:33:00
14050201234500,11040211548475,,,,,2026-04-21 23:45:00,1405-02-01 23:45:00,,faham,8.0,,,,,,,,,,,,,,,2.0,0.0,234.0,234.5,233.6999969482422,0.019999999552965164,0.0,0.019999999552965164,10.0,776.0,0.0,0.0,0,0,2026-05-29 15:39:00
14050201000000,11049611028512,,,,,2026-04-21 00:00:00,1405-02-01 00:00:00,,faham,1018.0,,,,,,,,,,,,,,,,,223.6999969482422,225.6999969482422,224.60000610351562,1.5299999713897705,1.6399999856948853,1.5,,960.0,,,,0,2026-05-29 10:51:00
14050201001500,11049611028512,,,,,2026-04-21 00:15:00,1405-02-01 00:15:00,,faham,80.0,,,,,,,,,,,,,,,,,225.39999389648438,227.6999969482422,226.5,0.11999999731779099,0.12999999523162842,0.10999999940395355,,765.0,,,,0,2026-05-29 10:57:00
14050201003000,11049611028512,,,,,2026-04-21 00:30:00,1405-02-01 00:30:00,,faham,0.0,,,,,,,,,,,,,,,,,225.60000610351562,227.89999389648438,226.6999969482422,0.0,0.0,0.0,,749.0,,,,0,2026-05-29 10:57:00
14050201004500,11049611028512,,,,,2026-04-21 00:45:00,1405-02-01 00:45:00,,faham,0.0,,,,,,,,,,,,,,,,,225.5,227.6999969482422,226.60000610351562,0.0,0.0,0.0,,776.0,,,,0,2026-05-29 11:03:00
14050201010000,11049611028512,,,,,2026-04-21 01:00:00,1405-02-01 01:00:00,,faham,0.0,,,,,,,,,,,,,,,,,224.60000610351562,226.8000030517578,225.6999969482422,0.0,0.0,0.0,,740.0,,,,0,2026-05-29 11:03:00
14050201011500,11049611028512,,,,,2026-04-21 01:15:00,1405-02-01 01:15:00,,faham,0.0,,,,,,,,,,,,,,,,,223.0,225.1999969482422,224.10000610351562,0.0,0.0,0.0,,811.0,,,,0,2026-05-29 11:09:00
14050201013000,11049611028512,,,,,2026-04-21 01:30:00,1405-02-01 01:30:00,,faham,0.0,,,,,,,,,,,,,,,,,223.3000030517578,225.5,224.1999969482422,0.0,0.0,0.0,,787.0,,,,0,2026-05-29 11:09:00
14050201014500,11049611028512,,,,,2026-04-21 01:45:00,1405-02-01 01:45:00,,faham,0.0,,,,,,,,,,,,,,,,,223.8000030517578,226.0,224.6999969482422,0.0,0.0,0.0,,750.0,,,,0,2026-05-29 11:14:00
14050201020000,11049611028512,,,,,2026-04-21 02:00:00,1405-02-01 02:00:00,,faham,0.0,,,,,,,,,,,,,,,,,223.8000030517578,226.0,224.89999389648438,0.0,0.0,0.0,,733.0,,,,0,2026-05-29 11:14:00
14050201021500,11049611028512,,,,,2026-04-21 02:15:00,1405-02-01 02:15:00,,faham,0.0,,,,,,,,,,,,,,,,,223.5,225.89999389648438,224.6999969482422,0.0,0.0,0.0,,742.0,,,,0,2026-05-29 11:19:00
14050201023000,11049611028512,,,,,2026-04-21 02:30:00,1405-02-01 02:30:00,,faham,0.0,,,,,,,,,,,,,,,,,223.39999389648438,225.8000030517578,224.60000610351562,0.0,0.0,0.0,,790.0,,,,0,2026-05-29 11:19:00
14050201024500,11049611028512,,,,,2026-04-21 02:45:00,1405-02-01 02:45:00,,faham,0.0,,,,,,,,,,,,,,,,,222.39999389648438,224.6999969482422,223.5,0.0,0.0,0.0,,761.0,,,,0,2026-05-29 11:24:00
14050201030000,11049611028512,,,,,2026-04-21 03:00:00,1405-02-01 03:00:00,,faham,0.0,,,,,,,,,,,,,,,,,221.3000030517578,223.39999389648438,222.39999389648438,0.0,0.0,0.0,,790.0,,,,0,2026-05-29 11:24:00
14050201031500,11049611028512,,,,,2026-04-21 03:15:00,1405-02-01 03:15:00,,faham,0.0,,,,,,,,,,,,,,,,,220.60000610351562,222.6999969482422,221.60000610351562,0.0,0.0,0.0,,787.0,,,,0,2026-05-29 11:28:00
14050201033000,11049611028512,,,,,2026-04-21 03:30:00,1405-02-01 03:30:00,,faham,0.0,,,,,,,,,,,,,,,,,220.8000030517578,223.0,221.89999389648438,0.0,0.0,0.0,,746.0,,,,0,2026-05-29 11:28:00
14050201034500,11049611028512,,,,,2026-04-21 03:45:00,1405-02-01 03:45:00,,faham,0.0,,,,,,,,,,,,,,,,,220.89999389648438,223.1999969482422,222.0,0.0,0.0,0.0,,761.0,,,,0,2026-05-29 11:34:00
14050201040000,11049611028512,,,,,2026-04-21 04:00:00,1405-02-01 04:00:00,,faham,0.0,,,,,,,,,,,,,,,,,221.10000610351562,223.39999389648438,222.1999969482422,0.0,0.0,0.0,,786.0,,,,0,2026-05-29 11:34:00
14050201041500,11049611028512,,,,,2026-04-21 04:15:00,1405-02-01 04:15:00,,faham,0.0,,,,,,,,,,,,,,,,,220.5,222.8000030517578,221.6999969482422,0.0,0.0,0.0,,802.0,,,,0,2026-05-29 11:39:00
14050201043000,11049611028512,,,,,2026-04-21 04:30:00,1405-02-01 04:30:00,,faham,0.0,,,,,,,,,,,,,,,,,220.6999969482422,223.0,221.89999389648438,0.0,0.0,0.0,,812.0,,,,0,2026-05-29 11:39:00
14050201044500,11049611028512,,,,,2026-04-21 04:45:00,1405-02-01 04:45:00,,faham,83.0,,,,,,,,,,,,,,,,,221.60000610351562,223.89999389648438,222.8000030517578,0.12999999523162842,0.14000000059604645,0.12999999523162842,,828.0,,,,0,2026-05-29 11:43:00
14050201050000,11049611028512,,,,,2026-04-21 05:00:00,1405-02-01 05:00:00,,faham,1016.0,,,,,,,,,,,,,,,,,220.0,221.89999389648438,221.0,1.5499999523162842,1.659999966621399,1.5199999809265137,,963.0,,,,0,2026-05-29 11:43:00
14050201051500,11049611028512,,,,,2026-04-21 05:15:00,1405-02-01 05:15:00,,faham,1014.0,,,,,,,,,,,,,,,,,220.1999969482422,222.10000610351562,221.3000030517578,1.5399999618530273,1.649999976158142,1.5199999809265137,,963.0,,,,0,2026-05-29 11:48:00
14050201053000,11049611028512,,,,,2026-04-21 05:30:00,1405-02-01 05:30:00,,faham,1014.0,,,,,,,,,,,,,,,,,220.60000610351562,222.60000610351562,221.8000030517578,1.5299999713897705,1.659999966621399,1.5199999809265137,,963.0,,,,0,2026-05-29 11:48:00
14050201054500,11049611028512,,,,,2026-04-21 05:45:00,1405-02-01 05:45:00,,faham,1016.0,,,,,,,,,,,,,,,,,221.1999969482422,223.3000030517578,222.39999389648438,1.5299999713897705,1.659999966621399,1.5099999904632568,,963.0,,,,0,2026-05-29 11:53:00
14050201060000,11049611028512,,,,,2026-04-21 06:00:00,1405-02-01 06:00:00,,faham,1014.0,,,,,,,,,,,,,,,,,221.0,223.10000610351562,222.10000610351562,1.5299999713897705,1.659999966621399,1.5099999904632568,,963.0,,,,0,2026-05-29 11:53:00
14050201061500,11049611028512,,,,,2026-04-21 06:15:00,1405-02-01 06:15:00,,faham,1011.0,,,,,,,,,,,,,,,,,219.6999969482422,221.8000030517578,220.89999389648438,1.5399999618530273,1.659999966621399,1.5099999904632568,,963.0,,,,0,2026-05-29 11:58:00
14050201063000,11049611028512,,,,,2026-04-21 06:30:00,1405-02-01 06:30:00,,faham,1009.0,,,,,,,,,,,,,,,,,219.10000610351562,221.0,220.1999969482422,1.5399999618530273,1.649999976158142,1.5199999809265137,,963.0,,,,0,2026-05-29 11:58:00
14050201064500,11049611028512,,,,,2026-04-21 06:45:00,1405-02-01 06:45:00,,faham,1012.0,,,,,,,,,,,,,,,,,219.10000610351562,221.0,220.1999969482422,1.5399999618530273,1.659999966621399,1.5199999809265137,,964.0,,,,0,2026-05-29 12:03:00
14050201070000,11049611028512,,,,,2026-04-21 07:00:00,1405-02-01 07:00:00,,faham,1011.0,,,,,,,,,,,,,,,,,219.1999969482422,221.10000610351562,220.1999969482422,1.5399999618530273,1.659999966621399,1.5199999809265137,,963.0,,,,0,2026-05-29 12:03:00
14050201071500,11049611028512,,,,,2026-04-21 07:15:00,1405-02-01 07:15:00,,faham,1008.0,,,,,,,,,,,,,,,,,220.39999389648438,222.1999969482422,221.39999389648438,1.5299999713897705,1.6399999856948853,1.5099999904632568,,962.0,,,,0,2026-05-29 12:08:00
14050201073000,11049611028512,,,,,2026-04-21 07:30:00,1405-02-01 07:30:00,,faham,1009.0,,,,,,,,,,,,,,,,,221.1999969482422,222.89999389648438,222.0,1.5299999713897705,1.6399999856948853,1.5099999904632568,,963.0,,,,0,2026-05-29 12:08:00
14050201074500,11049611028512,,,,,2026-04-21 07:45:00,1405-02-01 07:45:00,,faham,1010.0,,,,,,,,,,,,,,,,,220.39999389648438,222.10000610351562,221.3000030517578,1.5399999618530273,1.6399999856948853,1.5099999904632568,,963.0,,,,0,2026-05-29 12:13:00
14050201080000,11049611028512,,,,,2026-04-21 08:00:00,1405-02-01 08:00:00,,faham,1014.0,,,,,,,,,,,,,,,,,220.10000610351562,221.8000030517578,221.0,1.5499999523162842,1.649999976158142,1.5199999809265137,,963.0,,,,0,2026-05-29 12:13:00
14050201081500,11049611028512,,,,,2026-04-21 08:15:00,1405-02-01 08:15:00,,faham,798.0,,,,,,,,,,,,,,,,,221.89999389648438,223.8000030517578,223.0,1.2100000381469727,1.2999999523162842,1.190000057220459,,920.0,,,,0,2026-05-29 12:18:00
14050201083000,11049611028512,,,,,2026-04-21 08:30:00,1405-02-01 08:30:00,,faham,0.0,,,,,,,,,,,,,,,,,224.6999969482422,226.6999969482422,225.8000030517578,0.0,0.0,0.0,,791.0,,,,0,2026-05-29 12:18:00
14050201084500,11049611028512,,,,,2026-04-21 08:45:00,1405-02-01 08:45:00,,faham,0.0,,,,,,,,,,,,,,,,,224.5,226.3000030517578,225.5,0.0,0.0,0.0,,737.0,,,,0,2026-05-29 12:23:00
14050201090000,11049611028512,,,,,2026-04-21 09:00:00,1405-02-01 09:00:00,,faham,0.0,,,,,,,,,,,,,,,,,223.6999969482422,225.60000610351562,224.8000030517578,0.0,0.0,0.0,,743.0,,,,0,2026-05-29 12:23:00
14050201091500,11049611028512,,,,,2026-04-21 09:15:00,1405-02-01 09:15:00,,faham,0.0,,,,,,,,,,,,,,,,,223.8000030517578,225.60000610351562,224.89999389648438,0.0,0.0,0.0,,768.0,,,,0,2026-05-29 12:28:00
14050201093000,11049611028512,,,,,2026-04-21 09:30:00,1405-02-01 09:30:00,,faham,0.0,,,,,,,,,,,,,,,,,224.0,225.89999389648438,225.10000610351562,0.0,0.0,0.0,,762.0,,,,0,2026-05-29 12:28:00
14050201094500,11049611028512,,,,,2026-04-21 09:45:00,1405-02-01 09:45:00,,faham,0.0,,,,,,,,,,,,,,,,,224.6999969482422,226.5,225.6999969482422,0.0,0.0,0.0,,762.0,,,,0,2026-05-29 12:33:00
14050201100000,11049611028512,,,,,2026-04-21 10:00:00,1405-02-01 10:00:00,,faham,777.0,,,,,,,,,,,,,,,,,223.39999389648438,225.0,224.3000030517578,1.1799999475479126,1.2599999904632568,1.159999966621399,,925.0,,,,0,2026-05-29 12:33:00
14050201101500,11049611028512,,,,,2026-04-21 10:15:00,1405-02-01 10:15:00,,faham,1050.0,,,,,,,,,,,,,,,,,222.89999389648438,224.3000030517578,223.6999969482422,1.5399999618530273,1.7799999713897705,1.5099999904632568,,963.0,,,,0,2026-05-29 12:39:00
14050201103000,11049611028512,,,,,2026-04-21 10:30:00,1405-02-01 10:30:00,,faham,1063.0,,,,,,,,,,,,,,,,,222.60000610351562,224.0,223.3000030517578,1.5399999618530273,1.840000033378601,1.5099999904632568,,964.0,,,,0,2026-05-29 12:39:00
14050201104500,11049611028512,,,,,2026-04-21 10:45:00,1405-02-01 10:45:00,,faham,1061.0,,,,,,,,,,,,,,,,,221.89999389648438,223.1999969482422,222.5,1.5399999618530273,1.840000033378601,1.5099999904632568,,965.0,,,,0,2026-05-29 12:43:00
14050201110000,11049611028512,,,,,2026-04-21 11:00:00,1405-02-01 11:00:00,,faham,1060.0,,,,,,,,,,,,,,,,,224.0,225.39999389648438,224.6999969482422,1.5399999618530273,1.809999942779541,1.5099999904632568,,962.0,,,,0,2026-05-29 12:43:00
14050201111500,11049611028512,,,,,2026-04-21 11:15:00,1405-02-01 11:15:00,,faham,1069.0,,,,,,,,,,,,,,,,,224.1999969482422,225.39999389648438,224.6999969482422,1.5399999618530273,1.850000023841858,1.5099999904632568,,963.0,,,,0,2026-05-29 12:49:00
14050201113000,11049611028512,,,,,2026-04-21 11:30:00,1405-02-01 11:30:00,,faham,1036.0,,,,,,,,,,,,,,,,,224.10000610351562,225.60000610351562,224.89999389648438,1.5299999713897705,1.7100000381469727,1.5099999904632568,,961.0,,,,0,2026-05-29 12:49:00
14050201114500,11049611028512,,,,,2026-04-21 11:45:00,1405-02-01 11:45:00,,faham,1019.0,,,,,,,,,,,,,,,,,224.5,226.10000610351562,225.3000030517578,1.5199999809265137,1.6399999856948853,1.5,,959.0,,,,0,2026-05-29 12:53:00
14050201120000,11049611028512,,,,,2026-04-21 12:00:00,1405-02-01 12:00:00,,faham,1017.0,,,,,,,,,,,,,,,,,224.5,226.10000610351562,225.3000030517578,1.5299999713897705,1.6299999952316284,1.5,,959.0,,,,0,2026-05-29 12:53:00
14050201121500,11049611028512,,,,,2026-04-21 12:15:00,1405-02-01 12:15:00,,faham,1016.0,,,,,,,,,,,,,,,,,223.3000030517578,225.0,224.1999969482422,1.5299999713897705,1.6399999856948853,1.5099999904632568,,960.0,,,,0,2026-05-29 12:58:00
14050201123000,11049611028512,,,,,2026-04-21 12:30:00,1405-02-01 12:30:00,,faham,1018.0,,,,,,,,,,,,,,,,,223.60000610351562,225.10000610351562,224.39999389648438,1.5299999713897705,1.6399999856948853,1.5099999904632568,,960.0,,,,0,2026-05-29 12:58:00
14050201124500,11049611028512,,,,,2026-04-21 12:45:00,1405-02-01 12:45:00,,faham,1012.0,,,,,,,,,,,,,,,,,223.6999969482422,225.39999389648438,224.5,1.5299999713897705,1.6299999952316284,1.5,,960.0,,,,0,2026-05-29 13:03:00
14050201130000,11049611028512,,,,,2026-04-21 13:00:00,1405-02-01 13:00:00,,faham,1015.0,,,,,,,,,,,,,,,,,224.0,225.39999389648438,224.60000610351562,1.5299999713897705,1.6299999952316284,1.5,,960.0,,,,0,2026-05-29 13:03:00
14050201131500,11049611028512,,,,,2026-04-21 13:15:00,1405-02-01 13:15:00,,faham,1017.0,,,,,,,,,,,,,,,,,224.6999969482422,226.3000030517578,225.5,1.5299999713897705,1.6299999952316284,1.5,,960.0,,,,0,2026-05-29 13:09:00
14050201133000,11049611028512,,,,,2026-04-21 13:30:00,1405-02-01 13:30:00,,faham,1013.0,,,,,,,,,,,,,,,,,224.6999969482422,226.3000030517578,225.5,1.5199999809265137,1.6299999952316284,1.5,,959.0,,,,0,2026-05-29 13:09:00
14050201134500,11049611028512,,,,,2026-04-21 13:45:00,1405-02-01 13:45:00,,faham,1014.0,,,,,,,,,,,,,,,,,223.89999389648438,225.5,224.60000610351562,1.5299999713897705,1.6299999952316284,1.5,,960.0,,,,0,2026-05-29 13:13:00
14050201140000,11049611028512,,,,,2026-04-21 14:00:00,1405-02-01 14:00:00,,faham,1018.0,,,,,,,,,,,,,,,,,224.3000030517578,225.8000030517578,225.0,1.5299999713897705,1.6299999952316284,1.5099999904632568,,960.0,,,,0,2026-05-29 13:13:00
14050201141500,11049611028512,,,,,2026-04-21 14:15:00,1405-02-01 14:15:00,,faham,1016.0,,,,,,,,,,,,,,,,,224.0,225.60000610351562,224.89999389648438,1.5299999713897705,1.6299999952316284,1.5099999904632568,,960.0,,,,0,2026-05-29 13:19:00
14050201143000,11049611028512,,,,,2026-04-21 14:30:00,1405-02-01 14:30:00,,faham,1014.0,,,,,,,,,,,,,,,,,223.39999389648438,225.10000610351562,224.3000030517578,1.5299999713897705,1.6299999952316284,1.5099999904632568,,960.0,,,,0,2026-05-29 13:19:00
14050201144500,11049611028512,,,,,2026-04-21 14:45:00,1405-02-01 14:45:00,,faham,1017.0,,,,,,,,,,,,,,,,,223.8000030517578,225.39999389648438,224.60000610351562,1.5299999713897705,1.6299999952316284,1.5099999904632568,,960.0,,,,0,2026-05-29 13:24:00
14050201150000,11049611028512,,,,,2026-04-21 15:00:00,1405-02-01 15:00:00,,faham,1017.0,,,,,,,,,,,,,,,,,223.8000030517578,225.3000030517578,224.60000610351562,1.5299999713897705,1.6299999952316284,1.5099999904632568,,960.0,,,,0,2026-05-29 13:24:00
14050201151500,11049611028512,,,,,2026-04-21 15:15:00,1405-02-01 15:15:00,,faham,1017.0,,,,,,,,,,,,,,,,,223.6999969482422,225.3000030517578,224.5,1.5299999713897705,1.6399999856948853,1.5099999904632568,,960.0,,,,0,2026-05-29 13:30:00
14050201153000,11049611028512,,,,,2026-04-21 15:30:00,1405-02-01 15:30:00,,faham,1015.0,,,,,,,,,,,,,,,,,223.60000610351562,225.10000610351562,224.39999389648438,1.5299999713897705,1.6299999952316284,1.5099999904632568,,960.0,,,,0,2026-05-29 13:30:00
14050201154500,11049611028512,,,,,2026-04-21 15:45:00,1405-02-01 15:45:00,,faham,1015.0,,,,,,,,,,,,,,,,,223.39999389648438,225.10000610351562,224.3000030517578,1.5299999713897705,1.6299999952316284,1.5099999904632568,,960.0,,,,0,2026-05-29 13:34:00
14050201160000,11049611028512,,,,,2026-04-21 16:00:00,1405-02-01 16:00:00,,faham,1016.0,,,,,,,,,,,,,,,,,223.89999389648438,225.60000610351562,224.8000030517578,1.5299999713897705,1.6299999952316284,1.5099999904632568,,960.0,,,,0,2026-05-29 13:34:00
14050201161500,11049611028512,,,,,2026-04-21 16:15:00,1405-02-01 16:15:00,,faham,1018.0,,,,,,,,,,,,,,,,,224.3000030517578,226.10000610351562,225.3000030517578,1.5299999713897705,1.6399999856948853,1.5,,960.0,,,,0,2026-05-29 13:39:00
14050201163000,11049611028512,,,,,2026-04-21 16:30:00,1405-02-01 16:30:00,,faham,1017.0,,,,,,,,,,,,,,,,,224.39999389648438,226.3000030517578,225.5,1.5199999809265137,1.6399999856948853,1.5,,960.0,,,,0,2026-05-29 13:39:00
14050201164500,11049611028512,,,,,2026-04-21 16:45:00,1405-02-01 16:45:00,,faham,1017.0,,,,,,,,,,,,,,,,,224.5,226.1999969482422,225.5,1.5199999809265137,1.6399999856948853,1.5,,960.0,,,,0,2026-05-29 13:43:00
14050201170000,11049611028512,,,,,2026-04-21 17:00:00,1405-02-01 17:00:00,,faham,1016.0,,,,,,,,,,,,,,,,,224.1999969482422,225.89999389648438,225.10000610351562,1.5199999809265137,1.6399999856948853,1.5099999904632568,,960.0,,,,0,2026-05-29 13:43:00
14050201171500,11049611028512,,,,,2026-04-21 17:15:00,1405-02-01 17:15:00,,faham,1017.0,,,,,,,,,,,,,,,,,224.60000610351562,226.3000030517578,225.60000610351562,1.5199999809265137,1.6299999952316284,1.5,,960.0,,,,0,2026-05-29 13:48:00
14050201173000,11049611028512,,,,,2026-04-21 17:30:00,1405-02-01 17:30:00,,faham,1017.0,,,,,,,,,,,,,,,,,224.5,226.3000030517578,225.60000610351562,1.5199999809265137,1.6399999856948853,1.5,,960.0,,,,0,2026-05-29 13:48:00
14050201174500,11049611028512,,,,,2026-04-21 17:45:00,1405-02-01 17:45:00,,faham,1017.0,,,,,,,,,,,,,,,,,224.5,226.39999389648438,225.60000610351562,1.5199999809265137,1.6399999856948853,1.5,,960.0,,,,0,2026-05-29 13:53:00
14050201180000,11049611028512,,,,,2026-04-21 18:00:00,1405-02-01 18:00:00,,faham,1016.0,,,,,,,,,,,,,,,254.0,70.0,224.1,226.0,225.3,1.52,1.64,1.51,1020.0,959.0,0.0,0.0,0,0,
14050201181500,11049611028512,,,,,2026-04-21 18:15:00,1405-02-01 18:15:00,,faham,1017.0,,,,,,,,,,,,,,,,,224.39999389648438,226.3000030517578,225.39999389648438,1.5199999809265137,1.6399999856948853,1.5,,959.0,,,,0,2026-05-29 13:56:00
14050201183000,11049611028512,,,,,2026-04-21 18:30:00,1405-02-01 18:30:00,,faham,1018.0,,,,,,,,,,,,,,,,,224.5,226.3000030517578,225.5,1.5199999809265137,1.6399999856948853,1.5,,960.0,,,,0,2026-05-29 13:56:00
14050201184500,11049611028512,,,,,2026-04-21 18:45:00,1405-02-01 18:45:00,,faham,1015.0,,,,,,,,,,,,,,,,,223.0,224.6999969482422,224.0,1.5299999713897705,1.6399999856948853,1.5099999904632568,,960.0,,,,0,2026-05-29 14:46:00
14050201190000,11049611028512,,,,,2026-04-21 19:00:00,1405-02-01 19:00:00,,faham,1015.0,,,,,,,,,,,,,,,,,221.89999389648438,223.60000610351562,223.0,1.5299999713897705,1.6399999856948853,1.5199999809265137,,962.0,,,,0,2026-05-29 14:46:00
14050201191500,11049611028512,,,,,2026-04-21 19:15:00,1405-02-01 19:15:00,,faham,1017.0,,,,,,,,,,,,,,,,,222.10000610351562,223.8000030517578,223.1999969482422,1.5299999713897705,1.6399999856948853,1.5199999809265137,,962.0,,,,0,2026-05-29 14:51:00
14050201193000,11049611028512,,,,,2026-04-21 19:30:00,1405-02-01 19:30:00,,faham,1016.0,,,,,,,,,,,,,,,,,222.39999389648438,224.1999969482422,223.60000610351562,1.5299999713897705,1.6399999856948853,1.5099999904632568,,961.0,,,,0,2026-05-29 14:51:00
14050201194500,11049611028512,,,,,2026-04-21 19:45:00,1405-02-01 19:45:00,,faham,1015.0,,,,,,,,,,,,,,,,,222.0,223.89999389648438,223.1999969482422,1.5299999713897705,1.649999976158142,1.5099999904632568,,962.0,,,,0,2026-05-29 14:56:00
14050201200000,11049611028512,,,,,2026-04-21 20:00:00,1405-02-01 20:00:00,,faham,1016.0,,,,,,,,,,,,,,,,,222.0,223.89999389648438,223.1999969482422,1.5299999713897705,1.649999976158142,1.5199999809265137,,962.0,,,,0,2026-05-29 14:56:00
14050201201500,11049611028512,,,,,2026-04-21 20:15:00,1405-02-01 20:15:00,,faham,1016.0,,,,,,,,,,,,,,,,,222.0,223.89999389648438,223.3000030517578,1.5199999809265137,1.649999976158142,1.5199999809265137,,962.0,,,,0,2026-05-29 15:01:00
14050201203000,11049611028512,,,,,2026-04-21 20:30:00,1405-02-01 20:30:00,,faham,1015.0,,,,,,,,,,,,,,,,,222.5,224.39999389648438,223.8000030517578,1.5199999809265137,1.6399999856948853,1.5199999809265137,,960.0,,,,0,2026-05-29 15:01:00
14050201204500,11049611028512,,,,,2026-04-21 20:45:00,1405-02-01 20:45:00,,faham,1015.0,,,,,,,,,,,,,,,,,222.39999389648438,224.1999969482422,223.60000610351562,1.5299999713897705,1.6399999856948853,1.5099999904632568,,960.0,,,,0,2026-05-29 15:06:00
14050201210000,11049611028512,,,,,2026-04-21 21:00:00,1405-02-01 21:00:00,,faham,1016.0,,,,,,,,,,,,,,,,,223.0,224.6999969482422,224.10000610351562,1.5299999713897705,1.6399999856948853,1.5099999904632568,,960.0,,,,0,2026-05-29 15:06:00
14050201211500,11049611028512,,,,,2026-04-21 21:15:00,1405-02-01 21:15:00,,faham,1017.0,,,,,,,,,,,,,,,,,223.3000030517578,225.10000610351562,224.5,1.5199999809265137,1.6399999856948853,1.5099999904632568,,960.0,,,,0,2026-05-29 15:11:00
14050201213000,11049611028512,,,,,2026-04-21 21:30:00,1405-02-01 21:30:00,,faham,1017.0,,,,,,,,,,,,,,,,,223.6999969482422,225.39999389648438,224.8000030517578,1.5199999809265137,1.6399999856948853,1.5099999904632568,,960.0,,,,0,2026-05-29 15:11:00
14050201214500,11049611028512,,,,,2026-04-21 21:45:00,1405-02-01 21:45:00,,faham,1015.0,,,,,,,,,,,,,,,,,224.10000610351562,225.89999389648438,225.3000030517578,1.5199999809265137,1.6299999952316284,1.5099999904632568,,960.0,,,,0,2026-05-29 15:17:00
14050201220000,11049611028512,,,,,2026-04-21 22:00:00,1405-02-01 22:00:00,,faham,1015.0,,,,,,,,,,,,,,,,,224.0,225.8000030517578,225.10000610351562,1.5199999809265137,1.6399999856948853,1.5099999904632568,,960.0,,,,0,2026-05-29 15:17:00
14050201221500,11049611028512,,,,,2026-04-21 22:15:00,1405-02-01 22:15:00,,faham,1016.0,,,,,,,,,,,,,,,,,224.10000610351562,226.0,225.1999969482422,1.5199999809265137,1.6399999856948853,1.5099999904632568,,960.0,,,,0,2026-05-29 15:23:00
14050201223000,11049611028512,,,,,2026-04-21 22:30:00,1405-02-01 22:30:00,,faham,1019.0,,,,,,,,,,,,,,,,,224.89999389648438,226.8000030517578,226.0,1.5199999809265137,1.6399999856948853,1.5,,959.0,,,,0,2026-05-29 15:23:00
14050201224500,11049611028512,,,,,2026-04-21 22:45:00,1405-02-01 22:45:00,,faham,1018.0,,,,,,,,,,,,,,,,,225.10000610351562,227.0,226.1999969482422,1.5199999809265137,1.6399999856948853,1.5,,959.0,,,,0,2026-05-29 15:28:00
14050201230000,11049611028512,,,,,2026-04-21 23:00:00,1405-02-01 23:00:00,,faham,1018.0,,,,,,,,,,,,,,,,,225.0,226.89999389648438,226.0,1.5199999809265137,1.6399999856948853,1.5,,959.0,,,,0,2026-05-29 15:28:00
14050201231500,11049611028512,,,,,2026-04-21 23:15:00,1405-02-01 23:15:00,,faham,1013.0,,,,,,,,,,,,,,,,,224.10000610351562,225.89999389648438,225.0,1.5199999809265137,1.6299999952316284,1.5,,960.0,,,,0,2026-05-29 15:33:00
14050201233000,11049611028512,,,,,2026-04-21 23:30:00,1405-02-01 23:30:00,,faham,1015.0,,,,,,,,,,,,,,,,,224.1999969482422,226.0,225.10000610351562,1.5199999809265137,1.6399999856948853,1.5,,960.0,,,,0,2026-05-29 15:33:00
14050201234500,11049611028512,,,,,2026-04-21 23:45:00,1405-02-01 23:45:00,,faham,1016.0,,,,,,,,,,,,,,,,,224.6999969482422,226.60000610351562,225.6999969482422,1.5199999809265137,1.6399999856948853,1.5,,959.0,,,,0,2026-05-29 15:39:00
14050201000000,11049611029549,,,,,2026-04-21 00:00:00,1405-02-01 00:00:00,,faham,0.0,,,,,,,,,,,,,,,,,224.10000610351562,226.10000610351562,224.5,0.0,0.0,0.0,,1000.0,,,,0,2026-05-29 10:51:00
14050201001500,11049611029549,,,,,2026-04-21 00:15:00,1405-02-01 00:15:00,,faham,0.0,,,,,,,,,,,,,,,,,223.60000610351562,225.6999969482422,224.0,0.0,0.0,0.0,,1000.0,,,,0,2026-05-29 10:57:00
14050201003000,11049611029549,,,,,2026-04-21 00:30:00,1405-02-01 00:30:00,,faham,0.0,,,,,,,,,,,,,,,,,222.8000030517578,224.89999389648438,223.1999969482422,0.0,0.0,0.0,,1000.0,,,,0,2026-05-29 10:57:00
14050201004500,11049611029549,,,,,2026-04-21 00:45:00,1405-02-01 00:45:00,,faham,0.0,,,,,,,,,,,,,,,,,223.10000610351562,225.3000030517578,223.5,0.0,0.0,0.0,,1000.0,,,,0,2026-05-29 11:03:00
14050201010000,11049611029549,,,,,2026-04-21 01:00:00,1405-02-01 01:00:00,,faham,0.0,,,,,,,,,,,,,,,,,223.60000610351562,225.6999969482422,224.0,0.0,0.0,0.0,,1000.0,,,,0,2026-05-29 11:03:00
14050201011500,11049611029549,,,,,2026-04-21 01:15:00,1405-02-01 01:15:00,,faham,0.0,,,,,,,,,,,,,,,,,223.10000610351562,225.1999969482422,223.5,0.0,0.0,0.0,,1000.0,,,,0,2026-05-29 11:09:00
14050201013000,11049611029549,,,,,2026-04-21 01:30:00,1405-02-01 01:30:00,,faham,0.0,,,,,,,,,,,,,,,,,223.39999389648438,225.5,223.6999969482422,0.0,0.0,0.0,,1000.0,,,,0,2026-05-29 11:09:00
14050201014500,11049611029549,,,,,2026-04-21 01:45:00,1405-02-01 01:45:00,,faham,0.0,,,,,,,,,,,,,,,,,223.8000030517578,225.89999389648438,224.10000610351562,0.0,0.0,0.0,,1000.0,,,,0,2026-05-29 11:14:00
14050201020000,11049611029549,,,,,2026-04-21 02:00:00,1405-02-01 02:00:00,,faham,0.0,,,,,,,,,,,,,,,,,223.8000030517578,226.0,224.1999969482422,0.0,0.0,0.0,,1000.0,,,,0,2026-05-29 11:14:00
14050201021500,11049611029549,,,,,2026-04-21 02:15:00,1405-02-01 02:15:00,,faham,0.0,,,,,,,,,,,,,,,,,223.8000030517578,225.89999389648438,224.10000610351562,0.0,0.0,0.0,,1000.0,,,,0,2026-05-29 11:19:00
14050201023000,11049611029549,,,,,2026-04-21 02:30:00,1405-02-01 02:30:00,,faham,0.0,,,,,,,,,,,,,,,,,223.5,225.6999969482422,223.89999389648438,0.0,0.0,0.0,,1000.0,,,,0,2026-05-29 11:19:00
14050201024500,11049611029549,,,,,2026-04-21 02:45:00,1405-02-01 02:45:00,,faham,0.0,,,,,,,,,,,,,,,,,223.6999969482422,225.89999389648438,224.10000610351562,0.0,0.0,0.0,,1000.0,,,,0,2026-05-29 11:24:00
14050201030000,11049611029549,,,,,2026-04-21 03:00:00,1405-02-01 03:00:00,,faham,0.0,,,,,,,,,,,,,,,,,223.39999389648438,225.39999389648438,223.6999969482422,0.0,0.0,0.0,,1000.0,,,,0,2026-05-29 11:24:00
14050201031500,11049611029549,,,,,2026-04-21 03:15:00,1405-02-01 03:15:00,,faham,0.0,,,,,,,,,,,,,,,,,222.60000610351562,224.6999969482422,222.89999389648438,0.0,0.0,0.0,,1000.0,,,,0,2026-05-29 11:28:00
14050201033000,11049611029549,,,,,2026-04-21 03:30:00,1405-02-01 03:30:00,,faham,0.0,,,,,,,,,,,,,,,,,222.60000610351562,224.6999969482422,222.89999389648438,0.0,0.0,0.0,,1000.0,,,,0,2026-05-29 11:28:00
14050201034500,11049611029549,,,,,2026-04-21 03:45:00,1405-02-01 03:45:00,,faham,0.0,,,,,,,,,,,,,,,,,222.6999969482422,224.8000030517578,223.0,0.0,0.0,0.0,,1000.0,,,,0,2026-05-29 11:34:00
14050201040000,11049611029549,,,,,2026-04-21 04:00:00,1405-02-01 04:00:00,,faham,0.0,,,,,,,,,,,,,,,,,222.89999389648438,225.0,223.1999969482422,0.0,0.0,0.0,,1000.0,,,,0,2026-05-29 11:34:00
14050201041500,11049611029549,,,,,2026-04-21 04:15:00,1405-02-01 04:15:00,,faham,0.0,,,,,,,,,,,,,,,,,222.8000030517578,225.0,223.1999969482422,0.0,0.0,0.0,,1000.0,,,,0,2026-05-29 11:39:00
14050201043000,11049611029549,,,,,2026-04-21 04:30:00,1405-02-01 04:30:00,,faham,0.0,,,,,,,,,,,,,,,,,222.6999969482422,224.8000030517578,223.10000610351562,0.0,0.0,0.0,,1000.0,,,,0,2026-05-29 11:39:00
14050201044500,11049611029549,,,,,2026-04-21 04:45:00,1405-02-01 04:45:00,,faham,0.0,,,,,,,,,,,,,,,,,223.1999969482422,225.39999389648438,223.6999969482422,0.0,0.0,0.0,,1000.0,,,,0,2026-05-29 11:43:00
14050201050000,11049611029549,,,,,2026-04-21 05:00:00,1405-02-01 05:00:00,,faham,0.0,,,,,,,,,,,,,,,,,223.3000030517578,225.5,223.8000030517578,0.0,0.0,0.0,,1000.0,,,,0,2026-05-29 11:43:00
14050201051500,11049611029549,,,,,2026-04-21 05:15:00,1405-02-01 05:15:00,,faham,0.0,,,,,,,,,,,,,,,,,223.5,225.8000030517578,224.0,0.0,0.0,0.0,,1000.0,,,,0,2026-05-29 11:48:00
14050201053000,11049611029549,,,,,2026-04-21 05:30:00,1405-02-01 05:30:00,,faham,0.0,,,,,,,,,,,,,,,,,223.8000030517578,226.10000610351562,224.39999389648438,0.0,0.0,0.0,,1000.0,,,,0,2026-05-29 11:48:00
14050201054500,11049611029549,,,,,2026-04-21 05:45:00,1405-02-01 05:45:00,,faham,0.0,,,,,,,,,,,,,,,,,224.3000030517578,226.60000610351562,224.8000030517578,0.0,0.0,0.0,,1000.0,,,,0,2026-05-29 11:53:00
14050201060000,11049611029549,,,,,2026-04-21 06:00:00,1405-02-01 06:00:00,,faham,0.0,,,,,,,,,,,,,,,,,223.89999389648438,226.1999969482422,224.39999389648438,0.0,0.0,0.0,,1000.0,,,,0,2026-05-29 11:53:00
14050201061500,11049611029549,,,,,2026-04-21 06:15:00,1405-02-01 06:15:00,,faham,0.0,,,,,,,,,,,,,,,,,223.3000030517578,225.60000610351562,223.8000030517578,0.0,0.0,0.0,,1000.0,,,,0,2026-05-29 11:58:00
14050201063000,11049611029549,,,,,2026-04-21 06:30:00,1405-02-01 06:30:00,,faham,0.0,,,,,,,,,,,,,,,,,222.89999389648438,225.10000610351562,223.39999389648438,0.0,0.0,0.0,,1000.0,,,,0,2026-05-29 11:58:00
14050201064500,11049611029549,,,,,2026-04-21 06:45:00,1405-02-01 06:45:00,,faham,0.0,,,,,,,,,,,,,,,,,222.60000610351562,224.89999389648438,223.1999969482422,0.0,0.0,0.0,,1000.0,,,,0,2026-05-29 12:03:00
14050201070000,11049611029549,,,,,2026-04-21 07:00:00,1405-02-01 07:00:00,,faham,0.0,,,,,,,,,,,,,,,,,222.39999389648438,224.5,222.89999389648438,0.0,0.0,0.0,,1000.0,,,,0,2026-05-29 12:03:00
14050201071500,11049611029549,,,,,2026-04-21 07:15:00,1405-02-01 07:15:00,,faham,0.0,,,,,,,,,,,,,,,,,221.39999389648438,223.39999389648438,221.8000030517578,0.0,0.0,0.0,,1000.0,,,,0,2026-05-29 12:08:00
14050201073000,11049611029549,,,,,2026-04-21 07:30:00,1405-02-01 07:30:00,,faham,0.0,,,,,,,,,,,,,,,,,220.89999389648438,222.8000030517578,221.1999969482422,0.0,0.0,0.0,,1000.0,,,,0,2026-05-29 12:08:00
14050201074500,11049611029549,,,,,2026-04-21 07:45:00,1405-02-01 07:45:00,,faham,0.0,,,,,,,,,,,,,,,,,222.1999969482422,224.0,222.5,0.0,0.0,0.0,,1000.0,,,,0,2026-05-29 12:13:00
14050201080000,11049611029549,,,,,2026-04-21 08:00:00,1405-02-01 08:00:00,,faham,0.0,,,,,,,,,,,,,,,,,224.0,225.8000030517578,224.1999969482422,0.0,0.0,0.0,,1000.0,,,,0,2026-05-29 12:13:00
14050201081500,11049611029549,,,,,2026-04-21 08:15:00,1405-02-01 08:15:00,,faham,0.0,,,,,,,,,,,,,,,,,223.8000030517578,225.60000610351562,223.89999389648438,0.0,0.0,0.0,,1000.0,,,,0,2026-05-29 12:18:00
14050201083000,11049611029549,,,,,2026-04-21 08:30:00,1405-02-01 08:30:00,,faham,0.0,,,,,,,,,,,,,,,,,223.39999389648438,225.1999969482422,223.60000610351562,0.0,0.0,0.0,,1000.0,,,,0,2026-05-29 12:18:00
14050201084500,11049611029549,,,,,2026-04-21 08:45:00,1405-02-01 08:45:00,,faham,0.0,,,,,,,,,,,,,,,,,223.1999969482422,224.89999389648438,223.3000030517578,0.0,0.0,0.0,,1000.0,,,,0,2026-05-29 12:23:00
14050201090000,11049611029549,,,,,2026-04-21 09:00:00,1405-02-01 09:00:00,,faham,0.0,,,,,,,,,,,,,,,,,223.39999389648438,225.10000610351562,223.60000610351562,0.0,0.0,0.0,,1000.0,,,,0,2026-05-29 12:23:00
14050201091500,11049611029549,,,,,2026-04-21 09:15:00,1405-02-01 09:15:00,,faham,0.0,,,,,,,,,,,,,,,,,224.39999389648438,226.10000610351562,224.60000610351562,0.0,0.0,0.0,,1000.0,,,,0,2026-05-29 12:28:00
14050201093000,11049611029549,,,,,2026-04-21 09:30:00,1405-02-01 09:30:00,,faham,0.0,,,,,,,,,,,,,,,,,224.10000610351562,225.8000030517578,224.3000030517578,0.0,0.0,0.0,,1000.0,,,,0,2026-05-29 12:28:00
14050201094500,11049611029549,,,,,2026-04-21 09:45:00,1405-02-01 09:45:00,,faham,0.0,,,,,,,,,,,,,,,,,223.6999969482422,225.3000030517578,223.8000030517578,0.0,0.0,0.0,,1000.0,,,,0,2026-05-29 12:33:00
14050201100000,11049611029549,,,,,2026-04-21 10:00:00,1405-02-01 10:00:00,,faham,0.0,,,,,,,,,,,,,,,,,223.60000610351562,225.3000030517578,223.6999969482422,0.0,0.0,0.0,,1000.0,,,,0,2026-05-29 12:33:00
14050201101500,11049611029549,,,,,2026-04-21 10:15:00,1405-02-01 10:15:00,,faham,0.0,,,,,,,,,,,,,,,,,223.5,225.1999969482422,223.60000610351562,0.0,0.0,0.0,,1000.0,,,,0,2026-05-29 12:39:00
14050201103000,11049611029549,,,,,2026-04-21 10:30:00,1405-02-01 10:30:00,,faham,0.0,,,,,,,,,,,,,,,,,223.1999969482422,224.8000030517578,223.3000030517578,0.0,0.0,0.0,,1000.0,,,,0,2026-05-29 12:39:00
14050201104500,11049611029549,,,,,2026-04-21 10:45:00,1405-02-01 10:45:00,,faham,0.0,,,,,,,,,,,,,,,,,222.8000030517578,224.3000030517578,222.8000030517578,0.0,0.0,0.0,,1000.0,,,,0,2026-05-29 12:43:00
14050201110000,11049611029549,,,,,2026-04-21 11:00:00,1405-02-01 11:00:00,,faham,0.0,,,,,,,,,,,,,,,,,222.6999969482422,224.3000030517578,222.6999969482422,0.0,0.0,0.0,,1000.0,,,,0,2026-05-29 12:43:00
14050201111500,11049611029549,,,,,2026-04-21 11:15:00,1405-02-01 11:15:00,,faham,0.0,,,,,,,,,,,,,,,,,223.0,224.5,223.0,0.0,0.0,0.0,,1000.0,,,,0,2026-05-29 12:49:00
14050201113000,11049611029549,,,,,2026-04-21 11:30:00,1405-02-01 11:30:00,,faham,0.0,,,,,,,,,,,,,,,,,223.0,224.60000610351562,223.10000610351562,0.0,0.0,0.0,,1000.0,,,,0,2026-05-29 12:49:00
14050201114500,11049611029549,,,,,2026-04-21 11:45:00,1405-02-01 11:45:00,,faham,0.0,,,,,,,,,,,,,,,,,223.1999969482422,224.89999389648438,223.3000030517578,0.0,0.0,0.0,,1000.0,,,,0,2026-05-29 12:53:00
14050201120000,11049611029549,,,,,2026-04-21 12:00:00,1405-02-01 12:00:00,,faham,0.0,,,,,,,,,,,,,,,,,224.39999389648438,226.10000610351562,224.5,0.0,0.0,0.0,,1000.0,,,,0,2026-05-29 12:53:00
14050201121500,11049611029549,,,,,2026-04-21 12:15:00,1405-02-01 12:15:00,,faham,0.0,,,,,,,,,,,,,,,,,224.6999969482422,226.3000030517578,224.6999969482422,0.0,0.0,0.0,,1000.0,,,,0,2026-05-29 12:58:00
14050201123000,11049611029549,,,,,2026-04-21 12:30:00,1405-02-01 12:30:00,,faham,0.0,,,,,,,,,,,,,,,,,225.1999969482422,226.8000030517578,225.3000030517578,0.0,0.0,0.0,,1000.0,,,,0,2026-05-29 12:58:00
14050201124500,11049611029549,,,,,2026-04-21 12:45:00,1405-02-01 12:45:00,,faham,0.0,,,,,,,,,,,,,,,,,225.1999969482422,226.8000030517578,225.1999969482422,0.0,0.0,0.0,,1000.0,,,,0,2026-05-29 13:03:00
14050201130000,11049611029549,,,,,2026-04-21 13:00:00,1405-02-01 13:00:00,,faham,0.0,,,,,,,,,,,,,,,,,225.5,227.10000610351562,225.39999389648438,0.0,0.0,0.0,,1000.0,,,,0,2026-05-29 13:03:00
14050201131500,11049611029549,,,,,2026-04-21 13:15:00,1405-02-01 13:15:00,,faham,0.0,,,,,,,,,,,,,,,,,226.10000610351562,227.8000030517578,226.10000610351562,0.0,0.0,0.0,,1000.0,,,,0,2026-05-29 13:09:00
14050201133000,11049611029549,,,,,2026-04-21 13:30:00,1405-02-01 13:30:00,,faham,0.0,,,,,,,,,,,,,,,,,226.10000610351562,227.8000030517578,226.10000610351562,0.0,0.0,0.0,,1000.0,,,,0,2026-05-29 13:09:00
14050201134500,11049611029549,,,,,2026-04-21 13:45:00,1405-02-01 13:45:00,,faham,0.0,,,,,,,,,,,,,,,,,225.0,226.60000610351562,224.89999389648438,0.0,0.0,0.0,,1000.0,,,,0,2026-05-29 13:13:00
14050201140000,11049611029549,,,,,2026-04-21 14:00:00,1405-02-01 14:00:00,,faham,0.0,,,,,,,,,,,,,,,,,225.10000610351562,226.6999969482422,225.0,0.0,0.0,0.0,,1000.0,,,,0,2026-05-29 13:13:00
14050201141500,11049611029549,,,,,2026-04-21 14:15:00,1405-02-01 14:15:00,,faham,0.0,,,,,,,,,,,,,,,,,224.60000610351562,226.1999969482422,224.60000610351562,0.0,0.0,0.0,,1000.0,,,,0,2026-05-29 13:19:00
14050201143000,11049611029549,,,,,2026-04-21 14:30:00,1405-02-01 14:30:00,,faham,0.0,,,,,,,,,,,,,,,,,224.0,225.5,223.89999389648438,0.0,0.0,0.0,,1000.0,,,,0,2026-05-29 13:19:00
14050201144500,11049611029549,,,,,2026-04-21 14:45:00,1405-02-01 14:45:00,,faham,0.0,,,,,,,,,,,,,,,,,224.5,226.10000610351562,224.5,0.0,0.0,0.0,,1000.0,,,,0,2026-05-29 13:24:00
14050201150000,11049611029549,,,,,2026-04-21 15:00:00,1405-02-01 15:00:00,,faham,0.0,,,,,,,,,,,,,,,,,224.3000030517578,225.89999389648438,224.3000030517578,0.0,0.0,0.0,,1000.0,,,,0,2026-05-29 13:24:00
14050201151500,11049611029549,,,,,2026-04-21 15:15:00,1405-02-01 15:15:00,,faham,0.0,,,,,,,,,,,,,,,,,224.10000610351562,225.6999969482422,224.1999969482422,0.0,0.0,0.0,,1000.0,,,,0,2026-05-29 13:30:00
14050201153000,11049611029549,,,,,2026-04-21 15:30:00,1405-02-01 15:30:00,,faham,0.0,,,,,,,,,,,,,,,,,223.8000030517578,225.5,224.0,0.0,0.0,0.0,,1000.0,,,,0,2026-05-29 13:30:00
14050201154500,11049611029549,,,,,2026-04-21 15:45:00,1405-02-01 15:45:00,,faham,0.0,,,,,,,,,,,,,,,,,223.60000610351562,225.3000030517578,223.6999969482422,0.0,0.0,0.0,,1000.0,,,,0,2026-05-29 13:34:00
14050201160000,11049611029549,,,,,2026-04-21 16:00:00,1405-02-01 16:00:00,,faham,0.0,,,,,,,,,,,,,,,,,224.10000610351562,225.5,224.10000610351562,0.0,0.0,0.0,,1000.0,,,,0,2026-05-29 13:34:00
14050201161500,11049611029549,,,,,2026-04-21 16:15:00,1405-02-01 16:15:00,,faham,0.0,,,,,,,,,,,,,,,,,224.60000610351562,226.1999969482422,224.6999969482422,0.0,0.0,0.0,,1000.0,,,,0,2026-05-29 13:39:00
14050201163000,11049611029549,,,,,2026-04-21 16:30:00,1405-02-01 16:30:00,,faham,0.0,,,,,,,,,,,,,,,,,225.0,226.6999969482422,225.10000610351562,0.0,0.0,0.0,,1000.0,,,,0,2026-05-29 13:39:00
14050201164500,11049611029549,,,,,2026-04-21 16:45:00,1405-02-01 16:45:00,,faham,0.0,,,,,,,,,,,,,,,,,225.10000610351562,226.8000030517578,225.1999969482422,0.0,0.0,0.0,,1000.0,,,,0,2026-05-29 13:43:00
14050201170000,11049611029549,,,,,2026-04-21 17:00:00,1405-02-01 17:00:00,,faham,0.0,,,,,,,,,,,,,,,,,224.5,226.1999969482422,224.60000610351562,0.0,0.0,0.0,,1000.0,,,,0,2026-05-29 13:43:00
14050201171500,11049611029549,,,,,2026-04-21 17:15:00,1405-02-01 17:15:00,,faham,0.0,,,,,,,,,,,,,,,,,224.89999389648438,226.5,225.0,0.0,0.0,0.0,,1000.0,,,,0,2026-05-29 13:48:00
14050201173000,11049611029549,,,,,2026-04-21 17:30:00,1405-02-01 17:30:00,,faham,0.0,,,,,,,,,,,,,,,,,224.89999389648438,226.5,225.0,0.0,0.0,0.0,,1000.0,,,,0,2026-05-29 13:48:00
14050201174500,11049611029549,,,,,2026-04-21 17:45:00,1405-02-01 17:45:00,,faham,0.0,,,,,,,,,,,,,,,,,225.3000030517578,226.89999389648438,225.39999389648438,0.0,0.0,0.0,,1000.0,,,,0,2026-05-29 13:53:00
14050201180000,11049611029549,,,,,2026-04-21 18:00:00,1405-02-01 18:00:00,,faham,0.0,,,,,,,,,,,,,,,0.0,0.0,224.8,226.5,225.0,0.0,0.0,0.0,0.0,1000.0,0.0,0.0,0,0,
14050201181500,11049611029549,,,,,2026-04-21 18:15:00,1405-02-01 18:15:00,,faham,0.0,,,,,,,,,,,,,,,,,225.10000610351562,226.8000030517578,225.3000030517578,0.0,0.0,0.0,,1000.0,,,,0,2026-05-29 13:56:00
14050201183000,11049611029549,,,,,2026-04-21 18:30:00,1405-02-01 18:30:00,,faham,0.0,,,,,,,,,,,,,,,,,223.6999969482422,225.39999389648438,224.10000610351562,0.0,0.0,0.0,,1000.0,,,,0,2026-05-29 13:56:00
14050201184500,11049611029549,,,,,2026-04-21 18:45:00,1405-02-01 18:45:00,,faham,0.0,,,,,,,,,,,,,,,,,221.5,223.1999969482422,221.8000030517578,0.0,0.0,0.0,,1000.0,,,,0,2026-05-29 14:46:00
14050201190000,11049611029549,,,,,2026-04-21 19:00:00,1405-02-01 19:00:00,,faham,0.0,,,,,,,,,,,,,,,,,221.5,223.3000030517578,221.89999389648438,0.0,0.0,0.0,,1000.0,,,,0,2026-05-29 14:46:00
14050201191500,11049611029549,,,,,2026-04-21 19:15:00,1405-02-01 19:15:00,,faham,0.0,,,,,,,,,,,,,,,,,221.89999389648438,223.60000610351562,222.3000030517578,0.0,0.0,0.0,,1000.0,,,,0,2026-05-29 14:51:00
14050201193000,11049611029549,,,,,2026-04-21 19:30:00,1405-02-01 19:30:00,,faham,0.0,,,,,,,,,,,,,,,,,222.3000030517578,224.10000610351562,222.60000610351562,0.0,0.0,0.0,,1000.0,,,,0,2026-05-29 14:51:00
14050201194500,11049611029549,,,,,2026-04-21 19:45:00,1405-02-01 19:45:00,,faham,0.0,,,,,,,,,,,,,,,,,222.0,223.8000030517578,222.39999389648438,0.0,0.0,0.0,,1000.0,,,,0,2026-05-29 14:56:00
14050201200000,11049611029549,,,,,2026-04-21 20:00:00,1405-02-01 20:00:00,,faham,0.0,,,,,,,,,,,,,,,,,222.10000610351562,223.89999389648438,222.5,0.0,0.0,0.0,,1000.0,,,,0,2026-05-29 14:56:00
14050201201500,11049611029549,,,,,2026-04-21 20:15:00,1405-02-01 20:15:00,,faham,0.0,,,,,,,,,,,,,,,,,222.1999969482422,224.10000610351562,222.60000610351562,0.0,0.0,0.0,,1000.0,,,,0,2026-05-29 15:01:00
14050201203000,11049611029549,,,,,2026-04-21 20:30:00,1405-02-01 20:30:00,,faham,0.0,,,,,,,,,,,,,,,,,222.39999389648438,224.1999969482422,222.8000030517578,0.0,0.0,0.0,,1000.0,,,,0,2026-05-29 15:01:00
14050201204500,11049611029549,,,,,2026-04-21 20:45:00,1405-02-01 20:45:00,,faham,0.0,,,,,,,,,,,,,,,,,222.3000030517578,224.1999969482422,222.6999969482422,0.0,0.0,0.0,,1000.0,,,,0,2026-05-29 15:06:00
14050201210000,11049611029549,,,,,2026-04-21 21:00:00,1405-02-01 21:00:00,,faham,0.0,,,,,,,,,,,,,,,,,222.5,224.3000030517578,223.0,0.0,0.0,0.0,,1000.0,,,,0,2026-05-29 15:06:00
14050201211500,11049611029549,,,,,2026-04-21 21:15:00,1405-02-01 21:15:00,,faham,0.0,,,,,,,,,,,,,,,,,222.0,223.89999389648438,222.60000610351562,0.0,0.0,0.0,,1000.0,,,,0,2026-05-29 15:11:00
14050201213000,11049611029549,,,,,2026-04-21 21:30:00,1405-02-01 21:30:00,,faham,0.0,,,,,,,,,,,,,,,,,222.10000610351562,224.0,222.6999969482422,0.0,0.0,0.0,,1000.0,,,,0,2026-05-29 15:11:00
14050201214500,11049611029549,,,,,2026-04-21 21:45:00,1405-02-01 21:45:00,,faham,0.0,,,,,,,,,,,,,,,,,222.39999389648438,224.3000030517578,223.0,0.0,0.0,0.0,,1000.0,,,,0,2026-05-29 15:17:00
14050201220000,11049611029549,,,,,2026-04-21 22:00:00,1405-02-01 22:00:00,,faham,0.0,,,,,,,,,,,,,,,,,221.8000030517578,223.60000610351562,222.3000030517578,0.0,0.0,0.0,,1000.0,,,,0,2026-05-29 15:17:00
14050201221500,11049611029549,,,,,2026-04-21 22:15:00,1405-02-01 22:15:00,,faham,0.0,,,,,,,,,,,,,,,,,222.0,224.0,222.60000610351562,0.0,0.0,0.0,,1000.0,,,,0,2026-05-29 15:23:00
14050201223000,11049611029549,,,,,2026-04-21 22:30:00,1405-02-01 22:30:00,,faham,0.0,,,,,,,,,,,,,,,,,222.89999389648438,224.6999969482422,223.39999389648438,0.0,0.0,0.0,,1000.0,,,,0,2026-05-29 15:23:00
14050201224500,11049611029549,,,,,2026-04-21 22:45:00,1405-02-01 22:45:00,,faham,0.0,,,,,,,,,,,,,,,,,222.89999389648438,224.8000030517578,223.39999389648438,0.0,0.0,0.0,,1000.0,,,,0,2026-05-29 15:28:00
14050201230000,11049611029549,,,,,2026-04-21 23:00:00,1405-02-01 23:00:00,,faham,0.0,,,,,,,,,,,,,,,,,221.60000610351562,223.5,222.0,0.0,0.0,0.0,,1000.0,,,,0,2026-05-29 15:28:00
14050201231500,11049611029549,,,,,2026-04-21 23:15:00,1405-02-01 23:15:00,,faham,0.0,,,,,,,,,,,,,,,,,220.89999389648438,222.8000030517578,221.3000030517578,0.0,0.0,0.0,,1000.0,,,,0,2026-05-29 15:33:00
14050201233000,11049611029549,,,,,2026-04-21 23:30:00,1405-02-01 23:30:00,,faham,0.0,,,,,,,,,,,,,,,,,220.5,222.39999389648438,220.89999389648438,0.0,0.0,0.0,,1000.0,,,,0,2026-05-29 15:33:00
14050201234500,11049611029549,,,,,2026-04-21 23:45:00,1405-02-01 23:45:00,,faham,0.0,,,,,,,,,,,,,,,,,220.89999389648438,222.8000030517578,221.3000030517578,0.0,0.0,0.0,,1000.0,,,,0,2026-05-29 15:39:00
14050201000000,11049611031537,,,,,2026-04-21 00:00:00,1405-02-01 00:00:00,,faham,34.0,,,,,,,,,,,,,,,,,235.8000030517578,238.60000610351562,235.8000030517578,0.009999999776482582,0.019999999552965164,0.12999999523162842,,830.0,,,,0,2026-05-29 10:51:00
14050201001500,11049611031537,,,,,2026-04-21 00:15:00,1405-02-01 00:15:00,,faham,68.0,,,,,,,,,,,,,,,,,235.1999969482422,238.1999969482422,235.10000610351562,0.009999999776482582,0.019999999552965164,0.27000001072883606,,879.0,,,,0,2026-05-29 10:57:00
14050201003000,11049611031537,,,,,2026-04-21 00:30:00,1405-02-01 00:30:00,,faham,38.0,,,,,,,,,,,,,,,,,236.1999969482422,239.10000610351562,236.3000030517578,0.009999999776482582,0.019999999552965164,0.14000000059604645,,842.0,,,,0,2026-05-29 10:57:00
14050201004500,11049611031537,,,,,2026-04-21 00:45:00,1405-02-01 00:45:00,,faham,33.0,,,,,,,,,,,,,,,,,236.5,239.1999969482422,236.5,0.009999999776482582,0.019999999552965164,0.11999999731779099,,820.0,,,,0,2026-05-29 11:03:00
14050201010000,11049611031537,,,,,2026-04-21 01:00:00,1405-02-01 01:00:00,,faham,63.0,,,,,,,,,,,,,,,,,236.39999389648438,239.3000030517578,236.3000030517578,0.009999999776482582,0.019999999552965164,0.25,,873.0,,,,0,2026-05-29 11:03:00
14050201011500,11049611031537,,,,,2026-04-21 01:15:00,1405-02-01 01:15:00,,faham,34.0,,,,,,,,,,,,,,,,,232.6999969482422,235.3000030517578,232.6999969482422,0.009999999776482582,0.019999999552965164,0.12999999523162842,,831.0,,,,0,2026-05-29 11:09:00
14050201013000,11049611031537,,,,,2026-04-21 01:30:00,1405-02-01 01:30:00,,faham,59.0,,,,,,,,,,,,,,,,,233.3000030517578,236.0,233.10000610351562,0.009999999776482582,0.019999999552965164,0.23999999463558197,,856.0,,,,0,2026-05-29 11:09:00
14050201014500,11049611031537,,,,,2026-04-21 01:45:00,1405-02-01 01:45:00,,faham,38.0,,,,,,,,,,,,,,,,,233.10000610351562,235.6999969482422,233.10000610351562,0.009999999776482582,0.019999999552965164,0.15000000596046448,,851.0,,,,0,2026-05-29 11:14:00
14050201020000,11049611031537,,,,,2026-04-21 02:00:00,1405-02-01 02:00:00,,faham,32.0,,,,,,,,,,,,,,,,,233.8000030517578,236.3000030517578,233.6999969482422,0.009999999776482582,0.019999999552965164,0.11999999731779099,,818.0,,,,0,2026-05-29 11:14:00
14050201021500,11049611031537,,,,,2026-04-21 02:15:00,1405-02-01 02:15:00,,faham,66.0,,,,,,,,,,,,,,,,,232.89999389648438,235.6999969482422,232.89999389648438,0.009999999776482582,0.019999999552965164,0.27000001072883606,,878.0,,,,0,2026-05-29 11:19:00
14050201023000,11049611031537,,,,,2026-04-21 02:30:00,1405-02-01 02:30:00,,faham,40.0,,,,,,,,,,,,,,,,,233.5,236.1999969482422,233.60000610351562,0.009999999776482582,0.019999999552965164,0.1599999964237213,,853.0,,,,0,2026-05-29 11:19:00
14050201024500,11049611031537,,,,,2026-04-21 02:45:00,1405-02-01 02:45:00,,faham,44.0,,,,,,,,,,,,,,,,,233.5,236.3000030517578,233.60000610351562,0.009999999776482582,0.019999999552965164,0.17000000178813934,,846.0,,,,0,2026-05-29 11:24:00
14050201030000,11049611031537,,,,,2026-04-21 03:00:00,1405-02-01 03:00:00,,faham,61.0,,,,,,,,,,,,,,,,,233.60000610351562,236.3000030517578,233.5,0.009999999776482582,0.019999999552965164,0.23999999463558197,,873.0,,,,0,2026-05-29 11:24:00
14050201031500,11049611031537,,,,,2026-04-21 03:15:00,1405-02-01 03:15:00,,faham,39.0,,,,,,,,,,,,,,,,,234.0,236.60000610351562,234.0,0.009999999776482582,0.019999999552965164,0.15000000596046448,,854.0,,,,0,2026-05-29 11:28:00
14050201033000,11049611031537,,,,,2026-04-21 03:30:00,1405-02-01 03:30:00,,faham,67.0,,,,,,,,,,,,,,,,,233.6999969482422,236.60000610351562,233.8000030517578,0.009999999776482582,0.019999999552965164,0.27000001072883606,,880.0,,,,0,2026-05-29 11:28:00
14050201034500,11049611031537,,,,,2026-04-21 03:45:00,1405-02-01 03:45:00,,faham,42.0,,,,,,,,,,,,,,,,,233.6999969482422,236.39999389648438,233.89999389648438,0.009999999776482582,0.019999999552965164,0.1599999964237213,,854.0,,,,0,2026-05-29 11:34:00
14050201040000,11049611031537,,,,,2026-04-21 04:00:00,1405-02-01 04:00:00,,faham,39.0,,,,,,,,,,,,,,,,,234.3000030517578,237.10000610351562,234.5,0.009999999776482582,0.019999999552965164,0.15000000596046448,,852.0,,,,0,2026-05-29 11:34:00
14050201041500,11049611031537,,,,,2026-04-21 04:15:00,1405-02-01 04:15:00,,faham,62.0,,,,,,,,,,,,,,,,,234.0,236.89999389648438,234.10000610351562,0.009999999776482582,0.019999999552965164,0.25,,875.0,,,,0,2026-05-29 11:39:00
14050201043000,11049611031537,,,,,2026-04-21 04:30:00,1405-02-01 04:30:00,,faham,50.0,,,,,,,,,,,,,,,,,234.0,236.8000030517578,234.10000610351562,0.009999999776482582,0.019999999552965164,0.20000000298023224,,862.0,,,,0,2026-05-29 11:39:00
14050201044500,11049611031537,,,,,2026-04-21 04:45:00,1405-02-01 04:45:00,,faham,31.0,,,,,,,,,,,,,,,,,234.10000610351562,236.89999389648438,234.39999389648438,0.009999999776482582,0.019999999552965164,0.11999999731779099,,815.0,,,,0,2026-05-29 11:43:00
14050201050000,11049611031537,,,,,2026-04-21 05:00:00,1405-02-01 05:00:00,,faham,38.0,,,,,,,,,,,,,,,,,234.0,236.8000030517578,234.3000030517578,0.009999999776482582,0.019999999552965164,0.14000000059604645,,847.0,,,,0,2026-05-29 11:43:00
14050201051500,11049611031537,,,,,2026-04-21 05:15:00,1405-02-01 05:15:00,,faham,63.0,,,,,,,,,,,,,,,,,234.1999969482422,237.1999969482422,234.5,0.009999999776482582,0.019999999552965164,0.25,,873.0,,,,0,2026-05-29 11:48:00
14050201053000,11049611031537,,,,,2026-04-21 05:30:00,1405-02-01 05:30:00,,faham,18.0,,,,,,,,,,,,,,,,,234.6999969482422,237.60000610351562,235.39999389648438,0.009999999776482582,0.019999999552965164,0.07000000029802322,,613.0,,,,0,2026-05-29 11:48:00
14050201054500,11049611031537,,,,,2026-04-21 05:45:00,1405-02-01 05:45:00,,faham,45.0,,,,,,,,,,,,,,,,,233.89999389648438,236.8000030517578,234.39999389648438,0.009999999776482582,0.019999999552965164,0.17000000178813934,,783.0,,,,0,2026-05-29 11:53:00
14050201060000,11049611031537,,,,,2026-04-21 06:00:00,1405-02-01 06:00:00,,faham,11.0,,,,,,,,,,,,,,,,,234.1999969482422,236.8000030517578,234.6999969482422,0.009999999776482582,0.019999999552965164,0.03999999910593033,,544.0,,,,0,2026-05-29 11:53:00
14050201061500,11049611031537,,,,,2026-04-21 06:15:00,1405-02-01 06:15:00,,faham,11.0,,,,,,,,,,,,,,,,,232.10000610351562,234.6999969482422,232.8000030517578,0.009999999776482582,0.019999999552965164,0.03999999910593033,,556.0,,,,0,2026-05-29 11:58:00
14050201063000,11049611031537,,,,,2026-04-21 06:30:00,1405-02-01 06:30:00,,faham,40.0,,,,,,,,,,,,,,,,,232.60000610351562,235.3000030517578,233.10000610351562,0.009999999776482582,0.019999999552965164,0.15000000596046448,,763.0,,,,0,2026-05-29 11:58:00
14050201064500,11049611031537,,,,,2026-04-21 06:45:00,1405-02-01 06:45:00,,faham,6.0,,,,,,,,,,,,,,,,,234.0,236.60000610351562,234.8000030517578,0.009999999776482582,0.019999999552965164,0.03999999910593033,,373.0,,,,0,2026-05-29 12:03:00
14050201070000,11049611031537,,,,,2026-04-21 07:00:00,1405-02-01 07:00:00,,faham,15.0,,,,,,,,,,,,,,,,,232.6999969482422,235.3000030517578,233.3000030517578,0.009999999776482582,0.019999999552965164,0.05000000074505806,,719.0,,,,0,2026-05-29 12:03:00
14050201071500,11049611031537,,,,,2026-04-21 07:15:00,1405-02-01 07:15:00,,faham,32.0,,,,,,,,,,,,,,,,,231.10000610351562,234.0,231.8000030517578,0.009999999776482582,0.019999999552965164,0.14000000059604645,,536.0,,,,0,2026-05-29 12:08:00
14050201073000,11049611031537,,,,,2026-04-21 07:30:00,1405-02-01 07:30:00,,faham,11.0,,,,,,,,,,,,,,,,,229.89999389648438,232.60000610351562,230.60000610351562,0.009999999776482582,0.019999999552965164,0.03999999910593033,,599.0,,,,0,2026-05-29 12:08:00
14050201074500,11049611031537,,,,,2026-04-21 07:45:00,1405-02-01 07:45:00,,faham,37.0,,,,,,,,,,,,,,,,,228.8000030517578,231.60000610351562,229.5,0.009999999776482582,0.019999999552965164,0.14000000059604645,,766.0,,,,0,2026-05-29 12:13:00
14050201080000,11049611031537,,,,,2026-04-21 08:00:00,1405-02-01 08:00:00,,faham,16.0,,,,,,,,,,,,,,,,,227.39999389648438,230.0,228.10000610351562,0.009999999776482582,0.019999999552965164,0.07000000029802322,,663.0,,,,0,2026-05-29 12:13:00
14050201081500,11049611031537,,,,,2026-04-21 08:15:00,1405-02-01 08:15:00,,faham,29.0,,,,,,,,,,,,,,,,,229.0,231.6999969482422,229.60000610351562,0.009999999776482582,0.019999999552965164,0.11999999731779099,,635.0,,,,0,2026-05-29 12:18:00
14050201083000,11049611031537,,,,,2026-04-21 08:30:00,1405-02-01 08:30:00,,faham,25.0,,,,,,,,,,,,,,,,,228.10000610351562,230.8000030517578,228.6999969482422,0.009999999776482582,0.019999999552965164,0.09000000357627869,,756.0,,,,0,2026-05-29 12:18:00
14050201084500,11049611031537,,,,,2026-04-21 08:45:00,1405-02-01 08:45:00,,faham,15.0,,,,,,,,,,,,,,,,,227.89999389648438,230.60000610351562,228.5,0.009999999776482582,0.019999999552965164,0.05000000074505806,,734.0,,,,0,2026-05-29 12:23:00
14050201090000,11049611031537,,,,,2026-04-21 09:00:00,1405-02-01 09:00:00,,faham,37.0,,,,,,,,,,,,,,,,,232.0,234.60000610351562,232.39999389648438,0.009999999776482582,0.019999999552965164,0.14000000059604645,,772.0,,,,0,2026-05-29 12:23:00
14050201091500,11049611031537,,,,,2026-04-21 09:15:00,1405-02-01 09:15:00,,faham,14.0,,,,,,,,,,,,,,,,,231.60000610351562,234.10000610351562,232.0,0.009999999776482582,0.019999999552965164,0.05000000074505806,,722.0,,,,0,2026-05-29 12:28:00
14050201093000,11049611031537,,,,,2026-04-21 09:30:00,1405-02-01 09:30:00,,faham,41.0,,,,,,,,,,,,,,,,,230.89999389648438,233.60000610351562,231.1999969482422,0.009999999776482582,0.019999999552965164,0.1599999964237213,,780.0,,,,0,2026-05-29 12:28:00
14050201094500,11049611031537,,,,,2026-04-21 09:45:00,1405-02-01 09:45:00,,faham,14.0,,,,,,,,,,,,,,,,,230.0,232.60000610351562,230.5,0.009999999776482582,0.019999999552965164,0.05000000074505806,,721.0,,,,0,2026-05-29 12:33:00
14050201100000,11049611031537,,,,,2026-04-21 10:00:00,1405-02-01 10:00:00,,faham,77.0,,,,,,,,,,,,,,,,,228.8000030517578,231.6999969482422,229.10000610351562,0.009999999776482582,0.019999999552965164,0.3199999928474426,,866.0,,,,0,2026-05-29 12:33:00
14050201101500,11049611031537,,,,,2026-04-21 10:15:00,1405-02-01 10:15:00,,faham,27.0,,,,,,,,,,,,,,,,,229.1999969482422,231.89999389648438,229.6999969482422,0.009999999776482582,0.019999999552965164,0.10000000149011612,,741.0,,,,0,2026-05-29 12:39:00
14050201103000,11049611031537,,,,,2026-04-21 10:30:00,1405-02-01 10:30:00,,faham,53.0,,,,,,,,,,,,,,,,,230.89999389648438,233.60000610351562,231.1999969482422,0.009999999776482582,0.019999999552965164,0.20999999344348907,,825.0,,,,0,2026-05-29 12:39:00
14050201104500,11049611031537,,,,,2026-04-21 10:45:00,1405-02-01 10:45:00,,faham,19.0,,,,,,,,,,,,,,,,,231.10000610351562,233.60000610351562,231.60000610351562,0.009999999776482582,0.019999999552965164,0.07000000029802322,,767.0,,,,0,2026-05-29 12:43:00
14050201110000,11049611031537,,,,,2026-04-21 11:00:00,1405-02-01 11:00:00,,faham,54.0,,,,,,,,,,,,,,,,,227.8000030517578,230.8000030517578,228.3000030517578,0.009999999776482582,0.019999999552965164,0.2199999988079071,,830.0,,,,0,2026-05-29 12:43:00
14050201111500,11049611031537,,,,,2026-04-21 11:15:00,1405-02-01 11:15:00,,faham,19.0,,,,,,,,,,,,,,,,,228.60000610351562,231.39999389648438,229.1999969482422,0.009999999776482582,0.019999999552965164,0.07000000029802322,,769.0,,,,0,2026-05-29 12:49:00
14050201113000,11049611031537,,,,,2026-04-21 11:30:00,1405-02-01 11:30:00,,faham,42.0,,,,,,,,,,,,,,,,,229.1999969482422,232.0,229.6999969482422,0.009999999776482582,0.019999999552965164,0.18000000715255737,,708.0,,,,0,2026-05-29 12:49:00
14050201114500,11049611031537,,,,,2026-04-21 11:45:00,1405-02-01 11:45:00,,faham,22.0,,,,,,,,,,,,,,,,,228.39999389648438,231.0,229.0,0.009999999776482582,0.019999999552965164,0.07999999821186066,,759.0,,,,0,2026-05-29 12:53:00
14050201120000,11049611031537,,,,,2026-04-21 12:00:00,1405-02-01 12:00:00,,faham,19.0,,,,,,,,,,,,,,,,,229.5,232.0,230.0,0.009999999776482582,0.019999999552965164,0.07000000029802322,,767.0,,,,0,2026-05-29 12:53:00
14050201121500,11049611031537,,,,,2026-04-21 12:15:00,1405-02-01 12:15:00,,faham,40.0,,,,,,,,,,,,,,,,,230.3000030517578,233.10000610351562,230.8000030517578,0.009999999776482582,0.019999999552965164,0.1599999964237213,,743.0,,,,0,2026-05-29 12:58:00
14050201123000,11049611031537,,,,,2026-04-21 12:30:00,1405-02-01 12:30:00,,faham,15.0,,,,,,,,,,,,,,,,,231.5,234.10000610351562,232.0,0.009999999776482582,0.019999999552965164,0.05999999865889549,,668.0,,,,0,2026-05-29 12:58:00
14050201124500,11049611031537,,,,,2026-04-21 12:45:00,1405-02-01 12:45:00,,faham,49.0,,,,,,,,,,,,,,,,,230.39999389648438,233.1999969482422,230.6999969482422,0.009999999776482582,0.019999999552965164,0.20000000298023224,,818.0,,,,0,2026-05-29 13:03:00
14050201130000,11049611031537,,,,,2026-04-21 13:00:00,1405-02-01 13:00:00,,faham,18.0,,,,,,,,,,,,,,,,,231.6999969482422,234.39999389648438,232.3000030517578,0.009999999776482582,0.019999999552965164,0.05999999865889549,,742.0,,,,0,2026-05-29 13:03:00
14050201131500,11049611031537,,,,,2026-04-21 13:15:00,1405-02-01 13:15:00,,faham,14.0,,,,,,,,,,,,,,,,,232.1999969482422,234.6999969482422,232.6999969482422,0.009999999776482582,0.019999999552965164,0.05999999865889549,,624.0,,,,0,2026-05-29 13:09:00
14050201133000,11049611031537,,,,,2026-04-21 13:30:00,1405-02-01 13:30:00,,faham,112.0,,,,,,,,,,,,,,,,,231.6999969482422,234.8000030517578,231.89999389648438,0.009999999776482582,0.019999999552965164,0.4699999988079071,,917.0,,,,0,2026-05-29 13:09:00
14050201134500,11049611031537,,,,,2026-04-21 13:45:00,1405-02-01 13:45:00,,faham,17.0,,,,,,,,,,,,,,,,,231.10000610351562,233.8000030517578,231.6999969482422,0.009999999776482582,0.019999999552965164,0.07000000029802322,,667.0,,,,0,2026-05-29 13:13:00
14050201140000,11049611031537,,,,,2026-04-21 14:00:00,1405-02-01 14:00:00,,faham,21.0,,,,,,,,,,,,,,,,,232.10000610351562,234.89999389648438,232.8000030517578,0.009999999776482582,0.019999999552965164,0.07000000029802322,,775.0,,,,0,2026-05-29 13:13:00
14050201141500,11049611031537,,,,,2026-04-21 14:15:00,1405-02-01 14:15:00,,faham,109.0,,,,,,,,,,,,,,,,,229.5,232.8000030517578,230.1999969482422,0.09000000357627869,0.019999999552965164,0.3799999952316284,,905.0,,,,0,2026-05-29 13:19:00
14050201143000,11049611031537,,,,,2026-04-21 14:30:00,1405-02-01 14:30:00,,faham,149.0,,,,,,,,,,,,,,,,,227.89999389648438,231.39999389648438,228.39999389648438,0.12999999523162842,0.019999999552965164,0.5099999904632568,,956.0,,,,0,2026-05-29 13:19:00
14050201144500,11049611031537,,,,,2026-04-21 14:45:00,1405-02-01 14:45:00,,faham,123.0,,,,,,,,,,,,,,,,,227.3000030517578,230.6999969482422,227.5,0.019999999552965164,0.019999999552965164,0.5099999904632568,,949.0,,,,0,2026-05-29 13:24:00
14050201150000,11049611031537,,,,,2026-04-21 15:00:00,1405-02-01 15:00:00,,faham,120.0,,,,,,,,,,,,,,,,,227.1999969482422,230.5,227.39999389648438,0.009999999776482582,0.019999999552965164,0.5099999904632568,,948.0,,,,0,2026-05-29 13:24:00
14050201151500,11049611031537,,,,,2026-04-21 15:15:00,1405-02-01 15:15:00,,faham,119.0,,,,,,,,,,,,,,,,,226.6999969482422,230.10000610351562,227.0,0.009999999776482582,0.019999999552965164,0.5099999904632568,,948.0,,,,0,2026-05-29 13:30:00
14050201153000,11049611031537,,,,,2026-04-21 15:30:00,1405-02-01 15:30:00,,faham,113.0,,,,,,,,,,,,,,,,,226.8000030517578,230.10000610351562,227.1999969482422,0.009999999776482582,0.019999999552965164,0.47999998927116394,,935.0,,,,0,2026-05-29 13:30:00
14050201154500,11049611031537,,,,,2026-04-21 15:45:00,1405-02-01 15:45:00,,faham,20.0,,,,,,,,,,,,,,,,,227.60000610351562,230.60000610351562,228.39999389648438,0.009999999776482582,0.019999999552965164,0.07999999821186066,,776.0,,,,0,2026-05-29 13:34:00
14050201160000,11049611031537,,,,,2026-04-21 16:00:00,1405-02-01 16:00:00,,faham,44.0,,,,,,,,,,,,,,,,,227.5,230.5,228.1999969482422,0.009999999776482582,0.019999999552965164,0.18000000715255737,,815.0,,,,0,2026-05-29 13:34:00
14050201161500,11049611031537,,,,,2026-04-21 16:15:00,1405-02-01 16:15:00,,faham,21.0,,,,,,,,,,,,,,,,,228.8000030517578,231.8000030517578,229.6999969482422,0.009999999776482582,0.019999999552965164,0.07000000029802322,,776.0,,,,0,2026-05-29 13:39:00
14050201163000,11049611031537,,,,,2026-04-21 16:30:00,1405-02-01 16:30:00,,faham,28.0,,,,,,,,,,,,,,,,,229.89999389648438,232.89999389648438,230.60000610351562,0.009999999776482582,0.019999999552965164,0.10999999940395355,,788.0,,,,0,2026-05-29 13:39:00
14050201164500,11049611031537,,,,,2026-04-21 16:45:00,1405-02-01 16:45:00,,faham,38.0,,,,,,,,,,,,,,,,,229.8000030517578,232.89999389648438,230.5,0.009999999776482582,0.019999999552965164,0.15000000596046448,,803.0,,,,0,2026-05-29 13:43:00
14050201170000,11049611031537,,,,,2026-04-21 17:00:00,1405-02-01 17:00:00,,faham,22.0,,,,,,,,,,,,,,,,,230.39999389648438,233.39999389648438,231.1999969482422,0.009999999776482582,0.019999999552965164,0.07999999821186066,,782.0,,,,0,2026-05-29 13:43:00
14050201171500,11049611031537,,,,,2026-04-21 17:15:00,1405-02-01 17:15:00,,faham,45.0,,,,,,,,,,,,,,,,,231.10000610351562,234.1999969482422,231.8000030517578,0.009999999776482582,0.019999999552965164,0.18000000715255737,,818.0,,,,0,2026-05-29 13:48:00
14050201173000,11049611031537,,,,,2026-04-21 17:30:00,1405-02-01 17:30:00,,faham,22.0,,,,,,,,,,,,,,,,,230.6999969482422,233.6999969482422,231.5,0.009999999776482582,0.019999999552965164,0.07999999821186066,,780.0,,,,0,2026-05-29 13:48:00
14050201174500,11049611031537,,,,,2026-04-21 17:45:00,1405-02-01 17:45:00,,faham,45.0,,,,,,,,,,,,,,,,,230.60000610351562,233.60000610351562,231.1999969482422,0.009999999776482582,0.019999999552965164,0.18000000715255737,,819.0,,,,0,2026-05-29 13:53:00
14050201180000,11049611031537,,,,,2026-04-21 18:00:00,1405-02-01 18:00:00,,faham,22.0,,,,,,,,,,,,,,,5.0,0.0,231.0,234.0,231.8,0.01,0.02,0.08,24.0,782.0,0.0,2.0,0,0,
14050201181500,11049611031537,,,,,2026-04-21 18:15:00,1405-02-01 18:15:00,,faham,43.0,,,,,,,,,,,,,,,,,230.3000030517578,233.39999389648438,231.0,0.009999999776482582,0.019999999552965164,0.17000000178813934,,814.0,,,,0,2026-05-29 13:56:00
14050201183000,11049611031537,,,,,2026-04-21 18:30:00,1405-02-01 18:30:00,,faham,22.0,,,,,,,,,,,,,,,,,231.0,234.0,231.8000030517578,0.009999999776482582,0.019999999552965164,0.07999999821186066,,781.0,,,,0,2026-05-29 13:56:00
14050201184500,11049611031537,,,,,2026-04-21 18:45:00,1405-02-01 18:45:00,,faham,50.0,,,,,,,,,,,,,,,,,230.3000030517578,233.39999389648438,230.8000030517578,0.009999999776482582,0.019999999552965164,0.20000000298023224,,864.0,,,,0,2026-05-29 14:46:00
14050201190000,11049611031537,,,,,2026-04-21 19:00:00,1405-02-01 19:00:00,,faham,57.0,,,,,,,,,,,,,,,,,229.39999389648438,232.5,229.89999389648438,0.009999999776482582,0.019999999552965164,0.23999999463558197,,878.0,,,,0,2026-05-29 14:46:00
14050201191500,11049611031537,,,,,2026-04-21 19:15:00,1405-02-01 19:15:00,,faham,44.0,,,,,,,,,,,,,,,,,231.10000610351562,234.10000610351562,231.5,0.009999999776482582,0.019999999552965164,0.18000000715255737,,864.0,,,,0,2026-05-29 14:51:00
14050201193000,11049611031537,,,,,2026-04-21 19:30:00,1405-02-01 19:30:00,,faham,103.0,,,,,,,,,,,,,,,,,233.5,236.89999389648438,233.60000610351562,0.009999999776482582,0.019999999552965164,0.4300000071525574,,915.0,,,,0,2026-05-29 14:51:00
14050201194500,11049611031537,,,,,2026-04-21 19:45:00,1405-02-01 19:45:00,,faham,46.0,,,,,,,,,,,,,,,,,233.8000030517578,237.0,234.3000030517578,0.009999999776482582,0.019999999552965164,0.18000000715255737,,870.0,,,,0,2026-05-29 14:56:00
14050201200000,11049611031537,,,,,2026-04-21 20:00:00,1405-02-01 20:00:00,,faham,68.0,,,,,,,,,,,,,,,,,234.8000030517578,238.0,235.10000610351562,0.009999999776482582,0.019999999552965164,0.2800000011920929,,886.0,,,,0,2026-05-29 14:56:00
14050201201500,11049611031537,,,,,2026-04-21 20:15:00,1405-02-01 20:15:00,,faham,45.0,,,,,,,,,,,,,,,,,235.8000030517578,238.89999389648438,236.3000030517578,0.009999999776482582,0.019999999552965164,0.18000000715255737,,866.0,,,,0,2026-05-29 15:01:00
14050201203000,11049611031537,,,,,2026-04-21 20:30:00,1405-02-01 20:30:00,,faham,69.0,,,,,,,,,,,,,,,,,235.10000610351562,238.3000030517578,235.3000030517578,0.009999999776482582,0.019999999552965164,0.2800000011920929,,886.0,,,,0,2026-05-29 15:01:00
14050201204500,11049611031537,,,,,2026-04-21 20:45:00,1405-02-01 20:45:00,,faham,45.0,,,,,,,,,,,,,,,,,234.5,237.60000610351562,234.8000030517578,0.009999999776482582,0.019999999552965164,0.18000000715255737,,867.0,,,,0,2026-05-29 15:06:00
14050201210000,11049611031537,,,,,2026-04-21 21:00:00,1405-02-01 21:00:00,,faham,67.0,,,,,,,,,,,,,,,,,233.10000610351562,236.3000030517578,233.5,0.009999999776482582,0.019999999552965164,0.27000001072883606,,883.0,,,,0,2026-05-29 15:06:00
14050201211500,11049611031537,,,,,2026-04-21 21:15:00,1405-02-01 21:15:00,,faham,45.0,,,,,,,,,,,,,,,,,230.39999389648438,233.5,230.89999389648438,0.009999999776482582,0.019999999552965164,0.18000000715255737,,870.0,,,,0,2026-05-29 15:11:00
14050201213000,11049611031537,,,,,2026-04-21 21:30:00,1405-02-01 21:30:00,,faham,122.0,,,,,,,,,,,,,,,,,231.39999389648438,234.8000030517578,231.60000610351562,0.03999999910593033,0.019999999552965164,0.4699999988079071,,930.0,,,,0,2026-05-29 15:11:00
14050201214500,11049611031537,,,,,2026-04-21 21:45:00,1405-02-01 21:45:00,,faham,94.0,,,,,,,,,,,,,,,,,232.0,235.3000030517578,232.1999969482422,0.009999999776482582,0.019999999552965164,0.38999998569488525,,908.0,,,,0,2026-05-29 15:17:00
14050201220000,11049611031537,,,,,2026-04-21 22:00:00,1405-02-01 22:00:00,,faham,46.0,,,,,,,,,,,,,,,,,233.1999969482422,236.3000030517578,233.5,0.009999999776482582,0.019999999552965164,0.18000000715255737,,870.0,,,,0,2026-05-29 15:17:00
14050201221500,11049611031537,,,,,2026-04-21 22:15:00,1405-02-01 22:15:00,,faham,67.0,,,,,,,,,,,,,,,,,232.60000610351562,235.89999389648438,233.0,0.009999999776482582,0.019999999552965164,0.27000001072883606,,886.0,,,,0,2026-05-29 15:23:00
14050201223000,11049611031537,,,,,2026-04-21 22:30:00,1405-02-01 22:30:00,,faham,45.0,,,,,,,,,,,,,,,,,233.0,236.1999969482422,233.39999389648438,0.009999999776482582,0.019999999552965164,0.18000000715255737,,868.0,,,,0,2026-05-29 15:23:00
14050201224500,11049611031537,,,,,2026-04-21 22:45:00,1405-02-01 22:45:00,,faham,69.0,,,,,,,,,,,,,,,,,233.6999969482422,236.8000030517578,233.89999389648438,0.009999999776482582,0.019999999552965164,0.2800000011920929,,887.0,,,,0,2026-05-29 15:28:00
14050201230000,11049611031537,,,,,2026-04-21 23:00:00,1405-02-01 23:00:00,,faham,46.0,,,,,,,,,,,,,,,,,234.1999969482422,237.0,234.39999389648438,0.009999999776482582,0.019999999552965164,0.18000000715255737,,869.0,,,,0,2026-05-29 15:28:00
14050201231500,11049611031537,,,,,2026-04-21 23:15:00,1405-02-01 23:15:00,,faham,66.0,,,,,,,,,,,,,,,,,234.60000610351562,237.39999389648438,234.6999969482422,0.009999999776482582,0.019999999552965164,0.25999999046325684,,883.0,,,,0,2026-05-29 15:33:00
14050201233000,11049611031537,,,,,2026-04-21 23:30:00,1405-02-01 23:30:00,,faham,38.0,,,,,,,,,,,,,,,,,234.8000030517578,237.5,235.0,0.009999999776482582,0.019999999552965164,0.15000000596046448,,851.0,,,,0,2026-05-29 15:33:00
14050201234500,11049611031537,,,,,2026-04-21 23:45:00,1405-02-01 23:45:00,,faham,60.0,,,,,,,,,,,,,,,,,235.1999969482422,238.0,235.3000030517578,0.009999999776482582,0.019999999552965164,0.23999999463558197,,870.0,,,,0,2026-05-29 15:39:00
14050201000000,11049611031755,,,,,2026-04-21 00:00:00,1405-02-01 00:00:00,,faham,5.0,,,,,,,,,,,,,,,,,229.6999969482422,230.89999389648438,230.6999969482422,0.019999999552965164,0.0,0.009999999776482582,,757.0,,,,0,2026-05-29 10:51:00
14050201001500,11049611031755,,,,,2026-04-21 00:15:00,1405-02-01 00:15:00,,faham,8.0,,,,,,,,,,,,,,,,,230.0,231.3000030517578,231.10000610351562,0.029999999329447746,0.0,0.0,,778.0,,,,0,2026-05-29 10:57:00
14050201003000,11049611031755,,,,,2026-04-21 00:30:00,1405-02-01 00:30:00,,faham,7.0,,,,,,,,,,,,,,,,,230.3000030517578,231.6999969482422,231.39999389648438,0.029999999329447746,0.0,0.0,,771.0,,,,0,2026-05-29 10:57:00
14050201004500,11049611031755,,,,,2026-04-21 00:45:00,1405-02-01 00:45:00,,faham,5.0,,,,,,,,,,,,,,,,,230.39999389648438,231.6999969482422,231.39999389648438,0.019999999552965164,0.0,0.0,,756.0,,,,0,2026-05-29 11:03:00
14050201010000,11049611031755,,,,,2026-04-21 01:00:00,1405-02-01 01:00:00,,faham,7.0,,,,,,,,,,,,,,,,,230.60000610351562,232.0,231.60000610351562,0.029999999329447746,0.0,0.0,,772.0,,,,0,2026-05-29 11:03:00
14050201011500,11049611031755,,,,,2026-04-21 01:15:00,1405-02-01 01:15:00,,faham,8.0,,,,,,,,,,,,,,,,,227.3000030517578,228.6999969482422,228.3000030517578,0.029999999329447746,0.0,0.0,,786.0,,,,0,2026-05-29 11:09:00
14050201013000,11049611031755,,,,,2026-04-21 01:30:00,1405-02-01 01:30:00,,faham,5.0,,,,,,,,,,,,,,,,,227.39999389648438,228.8000030517578,228.39999389648438,0.019999999552965164,0.0,0.0,,761.0,,,,0,2026-05-29 11:09:00
14050201014500,11049611031755,,,,,2026-04-21 01:45:00,1405-02-01 01:45:00,,faham,6.0,,,,,,,,,,,,,,,,,227.5,228.89999389648438,228.5,0.019999999552965164,0.0,0.0,,768.0,,,,0,2026-05-29 11:14:00
14050201020000,11049611031755,,,,,2026-04-21 02:00:00,1405-02-01 02:00:00,,faham,7.0,,,,,,,,,,,,,,,,,227.8000030517578,229.10000610351562,228.6999969482422,0.029999999329447746,0.0,0.009999999776482582,,776.0,,,,0,2026-05-29 11:14:00
14050201021500,11049611031755,,,,,2026-04-21 02:15:00,1405-02-01 02:15:00,,faham,6.0,,,,,,,,,,,,,,,,,227.3000030517578,228.6999969482422,228.3000030517578,0.019999999552965164,0.0,0.0,,769.0,,,,0,2026-05-29 11:19:00
14050201023000,11049611031755,,,,,2026-04-21 02:30:00,1405-02-01 02:30:00,,faham,5.0,,,,,,,,,,,,,,,,,227.3000030517578,228.60000610351562,228.3000030517578,0.009999999776482582,0.0,0.009999999776482582,,754.0,,,,0,2026-05-29 11:19:00
14050201024500,11049611031755,,,,,2026-04-21 02:45:00,1405-02-01 02:45:00,,faham,7.0,,,,,,,,,,,,,,,,,227.5,228.8000030517578,228.5,0.029999999329447746,0.0,0.0,,773.0,,,,0,2026-05-29 11:24:00
14050201030000,11049611031755,,,,,2026-04-21 03:00:00,1405-02-01 03:00:00,,faham,8.0,,,,,,,,,,,,,,,,,227.8000030517578,229.0,228.6999969482422,0.029999999329447746,0.0,0.0,,776.0,,,,0,2026-05-29 11:24:00
14050201031500,11049611031755,,,,,2026-04-21 03:15:00,1405-02-01 03:15:00,,faham,5.0,,,,,,,,,,,,,,,,,227.60000610351562,228.8000030517578,228.39999389648438,0.019999999552965164,0.0,0.009999999776482582,,758.0,,,,0,2026-05-29 11:28:00
14050201033000,11049611031755,,,,,2026-04-21 03:30:00,1405-02-01 03:30:00,,faham,6.0,,,,,,,,,,,,,,,,,227.6999969482422,228.89999389648438,228.60000610351562,0.019999999552965164,0.0,0.0,,759.0,,,,0,2026-05-29 11:28:00
14050201034500,11049611031755,,,,,2026-04-21 03:45:00,1405-02-01 03:45:00,,faham,8.0,,,,,,,,,,,,,,,,,228.0,229.10000610351562,228.89999389648438,0.029999999329447746,0.0,0.009999999776482582,,775.0,,,,0,2026-05-29 11:34:00
14050201040000,11049611031755,,,,,2026-04-21 04:00:00,1405-02-01 04:00:00,,faham,6.0,,,,,,,,,,,,,,,,,228.3000030517578,229.39999389648438,229.10000610351562,0.019999999552965164,0.0,0.009999999776482582,,765.0,,,,0,2026-05-29 11:34:00
14050201041500,11049611031755,,,,,2026-04-21 04:15:00,1405-02-01 04:15:00,,faham,5.0,,,,,,,,,,,,,,,,,228.1999969482422,229.1999969482422,229.0,0.009999999776482582,0.0,0.009999999776482582,,751.0,,,,0,2026-05-29 11:39:00
14050201043000,11049611031755,,,,,2026-04-21 04:30:00,1405-02-01 04:30:00,,faham,7.0,,,,,,,,,,,,,,,,,228.10000610351562,229.1999969482422,228.89999389648438,0.029999999329447746,0.0,0.009999999776482582,,771.0,,,,0,2026-05-29 11:39:00
14050201044500,11049611031755,,,,,2026-04-21 04:45:00,1405-02-01 04:45:00,,faham,7.0,,,,,,,,,,,,,,,,,228.39999389648438,229.39999389648438,229.1999969482422,0.029999999329447746,0.0,0.009999999776482582,,772.0,,,,0,2026-05-29 11:43:00
14050201050000,11049611031755,,,,,2026-04-21 05:00:00,1405-02-01 05:00:00,,faham,5.0,,,,,,,,,,,,,,,,,228.39999389648438,229.3000030517578,229.1999969482422,0.019999999552965164,0.0,0.009999999776482582,,753.0,,,,0,2026-05-29 11:43:00
14050201051500,11049611031755,,,,,2026-04-21 05:15:00,1405-02-01 05:15:00,,faham,6.0,,,,,,,,,,,,,,,,,228.60000610351562,229.60000610351562,229.5,0.019999999552965164,0.0,0.009999999776482582,,750.0,,,,0,2026-05-29 11:48:00
14050201053000,11049611031755,,,,,2026-04-21 05:30:00,1405-02-01 05:30:00,,faham,7.0,,,,,,,,,,,,,,,,,228.60000610351562,229.60000610351562,229.5,0.029999999329447746,0.0,0.009999999776482582,,755.0,,,,0,2026-05-29 11:48:00
14050201054500,11049611031755,,,,,2026-04-21 05:45:00,1405-02-01 05:45:00,,faham,5.0,,,,,,,,,,,,,,,,,228.1999969482422,229.1999969482422,229.1999969482422,0.019999999552965164,0.0,0.0,,716.0,,,,0,2026-05-29 11:53:00
14050201060000,11049611031755,,,,,2026-04-21 06:00:00,1405-02-01 06:00:00,,faham,3.0,,,,,,,,,,,,,,,,,228.1999969482422,229.1999969482422,229.10000610351562,0.009999999776482582,0.0,0.0,,633.0,,,,0,2026-05-29 11:53:00
14050201061500,11049611031755,,,,,2026-04-21 06:15:00,1405-02-01 06:15:00,,faham,4.0,,,,,,,,,,,,,,,,,227.10000610351562,228.10000610351562,227.89999389648438,0.019999999552965164,0.0,0.0,,663.0,,,,0,2026-05-29 11:58:00
14050201063000,11049611031755,,,,,2026-04-21 06:30:00,1405-02-01 06:30:00,,faham,6.0,,,,,,,,,,,,,,,,,227.0,228.0,227.8000030517578,0.029999999329447746,0.0,0.0,,693.0,,,,0,2026-05-29 11:58:00
14050201064500,11049611031755,,,,,2026-04-21 06:45:00,1405-02-01 06:45:00,,faham,3.0,,,,,,,,,,,,,,,,,229.0,229.89999389648438,229.6999969482422,0.009999999776482582,0.0,0.0,,635.0,,,,0,2026-05-29 12:03:00
14050201070000,11049611031755,,,,,2026-04-21 07:00:00,1405-02-01 07:00:00,,faham,4.0,,,,,,,,,,,,,,,,,228.10000610351562,229.0,228.8000030517578,0.019999999552965164,0.0,0.0,,650.0,,,,0,2026-05-29 12:03:00
14050201071500,11049611031755,,,,,2026-04-21 07:15:00,1405-02-01 07:15:00,,faham,6.0,,,,,,,,,,,,,,,,,227.0,227.89999389648438,227.8000030517578,0.029999999329447746,0.0,0.0,,697.0,,,,0,2026-05-29 12:08:00
14050201073000,11049611031755,,,,,2026-04-21 07:30:00,1405-02-01 07:30:00,,faham,3.0,,,,,,,,,,,,,,,,,226.6999969482422,227.5,227.39999389648438,0.019999999552965164,0.0,0.0,,640.0,,,,0,2026-05-29 12:08:00
14050201074500,11049611031755,,,,,2026-04-21 07:45:00,1405-02-01 07:45:00,,faham,3.0,,,,,,,,,,,,,,,,,226.5,227.39999389648438,227.3000030517578,0.019999999552965164,0.0,0.0,,637.0,,,,0,2026-05-29 12:13:00
14050201080000,11049611031755,,,,,2026-04-21 08:00:00,1405-02-01 08:00:00,,faham,5.0,,,,,,,,,,,,,,,,,226.1999969482422,226.89999389648438,226.8000030517578,0.019999999552965164,0.0,0.0,,673.0,,,,0,2026-05-29 12:13:00
14050201081500,11049611031755,,,,,2026-04-21 08:15:00,1405-02-01 08:15:00,,faham,5.0,,,,,,,,,,,,,,,,,226.0,226.8000030517578,226.8000030517578,0.019999999552965164,0.0,0.0,,686.0,,,,0,2026-05-29 12:18:00
14050201083000,11049611031755,,,,,2026-04-21 08:30:00,1405-02-01 08:30:00,,faham,6.0,,,,,,,,,,,,,,,,,225.8000030517578,226.5,226.5,0.029999999329447746,0.0,0.0,,696.0,,,,0,2026-05-29 12:18:00
14050201084500,11049611031755,,,,,2026-04-21 08:45:00,1405-02-01 08:45:00,,faham,5.0,,,,,,,,,,,,,,,,,226.39999389648438,227.10000610351562,227.10000610351562,0.019999999552965164,0.0,0.0,,677.0,,,,0,2026-05-29 12:23:00
14050201090000,11049611031755,,,,,2026-04-21 09:00:00,1405-02-01 09:00:00,,faham,5.0,,,,,,,,,,,,,,,,,228.8000030517578,229.6999969482422,229.60000610351562,0.019999999552965164,0.0,0.0,,647.0,,,,0,2026-05-29 12:23:00
14050201091500,11049611031755,,,,,2026-04-21 09:15:00,1405-02-01 09:15:00,,faham,6.0,,,,,,,,,,,,,,,,,228.3000030517578,229.1999969482422,229.10000610351562,0.029999999329447746,0.0,0.0,,694.0,,,,0,2026-05-29 12:28:00
14050201093000,11049611031755,,,,,2026-04-21 09:30:00,1405-02-01 09:30:00,,faham,4.0,,,,,,,,,,,,,,,,,228.0,228.8000030517578,228.89999389648438,0.019999999552965164,0.0,0.0,,630.0,,,,0,2026-05-29 12:28:00
14050201094500,11049611031755,,,,,2026-04-21 09:45:00,1405-02-01 09:45:00,,faham,7.0,,,,,,,,,,,,,,,,,227.5,228.3000030517578,228.3000030517578,0.029999999329447746,0.0,0.0,,718.0,,,,0,2026-05-29 12:33:00
14050201100000,11049611031755,,,,,2026-04-21 10:00:00,1405-02-01 10:00:00,,faham,7.0,,,,,,,,,,,,,,,,,227.39999389648438,228.3000030517578,228.1999969482422,0.029999999329447746,0.0,0.0,,707.0,,,,0,2026-05-29 12:33:00
14050201101500,11049611031755,,,,,2026-04-21 10:15:00,1405-02-01 10:15:00,,faham,3.0,,,,,,,,,,,,,,,,,227.10000610351562,227.89999389648438,227.89999389648438,0.019999999552965164,0.0,0.0,,650.0,,,,0,2026-05-29 12:39:00
14050201103000,11049611031755,,,,,2026-04-21 10:30:00,1405-02-01 10:30:00,,faham,8.0,,,,,,,,,,,,,,,,,226.8000030517578,227.60000610351562,227.60000610351562,0.03999999910593033,0.0,0.0,,726.0,,,,0,2026-05-29 12:39:00
14050201104500,11049611031755,,,,,2026-04-21 10:45:00,1405-02-01 10:45:00,,faham,7.0,,,,,,,,,,,,,,,,,226.6999969482422,227.60000610351562,227.5,0.03999999910593033,0.0,0.0,,722.0,,,,0,2026-05-29 12:43:00
14050201110000,11049611031755,,,,,2026-04-21 11:00:00,1405-02-01 11:00:00,,faham,3.0,,,,,,,,,,,,,,,,,226.6999969482422,227.60000610351562,227.60000610351562,0.019999999552965164,0.0,0.0,,640.0,,,,0,2026-05-29 12:43:00
14050201111500,11049611031755,,,,,2026-04-21 11:15:00,1405-02-01 11:15:00,,faham,6.0,,,,,,,,,,,,,,,,,226.8000030517578,227.6999969482422,227.6999969482422,0.029999999329447746,0.0,0.0,,699.0,,,,0,2026-05-29 12:49:00
14050201113000,11049611031755,,,,,2026-04-21 11:30:00,1405-02-01 11:30:00,,faham,5.0,,,,,,,,,,,,,,,,,227.5,228.3000030517578,228.3000030517578,0.019999999552965164,0.0,0.0,,670.0,,,,0,2026-05-29 12:49:00
14050201114500,11049611031755,,,,,2026-04-21 11:45:00,1405-02-01 11:45:00,,faham,6.0,,,,,,,,,,,,,,,,,228.39999389648438,229.1999969482422,229.1999969482422,0.029999999329447746,0.0,0.0,,685.0,,,,0,2026-05-29 12:53:00
14050201120000,11049611031755,,,,,2026-04-21 12:00:00,1405-02-01 12:00:00,,faham,4.0,,,,,,,,,,,,,,,,,228.1999969482422,228.89999389648438,228.89999389648438,0.019999999552965164,0.0,0.0,,643.0,,,,0,2026-05-29 12:53:00
14050201121500,11049611031755,,,,,2026-04-21 12:15:00,1405-02-01 12:15:00,,faham,7.0,,,,,,,,,,,,,,,,,228.1999969482422,229.10000610351562,229.10000610351562,0.029999999329447746,0.0,0.0,,729.0,,,,0,2026-05-29 12:58:00
14050201123000,11049611031755,,,,,2026-04-21 12:30:00,1405-02-01 12:30:00,,faham,3.0,,,,,,,,,,,,,,,,,228.39999389648438,229.1999969482422,229.1999969482422,0.009999999776482582,0.0,0.0,,630.0,,,,0,2026-05-29 12:58:00
14050201124500,11049611031755,,,,,2026-04-21 12:45:00,1405-02-01 12:45:00,,faham,6.0,,,,,,,,,,,,,,,,,228.1999969482422,229.10000610351562,229.10000610351562,0.029999999329447746,0.0,0.0,,702.0,,,,0,2026-05-29 13:03:00
14050201130000,11049611031755,,,,,2026-04-21 13:00:00,1405-02-01 13:00:00,,faham,4.0,,,,,,,,,,,,,,,,,228.89999389648438,229.60000610351562,229.60000610351562,0.019999999552965164,0.0,0.0,,668.0,,,,0,2026-05-29 13:03:00
14050201131500,11049611031755,,,,,2026-04-21 13:15:00,1405-02-01 13:15:00,,faham,5.0,,,,,,,,,,,,,,,,,229.6999969482422,230.5,230.39999389648438,0.019999999552965164,0.0,0.0,,674.0,,,,0,2026-05-29 13:09:00
14050201133000,11049611031755,,,,,2026-04-21 13:30:00,1405-02-01 13:30:00,,faham,5.0,,,,,,,,,,,,,,,,,229.89999389648438,230.6999969482422,230.6999969482422,0.029999999329447746,0.0,0.0,,683.0,,,,0,2026-05-29 13:09:00
14050201134500,11049611031755,,,,,2026-04-21 13:45:00,1405-02-01 13:45:00,,faham,3.0,,,,,,,,,,,,,,,,,229.89999389648438,230.6999969482422,230.60000610351562,0.019999999552965164,0.0,0.0,,631.0,,,,0,2026-05-29 13:13:00
14050201140000,11049611031755,,,,,2026-04-21 14:00:00,1405-02-01 14:00:00,,faham,5.0,,,,,,,,,,,,,,,,,230.10000610351562,230.89999389648438,230.8000030517578,0.029999999329447746,0.0,0.0,,671.0,,,,0,2026-05-29 13:13:00
14050201141500,11049611031755,,,,,2026-04-21 14:15:00,1405-02-01 14:15:00,,faham,5.0,,,,,,,,,,,,,,,,,227.5,228.1999969482422,228.1999969482422,0.019999999552965164,0.0,0.0,,671.0,,,,0,2026-05-29 13:19:00
14050201143000,11049611031755,,,,,2026-04-21 14:30:00,1405-02-01 14:30:00,,faham,2.0,,,,,,,,,,,,,,,,,226.39999389648438,227.10000610351562,227.10000610351562,0.009999999776482582,0.0,0.0,,622.0,,,,0,2026-05-29 13:19:00
14050201144500,11049611031755,,,,,2026-04-21 14:45:00,1405-02-01 14:45:00,,faham,5.0,,,,,,,,,,,,,,,,,226.0,226.6999969482422,226.8000030517578,0.029999999329447746,0.0,0.0,,694.0,,,,0,2026-05-29 13:24:00
14050201150000,11049611031755,,,,,2026-04-21 15:00:00,1405-02-01 15:00:00,,faham,4.0,,,,,,,,,,,,,,,,,226.10000610351562,226.8000030517578,226.8000030517578,0.019999999552965164,0.0,0.0,,661.0,,,,0,2026-05-29 13:24:00
14050201151500,11049611031755,,,,,2026-04-21 15:15:00,1405-02-01 15:15:00,,faham,3.0,,,,,,,,,,,,,,,,,225.89999389648438,226.60000610351562,226.6999969482422,0.009999999776482582,0.0,0.0,,626.0,,,,0,2026-05-29 13:30:00
14050201153000,11049611031755,,,,,2026-04-21 15:30:00,1405-02-01 15:30:00,,faham,6.0,,,,,,,,,,,,,,,,,225.89999389648438,226.60000610351562,226.60000610351562,0.029999999329447746,0.0,0.0,,701.0,,,,0,2026-05-29 13:30:00
14050201154500,11049611031755,,,,,2026-04-21 15:45:00,1405-02-01 15:45:00,,faham,3.0,,,,,,,,,,,,,,,,,225.89999389648438,226.6999969482422,226.8000030517578,0.019999999552965164,0.0,0.0,,636.0,,,,0,2026-05-29 13:34:00
14050201160000,11049611031755,,,,,2026-04-21 16:00:00,1405-02-01 16:00:00,,faham,3.0,,,,,,,,,,,,,,,,,226.10000610351562,226.6999969482422,226.89999389648438,0.019999999552965164,0.0,0.0,,644.0,,,,0,2026-05-29 13:34:00
14050201161500,11049611031755,,,,,2026-04-21 16:15:00,1405-02-01 16:15:00,,faham,6.0,,,,,,,,,,,,,,,,,226.5,227.10000610351562,227.1999969482422,0.029999999329447746,0.0,0.0,,697.0,,,,0,2026-05-29 13:39:00
14050201163000,11049611031755,,,,,2026-04-21 16:30:00,1405-02-01 16:30:00,,faham,2.0,,,,,,,,,,,,,,,,,226.1999969482422,226.8000030517578,227.0,0.009999999776482582,0.0,0.0,,612.0,,,,0,2026-05-29 13:39:00
14050201164500,11049611031755,,,,,2026-04-21 16:45:00,1405-02-01 16:45:00,,faham,4.0,,,,,,,,,,,,,,,,,225.89999389648438,226.60000610351562,226.8000030517578,0.019999999552965164,0.0,0.0,,656.0,,,,0,2026-05-29 13:43:00
14050201170000,11049611031755,,,,,2026-04-21 17:00:00,1405-02-01 17:00:00,,faham,5.0,,,,,,,,,,,,,,,,,226.1999969482422,226.8000030517578,226.89999389648438,0.029999999329447746,0.0,0.0,,684.0,,,,0,2026-05-29 13:43:00
14050201171500,11049611031755,,,,,2026-04-21 17:15:00,1405-02-01 17:15:00,,faham,2.0,,,,,,,,,,,,,,,,,226.39999389648438,227.10000610351562,227.1999969482422,0.009999999776482582,0.0,0.0,,614.0,,,,0,2026-05-29 13:48:00
14050201173000,11049611031755,,,,,2026-04-21 17:30:00,1405-02-01 17:30:00,,faham,5.0,,,,,,,,,,,,,,,,,226.3000030517578,227.0,227.10000610351562,0.019999999552965164,0.0,0.0,,673.0,,,,0,2026-05-29 13:48:00
14050201174500,11049611031755,,,,,2026-04-21 17:45:00,1405-02-01 17:45:00,,faham,5.0,,,,,,,,,,,,,,,,,226.39999389648438,227.0,227.3000030517578,0.019999999552965164,0.0,0.0,,673.0,,,,0,2026-05-29 13:53:00
14050201180000,11049611031755,,,,,2026-04-21 18:00:00,1405-02-01 18:00:00,,faham,2.0,,,,,,,,,,,,,,,1.0,0.0,226.6,227.1,227.3,0.01,0.0,0.0,8.0,612.0,0.0,0.0,0,0,
14050201181500,11049611031755,,,,,2026-04-21 18:15:00,1405-02-01 18:15:00,,faham,5.0,,,,,,,,,,,,,,,,,227.1999969482422,227.8000030517578,227.89999389648438,0.019999999552965164,0.0,0.0,,678.0,,,,0,2026-05-29 13:56:00
14050201183000,11049611031755,,,,,2026-04-21 18:30:00,1405-02-01 18:30:00,,faham,6.0,,,,,,,,,,,,,,,,,227.1999969482422,227.8000030517578,227.89999389648438,0.029999999329447746,0.0,0.0,,701.0,,,,0,2026-05-29 13:56:00
14050201184500,11049611031755,,,,,2026-04-21 18:45:00,1405-02-01 18:45:00,,faham,5.0,,,,,,,,,,,,,,,,,226.60000610351562,227.10000610351562,227.3000030517578,0.019999999552965164,0.0,0.0,,701.0,,,,0,2026-05-29 14:46:00
14050201190000,11049611031755,,,,,2026-04-21 19:00:00,1405-02-01 19:00:00,,faham,6.0,,,,,,,,,,,,,,,,,226.10000610351562,226.5,226.8000030517578,0.019999999552965164,0.0,0.0,,758.0,,,,0,2026-05-29 14:46:00
14050201191500,11049611031755,,,,,2026-04-21 19:15:00,1405-02-01 19:15:00,,faham,8.0,,,,,,,,,,,,,,,,,228.0,228.60000610351562,228.8000030517578,0.029999999329447746,0.0,0.0,,777.0,,,,0,2026-05-29 14:51:00
14050201193000,11049611031755,,,,,2026-04-21 19:30:00,1405-02-01 19:30:00,,faham,6.0,,,,,,,,,,,,,,,,,229.5,230.10000610351562,230.39999389648438,0.019999999552965164,0.0,0.009999999776482582,,758.0,,,,0,2026-05-29 14:51:00
14050201194500,11049611031755,,,,,2026-04-21 19:45:00,1405-02-01 19:45:00,,faham,5.0,,,,,,,,,,,,,,,,,229.5,230.10000610351562,230.39999389648438,0.019999999552965164,0.0,0.009999999776482582,,751.0,,,,0,2026-05-29 14:56:00
14050201200000,11049611031755,,,,,2026-04-21 20:00:00,1405-02-01 20:00:00,,faham,8.0,,,,,,,,,,,,,,,,,229.89999389648438,230.60000610351562,230.8000030517578,0.029999999329447746,0.0,0.009999999776482582,,769.0,,,,0,2026-05-29 14:56:00
14050201201500,11049611031755,,,,,2026-04-21 20:15:00,1405-02-01 20:15:00,,faham,7.0,,,,,,,,,,,,,,,,,230.3000030517578,231.0,231.10000610351562,0.029999999329447746,0.0,0.009999999776482582,,767.0,,,,0,2026-05-29 15:01:00
14050201203000,11049611031755,,,,,2026-04-21 20:30:00,1405-02-01 20:30:00,,faham,5.0,,,,,,,,,,,,,,,,,230.3000030517578,231.0,231.10000610351562,0.009999999776482582,0.0,0.009999999776482582,,748.0,,,,0,2026-05-29 15:01:00
14050201204500,11049611031755,,,,,2026-04-21 20:45:00,1405-02-01 20:45:00,,faham,7.0,,,,,,,,,,,,,,,,,230.3000030517578,230.89999389648438,231.1999969482422,0.029999999329447746,0.0,0.009999999776482582,,762.0,,,,0,2026-05-29 15:06:00
14050201210000,11049611031755,,,,,2026-04-21 21:00:00,1405-02-01 21:00:00,,faham,8.0,,,,,,,,,,,,,,,,,228.60000610351562,229.10000610351562,229.3000030517578,0.029999999329447746,0.0,0.009999999776482582,,775.0,,,,0,2026-05-29 15:06:00
14050201211500,11049611031755,,,,,2026-04-21 21:15:00,1405-02-01 21:15:00,,faham,5.0,,,,,,,,,,,,,,,,,226.8000030517578,227.3000030517578,227.60000610351562,0.009999999776482582,0.0,0.009999999776482582,,752.0,,,,0,2026-05-29 15:11:00
14050201213000,11049611031755,,,,,2026-04-21 21:30:00,1405-02-01 21:30:00,,faham,6.0,,,,,,,,,,,,,,,,,227.3000030517578,227.89999389648438,228.10000610351562,0.019999999552965164,0.0,0.009999999776482582,,764.0,,,,0,2026-05-29 15:11:00
14050201214500,11049611031755,,,,,2026-04-21 21:45:00,1405-02-01 21:45:00,,faham,8.0,,,,,,,,,,,,,,,,,227.8000030517578,228.3000030517578,228.60000610351562,0.029999999329447746,0.0,0.009999999776482582,,781.0,,,,0,2026-05-29 15:17:00
14050201220000,11049611031755,,,,,2026-04-21 22:00:00,1405-02-01 22:00:00,,faham,5.0,,,,,,,,,,,,,,,,,228.10000610351562,228.6999969482422,229.0,0.019999999552965164,0.0,0.009999999776482582,,755.0,,,,0,2026-05-29 15:17:00
14050201221500,11049611031755,,,,,2026-04-21 22:15:00,1405-02-01 22:15:00,,faham,6.0,,,,,,,,,,,,,,,,,228.0,228.60000610351562,228.89999389648438,0.019999999552965164,0.0,0.009999999776482582,,757.0,,,,0,2026-05-29 15:23:00
14050201223000,11049611031755,,,,,2026-04-21 22:30:00,1405-02-01 22:30:00,,faham,8.0,,,,,,,,,,,,,,,,,228.1999969482422,228.8000030517578,229.0,0.029999999329447746,0.0,0.009999999776482582,,776.0,,,,0,2026-05-29 15:23:00
14050201224500,11049611031755,,,,,2026-04-21 22:45:00,1405-02-01 22:45:00,,faham,6.0,,,,,,,,,,,,,,,,,228.5,229.10000610351562,229.1999969482422,0.019999999552965164,0.0,0.009999999776482582,,761.0,,,,0,2026-05-29 15:28:00
14050201230000,11049611031755,,,,,2026-04-21 23:00:00,1405-02-01 23:00:00,,faham,5.0,,,,,,,,,,,,,,,,,228.6999969482422,229.5,229.5,0.019999999552965164,0.0,0.009999999776482582,,754.0,,,,0,2026-05-29 15:28:00
14050201231500,11049611031755,,,,,2026-04-21 23:15:00,1405-02-01 23:15:00,,faham,8.0,,,,,,,,,,,,,,,,,228.89999389648438,229.6999969482422,229.6999969482422,0.029999999329447746,0.0,0.0,,776.0,,,,0,2026-05-29 15:33:00
14050201233000,11049611031755,,,,,2026-04-21 23:30:00,1405-02-01 23:30:00,,faham,7.0,,,,,,,,,,,,,,,,,229.1999969482422,230.0,229.89999389648438,0.019999999552965164,0.0,0.009999999776482582,,767.0,,,,0,2026-05-29 15:33:00
14050201234500,11049611031755,,,,,2026-04-21 23:45:00,1405-02-01 23:45:00,,faham,5.0,,,,,,,,,,,,,,,,,229.39999389648438,230.3000030517578,230.10000610351562,0.009999999776482582,0.0,0.009999999776482582,,750.0,,,,0,2026-05-29 15:39:00
14050201000000,11049611041777,,,,,2026-04-21 00:00:00,1405-02-01 00:00:00,,faham,26.0,,,,,,,,,,,,,,,,,227.60000610351562,225.8000030517578,226.5,0.03999999910593033,0.05000000074505806,0.019999999552965164,,925.0,,,,0,2026-05-29 10:51:00
14050201001500,11049611041777,,,,,2026-04-21 00:15:00,1405-02-01 00:15:00,,faham,24.0,,,,,,,,,,,,,,,,,228.10000610351562,226.3000030517578,226.89999389648438,0.029999999329447746,0.05000000074505806,0.019999999552965164,,954.0,,,,0,2026-05-29 10:57:00
14050201003000,11049611041777,,,,,2026-04-21 00:30:00,1405-02-01 00:30:00,,faham,22.0,,,,,,,,,,,,,,,,,228.5,226.6999969482422,227.3000030517578,0.019999999552965164,0.05000000074505806,0.019999999552965164,,967.0,,,,0,2026-05-29 10:57:00
14050201004500,11049611041777,,,,,2026-04-21 00:45:00,1405-02-01 00:45:00,,faham,22.0,,,,,,,,,,,,,,,,,228.6999969482422,226.8000030517578,227.5,0.019999999552965164,0.05000000074505806,0.019999999552965164,,968.0,,,,0,2026-05-29 11:03:00
14050201010000,11049611041777,,,,,2026-04-21 01:00:00,1405-02-01 01:00:00,,faham,25.0,,,,,,,,,,,,,,,,,229.1999969482422,227.3000030517578,228.0,0.029999999329447746,0.05000000074505806,0.019999999552965164,,963.0,,,,0,2026-05-29 11:03:00
14050201011500,11049611041777,,,,,2026-04-21 01:15:00,1405-02-01 01:15:00,,faham,25.0,,,,,,,,,,,,,,,,,228.39999389648438,226.60000610351562,227.3000030517578,0.029999999329447746,0.05000000074505806,0.019999999552965164,,971.0,,,,0,2026-05-29 11:09:00
14050201013000,11049611041777,,,,,2026-04-21 01:30:00,1405-02-01 01:30:00,,faham,27.0,,,,,,,,,,,,,,,,,228.8000030517578,227.10000610351562,227.8000030517578,0.05000000074505806,0.05000000074505806,0.019999999552965164,,916.0,,,,0,2026-05-29 11:09:00
14050201014500,11049611041777,,,,,2026-04-21 01:45:00,1405-02-01 01:45:00,,faham,24.0,,,,,,,,,,,,,,,,,228.8000030517578,227.0,227.6999969482422,0.019999999552965164,0.05000000074505806,0.019999999552965164,,967.0,,,,0,2026-05-29 11:14:00
14050201020000,11049611041777,,,,,2026-04-21 02:00:00,1405-02-01 02:00:00,,faham,22.0,,,,,,,,,,,,,,,,,229.10000610351562,227.3000030517578,228.0,0.019999999552965164,0.05000000074505806,0.019999999552965164,,964.0,,,,0,2026-05-29 11:14:00
14050201021500,11049611041777,,,,,2026-04-21 02:15:00,1405-02-01 02:15:00,,faham,23.0,,,,,,,,,,,,,,,,,229.10000610351562,227.3000030517578,228.0,0.019999999552965164,0.05000000074505806,0.019999999552965164,,970.0,,,,0,2026-05-29 11:19:00
14050201023000,11049611041777,,,,,2026-04-21 02:30:00,1405-02-01 02:30:00,,faham,23.0,,,,,,,,,,,,,,,,,228.60000610351562,226.8000030517578,227.5,0.019999999552965164,0.05000000074505806,0.019999999552965164,,966.0,,,,0,2026-05-29 11:19:00
14050201024500,11049611041777,,,,,2026-04-21 02:45:00,1405-02-01 02:45:00,,faham,24.0,,,,,,,,,,,,,,,,,229.0,227.1999969482422,227.89999389648438,0.019999999552965164,0.05000000074505806,0.019999999552965164,,958.0,,,,0,2026-05-29 11:24:00
14050201030000,11049611041777,,,,,2026-04-21 03:00:00,1405-02-01 03:00:00,,faham,26.0,,,,,,,,,,,,,,,,,229.10000610351562,227.39999389648438,228.0,0.05000000074505806,0.05000000074505806,0.019999999552965164,,924.0,,,,0,2026-05-29 11:24:00
14050201031500,11049611041777,,,,,2026-04-21 03:15:00,1405-02-01 03:15:00,,faham,27.0,,,,,,,,,,,,,,,,,228.0,226.10000610351562,226.89999389648438,0.03999999910593033,0.05000000074505806,0.019999999552965164,,973.0,,,,0,2026-05-29 11:28:00
14050201033000,11049611041777,,,,,2026-04-21 03:30:00,1405-02-01 03:30:00,,faham,23.0,,,,,,,,,,,,,,,,,228.10000610351562,226.3000030517578,227.0,0.019999999552965164,0.05000000074505806,0.019999999552965164,,962.0,,,,0,2026-05-29 11:28:00
14050201034500,11049611041777,,,,,2026-04-21 03:45:00,1405-02-01 03:45:00,,faham,23.0,,,,,,,,,,,,,,,,,228.3000030517578,226.5,227.1999969482422,0.019999999552965164,0.05000000074505806,0.019999999552965164,,971.0,,,,0,2026-05-29 11:34:00
14050201040000,11049611041777,,,,,2026-04-21 04:00:00,1405-02-01 04:00:00,,faham,22.0,,,,,,,,,,,,,,,,,228.6999969482422,226.89999389648438,227.60000610351562,0.019999999552965164,0.05000000074505806,0.019999999552965164,,966.0,,,,0,2026-05-29 11:34:00
14050201041500,11049611041777,,,,,2026-04-21 04:15:00,1405-02-01 04:15:00,,faham,25.0,,,,,,,,,,,,,,,,,228.60000610351562,226.8000030517578,227.5,0.029999999329447746,0.05000000074505806,0.019999999552965164,,954.0,,,,0,2026-05-29 11:39:00
14050201043000,11049611041777,,,,,2026-04-21 04:30:00,1405-02-01 04:30:00,,faham,24.0,,,,,,,,,,,,,,,,,228.60000610351562,226.8000030517578,227.5,0.03999999910593033,0.05000000074505806,0.019999999552965164,,931.0,,,,0,2026-05-29 11:39:00
14050201044500,11049611041777,,,,,2026-04-21 04:45:00,1405-02-01 04:45:00,,faham,23.0,,,,,,,,,,,,,,,,,229.60000610351562,227.89999389648438,228.39999389648438,0.019999999552965164,0.05000000074505806,0.019999999552965164,,971.0,,,,0,2026-05-29 11:43:00
14050201050000,11049611041777,,,,,2026-04-21 05:00:00,1405-02-01 05:00:00,,faham,25.0,,,,,,,,,,,,,,,,,230.0,228.3000030517578,228.8000030517578,0.03999999910593033,0.05000000074505806,0.019999999552965164,,966.0,,,,0,2026-05-29 11:43:00
14050201051500,11049611041777,,,,,2026-04-21 05:15:00,1405-02-01 05:15:00,,faham,25.0,,,,,,,,,,,,,,,,,229.89999389648438,228.10000610351562,228.60000610351562,0.029999999329447746,0.05000000074505806,0.019999999552965164,,971.0,,,,0,2026-05-29 11:48:00
14050201053000,11049611041777,,,,,2026-04-21 05:30:00,1405-02-01 05:30:00,,faham,23.0,,,,,,,,,,,,,,,,,230.1999969482422,228.39999389648438,228.89999389648438,0.019999999552965164,0.05000000074505806,0.019999999552965164,,970.0,,,,0,2026-05-29 11:48:00
14050201054500,11049611041777,,,,,2026-04-21 05:45:00,1405-02-01 05:45:00,,faham,26.0,,,,,,,,,,,,,,,,,230.39999389648438,228.60000610351562,229.1999969482422,0.03999999910593033,0.05000000074505806,0.019999999552965164,,942.0,,,,0,2026-05-29 11:53:00
14050201060000,11049611041777,,,,,2026-04-21 06:00:00,1405-02-01 06:00:00,,faham,25.0,,,,,,,,,,,,,,,,,230.5,228.6999969482422,229.3000030517578,0.029999999329447746,0.05000000074505806,0.019999999552965164,,939.0,,,,0,2026-05-29 11:53:00
14050201061500,11049611041777,,,,,2026-04-21 06:15:00,1405-02-01 06:15:00,,faham,22.0,,,,,,,,,,,,,,,,,229.8000030517578,228.10000610351562,228.60000610351562,0.019999999552965164,0.05000000074505806,0.019999999552965164,,965.0,,,,0,2026-05-29 11:58:00
14050201063000,11049611041777,,,,,2026-04-21 06:30:00,1405-02-01 06:30:00,,faham,24.0,,,,,,,,,,,,,,,,,229.39999389648438,227.6999969482422,228.1999969482422,0.019999999552965164,0.05000000074505806,0.019999999552965164,,971.0,,,,0,2026-05-29 11:58:00
14050201064500,11049611041777,,,,,2026-04-21 06:45:00,1405-02-01 06:45:00,,faham,22.0,,,,,,,,,,,,,,,,,229.0,227.3000030517578,227.89999389648438,0.019999999552965164,0.05000000074505806,0.019999999552965164,,963.0,,,,0,2026-05-29 12:03:00
14050201070000,11049611041777,,,,,2026-04-21 07:00:00,1405-02-01 07:00:00,,faham,24.0,,,,,,,,,,,,,,,,,228.6999969482422,227.0,227.60000610351562,0.029999999329447746,0.05000000074505806,0.019999999552965164,,971.0,,,,0,2026-05-29 12:03:00
14050201071500,11049611041777,,,,,2026-04-21 07:15:00,1405-02-01 07:15:00,,faham,27.0,,,,,,,,,,,,,,,,,227.10000610351562,225.5,226.10000610351562,0.03999999910593033,0.05000000074505806,0.019999999552965164,,952.0,,,,0,2026-05-29 12:08:00
14050201073000,11049611041777,,,,,2026-04-21 07:30:00,1405-02-01 07:30:00,,faham,26.0,,,,,,,,,,,,,,,,,229.3000030517578,227.6999969482422,228.3000030517578,0.03999999910593033,0.05000000074505806,0.019999999552965164,,929.0,,,,0,2026-05-29 12:08:00
14050201074500,11049611041777,,,,,2026-04-21 07:45:00,1405-02-01 07:45:00,,faham,32.0,,,,,,,,,,,,,,,,,229.8000030517578,228.39999389648438,228.8000030517578,0.07000000029802322,0.05999999865889549,0.019999999552965164,,900.0,,,,0,2026-05-29 12:13:00
14050201080000,11049611041777,,,,,2026-04-21 08:00:00,1405-02-01 08:00:00,,faham,33.0,,,,,,,,,,,,,,,,,229.0,227.60000610351562,228.0,0.10000000149011612,0.05000000074505806,0.019999999552965164,,846.0,,,,0,2026-05-29 12:13:00
14050201081500,11049611041777,,,,,2026-04-21 08:15:00,1405-02-01 08:15:00,,faham,43.0,,,,,,,,,,,,,,,,,230.10000610351562,228.8000030517578,229.1999969482422,0.09000000357627869,0.07000000029802322,0.03999999910593033,,831.0,,,,0,2026-05-29 12:18:00
14050201083000,11049611041777,,,,,2026-04-21 08:30:00,1405-02-01 08:30:00,,faham,54.0,,,,,,,,,,,,,,,,,231.5,230.1999969482422,230.5,0.10999999940395355,0.07999999821186066,0.05999999865889549,,850.0,,,,0,2026-05-29 12:18:00
14050201084500,11049611041777,,,,,2026-04-21 08:45:00,1405-02-01 08:45:00,,faham,57.0,,,,,,,,,,,,,,,,,231.39999389648438,230.1999969482422,230.3000030517578,0.10999999940395355,0.07999999821186066,0.05999999865889549,,902.0,,,,0,2026-05-29 12:23:00
14050201090000,11049611041777,,,,,2026-04-21 09:00:00,1405-02-01 09:00:00,,faham,87.0,,,,,,,,,,,,,,,,,230.5,229.39999389648438,229.60000610351562,0.1899999976158142,0.14000000059604645,0.07000000029802322,,894.0,,,,0,2026-05-29 12:23:00
14050201091500,11049611041777,,,,,2026-04-21 09:15:00,1405-02-01 09:15:00,,faham,212.0,,,,,,,,,,,,,,,,,230.10000610351562,228.89999389648438,229.10000610351562,0.3400000035762787,0.30000001192092896,0.3199999928474426,,929.0,,,,0,2026-05-29 12:28:00
14050201093000,11049611041777,,,,,2026-04-21 09:30:00,1405-02-01 09:30:00,,faham,237.0,,,,,,,,,,,,,,,,,229.60000610351562,228.60000610351562,228.6999969482422,0.4099999964237213,0.3100000023841858,0.3499999940395355,,950.0,,,,0,2026-05-29 12:28:00
14050201094500,11049611041777,,,,,2026-04-21 09:45:00,1405-02-01 09:45:00,,faham,266.0,,,,,,,,,,,,,,,,,228.60000610351562,227.60000610351562,227.60000610351562,0.44999998807907104,0.3700000047683716,0.41999998688697815,,927.0,,,,0,2026-05-29 12:33:00
14050201100000,11049611041777,,,,,2026-04-21 10:00:00,1405-02-01 10:00:00,,faham,373.0,,,,,,,,,,,,,,,,,228.39999389648438,227.3000030517578,227.39999389648438,0.6499999761581421,0.5600000023841858,0.6200000047683716,,882.0,,,,0,2026-05-29 12:33:00
14050201101500,11049611041777,,,,,2026-04-21 10:15:00,1405-02-01 10:15:00,,faham,283.0,,,,,,,,,,,,,,,,,228.6999969482422,227.5,227.5,0.4300000071525574,0.4399999976158142,0.47999998927116394,,913.0,,,,0,2026-05-29 12:39:00
14050201103000,11049611041777,,,,,2026-04-21 10:30:00,1405-02-01 10:30:00,,faham,318.0,,,,,,,,,,,,,,,,,228.10000610351562,227.0,227.0,0.5099999904632568,0.49000000953674316,0.550000011920929,,897.0,,,,0,2026-05-29 12:39:00
14050201104500,11049611041777,,,,,2026-04-21 10:45:00,1405-02-01 10:45:00,,faham,308.0,,,,,,,,,,,,,,,,,227.1999969482422,226.10000610351562,226.10000610351562,0.5099999904632568,0.4699999988079071,0.5199999809265137,,900.0,,,,0,2026-05-29 12:43:00
14050201110000,11049611041777,,,,,2026-04-21 11:00:00,1405-02-01 11:00:00,,faham,294.0,,,,,,,,,,,,,,,,,229.6999969482422,228.60000610351562,228.6999969482422,0.47999998927116394,0.4399999976158142,0.47999998927116394,,909.0,,,,0,2026-05-29 12:43:00
14050201111500,11049611041777,,,,,2026-04-21 11:15:00,1405-02-01 11:15:00,,faham,316.0,,,,,,,,,,,,,,,,,230.5,229.5,229.6999969482422,0.5699999928474426,0.4699999988079071,0.4699999988079071,,901.0,,,,0,2026-05-29 12:49:00
14050201113000,11049611041777,,,,,2026-04-21 11:30:00,1405-02-01 11:30:00,,faham,318.0,,,,,,,,,,,,,,,,,228.6999969482422,227.60000610351562,227.6999969482422,0.550000011920929,0.5,0.5,,893.0,,,,0,2026-05-29 12:49:00
14050201114500,11049611041777,,,,,2026-04-21 11:45:00,1405-02-01 11:45:00,,faham,276.0,,,,,,,,,,,,,,,,,228.5,227.3000030517578,227.5,0.47999998927116394,0.4300000071525574,0.41999998688697815,,910.0,,,,0,2026-05-29 12:53:00
14050201120000,11049611041777,,,,,2026-04-21 12:00:00,1405-02-01 12:00:00,,faham,286.0,,,,,,,,,,,,,,,,,229.10000610351562,227.89999389648438,228.10000610351562,0.5,0.4399999976158142,0.4399999976158142,,902.0,,,,0,2026-05-29 12:53:00
14050201121500,11049611041777,,,,,2026-04-21 12:15:00,1405-02-01 12:15:00,,faham,278.0,,,,,,,,,,,,,,,,,229.89999389648438,228.8000030517578,228.8000030517578,0.44999998807907104,0.4300000071525574,0.44999998807907104,,908.0,,,,0,2026-05-29 12:58:00
14050201123000,11049611041777,,,,,2026-04-21 12:30:00,1405-02-01 12:30:00,,faham,285.0,,,,,,,,,,,,,,,,,229.8000030517578,228.6999969482422,228.8000030517578,0.47999998927116394,0.4300000071525574,0.44999998807907104,,908.0,,,,0,2026-05-29 12:58:00
14050201124500,11049611041777,,,,,2026-04-21 12:45:00,1405-02-01 12:45:00,,faham,281.0,,,,,,,,,,,,,,,,,230.10000610351562,228.89999389648438,229.10000610351562,0.4699999988079071,0.41999998688697815,0.4399999976158142,,912.0,,,,0,2026-05-29 13:03:00
14050201130000,11049611041777,,,,,2026-04-21 13:00:00,1405-02-01 13:00:00,,faham,274.0,,,,,,,,,,,,,,,,,230.8000030517578,229.60000610351562,229.8000030517578,0.44999998807907104,0.4000000059604645,0.4300000071525574,,915.0,,,,0,2026-05-29 13:03:00
14050201131500,11049611041777,,,,,2026-04-21 13:15:00,1405-02-01 13:15:00,,faham,161.0,,,,,,,,,,,,,,,,,227.39999389648438,226.1999969482422,226.6999969482422,0.3499999940395355,0.25,0.2199999988079071,,819.0,,,,0,2026-05-29 13:09:00
14050201133000,11049611041777,,,,,2026-04-21 13:30:00,1405-02-01 13:30:00,,faham,144.0,,,,,,,,,,,,,,,,,226.5,225.39999389648438,225.89999389648438,0.3400000035762787,0.23000000417232513,0.1899999976158142,,789.0,,,,0,2026-05-29 13:09:00
14050201134500,11049611041777,,,,,2026-04-21 13:45:00,1405-02-01 13:45:00,,faham,149.0,,,,,,,,,,,,,,,,,227.8000030517578,226.60000610351562,227.1999969482422,0.36000001430511475,0.2199999988079071,0.1899999976158142,,795.0,,,,0,2026-05-29 13:13:00
14050201140000,11049611041777,,,,,2026-04-21 14:00:00,1405-02-01 14:00:00,,faham,172.0,,,,,,,,,,,,,,,,,229.60000610351562,228.3000030517578,228.89999389648438,0.38999998569488525,0.23999999463558197,0.2199999988079071,,839.0,,,,0,2026-05-29 13:13:00
14050201141500,11049611041777,,,,,2026-04-21 14:15:00,1405-02-01 14:15:00,,faham,297.0,,,,,,,,,,,,,,,,,228.6999969482422,227.5,228.0,0.6299999952316284,0.38999998569488525,0.3799999952316284,,914.0,,,,0,2026-05-29 13:19:00
14050201143000,11049611041777,,,,,2026-04-21 14:30:00,1405-02-01 14:30:00,,faham,218.0,,,,,,,,,,,,,,,,,228.6999969482422,227.5,228.0,0.4699999988079071,0.3100000023841858,0.2800000011920929,,872.0,,,,0,2026-05-29 13:19:00
14050201144500,11049611041777,,,,,2026-04-21 14:45:00,1405-02-01 14:45:00,,faham,125.0,,,,,,,,,,,,,,,,,228.5,227.10000610351562,227.5,0.27000001072883606,0.20999999344348907,0.1599999964237213,,804.0,,,,0,2026-05-29 13:24:00
14050201150000,11049611041777,,,,,2026-04-21 15:00:00,1405-02-01 15:00:00,,faham,118.0,,,,,,,,,,,,,,,,,228.1999969482422,226.8000030517578,227.0,0.2199999988079071,0.20000000298023224,0.18000000715255737,,825.0,,,,0,2026-05-29 13:24:00
14050201151500,11049611041777,,,,,2026-04-21 15:15:00,1405-02-01 15:15:00,,faham,111.0,,,,,,,,,,,,,,,,,226.60000610351562,225.1999969482422,225.5,0.23999999463558197,0.20000000298023224,0.1599999964237213,,773.0,,,,0,2026-05-29 13:30:00
14050201153000,11049611041777,,,,,2026-04-21 15:30:00,1405-02-01 15:30:00,,faham,25.0,,,,,,,,,,,,,,,,,227.89999389648438,226.3000030517578,226.6999969482422,0.029999999329447746,0.05000000074505806,0.019999999552965164,,926.0,,,,0,2026-05-29 13:30:00
14050201154500,11049611041777,,,,,2026-04-21 15:45:00,1405-02-01 15:45:00,,faham,22.0,,,,,,,,,,,,,,,,,229.1999969482422,227.6999969482422,228.0,0.019999999552965164,0.05000000074505806,0.019999999552965164,,961.0,,,,0,2026-05-29 13:34:00
14050201160000,11049611041777,,,,,2026-04-21 16:00:00,1405-02-01 16:00:00,,faham,24.0,,,,,,,,,,,,,,,,,228.39999389648438,226.89999389648438,227.1999969482422,0.029999999329447746,0.05000000074505806,0.019999999552965164,,939.0,,,,0,2026-05-29 13:34:00
14050201161500,11049611041777,,,,,2026-04-21 16:15:00,1405-02-01 16:15:00,,faham,25.0,,,,,,,,,,,,,,,,,229.0,227.39999389648438,227.8000030517578,0.029999999329447746,0.05000000074505806,0.019999999552965164,,964.0,,,,0,2026-05-29 13:39:00
14050201163000,11049611041777,,,,,2026-04-21 16:30:00,1405-02-01 16:30:00,,faham,24.0,,,,,,,,,,,,,,,,,229.3000030517578,227.6999969482422,228.0,0.029999999329447746,0.05000000074505806,0.019999999552965164,,946.0,,,,0,2026-05-29 13:39:00
14050201164500,11049611041777,,,,,2026-04-21 16:45:00,1405-02-01 16:45:00,,faham,29.0,,,,,,,,,,,,,,,,,228.8000030517578,227.3000030517578,227.60000610351562,0.05999999865889549,0.05000000074505806,0.019999999552965164,,911.0,,,,0,2026-05-29 13:43:00
14050201170000,11049611041777,,,,,2026-04-21 17:00:00,1405-02-01 17:00:00,,faham,25.0,,,,,,,,,,,,,,,,,229.5,228.0,228.0,0.029999999329447746,0.05000000074505806,0.019999999552965164,,958.0,,,,0,2026-05-29 13:43:00
14050201171500,11049611041777,,,,,2026-04-21 17:15:00,1405-02-01 17:15:00,,faham,27.0,,,,,,,,,,,,,,,,,230.0,228.5,228.8000030517578,0.03999999910593033,0.05000000074505806,0.019999999552965164,,950.0,,,,0,2026-05-29 13:48:00
14050201173000,11049611041777,,,,,2026-04-21 17:30:00,1405-02-01 17:30:00,,faham,25.0,,,,,,,,,,,,,,,,,230.1999969482422,228.60000610351562,229.0,0.029999999329447746,0.05000000074505806,0.019999999552965164,,957.0,,,,0,2026-05-29 13:48:00
14050201174500,11049611041777,,,,,2026-04-21 17:45:00,1405-02-01 17:45:00,,faham,21.0,,,,,,,,,,,,,,,,,230.39999389648438,228.8000030517578,229.10000610351562,0.019999999552965164,0.05000000074505806,0.019999999552965164,,956.0,,,,0,2026-05-29 13:53:00
14050201180000,11049611041777,,,,,2026-04-21 18:00:00,1405-02-01 18:00:00,,faham,26.0,,,,,,,,,,,,,,,7.0,1.0,230.3,228.7,228.9,0.04,0.05,0.02,28.0,930.0,0.0,1.0,0,0,
14050201181500,11049611041777,,,,,2026-04-21 18:15:00,1405-02-01 18:15:00,,faham,25.0,,,,,,,,,,,,,,,,,231.5,230.10000610351562,230.0,0.03999999910593033,0.05000000074505806,0.019999999552965164,,912.0,,,,0,2026-05-29 13:56:00
14050201183000,11049611041777,,,,,2026-04-21 18:30:00,1405-02-01 18:30:00,,faham,26.0,,,,,,,,,,,,,,,,,231.89999389648438,230.39999389648438,230.6999969482422,0.029999999329447746,0.05000000074505806,0.019999999552965164,,963.0,,,,0,2026-05-29 13:56:00
14050201184500,11049611041777,,,,,2026-04-21 18:45:00,1405-02-01 18:45:00,,faham,27.0,,,,,,,,,,,,,,,,,231.0,229.5,229.89999389648438,0.029999999329447746,0.05000000074505806,0.019999999552965164,,955.0,,,,0,2026-05-29 14:46:00
14050201190000,11049611041777,,,,,2026-04-21 19:00:00,1405-02-01 19:00:00,,faham,23.0,,,,,,,,,,,,,,,,,231.39999389648438,229.89999389648438,230.1999969482422,0.019999999552965164,0.05000000074505806,0.019999999552965164,,961.0,,,,0,2026-05-29 14:46:00
14050201191500,11049611041777,,,,,2026-04-21 19:15:00,1405-02-01 19:15:00,,faham,23.0,,,,,,,,,,,,,,,,,231.6999969482422,230.10000610351562,230.39999389648438,0.019999999552965164,0.05000000074505806,0.019999999552965164,,962.0,,,,0,2026-05-29 14:51:00
14050201193000,11049611041777,,,,,2026-04-21 19:30:00,1405-02-01 19:30:00,,faham,26.0,,,,,,,,,,,,,,,,,231.3000030517578,229.6999969482422,230.0,0.03999999910593033,0.05000000074505806,0.019999999552965164,,934.0,,,,0,2026-05-29 14:51:00
14050201194500,11049611041777,,,,,2026-04-21 19:45:00,1405-02-01 19:45:00,,faham,26.0,,,,,,,,,,,,,,,,,231.0,229.39999389648438,229.6999969482422,0.03999999910593033,0.05000000074505806,0.019999999552965164,,923.0,,,,0,2026-05-29 14:56:00
14050201200000,11049611041777,,,,,2026-04-21 20:00:00,1405-02-01 20:00:00,,faham,23.0,,,,,,,,,,,,,,,,,231.60000610351562,230.0,230.3000030517578,0.019999999552965164,0.05000000074505806,0.019999999552965164,,955.0,,,,0,2026-05-29 14:56:00
14050201201500,11049611041777,,,,,2026-04-21 20:15:00,1405-02-01 20:15:00,,faham,25.0,,,,,,,,,,,,,,,,,231.89999389648438,230.3000030517578,230.60000610351562,0.019999999552965164,0.05000000074505806,0.019999999552965164,,955.0,,,,0,2026-05-29 15:01:00
14050201203000,11049611041777,,,,,2026-04-21 20:30:00,1405-02-01 20:30:00,,faham,26.0,,,,,,,,,,,,,,,,,231.8000030517578,230.1999969482422,230.5,0.03999999910593033,0.05000000074505806,0.019999999552965164,,966.0,,,,0,2026-05-29 15:01:00
14050201204500,11049611041777,,,,,2026-04-21 20:45:00,1405-02-01 20:45:00,,faham,25.0,,,,,,,,,,,,,,,,,231.8000030517578,230.1999969482422,230.5,0.029999999329447746,0.05000000074505806,0.019999999552965164,,955.0,,,,0,2026-05-29 15:06:00
14050201210000,11049611041777,,,,,2026-04-21 21:00:00,1405-02-01 21:00:00,,faham,26.0,,,,,,,,,,,,,,,,,231.89999389648438,230.3000030517578,230.60000610351562,0.029999999329447746,0.05000000074505806,0.019999999552965164,,932.0,,,,0,2026-05-29 15:06:00
14050201211500,11049611041777,,,,,2026-04-21 21:15:00,1405-02-01 21:15:00,,faham,26.0,,,,,,,,,,,,,,,,,232.39999389648438,230.8000030517578,231.0,0.029999999329447746,0.05000000074505806,0.019999999552965164,,930.0,,,,0,2026-05-29 15:11:00
14050201213000,11049611041777,,,,,2026-04-21 21:30:00,1405-02-01 21:30:00,,faham,23.0,,,,,,,,,,,,,,,,,229.6999969482422,228.10000610351562,228.39999389648438,0.019999999552965164,0.05000000074505806,0.019999999552965164,,956.0,,,,0,2026-05-29 15:11:00
14050201214500,11049611041777,,,,,2026-04-21 21:45:00,1405-02-01 21:45:00,,faham,21.0,,,,,,,,,,,,,,,,,227.39999389648438,225.8000030517578,226.0,0.019999999552965164,0.05000000074505806,0.019999999552965164,,948.0,,,,0,2026-05-29 15:17:00
14050201220000,11049611041777,,,,,2026-04-21 22:00:00,1405-02-01 22:00:00,,faham,22.0,,,,,,,,,,,,,,,,,227.3000030517578,225.5,225.89999389648438,0.019999999552965164,0.05000000074505806,0.019999999552965164,,966.0,,,,0,2026-05-29 15:17:00
14050201221500,11049611041777,,,,,2026-04-21 22:15:00,1405-02-01 22:15:00,,faham,23.0,,,,,,,,,,,,,,,,,228.1999969482422,226.60000610351562,226.89999389648438,0.029999999329447746,0.05000000074505806,0.019999999552965164,,946.0,,,,0,2026-05-29 15:23:00
14050201223000,11049611041777,,,,,2026-04-21 22:30:00,1405-02-01 22:30:00,,faham,27.0,,,,,,,,,,,,,,,,,228.5,226.89999389648438,227.1999969482422,0.05000000074505806,0.05000000074505806,0.019999999552965164,,931.0,,,,0,2026-05-29 15:23:00
14050201224500,11049611041777,,,,,2026-04-21 22:45:00,1405-02-01 22:45:00,,faham,25.0,,,,,,,,,,,,,,,,,228.60000610351562,226.89999389648438,227.3000030517578,0.03999999910593033,0.05000000074505806,0.019999999552965164,,933.0,,,,0,2026-05-29 15:28:00
14050201230000,11049611041777,,,,,2026-04-21 23:00:00,1405-02-01 23:00:00,,faham,22.0,,,,,,,,,,,,,,,,,229.3000030517578,227.5,228.0,0.019999999552965164,0.05000000074505806,0.019999999552965164,,947.0,,,,0,2026-05-29 15:28:00
14050201231500,11049611041777,,,,,2026-04-21 23:15:00,1405-02-01 23:15:00,,faham,22.0,,,,,,,,,,,,,,,,,228.6999969482422,226.89999389648438,227.60000610351562,0.019999999552965164,0.05000000074505806,0.019999999552965164,,958.0,,,,0,2026-05-29 15:33:00
14050201233000,11049611041777,,,,,2026-04-21 23:30:00,1405-02-01 23:30:00,,faham,21.0,,,,,,,,,,,,,,,,,228.5,226.6999969482422,227.39999389648438,0.019999999552965164,0.05000000074505806,0.019999999552965164,,956.0,,,,0,2026-05-29 15:33:00
14050201234500,11049611041777,,,,,2026-04-21 23:45:00,1405-02-01 23:45:00,,faham,23.0,,,,,,,,,,,,,,,,,228.6999969482422,226.89999389648438,227.6999969482422,0.019999999552965164,0.05000000074505806,0.019999999552965164,,961.0,,,,0,2026-05-29 15:39:00
14050201000000,11049611042873,,,,,2026-04-21 00:00:00,1405-02-01 00:00:00,,faham,10.0,,,,,,,,,,,,,,,,,227.8000030517578,228.60000610351562,229.6999969482422,0.05000000074505806,0.009999999776482582,0.009999999776482582,,583.0,,,,0,2026-05-29 10:51:00
14050201001500,11049611042873,,,,,2026-04-21 00:15:00,1405-02-01 00:15:00,,faham,16.0,,,,,,,,,,,,,,,,,227.60000610351562,228.0,229.3000030517578,0.05999999865889549,0.009999999776482582,0.009999999776482582,,764.0,,,,0,2026-05-29 10:57:00
14050201003000,11049611042873,,,,,2026-04-21 00:30:00,1405-02-01 00:30:00,,faham,12.0,,,,,,,,,,,,,,,,,226.6999969482422,227.39999389648438,228.5,0.05000000074505806,0.009999999776482582,0.009999999776482582,,684.0,,,,0,2026-05-29 10:57:00
14050201004500,11049611042873,,,,,2026-04-21 00:45:00,1405-02-01 00:45:00,,faham,12.0,,,,,,,,,,,,,,,,,227.0,227.6999969482422,229.0,0.05000000074505806,0.009999999776482582,0.009999999776482582,,663.0,,,,0,2026-05-29 11:03:00
14050201010000,11049611042873,,,,,2026-04-21 01:00:00,1405-02-01 01:00:00,,faham,10.0,,,,,,,,,,,,,,,,,227.3000030517578,228.39999389648438,229.5,0.05000000074505806,0.009999999776482582,0.009999999776482582,,580.0,,,,0,2026-05-29 11:03:00
14050201011500,11049611042873,,,,,2026-04-21 01:15:00,1405-02-01 01:15:00,,faham,12.0,,,,,,,,,,,,,,,,,227.10000610351562,228.10000610351562,229.0,0.05000000074505806,0.009999999776482582,0.009999999776482582,,648.0,,,,0,2026-05-29 11:09:00
14050201013000,11049611042873,,,,,2026-04-21 01:30:00,1405-02-01 01:30:00,,faham,12.0,,,,,,,,,,,,,,,,,227.5,228.1999969482422,229.39999389648438,0.05000000074505806,0.009999999776482582,0.009999999776482582,,678.0,,,,0,2026-05-29 11:09:00
14050201014500,11049611042873,,,,,2026-04-21 01:45:00,1405-02-01 01:45:00,,faham,14.0,,,,,,,,,,,,,,,,,227.6999969482422,228.6999969482422,229.8000030517578,0.05000000074505806,0.009999999776482582,0.009999999776482582,,767.0,,,,0,2026-05-29 11:14:00
14050201020000,11049611042873,,,,,2026-04-21 02:00:00,1405-02-01 02:00:00,,faham,11.0,,,,,,,,,,,,,,,,,227.89999389648438,228.6999969482422,229.89999389648438,0.05000000074505806,0.009999999776482582,0.009999999776482582,,620.0,,,,0,2026-05-29 11:14:00
14050201021500,11049611042873,,,,,2026-04-21 02:15:00,1405-02-01 02:15:00,,faham,10.0,,,,,,,,,,,,,,,,,227.6999969482422,228.39999389648438,229.60000610351562,0.05000000074505806,0.009999999776482582,0.009999999776482582,,592.0,,,,0,2026-05-29 11:19:00
14050201023000,11049611042873,,,,,2026-04-21 02:30:00,1405-02-01 02:30:00,,faham,12.0,,,,,,,,,,,,,,,,,227.60000610351562,228.39999389648438,229.60000610351562,0.05000000074505806,0.009999999776482582,0.009999999776482582,,647.0,,,,0,2026-05-29 11:19:00
14050201024500,11049611042873,,,,,2026-04-21 02:45:00,1405-02-01 02:45:00,,faham,10.0,,,,,,,,,,,,,,,,,228.3000030517578,228.89999389648438,230.1999969482422,0.05000000074505806,0.009999999776482582,0.009999999776482582,,581.0,,,,0,2026-05-29 11:24:00
14050201030000,11049611042873,,,,,2026-04-21 03:00:00,1405-02-01 03:00:00,,faham,16.0,,,,,,,,,,,,,,,,,228.39999389648438,229.0,230.3000030517578,0.05999999865889549,0.009999999776482582,0.009999999776482582,,798.0,,,,0,2026-05-29 11:24:00
14050201031500,11049611042873,,,,,2026-04-21 03:15:00,1405-02-01 03:15:00,,faham,11.0,,,,,,,,,,,,,,,,,228.0,228.6999969482422,229.8000030517578,0.05000000074505806,0.009999999776482582,0.009999999776482582,,638.0,,,,0,2026-05-29 11:28:00
14050201033000,11049611042873,,,,,2026-04-21 03:30:00,1405-02-01 03:30:00,,faham,12.0,,,,,,,,,,,,,,,,,227.8000030517578,228.6999969482422,229.8000030517578,0.05000000074505806,0.009999999776482582,0.009999999776482582,,659.0,,,,0,2026-05-29 11:28:00
14050201034500,11049611042873,,,,,2026-04-21 03:45:00,1405-02-01 03:45:00,,faham,10.0,,,,,,,,,,,,,,,,,228.10000610351562,228.8000030517578,230.10000610351562,0.05000000074505806,0.009999999776482582,0.009999999776482582,,577.0,,,,0,2026-05-29 11:34:00
14050201040000,11049611042873,,,,,2026-04-21 04:00:00,1405-02-01 04:00:00,,faham,12.0,,,,,,,,,,,,,,,,,228.39999389648438,229.10000610351562,230.1999969482422,0.05000000074505806,0.009999999776482582,0.009999999776482582,,656.0,,,,0,2026-05-29 11:34:00
14050201041500,11049611042873,,,,,2026-04-21 04:15:00,1405-02-01 04:15:00,,faham,12.0,,,,,,,,,,,,,,,,,228.0,229.0,230.0,0.05000000074505806,0.009999999776482582,0.009999999776482582,,681.0,,,,0,2026-05-29 11:39:00
14050201043000,11049611042873,,,,,2026-04-21 04:30:00,1405-02-01 04:30:00,,faham,14.0,,,,,,,,,,,,,,,,,228.10000610351562,228.8000030517578,229.8000030517578,0.05000000074505806,0.009999999776482582,0.009999999776482582,,760.0,,,,0,2026-05-29 11:39:00
14050201044500,11049611042873,,,,,2026-04-21 04:45:00,1405-02-01 04:45:00,,faham,11.0,,,,,,,,,,,,,,,,,228.60000610351562,229.10000610351562,230.3000030517578,0.05000000074505806,0.009999999776482582,0.009999999776482582,,617.0,,,,0,2026-05-29 11:43:00
14050201050000,11049611042873,,,,,2026-04-21 05:00:00,1405-02-01 05:00:00,,faham,10.0,,,,,,,,,,,,,,,,,228.6999969482422,229.1999969482422,230.39999389648438,0.05000000074505806,0.009999999776482582,0.009999999776482582,,590.0,,,,0,2026-05-29 11:43:00
14050201051500,11049611042873,,,,,2026-04-21 05:15:00,1405-02-01 05:15:00,,faham,12.0,,,,,,,,,,,,,,,,,228.89999389648438,229.5,230.8000030517578,0.05000000074505806,0.009999999776482582,0.009999999776482582,,647.0,,,,0,2026-05-29 11:48:00
14050201053000,11049611042873,,,,,2026-04-21 05:30:00,1405-02-01 05:30:00,,faham,10.0,,,,,,,,,,,,,,,,,229.5,230.0,231.39999389648438,0.05000000074505806,0.009999999776482582,0.009999999776482582,,587.0,,,,0,2026-05-29 11:48:00
14050201054500,11049611042873,,,,,2026-04-21 05:45:00,1405-02-01 05:45:00,,faham,17.0,,,,,,,,,,,,,,,,,229.89999389648438,230.5,231.89999389648438,0.05999999865889549,0.009999999776482582,0.009999999776482582,,796.0,,,,0,2026-05-29 11:53:00
14050201060000,11049611042873,,,,,2026-04-21 06:00:00,1405-02-01 06:00:00,,faham,11.0,,,,,,,,,,,,,,,,,229.1999969482422,229.89999389648438,231.5,0.05000000074505806,0.009999999776482582,0.009999999776482582,,626.0,,,,0,2026-05-29 11:53:00
14050201061500,11049611042873,,,,,2026-04-21 06:15:00,1405-02-01 06:15:00,,faham,12.0,,,,,,,,,,,,,,,,,228.60000610351562,229.3000030517578,230.8000030517578,0.05000000074505806,0.009999999776482582,0.009999999776482582,,657.0,,,,0,2026-05-29 11:58:00
14050201063000,11049611042873,,,,,2026-04-21 06:30:00,1405-02-01 06:30:00,,faham,9.0,,,,,,,,,,,,,,,,,228.0,228.3000030517578,229.8000030517578,0.05000000074505806,0.009999999776482582,0.009999999776482582,,557.0,,,,0,2026-05-29 11:58:00
14050201064500,11049611042873,,,,,2026-04-21 06:45:00,1405-02-01 06:45:00,,faham,11.0,,,,,,,,,,,,,,,,,227.5,227.89999389648438,229.60000610351562,0.05000000074505806,0.009999999776482582,0.009999999776482582,,629.0,,,,0,2026-05-29 12:03:00
14050201070000,11049611042873,,,,,2026-04-21 07:00:00,1405-02-01 07:00:00,,faham,10.0,,,,,,,,,,,,,,,,,226.89999389648438,227.5,229.0,0.03999999910593033,0.009999999776482582,0.009999999776482582,,659.0,,,,0,2026-05-29 12:03:00
14050201071500,11049611042873,,,,,2026-04-21 07:15:00,1405-02-01 07:15:00,,faham,9.0,,,,,,,,,,,,,,,,,225.5,226.1999969482422,227.60000610351562,0.029999999329447746,0.009999999776482582,0.009999999776482582,,696.0,,,,0,2026-05-29 12:08:00
14050201073000,11049611042873,,,,,2026-04-21 07:30:00,1405-02-01 07:30:00,,faham,6.0,,,,,,,,,,,,,,,,,227.39999389648438,228.1999969482422,229.5,0.029999999329447746,0.009999999776482582,0.009999999776482582,,470.0,,,,0,2026-05-29 12:08:00
14050201074500,11049611042873,,,,,2026-04-21 07:45:00,1405-02-01 07:45:00,,faham,5.0,,,,,,,,,,,,,,,,,227.1999969482422,228.1999969482422,229.39999389648438,0.029999999329447746,0.009999999776482582,0.009999999776482582,,410.0,,,,0,2026-05-29 12:13:00
14050201080000,11049611042873,,,,,2026-04-21 08:00:00,1405-02-01 08:00:00,,faham,7.0,,,,,,,,,,,,,,,,,227.0,228.0,229.5,0.029999999329447746,0.009999999776482582,0.009999999776482582,,528.0,,,,0,2026-05-29 12:13:00
14050201081500,11049611042873,,,,,2026-04-21 08:15:00,1405-02-01 08:15:00,,faham,32.0,,,,,,,,,,,,,,,,,226.3000030517578,227.0,228.39999389648438,0.05000000074505806,0.05999999865889549,0.029999999329447746,,624.0,,,,0,2026-05-29 12:18:00
14050201083000,11049611042873,,,,,2026-04-21 08:30:00,1405-02-01 08:30:00,,faham,88.0,,,,,,,,,,,,,,,,,225.0,225.5,227.3000030517578,0.11999999731779099,0.1599999964237213,0.10000000149011612,,950.0,,,,0,2026-05-29 12:18:00
14050201084500,11049611042873,,,,,2026-04-21 08:45:00,1405-02-01 08:45:00,,faham,90.0,,,,,,,,,,,,,,,,,226.3000030517578,226.60000610351562,228.10000610351562,0.14000000059604645,0.15000000596046448,0.10999999940395355,,932.0,,,,0,2026-05-29 12:23:00
14050201090000,11049611042873,,,,,2026-04-21 09:00:00,1405-02-01 09:00:00,,faham,96.0,,,,,,,,,,,,,,,,,227.3000030517578,227.6999969482422,229.10000610351562,0.14000000059604645,0.1599999964237213,0.11999999731779099,,935.0,,,,0,2026-05-29 12:23:00
14050201091500,11049611042873,,,,,2026-04-21 09:15:00,1405-02-01 09:15:00,,faham,143.0,,,,,,,,,,,,,,,,,226.39999389648438,227.5,229.10000610351562,0.1899999976158142,0.20999999344348907,0.25,,938.0,,,,0,2026-05-29 12:28:00
14050201093000,11049611042873,,,,,2026-04-21 09:30:00,1405-02-01 09:30:00,,faham,149.0,,,,,,,,,,,,,,,,,226.10000610351562,227.1999969482422,228.3000030517578,0.2199999988079071,0.20000000298023224,0.25,,938.0,,,,0,2026-05-29 12:28:00
14050201094500,11049611042873,,,,,2026-04-21 09:45:00,1405-02-01 09:45:00,,faham,146.0,,,,,,,,,,,,,,,,,225.10000610351562,226.5,227.89999389648438,0.23000000417232513,0.1899999976158142,0.23999999463558197,,937.0,,,,0,2026-05-29 12:33:00
14050201100000,11049611042873,,,,,2026-04-21 10:00:00,1405-02-01 10:00:00,,faham,140.0,,,,,,,,,,,,,,,,,225.10000610351562,226.39999389648438,227.39999389648438,0.2199999988079071,0.17000000178813934,0.25,,941.0,,,,0,2026-05-29 12:33:00
14050201101500,11049611042873,,,,,2026-04-21 10:15:00,1405-02-01 10:15:00,,faham,139.0,,,,,,,,,,,,,,,,,225.3000030517578,226.1999969482422,227.39999389648438,0.20000000298023224,0.1899999976158142,0.25,,936.0,,,,0,2026-05-29 12:39:00
14050201103000,11049611042873,,,,,2026-04-21 10:30:00,1405-02-01 10:30:00,,faham,148.0,,,,,,,,,,,,,,,,,224.5,225.89999389648438,227.10000610351562,0.20000000298023224,0.2199999988079071,0.25,,944.0,,,,0,2026-05-29 12:39:00
14050201104500,11049611042873,,,,,2026-04-21 10:45:00,1405-02-01 10:45:00,,faham,136.0,,,,,,,,,,,,,,,,,224.3000030517578,225.1999969482422,226.39999389648438,0.18000000715255737,0.20000000298023224,0.25,,938.0,,,,0,2026-05-29 12:43:00
14050201110000,11049611042873,,,,,2026-04-21 11:00:00,1405-02-01 11:00:00,,faham,145.0,,,,,,,,,,,,,,,,,224.6999969482422,225.10000610351562,226.39999389648438,0.1899999976158142,0.2199999988079071,0.25,,944.0,,,,0,2026-05-29 12:43:00
14050201111500,11049611042873,,,,,2026-04-21 11:15:00,1405-02-01 11:15:00,,faham,139.0,,,,,,,,,,,,,,,,,224.5,225.5,226.8000030517578,0.1899999976158142,0.1899999976158142,0.25,,944.0,,,,0,2026-05-29 12:49:00
14050201113000,11049611042873,,,,,2026-04-21 11:30:00,1405-02-01 11:30:00,,faham,137.0,,,,,,,,,,,,,,,,,224.5,225.3000030517578,226.39999389648438,0.18000000715255737,0.20000000298023224,0.25,,940.0,,,,0,2026-05-29 12:49:00
14050201114500,11049611042873,,,,,2026-04-21 11:45:00,1405-02-01 11:45:00,,faham,137.0,,,,,,,,,,,,,,,,,224.60000610351562,225.5,226.39999389648438,0.18000000715255737,0.20000000298023224,0.25,,940.0,,,,0,2026-05-29 12:53:00
14050201120000,11049611042873,,,,,2026-04-21 12:00:00,1405-02-01 12:00:00,,faham,143.0,,,,,,,,,,,,,,,,,225.0,226.0,227.10000610351562,0.18000000715255737,0.23000000417232513,0.25,,943.0,,,,0,2026-05-29 12:53:00
14050201121500,11049611042873,,,,,2026-04-21 12:15:00,1405-02-01 12:15:00,,faham,157.0,,,,,,,,,,,,,,,,,226.8000030517578,227.3000030517578,228.60000610351562,0.20999999344348907,0.23000000417232513,0.27000001072883606,,945.0,,,,0,2026-05-29 12:58:00
14050201123000,11049611042873,,,,,2026-04-21 12:30:00,1405-02-01 12:30:00,,faham,148.0,,,,,,,,,,,,,,,,,227.10000610351562,227.6999969482422,229.1999969482422,0.2199999988079071,0.1899999976158142,0.25999999046325684,,946.0,,,,0,2026-05-29 12:58:00
14050201124500,11049611042873,,,,,2026-04-21 12:45:00,1405-02-01 12:45:00,,faham,144.0,,,,,,,,,,,,,,,,,226.8000030517578,228.10000610351562,229.1999969482422,0.2199999988079071,0.18000000715255737,0.25,,935.0,,,,0,2026-05-29 13:03:00
14050201130000,11049611042873,,,,,2026-04-21 13:00:00,1405-02-01 13:00:00,,faham,135.0,,,,,,,,,,,,,,,,,227.3000030517578,228.5,229.8000030517578,0.1899999976158142,0.17000000178813934,0.25,,930.0,,,,0,2026-05-29 13:03:00
14050201131500,11049611042873,,,,,2026-04-21 13:15:00,1405-02-01 13:15:00,,faham,135.0,,,,,,,,,,,,,,,,,228.3000030517578,229.1999969482422,230.60000610351562,0.18000000715255737,0.18000000715255737,0.25,,935.0,,,,0,2026-05-29 13:09:00
14050201133000,11049611042873,,,,,2026-04-21 13:30:00,1405-02-01 13:30:00,,faham,134.0,,,,,,,,,,,,,,,,,227.89999389648438,228.89999389648438,230.0,0.17000000178813934,0.17000000178813934,0.25999999046325684,,930.0,,,,0,2026-05-29 13:09:00
14050201134500,11049611042873,,,,,2026-04-21 13:45:00,1405-02-01 13:45:00,,faham,141.0,,,,,,,,,,,,,,,,,227.6999969482422,228.5,229.6999969482422,0.1599999964237213,0.20999999344348907,0.25999999046325684,,943.0,,,,0,2026-05-29 13:13:00
14050201140000,11049611042873,,,,,2026-04-21 14:00:00,1405-02-01 14:00:00,,faham,132.0,,,,,,,,,,,,,,,,,227.8000030517578,228.89999389648438,230.0,0.18000000715255737,0.1599999964237213,0.25,,934.0,,,,0,2026-05-29 13:13:00
14050201141500,11049611042873,,,,,2026-04-21 14:15:00,1405-02-01 14:15:00,,faham,129.0,,,,,,,,,,,,,,,,,227.39999389648438,228.1999969482422,229.39999389648438,0.18000000715255737,0.1599999964237213,0.25,,926.0,,,,0,2026-05-29 13:19:00
14050201143000,11049611042873,,,,,2026-04-21 14:30:00,1405-02-01 14:30:00,,faham,121.0,,,,,,,,,,,,,,,,,226.6999969482422,227.6999969482422,228.8000030517578,0.14000000059604645,0.1599999964237213,0.25,,919.0,,,,0,2026-05-29 13:19:00
14050201144500,11049611042873,,,,,2026-04-21 14:45:00,1405-02-01 14:45:00,,faham,121.0,,,,,,,,,,,,,,,,,227.0,227.89999389648438,229.10000610351562,0.11999999731779099,0.17000000178813934,0.25,,935.0,,,,0,2026-05-29 13:24:00
14050201150000,11049611042873,,,,,2026-04-21 15:00:00,1405-02-01 15:00:00,,faham,56.0,,,,,,,,,,,,,,,,,227.0,227.89999389648438,229.1999969482422,0.07999999821186066,0.09000000357627869,0.09000000357627869,,862.0,,,,0,2026-05-29 13:24:00
14050201151500,11049611042873,,,,,2026-04-21 15:15:00,1405-02-01 15:15:00,,faham,13.0,,,,,,,,,,,,,,,,,227.1999969482422,228.1999969482422,229.3000030517578,0.03999999910593033,0.009999999776482582,0.009999999776482582,,759.0,,,,0,2026-05-29 13:30:00
14050201153000,11049611042873,,,,,2026-04-21 15:30:00,1405-02-01 15:30:00,,faham,5.0,,,,,,,,,,,,,,,,,227.3000030517578,228.0,229.10000610351562,0.029999999329447746,0.009999999776482582,0.009999999776482582,,496.0,,,,0,2026-05-29 13:30:00
14050201154500,11049611042873,,,,,2026-04-21 15:45:00,1405-02-01 15:45:00,,faham,6.0,,,,,,,,,,,,,,,,,226.60000610351562,227.3000030517578,228.60000610351562,0.029999999329447746,0.009999999776482582,0.009999999776482582,,487.0,,,,0,2026-05-29 13:34:00
14050201160000,11049611042873,,,,,2026-04-21 16:00:00,1405-02-01 16:00:00,,faham,4.0,,,,,,,,,,,,,,,,,227.0,227.8000030517578,229.10000610351562,0.029999999329447746,0.009999999776482582,0.009999999776482582,,344.0,,,,0,2026-05-29 13:34:00
14050201161500,11049611042873,,,,,2026-04-21 16:15:00,1405-02-01 16:15:00,,faham,5.0,,,,,,,,,,,,,,,,,227.89999389648438,228.89999389648438,230.1999969482422,0.029999999329447746,0.009999999776482582,0.009999999776482582,,453.0,,,,0,2026-05-29 13:39:00
14050201163000,11049611042873,,,,,2026-04-21 16:30:00,1405-02-01 16:30:00,,faham,6.0,,,,,,,,,,,,,,,,,227.5,228.8000030517578,230.10000610351562,0.029999999329447746,0.009999999776482582,0.009999999776482582,,502.0,,,,0,2026-05-29 13:39:00
14050201164500,11049611042873,,,,,2026-04-21 16:45:00,1405-02-01 16:45:00,,faham,9.0,,,,,,,,,,,,,,,,,227.60000610351562,228.5,229.8000030517578,0.029999999329447746,0.009999999776482582,0.009999999776482582,,697.0,,,,0,2026-05-29 13:43:00
14050201170000,11049611042873,,,,,2026-04-21 17:00:00,1405-02-01 17:00:00,,faham,5.0,,,,,,,,,,,,,,,,,227.10000610351562,228.1999969482422,229.60000610351562,0.029999999329447746,0.009999999776482582,0.009999999776482582,,438.0,,,,0,2026-05-29 13:43:00
14050201171500,11049611042873,,,,,2026-04-21 17:15:00,1405-02-01 17:15:00,,faham,4.0,,,,,,,,,,,,,,,,,227.89999389648438,228.8000030517578,229.89999389648438,0.029999999329447746,0.009999999776482582,0.009999999776482582,,366.0,,,,0,2026-05-29 13:48:00
14050201173000,11049611042873,,,,,2026-04-21 17:30:00,1405-02-01 17:30:00,,faham,5.0,,,,,,,,,,,,,,,,,228.10000610351562,229.10000610351562,230.1999969482422,0.029999999329447746,0.009999999776482582,0.009999999776482582,,467.0,,,,0,2026-05-29 13:48:00
14050201174500,11049611042873,,,,,2026-04-21 17:45:00,1405-02-01 17:45:00,,faham,4.0,,,,,,,,,,,,,,,,,228.0,228.60000610351562,230.0,0.029999999329447746,0.009999999776482582,0.009999999776482582,,337.0,,,,0,2026-05-29 13:53:00
14050201180000,11049611042873,,,,,2026-04-21 18:00:00,1405-02-01 18:00:00,,faham,9.0,,,,,,,,,,,,,,,2.0,0.0,226.2,227.3,228.7,0.03,0.01,0.01,8.0,689.0,0.0,2.0,0,0,
14050201181500,11049611042873,,,,,2026-04-21 18:15:00,1405-02-01 18:15:00,,faham,6.0,,,,,,,,,,,,,,,,,226.0,227.1999969482422,228.5,0.019999999552965164,0.009999999776482582,0.009999999776482582,,562.0,,,,0,2026-05-29 13:56:00
14050201183000,11049611042873,,,,,2026-04-21 18:30:00,1405-02-01 18:30:00,,faham,8.0,,,,,,,,,,,,,,,,,226.0,227.1999969482422,228.1999969482422,0.03999999910593033,0.009999999776482582,0.009999999776482582,,577.0,,,,0,2026-05-29 13:56:00
14050201184500,11049611042873,,,,,2026-04-21 18:45:00,1405-02-01 18:45:00,,faham,9.0,,,,,,,,,,,,,,,,,225.6999969482422,226.6999969482422,227.5,0.03999999910593033,0.009999999776482582,0.009999999776482582,,565.0,,,,0,2026-05-29 14:46:00
14050201190000,11049611042873,,,,,2026-04-21 19:00:00,1405-02-01 19:00:00,,faham,11.0,,,,,,,,,,,,,,,,,225.0,226.0,226.8000030517578,0.05000000074505806,0.009999999776482582,0.009999999776482582,,662.0,,,,0,2026-05-29 14:46:00
14050201191500,11049611042873,,,,,2026-04-21 19:15:00,1405-02-01 19:15:00,,faham,9.0,,,,,,,,,,,,,,,,,225.10000610351562,226.10000610351562,226.60000610351562,0.05000000074505806,0.009999999776482582,0.009999999776482582,,588.0,,,,0,2026-05-29 14:51:00
14050201193000,11049611042873,,,,,2026-04-21 19:30:00,1405-02-01 19:30:00,,faham,14.0,,,,,,,,,,,,,,,,,225.1999969482422,226.3000030517578,226.60000610351562,0.05000000074505806,0.009999999776482582,0.009999999776482582,,792.0,,,,0,2026-05-29 14:51:00
14050201194500,11049611042873,,,,,2026-04-21 19:45:00,1405-02-01 19:45:00,,faham,11.0,,,,,,,,,,,,,,,,,224.89999389648438,226.10000610351562,226.39999389648438,0.05000000074505806,0.009999999776482582,0.009999999776482582,,648.0,,,,0,2026-05-29 14:56:00
14050201200000,11049611042873,,,,,2026-04-21 20:00:00,1405-02-01 20:00:00,,faham,9.0,,,,,,,,,,,,,,,,,225.10000610351562,226.3000030517578,226.8000030517578,0.05000000074505806,0.009999999776482582,0.009999999776482582,,599.0,,,,0,2026-05-29 14:56:00
14050201201500,11049611042873,,,,,2026-04-21 20:15:00,1405-02-01 20:15:00,,faham,10.0,,,,,,,,,,,,,,,,,225.1999969482422,226.39999389648438,227.10000610351562,0.05000000074505806,0.009999999776482582,0.009999999776482582,,636.0,,,,0,2026-05-29 15:01:00
14050201203000,11049611042873,,,,,2026-04-21 20:30:00,1405-02-01 20:30:00,,faham,9.0,,,,,,,,,,,,,,,,,225.60000610351562,226.89999389648438,227.39999389648438,0.05000000074505806,0.009999999776482582,0.009999999776482582,,571.0,,,,0,2026-05-29 15:01:00
14050201204500,11049611042873,,,,,2026-04-21 20:45:00,1405-02-01 20:45:00,,faham,13.0,,,,,,,,,,,,,,,,,225.6999969482422,227.0,227.60000610351562,0.05000000074505806,0.009999999776482582,0.009999999776482582,,746.0,,,,0,2026-05-29 15:06:00
14050201210000,11049611042873,,,,,2026-04-21 21:00:00,1405-02-01 21:00:00,,faham,12.0,,,,,,,,,,,,,,,,,225.89999389648438,227.0,227.6999969482422,0.05000000074505806,0.009999999776482582,0.009999999776482582,,754.0,,,,0,2026-05-29 15:06:00
14050201211500,11049611042873,,,,,2026-04-21 21:15:00,1405-02-01 21:15:00,,faham,11.0,,,,,,,,,,,,,,,,,226.5,227.8000030517578,228.3000030517578,0.05000000074505806,0.009999999776482582,0.009999999776482582,,655.0,,,,0,2026-05-29 15:11:00
14050201213000,11049611042873,,,,,2026-04-21 21:30:00,1405-02-01 21:30:00,,faham,9.0,,,,,,,,,,,,,,,,,226.5,227.60000610351562,228.3000030517578,0.05000000074505806,0.009999999776482582,0.009999999776482582,,566.0,,,,0,2026-05-29 15:11:00
14050201214500,11049611042873,,,,,2026-04-21 21:45:00,1405-02-01 21:45:00,,faham,11.0,,,,,,,,,,,,,,,,,224.5,225.6999969482422,226.10000610351562,0.05000000074505806,0.009999999776482582,0.009999999776482582,,656.0,,,,0,2026-05-29 15:17:00
14050201220000,11049611042873,,,,,2026-04-21 22:00:00,1405-02-01 22:00:00,,faham,9.0,,,,,,,,,,,,,,,,,225.3000030517578,226.3000030517578,226.6999969482422,0.05000000074505806,0.009999999776482582,0.009999999776482582,,585.0,,,,0,2026-05-29 15:17:00
14050201221500,11049611042873,,,,,2026-04-21 22:15:00,1405-02-01 22:15:00,,faham,15.0,,,,,,,,,,,,,,,,,225.10000610351562,225.8000030517578,226.39999389648438,0.05000000074505806,0.009999999776482582,0.009999999776482582,,796.0,,,,0,2026-05-29 15:23:00
14050201223000,11049611042873,,,,,2026-04-21 22:30:00,1405-02-01 22:30:00,,faham,10.0,,,,,,,,,,,,,,,,,225.5,226.3000030517578,226.89999389648438,0.05000000074505806,0.009999999776482582,0.009999999776482582,,618.0,,,,0,2026-05-29 15:23:00
14050201224500,11049611042873,,,,,2026-04-21 22:45:00,1405-02-01 22:45:00,,faham,10.0,,,,,,,,,,,,,,,,,225.60000610351562,226.60000610351562,227.3000030517578,0.05000000074505806,0.009999999776482582,0.009999999776482582,,598.0,,,,0,2026-05-29 15:28:00
14050201230000,11049611042873,,,,,2026-04-21 23:00:00,1405-02-01 23:00:00,,faham,10.0,,,,,,,,,,,,,,,,,224.60000610351562,225.3000030517578,226.0,0.05000000074505806,0.009999999776482582,0.009999999776482582,,624.0,,,,0,2026-05-29 15:28:00
14050201231500,11049611042873,,,,,2026-04-21 23:15:00,1405-02-01 23:15:00,,faham,9.0,,,,,,,,,,,,,,,,,224.8000030517578,225.5,226.5,0.05000000074505806,0.009999999776482582,0.009999999776482582,,564.0,,,,0,2026-05-29 15:33:00
14050201233000,11049611042873,,,,,2026-04-21 23:30:00,1405-02-01 23:30:00,,faham,14.0,,,,,,,,,,,,,,,,,225.10000610351562,225.8000030517578,226.60000610351562,0.05000000074505806,0.009999999776482582,0.009999999776482582,,769.0,,,,0,2026-05-29 15:33:00
14050201234500,11049611042873,,,,,2026-04-21 23:45:00,1405-02-01 23:45:00,,faham,11.0,,,,,,,,,,,,,,,,,225.6999969482422,226.1999969482422,227.39999389648438,0.05000000074505806,0.009999999776482582,0.009999999776482582,,675.0,,,,0,2026-05-29 15:39:00
14050201000000,11049611043157,,,,,2026-04-21 00:00:00,1405-02-01 00:00:00,,faham,99.0,,,,,,,,,,,,,,,,,228.8000030517578,230.3000030517578,230.10000610351562,0.3199999928474426,0.05000000074505806,0.05999999865889549,,970.0,,,,0,2026-05-29 10:51:00
14050201001500,11049611043157,,,,,2026-04-21 00:15:00,1405-02-01 00:15:00,,faham,95.0,,,,,,,,,,,,,,,,,229.10000610351562,230.60000610351562,230.39999389648438,0.3199999928474426,0.03999999910593033,0.05999999865889549,,951.0,,,,0,2026-05-29 10:57:00
14050201003000,11049611043157,,,,,2026-04-21 00:30:00,1405-02-01 00:30:00,,faham,98.0,,,,,,,,,,,,,,,,,229.39999389648438,230.8000030517578,230.60000610351562,0.3199999928474426,0.03999999910593033,0.05999999865889549,,964.0,,,,0,2026-05-29 10:57:00
14050201004500,11049611043157,,,,,2026-04-21 00:45:00,1405-02-01 00:45:00,,faham,96.0,,,,,,,,,,,,,,,,,229.5,230.89999389648438,230.8000030517578,0.3199999928474426,0.03999999910593033,0.05999999865889549,,955.0,,,,0,2026-05-29 11:03:00
14050201010000,11049611043157,,,,,2026-04-21 01:00:00,1405-02-01 01:00:00,,faham,98.0,,,,,,,,,,,,,,,,,230.10000610351562,231.5,231.3000030517578,0.3199999928474426,0.03999999910593033,0.05999999865889549,,959.0,,,,0,2026-05-29 11:03:00
14050201011500,11049611043157,,,,,2026-04-21 01:15:00,1405-02-01 01:15:00,,faham,102.0,,,,,,,,,,,,,,,,,229.5,230.89999389648438,230.6999969482422,0.3199999928474426,0.03999999910593033,0.05999999865889549,,983.0,,,,0,2026-05-29 11:09:00
14050201013000,11049611043157,,,,,2026-04-21 01:30:00,1405-02-01 01:30:00,,faham,96.0,,,,,,,,,,,,,,,,,229.8000030517578,231.1999969482422,231.0,0.3199999928474426,0.03999999910593033,0.05999999865889549,,950.0,,,,0,2026-05-29 11:09:00
14050201014500,11049611043157,,,,,2026-04-21 01:45:00,1405-02-01 01:45:00,,faham,98.0,,,,,,,,,,,,,,,,,229.89999389648438,231.3000030517578,231.10000610351562,0.3199999928474426,0.03999999910593033,0.05999999865889549,,961.0,,,,0,2026-05-29 11:14:00
14050201020000,11049611043157,,,,,2026-04-21 02:00:00,1405-02-01 02:00:00,,faham,97.0,,,,,,,,,,,,,,,,,229.89999389648438,231.39999389648438,231.10000610351562,0.3199999928474426,0.03999999910593033,0.05999999865889549,,959.0,,,,0,2026-05-29 11:14:00
14050201021500,11049611043157,,,,,2026-04-21 02:15:00,1405-02-01 02:15:00,,faham,96.0,,,,,,,,,,,,,,,,,229.8000030517578,231.3000030517578,231.0,0.3199999928474426,0.03999999910593033,0.05999999865889549,,952.0,,,,0,2026-05-29 11:19:00
14050201023000,11049611043157,,,,,2026-04-21 02:30:00,1405-02-01 02:30:00,,faham,98.0,,,,,,,,,,,,,,,,,229.8000030517578,231.3000030517578,231.10000610351562,0.3199999928474426,0.03999999910593033,0.05999999865889549,,962.0,,,,0,2026-05-29 11:19:00
14050201024500,11049611043157,,,,,2026-04-21 02:45:00,1405-02-01 02:45:00,,faham,98.0,,,,,,,,,,,,,,,,,230.1999969482422,231.60000610351562,231.39999389648438,0.3199999928474426,0.03999999910593033,0.05999999865889549,,958.0,,,,0,2026-05-29 11:24:00
14050201030000,11049611043157,,,,,2026-04-21 03:00:00,1405-02-01 03:00:00,,faham,101.0,,,,,,,,,,,,,,,,,230.0,231.39999389648438,231.0,0.3199999928474426,0.03999999910593033,0.05999999865889549,,973.0,,,,0,2026-05-29 11:24:00
14050201031500,11049611043157,,,,,2026-04-21 03:15:00,1405-02-01 03:15:00,,faham,98.0,,,,,,,,,,,,,,,,,229.5,230.89999389648438,230.60000610351562,0.3199999928474426,0.05000000074505806,0.05999999865889549,,962.0,,,,0,2026-05-29 11:28:00
14050201033000,11049611043157,,,,,2026-04-21 03:30:00,1405-02-01 03:30:00,,faham,96.0,,,,,,,,,,,,,,,,,229.6999969482422,231.10000610351562,230.89999389648438,0.3199999928474426,0.03999999910593033,0.05999999865889549,,953.0,,,,0,2026-05-29 11:28:00
14050201034500,11049611043157,,,,,2026-04-21 03:45:00,1405-02-01 03:45:00,,faham,97.0,,,,,,,,,,,,,,,,,229.6999969482422,231.1999969482422,230.89999389648438,0.3199999928474426,0.03999999910593033,0.05999999865889549,,957.0,,,,0,2026-05-29 11:34:00
14050201040000,11049611043157,,,,,2026-04-21 04:00:00,1405-02-01 04:00:00,,faham,98.0,,,,,,,,,,,,,,,,,229.8000030517578,231.3000030517578,231.10000610351562,0.3199999928474426,0.05000000074505806,0.05999999865889549,,961.0,,,,0,2026-05-29 11:34:00
14050201041500,11049611043157,,,,,2026-04-21 04:15:00,1405-02-01 04:15:00,,faham,95.0,,,,,,,,,,,,,,,,,229.6999969482422,231.1999969482422,230.89999389648438,0.3199999928474426,0.05000000074505806,0.05999999865889549,,949.0,,,,0,2026-05-29 11:39:00
14050201043000,11049611043157,,,,,2026-04-21 04:30:00,1405-02-01 04:30:00,,faham,97.0,,,,,,,,,,,,,,,,,229.3000030517578,230.8000030517578,230.5,0.3199999928474426,0.05000000074505806,0.05999999865889549,,961.0,,,,0,2026-05-29 11:39:00
14050201044500,11049611043157,,,,,2026-04-21 04:45:00,1405-02-01 04:45:00,,faham,101.0,,,,,,,,,,,,,,,,,229.60000610351562,231.10000610351562,230.6999969482422,0.3199999928474426,0.05000000074505806,0.05999999865889549,,980.0,,,,0,2026-05-29 11:43:00
14050201050000,11049611043157,,,,,2026-04-21 05:00:00,1405-02-01 05:00:00,,faham,95.0,,,,,,,,,,,,,,,,,229.60000610351562,231.10000610351562,230.8000030517578,0.3199999928474426,0.03999999910593033,0.05999999865889549,,951.0,,,,0,2026-05-29 11:43:00
14050201051500,11049611043157,,,,,2026-04-21 05:15:00,1405-02-01 05:15:00,,faham,97.0,,,,,,,,,,,,,,,,,229.39999389648438,230.89999389648438,230.6999969482422,0.3199999928474426,0.05000000074505806,0.05999999865889549,,961.0,,,,0,2026-05-29 11:48:00
14050201053000,11049611043157,,,,,2026-04-21 05:30:00,1405-02-01 05:30:00,,faham,96.0,,,,,,,,,,,,,,,,,229.0,230.5,230.3000030517578,0.3199999928474426,0.05000000074505806,0.05999999865889549,,957.0,,,,0,2026-05-29 11:48:00
14050201054500,11049611043157,,,,,2026-04-21 05:45:00,1405-02-01 05:45:00,,faham,96.0,,,,,,,,,,,,,,,,,228.89999389648438,230.39999389648438,230.1999969482422,0.3199999928474426,0.05000000074505806,0.05999999865889549,,954.0,,,,0,2026-05-29 11:53:00
14050201060000,11049611043157,,,,,2026-04-21 06:00:00,1405-02-01 06:00:00,,faham,98.0,,,,,,,,,,,,,,,,,228.5,229.89999389648438,229.6999969482422,0.3199999928474426,0.05000000074505806,0.05999999865889549,,961.0,,,,0,2026-05-29 11:53:00
14050201061500,11049611043157,,,,,2026-04-21 06:15:00,1405-02-01 06:15:00,,faham,96.0,,,,,,,,,,,,,,,,,227.5,228.89999389648438,228.8000030517578,0.3199999928474426,0.05000000074505806,0.05999999865889549,,955.0,,,,0,2026-05-29 11:58:00
14050201063000,11049611043157,,,,,2026-04-21 06:30:00,1405-02-01 06:30:00,,faham,100.0,,,,,,,,,,,,,,,,,226.60000610351562,228.0,227.8000030517578,0.3199999928474426,0.05000000074505806,0.07000000029802322,,975.0,,,,0,2026-05-29 11:58:00
14050201064500,11049611043157,,,,,2026-04-21 06:45:00,1405-02-01 06:45:00,,faham,96.0,,,,,,,,,,,,,,,,,226.1999969482422,227.5,227.39999389648438,0.3199999928474426,0.05000000074505806,0.05999999865889549,,964.0,,,,0,2026-05-29 12:03:00
14050201070000,11049611043157,,,,,2026-04-21 07:00:00,1405-02-01 07:00:00,,faham,94.0,,,,,,,,,,,,,,,,,225.8000030517578,227.0,226.89999389648438,0.3100000023841858,0.05000000074505806,0.05999999865889549,,953.0,,,,0,2026-05-29 12:03:00
14050201071500,11049611043157,,,,,2026-04-21 07:15:00,1405-02-01 07:15:00,,faham,95.0,,,,,,,,,,,,,,,,,225.0,226.1999969482422,226.10000610351562,0.3100000023841858,0.05000000074505806,0.05999999865889549,,960.0,,,,0,2026-05-29 12:08:00
14050201073000,11049611043157,,,,,2026-04-21 07:30:00,1405-02-01 07:30:00,,faham,95.0,,,,,,,,,,,,,,,,,224.10000610351562,225.39999389648438,225.3000030517578,0.3100000023841858,0.05000000074505806,0.05999999865889549,,961.0,,,,0,2026-05-29 12:08:00
14050201074500,11049611043157,,,,,2026-04-21 07:45:00,1405-02-01 07:45:00,,faham,95.0,,,,,,,,,,,,,,,,,228.10000610351562,229.3000030517578,229.3000030517578,0.3100000023841858,0.03999999910593033,0.05999999865889549,,950.0,,,,0,2026-05-29 12:13:00
14050201080000,11049611043157,,,,,2026-04-21 08:00:00,1405-02-01 08:00:00,,faham,98.0,,,,,,,,,,,,,,,,,228.5,229.6999969482422,229.6999969482422,0.3199999928474426,0.05000000074505806,0.05999999865889549,,961.0,,,,0,2026-05-29 12:13:00
14050201081500,11049611043157,,,,,2026-04-21 08:15:00,1405-02-01 08:15:00,,faham,99.0,,,,,,,,,,,,,,,,,227.3000030517578,228.5,228.5,0.3199999928474426,0.05000000074505806,0.05999999865889549,,968.0,,,,0,2026-05-29 12:18:00
14050201083000,11049611043157,,,,,2026-04-21 08:30:00,1405-02-01 08:30:00,,faham,97.0,,,,,,,,,,,,,,,,,226.10000610351562,227.3000030517578,227.39999389648438,0.3199999928474426,0.03999999910593033,0.05999999865889549,,964.0,,,,0,2026-05-29 12:18:00
14050201084500,11049611043157,,,,,2026-04-21 08:45:00,1405-02-01 08:45:00,,faham,96.0,,,,,,,,,,,,,,,,,225.8000030517578,226.89999389648438,227.10000610351562,0.3199999928474426,0.05000000074505806,0.05999999865889549,,962.0,,,,0,2026-05-29 12:23:00
14050201090000,11049611043157,,,,,2026-04-21 09:00:00,1405-02-01 09:00:00,,faham,94.0,,,,,,,,,,,,,,,,,225.0,226.10000610351562,226.3000030517578,0.3100000023841858,0.05000000074505806,0.05999999865889549,,955.0,,,,0,2026-05-29 12:23:00
14050201091500,11049611043157,,,,,2026-04-21 09:15:00,1405-02-01 09:15:00,,faham,95.0,,,,,,,,,,,,,,,,,225.1999969482422,226.3000030517578,226.39999389648438,0.3100000023841858,0.03999999910593033,0.05999999865889549,,958.0,,,,0,2026-05-29 12:28:00
14050201093000,11049611043157,,,,,2026-04-21 09:30:00,1405-02-01 09:30:00,,faham,95.0,,,,,,,,,,,,,,,,,224.0,225.0,225.1999969482422,0.3100000023841858,0.03999999910593033,0.05999999865889549,,963.0,,,,0,2026-05-29 12:28:00
14050201094500,11049611043157,,,,,2026-04-21 09:45:00,1405-02-01 09:45:00,,faham,96.0,,,,,,,,,,,,,,,,,224.10000610351562,225.10000610351562,225.39999389648438,0.3100000023841858,0.05000000074505806,0.05999999865889549,,960.0,,,,0,2026-05-29 12:33:00
14050201100000,11049611043157,,,,,2026-04-21 10:00:00,1405-02-01 10:00:00,,faham,98.0,,,,,,,,,,,,,,,,,226.39999389648438,227.39999389648438,227.6999969482422,0.3199999928474426,0.05000000074505806,0.05999999865889549,,962.0,,,,0,2026-05-29 12:33:00
14050201101500,11049611043157,,,,,2026-04-21 10:15:00,1405-02-01 10:15:00,,faham,104.0,,,,,,,,,,,,,,,,,226.6999969482422,227.8000030517578,227.89999389648438,0.3199999928474426,0.05000000074505806,0.07000000029802322,,983.0,,,,0,2026-05-29 12:39:00
14050201103000,11049611043157,,,,,2026-04-21 10:30:00,1405-02-01 10:30:00,,faham,98.0,,,,,,,,,,,,,,,,,228.60000610351562,229.6999969482422,230.0,0.3199999928474426,0.05000000074505806,0.05999999865889549,,955.0,,,,0,2026-05-29 12:39:00
14050201104500,11049611043157,,,,,2026-04-21 10:45:00,1405-02-01 10:45:00,,faham,100.0,,,,,,,,,,,,,,,,,229.6999969482422,230.8000030517578,231.10000610351562,0.3199999928474426,0.05000000074505806,0.05999999865889549,,962.0,,,,0,2026-05-29 12:43:00
14050201110000,11049611043157,,,,,2026-04-21 11:00:00,1405-02-01 11:00:00,,faham,100.0,,,,,,,,,,,,,,,,,229.10000610351562,230.3000030517578,230.60000610351562,0.3199999928474426,0.05000000074505806,0.05999999865889549,,963.0,,,,0,2026-05-29 12:43:00
14050201111500,11049611043157,,,,,2026-04-21 11:15:00,1405-02-01 11:15:00,,faham,98.0,,,,,,,,,,,,,,,,,229.8000030517578,230.89999389648438,231.1999969482422,0.3199999928474426,0.05000000074505806,0.05999999865889549,,954.0,,,,0,2026-05-29 12:49:00
14050201113000,11049611043157,,,,,2026-04-21 11:30:00,1405-02-01 11:30:00,,faham,101.0,,,,,,,,,,,,,,,,,230.10000610351562,231.1999969482422,231.60000610351562,0.3199999928474426,0.05000000074505806,0.05999999865889549,,964.0,,,,0,2026-05-29 12:49:00
14050201114500,11049611043157,,,,,2026-04-21 11:45:00,1405-02-01 11:45:00,,faham,100.0,,,,,,,,,,,,,,,,,230.10000610351562,231.1999969482422,231.60000610351562,0.3199999928474426,0.05000000074505806,0.05999999865889549,,960.0,,,,0,2026-05-29 12:53:00
14050201120000,11049611043157,,,,,2026-04-21 12:00:00,1405-02-01 12:00:00,,faham,104.0,,,,,,,,,,,,,,,,,230.89999389648438,232.1999969482422,232.3000030517578,0.3199999928474426,0.05000000074505806,0.07000000029802322,,975.0,,,,0,2026-05-29 12:53:00
14050201121500,11049611043157,,,,,2026-04-21 12:15:00,1405-02-01 12:15:00,,faham,101.0,,,,,,,,,,,,,,,,,229.10000610351562,230.3000030517578,230.5,0.3199999928474426,0.05000000074505806,0.05999999865889549,,967.0,,,,0,2026-05-29 12:58:00
14050201123000,11049611043157,,,,,2026-04-21 12:30:00,1405-02-01 12:30:00,,faham,99.0,,,,,,,,,,,,,,,,,229.89999389648438,231.1999969482422,231.39999389648438,0.3199999928474426,0.05000000074505806,0.05999999865889549,,958.0,,,,0,2026-05-29 12:58:00
14050201124500,11049611043157,,,,,2026-04-21 12:45:00,1405-02-01 12:45:00,,faham,97.0,,,,,,,,,,,,,,,,,230.3000030517578,231.5,231.6999969482422,0.3199999928474426,0.03999999910593033,0.05000000074505806,,961.0,,,,0,2026-05-29 13:03:00
14050201130000,11049611043157,,,,,2026-04-21 13:00:00,1405-02-01 13:00:00,,faham,96.0,,,,,,,,,,,,,,,,,230.6999969482422,232.0,232.1999969482422,0.3199999928474426,0.03999999910593033,0.05000000074505806,,971.0,,,,0,2026-05-29 13:03:00
14050201131500,11049611043157,,,,,2026-04-21 13:15:00,1405-02-01 13:15:00,,faham,95.0,,,,,,,,,,,,,,,,,231.5,232.8000030517578,233.0,0.3199999928474426,0.03999999910593033,0.05000000074505806,,965.0,,,,0,2026-05-29 13:09:00
14050201133000,11049611043157,,,,,2026-04-21 13:30:00,1405-02-01 13:30:00,,faham,104.0,,,,,,,,,,,,,,,,,230.5,231.8000030517578,232.1999969482422,0.36000001430511475,0.03999999910593033,0.05000000074505806,,956.0,,,,0,2026-05-29 13:09:00
14050201134500,11049611043157,,,,,2026-04-21 13:45:00,1405-02-01 13:45:00,,faham,107.0,,,,,,,,,,,,,,,,,229.8000030517578,231.10000610351562,231.10000610351562,0.3199999928474426,0.03999999910593033,0.10999999940395355,,953.0,,,,0,2026-05-29 13:13:00
14050201140000,11049611043157,,,,,2026-04-21 14:00:00,1405-02-01 14:00:00,,faham,102.0,,,,,,,,,,,,,,,,,230.10000610351562,231.39999389648438,231.5,0.3199999928474426,0.03999999910593033,0.09000000357627869,,951.0,,,,0,2026-05-29 13:13:00
14050201141500,11049611043157,,,,,2026-04-21 14:15:00,1405-02-01 14:15:00,,faham,101.0,,,,,,,,,,,,,,,,,228.89999389648438,230.10000610351562,230.1999969482422,0.3199999928474426,0.03999999910593033,0.07999999821186066,,957.0,,,,0,2026-05-29 13:19:00
14050201143000,11049611043157,,,,,2026-04-21 14:30:00,1405-02-01 14:30:00,,faham,98.0,,,,,,,,,,,,,,,,,228.1999969482422,229.39999389648438,229.5,0.3199999928474426,0.03999999910593033,0.07000000029802322,,962.0,,,,0,2026-05-29 13:19:00
14050201144500,11049611043157,,,,,2026-04-21 14:45:00,1405-02-01 14:45:00,,faham,92.0,,,,,,,,,,,,,,,,,228.1999969482422,229.3000030517578,229.60000610351562,0.3199999928474426,0.03999999910593033,0.05000000074505806,,964.0,,,,0,2026-05-29 13:24:00
14050201150000,11049611043157,,,,,2026-04-21 15:00:00,1405-02-01 15:00:00,,faham,94.0,,,,,,,,,,,,,,,,,228.3000030517578,229.39999389648438,229.6999969482422,0.3199999928474426,0.03999999910593033,0.05000000074505806,,969.0,,,,0,2026-05-29 13:24:00
14050201151500,11049611043157,,,,,2026-04-21 15:15:00,1405-02-01 15:15:00,,faham,95.0,,,,,,,,,,,,,,,,,228.39999389648438,229.5,229.8000030517578,0.3199999928474426,0.03999999910593033,0.05000000074505806,,972.0,,,,0,2026-05-29 13:30:00
14050201153000,11049611043157,,,,,2026-04-21 15:30:00,1405-02-01 15:30:00,,faham,98.0,,,,,,,,,,,,,,,,,228.5,229.8000030517578,229.89999389648438,0.3199999928474426,0.03999999910593033,0.05999999865889549,,978.0,,,,0,2026-05-29 13:30:00
14050201154500,11049611043157,,,,,2026-04-21 15:45:00,1405-02-01 15:45:00,,faham,93.0,,,,,,,,,,,,,,,,,228.3000030517578,229.5,229.8000030517578,0.3199999928474426,0.03999999910593033,0.05000000074505806,,969.0,,,,0,2026-05-29 13:34:00
14050201160000,11049611043157,,,,,2026-04-21 16:00:00,1405-02-01 16:00:00,,faham,95.0,,,,,,,,,,,,,,,,,228.89999389648438,230.10000610351562,230.39999389648438,0.3199999928474426,0.03999999910593033,0.05000000074505806,,971.0,,,,0,2026-05-29 13:34:00
14050201161500,11049611043157,,,,,2026-04-21 16:15:00,1405-02-01 16:15:00,,faham,93.0,,,,,,,,,,,,,,,,,230.3000030517578,231.6999969482422,231.89999389648438,0.3199999928474426,0.03999999910593033,0.05000000074505806,,964.0,,,,0,2026-05-29 13:39:00
14050201163000,11049611043157,,,,,2026-04-21 16:30:00,1405-02-01 16:30:00,,faham,95.0,,,,,,,,,,,,,,,,,230.60000610351562,232.0,232.10000610351562,0.3199999928474426,0.03999999910593033,0.05000000074505806,,970.0,,,,0,2026-05-29 13:39:00
14050201164500,11049611043157,,,,,2026-04-21 16:45:00,1405-02-01 16:45:00,,faham,96.0,,,,,,,,,,,,,,,,,230.8000030517578,232.1999969482422,232.3000030517578,0.3199999928474426,0.03999999910593033,0.05000000074505806,,971.0,,,,0,2026-05-29 13:43:00
14050201170000,11049611043157,,,,,2026-04-21 17:00:00,1405-02-01 17:00:00,,faham,96.0,,,,,,,,,,,,,,,,,230.6999969482422,232.3000030517578,232.39999389648438,0.3199999928474426,0.03999999910593033,0.05000000074505806,,969.0,,,,0,2026-05-29 13:43:00
14050201171500,11049611043157,,,,,2026-04-21 17:15:00,1405-02-01 17:15:00,,faham,99.0,,,,,,,,,,,,,,,,,231.6999969482422,233.1999969482422,233.1999969482422,0.3199999928474426,0.03999999910593033,0.05999999865889549,,977.0,,,,0,2026-05-29 13:48:00
14050201173000,11049611043157,,,,,2026-04-21 17:30:00,1405-02-01 17:30:00,,faham,94.0,,,,,,,,,,,,,,,,,231.89999389648438,233.3000030517578,233.5,0.3199999928474426,0.03999999910593033,0.05000000074505806,,960.0,,,,128,2026-05-29 13:48:00
14050201183000,11049611043157,,,,,2026-04-21 18:30:00,1405-02-01 18:30:00,,faham,15.0,,,,,,,,,,,,,,,,,231.1999969482422,105.19999694824219,126.5,0.019999999552965164,0.07999999821186066,0.019999999552965164,,897.0,,,,128,2026-05-29 13:56:00
14050201184500,11049611043157,,,,,2026-04-21 18:45:00,1405-02-01 18:45:00,,faham,19.0,,,,,,,,,,,,,,,,,231.0,107.80000305175781,123.80000305175781,0.019999999552965164,0.07999999821186066,0.05999999865889549,,921.0,,,,128,2026-05-29 14:46:00
14050201193000,11049611043157,,,,,2026-04-21 19:30:00,1405-02-01 19:30:00,,faham,94.0,,,,,,,,,,,,,,,,,230.10000610351562,231.6999969482422,231.5,0.27000001072883606,0.05999999865889549,0.05999999865889549,,987.0,,,,128,2026-05-29 14:51:00
14050201194500,11049611043157,,,,,2026-04-21 19:45:00,1405-02-01 19:45:00,,faham,105.0,,,,,,,,,,,,,,,,,230.0,231.60000610351562,231.39999389648438,0.3199999928474426,0.05000000074505806,0.07000000029802322,,996.0,,,,0,2026-05-29 14:56:00
14050201200000,11049611043157,,,,,2026-04-21 20:00:00,1405-02-01 20:00:00,,faham,97.0,,,,,,,,,,,,,,,,,230.1999969482422,231.6999969482422,231.60000610351562,0.3199999928474426,0.03999999910593033,0.05000000074505806,,973.0,,,,0,2026-05-29 14:56:00
14050201201500,11049611043157,,,,,2026-04-21 20:15:00,1405-02-01 20:15:00,,faham,96.0,,,,,,,,,,,,,,,,,230.3000030517578,231.8000030517578,231.8000030517578,0.3199999928474426,0.03999999910593033,0.05000000074505806,,968.0,,,,0,2026-05-29 15:01:00
14050201203000,11049611043157,,,,,2026-04-21 20:30:00,1405-02-01 20:30:00,,faham,96.0,,,,,,,,,,,,,,,,,230.10000610351562,231.60000610351562,231.60000610351562,0.3199999928474426,0.03999999910593033,0.05000000074505806,,968.0,,,,0,2026-05-29 15:01:00
14050201204500,11049611043157,,,,,2026-04-21 20:45:00,1405-02-01 20:45:00,,faham,95.0,,,,,,,,,,,,,,,,,230.0,231.60000610351562,231.60000610351562,0.3199999928474426,0.03999999910593033,0.05000000074505806,,968.0,,,,0,2026-05-29 15:06:00
14050201210000,11049611043157,,,,,2026-04-21 21:00:00,1405-02-01 21:00:00,,faham,95.0,,,,,,,,,,,,,,,,,230.0,231.60000610351562,231.60000610351562,0.3199999928474426,0.03999999910593033,0.05000000074505806,,968.0,,,,0,2026-05-29 15:06:00
14050201211500,11049611043157,,,,,2026-04-21 21:15:00,1405-02-01 21:15:00,,faham,96.0,,,,,,,,,,,,,,,,,230.60000610351562,232.1999969482422,232.1999969482422,0.3199999928474426,0.03999999910593033,0.05000000074505806,,967.0,,,,0,2026-05-29 15:11:00
14050201213000,11049611043157,,,,,2026-04-21 21:30:00,1405-02-01 21:30:00,,faham,100.0,,,,,,,,,,,,,,,,,231.0,232.60000610351562,232.5,0.3199999928474426,0.03999999910593033,0.05999999865889549,,981.0,,,,0,2026-05-29 15:11:00
14050201214500,11049611043157,,,,,2026-04-21 21:45:00,1405-02-01 21:45:00,,faham,95.0,,,,,,,,,,,,,,,,,231.1999969482422,232.6999969482422,232.8000030517578,0.3199999928474426,0.03999999910593033,0.05000000074505806,,965.0,,,,0,2026-05-29 15:17:00
14050201220000,11049611043157,,,,,2026-04-21 22:00:00,1405-02-01 22:00:00,,faham,95.0,,,,,,,,,,,,,,,,,231.10000610351562,232.6999969482422,232.6999969482422,0.3199999928474426,0.03999999910593033,0.05000000074505806,,967.0,,,,0,2026-05-29 15:17:00
14050201221500,11049611043157,,,,,2026-04-21 22:15:00,1405-02-01 22:15:00,,faham,96.0,,,,,,,,,,,,,,,,,231.5,233.10000610351562,233.0,0.3199999928474426,0.03999999910593033,0.05000000074505806,,967.0,,,,0,2026-05-29 15:23:00
14050201223000,11049611043157,,,,,2026-04-21 22:30:00,1405-02-01 22:30:00,,faham,97.0,,,,,,,,,,,,,,,,,232.10000610351562,233.6999969482422,233.60000610351562,0.3199999928474426,0.03999999910593033,0.05000000074505806,,967.0,,,,0,2026-05-29 15:23:00
14050201224500,11049611043157,,,,,2026-04-21 22:45:00,1405-02-01 22:45:00,,faham,96.0,,,,,,,,,,,,,,,,,232.10000610351562,233.6999969482422,233.60000610351562,0.3199999928474426,0.03999999910593033,0.05000000074505806,,964.0,,,,0,2026-05-29 15:28:00
14050201230000,11049611043157,,,,,2026-04-21 23:00:00,1405-02-01 23:00:00,,faham,95.0,,,,,,,,,,,,,,,,,230.39999389648438,231.89999389648438,231.8000030517578,0.3199999928474426,0.03999999910593033,0.05000000074505806,,965.0,,,,0,2026-05-29 15:28:00
14050201231500,11049611043157,,,,,2026-04-21 23:15:00,1405-02-01 23:15:00,,faham,99.0,,,,,,,,,,,,,,,,,228.8000030517578,230.3000030517578,230.10000610351562,0.3199999928474426,0.03999999910593033,0.05999999865889549,,981.0,,,,0,2026-05-29 15:33:00
14050201233000,11049611043157,,,,,2026-04-21 23:30:00,1405-02-01 23:30:00,,faham,94.0,,,,,,,,,,,,,,,,,228.89999389648438,230.3000030517578,230.3000030517578,0.3199999928474426,0.03999999910593033,0.05000000074505806,,967.0,,,,0,2026-05-29 15:33:00
14050201234500,11049611043157,,,,,2026-04-21 23:45:00,1405-02-01 23:45:00,,faham,94.0,,,,,,,,,,,,,,,,,229.1999969482422,230.60000610351562,230.60000610351562,0.3199999928474426,0.03999999910593033,0.05000000074505806,,967.0,,,,0,2026-05-29 15:39:00
14050201000000,11049711096651,,,,,2026-04-21 00:00:00,1405-02-01 00:00:00,,faham,0.0,,,,,,,,,,,,,,,0.0,0.0,233.60000610351562,233.3000030517578,234.8000030517578,0.0,0.0,0.0,0.0,489.0,0.0,0.0,0,0,2026-05-29 10:51:00
14050201001500,11049711096651,,,,,2026-04-21 00:15:00,1405-02-01 00:15:00,,faham,0.0,,,,,,,,,,,,,,,0.0,0.0,233.89999389648438,233.60000610351562,235.0,0.0,0.0,0.0,0.0,841.0,0.0,0.0,0,0,2026-05-29 10:57:00
14050201003000,11049711096651,,,,,2026-04-21 00:30:00,1405-02-01 00:30:00,,faham,0.0,,,,,,,,,,,,,,,0.0,0.0,234.10000610351562,233.89999389648438,235.1999969482422,0.0,0.0,0.0,0.0,457.0,0.0,0.0,0,0,2026-05-29 10:57:00
14050201004500,11049711096651,,,,,2026-04-21 00:45:00,1405-02-01 00:45:00,,faham,0.0,,,,,,,,,,,,,,,0.0,0.0,233.3000030517578,233.10000610351562,234.39999389648438,0.0,0.0,0.0,0.0,791.0,0.0,0.0,0,0,2026-05-29 11:03:00
14050201010000,11049711096651,,,,,2026-04-21 01:00:00,1405-02-01 01:00:00,,faham,0.0,,,,,,,,,,,,,,,0.0,0.0,231.3000030517578,231.10000610351562,232.5,0.0,0.0,0.0,0.0,601.0,0.0,0.0,0,0,2026-05-29 11:03:00
14050201011500,11049711096651,,,,,2026-04-21 01:15:00,1405-02-01 01:15:00,,faham,0.0,,,,,,,,,,,,,,,0.0,0.0,230.3000030517578,230.0,231.3000030517578,0.0,0.0,0.0,0.0,944.0,0.0,0.0,0,0,2026-05-29 11:09:00
14050201013000,11049711096651,,,,,2026-04-21 01:30:00,1405-02-01 01:30:00,,faham,0.0,,,,,,,,,,,,,,,0.0,0.0,230.60000610351562,230.3000030517578,231.60000610351562,0.0,0.0,0.0,0.0,932.0,0.0,0.0,0,0,2026-05-29 11:09:00
14050201014500,11049711096651,,,,,2026-04-21 01:45:00,1405-02-01 01:45:00,,faham,0.0,,,,,,,,,,,,,,,0.0,0.0,230.8000030517578,230.5,231.8000030517578,0.0,0.0,0.0,0.0,677.0,0.0,0.0,0,0,2026-05-29 11:14:00
14050201020000,11049711096651,,,,,2026-04-21 02:00:00,1405-02-01 02:00:00,,faham,0.0,,,,,,,,,,,,,,,0.0,0.0,230.8000030517578,230.5,231.8000030517578,0.0,0.0,0.0,0.0,528.0,0.0,0.0,0,0,2026-05-29 11:14:00
14050201021500,11049711096651,,,,,2026-04-21 02:15:00,1405-02-01 02:15:00,,faham,0.0,,,,,,,,,,,,,,,0.0,0.0,230.6999969482422,230.39999389648438,231.6999969482422,0.0,0.0,0.0,0.0,630.0,0.0,0.0,0,0,2026-05-29 11:19:00
14050201023000,11049711096651,,,,,2026-04-21 02:30:00,1405-02-01 02:30:00,,faham,0.0,,,,,,,,,,,,,,,0.0,0.0,230.3000030517578,230.1999969482422,231.5,0.0,0.0,0.0,0.0,695.0,0.0,0.0,0,0,2026-05-29 11:19:00
14050201024500,11049711096651,,,,,2026-04-21 02:45:00,1405-02-01 02:45:00,,faham,0.0,,,,,,,,,,,,,,,0.0,0.0,230.8000030517578,230.60000610351562,231.89999389648438,0.0,0.0,0.0,0.0,804.0,0.0,0.0,0,0,2026-05-29 11:24:00
14050201030000,11049711096651,,,,,2026-04-21 03:00:00,1405-02-01 03:00:00,,faham,0.0,,,,,,,,,,,,,,,0.0,0.0,230.8000030517578,230.5,231.8000030517578,0.0,0.0,0.0,0.0,681.0,0.0,0.0,0,0,2026-05-29 11:24:00
14050201031500,11049711096651,,,,,2026-04-21 03:15:00,1405-02-01 03:15:00,,faham,0.0,,,,,,,,,,,,,,,0.0,0.0,230.3000030517578,229.89999389648438,231.1999969482422,0.0,0.0,0.0,0.0,625.0,0.0,0.0,0,0,2026-05-29 11:28:00
14050201033000,11049711096651,,,,,2026-04-21 03:30:00,1405-02-01 03:30:00,,faham,0.0,,,,,,,,,,,,,,,0.0,0.0,230.39999389648438,230.0,231.39999389648438,0.0,0.0,0.0,0.0,586.0,0.0,0.0,0,0,2026-05-29 11:28:00
14050201034500,11049711096651,,,,,2026-04-21 03:45:00,1405-02-01 03:45:00,,faham,0.0,,,,,,,,,,,,,,,0.0,0.0,230.5,230.1999969482422,231.5,0.0,0.0,0.0,0.0,924.0,0.0,0.0,0,0,2026-05-29 11:34:00
14050201040000,11049711096651,,,,,2026-04-21 04:00:00,1405-02-01 04:00:00,,faham,0.0,,,,,,,,,,,,,,,0.0,0.0,230.60000610351562,230.39999389648438,231.8000030517578,0.0,0.0,0.0,0.0,921.0,0.0,0.0,0,0,2026-05-29 11:34:00
14050201041500,11049711096651,,,,,2026-04-21 04:15:00,1405-02-01 04:15:00,,faham,0.0,,,,,,,,,,,,,,,0.0,0.0,230.60000610351562,230.39999389648438,231.6999969482422,0.0,0.0,0.0,0.0,931.0,0.0,0.0,0,0,2026-05-29 11:39:00
14050201043000,11049711096651,,,,,2026-04-21 04:30:00,1405-02-01 04:30:00,,faham,0.0,,,,,,,,,,,,,,,0.0,0.0,230.5,230.3000030517578,231.60000610351562,0.0,0.0,0.0,0.0,673.0,0.0,0.0,0,0,2026-05-29 11:39:00
14050201044500,11049711096651,,,,,2026-04-21 04:45:00,1405-02-01 04:45:00,,faham,0.0,,,,,,,,,,,,,,,0.0,0.0,230.89999389648438,230.8000030517578,232.1999969482422,0.0,0.0,0.0,0.0,853.0,0.0,0.0,0,0,2026-05-29 11:43:00
14050201050000,11049711096651,,,,,2026-04-21 05:00:00,1405-02-01 05:00:00,,faham,0.0,,,,,,,,,,,,,,,0.0,0.0,230.89999389648438,230.8000030517578,232.3000030517578,0.0,0.0,0.0,0.0,935.0,0.0,0.0,0,0,2026-05-29 11:43:00
14050201051500,11049711096651,,,,,2026-04-21 05:15:00,1405-02-01 05:15:00,,faham,0.0,,,,,,,,,,,,,,,0.0,0.0,230.39999389648438,230.3000030517578,231.8000030517578,0.0,0.0,0.0,0.0,917.0,0.0,0.0,0,0,2026-05-29 11:48:00
14050201053000,11049711096651,,,,,2026-04-21 05:30:00,1405-02-01 05:30:00,,faham,0.0,,,,,,,,,,,,,,,0.0,0.0,230.89999389648438,230.8000030517578,232.1999969482422,0.0,0.0,0.0,0.0,847.0,0.0,0.0,0,0,2026-05-29 11:48:00
14050201054500,11049711096651,,,,,2026-04-21 05:45:00,1405-02-01 05:45:00,,faham,0.0,,,,,,,,,,,,,,,0.0,0.0,231.3000030517578,231.10000610351562,232.60000610351562,0.0,0.0,0.0,0.0,688.0,0.0,0.0,0,0,2026-05-29 11:53:00
14050201060000,11049711096651,,,,,2026-04-21 06:00:00,1405-02-01 06:00:00,,faham,0.0,,,,,,,,,,,,,,,0.0,0.0,231.10000610351562,231.0,232.3000030517578,0.0,0.0,0.0,0.0,900.0,0.0,0.0,0,0,2026-05-29 11:53:00
14050201061500,11049711096651,,,,,2026-04-21 06:15:00,1405-02-01 06:15:00,,faham,0.0,,,,,,,,,,,,,,,0.0,0.0,230.6999969482422,230.6999969482422,232.0,0.0,0.0,0.0,0.0,618.0,0.0,0.0,0,0,2026-05-29 11:58:00
14050201063000,11049711096651,,,,,2026-04-21 06:30:00,1405-02-01 06:30:00,,faham,0.0,,,,,,,,,,,,,,,0.0,0.0,230.1999969482422,230.10000610351562,231.39999389648438,0.0,0.0,0.0,0.0,701.0,0.0,0.0,0,0,2026-05-29 11:58:00
14050201064500,11049711096651,,,,,2026-04-21 06:45:00,1405-02-01 06:45:00,,faham,0.0,,,,,,,,,,,,,,,0.0,0.0,229.89999389648438,229.6999969482422,231.10000610351562,0.0,0.0,0.0,0.0,806.0,0.0,0.0,0,0,2026-05-29 12:03:00
14050201070000,11049711096651,,,,,2026-04-21 07:00:00,1405-02-01 07:00:00,,faham,0.0,,,,,,,,,,,,,,,0.0,0.0,230.60000610351562,230.39999389648438,231.6999969482422,0.0,0.0,0.0,0.0,625.0,0.0,0.0,0,0,2026-05-29 12:03:00
14050201071500,11049711096651,,,,,2026-04-21 07:15:00,1405-02-01 07:15:00,,faham,0.0,,,,,,,,,,,,,,,0.0,0.0,230.5,230.1999969482422,231.5,0.0,0.0,0.0,0.0,948.0,0.0,0.0,0,0,2026-05-29 12:08:00
14050201073000,11049711096651,,,,,2026-04-21 07:30:00,1405-02-01 07:30:00,,faham,0.0,,,,,,,,,,,,,,,0.0,0.0,229.60000610351562,229.39999389648438,230.8000030517578,0.0,0.0,0.0,0.0,569.0,0.0,0.0,0,0,2026-05-29 12:08:00
14050201074500,11049711096651,,,,,2026-04-21 07:45:00,1405-02-01 07:45:00,,faham,0.0,,,,,,,,,,,,,,,0.0,0.0,229.0,228.6999969482422,230.3000030517578,0.0,0.0,0.0,0.0,690.0,0.0,0.0,0,0,2026-05-29 12:13:00
14050201080000,11049711096651,,,,,2026-04-21 08:00:00,1405-02-01 08:00:00,,faham,0.0,,,,,,,,,,,,,,,0.0,0.0,229.89999389648438,229.60000610351562,231.3000030517578,0.0,0.0,0.0,0.0,604.0,0.0,0.0,0,0,2026-05-29 12:13:00
14050201081500,11049711096651,,,,,2026-04-21 08:15:00,1405-02-01 08:15:00,,faham,0.0,,,,,,,,,,,,,,,0.0,0.0,231.60000610351562,231.3000030517578,233.0,0.0,0.0,0.0,0.0,497.0,0.0,0.0,0,0,2026-05-29 12:18:00
14050201083000,11049711096651,,,,,2026-04-21 08:30:00,1405-02-01 08:30:00,,faham,0.0,,,,,,,,,,,,,,,0.0,0.0,232.0,231.6999969482422,233.39999389648438,0.0,0.0,0.0,0.0,473.0,0.0,0.0,0,0,2026-05-29 12:18:00
14050201084500,11049711096651,,,,,2026-04-21 08:45:00,1405-02-01 08:45:00,,faham,0.0,,,,,,,,,,,,,,,0.0,0.0,232.39999389648438,232.1999969482422,233.89999389648438,0.0,0.0,0.0,0.0,560.0,0.0,0.0,0,0,2026-05-29 12:23:00
14050201090000,11049711096651,,,,,2026-04-21 09:00:00,1405-02-01 09:00:00,,faham,0.0,,,,,,,,,,,,,,,0.0,0.0,231.60000610351562,231.3000030517578,233.10000610351562,0.0,0.0,0.0,0.0,713.0,0.0,0.0,0,0,2026-05-29 12:23:00
14050201091500,11049711096651,,,,,2026-04-21 09:15:00,1405-02-01 09:15:00,,faham,0.0,,,,,,,,,,,,,,,0.0,0.0,231.39999389648438,231.10000610351562,232.8000030517578,0.0,0.0,0.0,0.0,502.0,0.0,0.0,0,0,2026-05-29 12:28:00
14050201093000,11049711096651,,,,,2026-04-21 09:30:00,1405-02-01 09:30:00,,faham,0.0,,,,,,,,,,,,,,,0.0,0.0,232.5,232.1999969482422,233.89999389648438,0.0,0.0,0.0,0.0,463.0,0.0,0.0,0,0,2026-05-29 12:28:00
14050201094500,11049711096651,,,,,2026-04-21 09:45:00,1405-02-01 09:45:00,,faham,0.0,,,,,,,,,,,,,,,0.0,0.0,232.60000610351562,232.3000030517578,233.89999389648438,0.0,0.0,0.0,0.0,503.0,0.0,0.0,0,0,2026-05-29 12:33:00
14050201100000,11049711096651,,,,,2026-04-21 10:00:00,1405-02-01 10:00:00,,faham,0.0,,,,,,,,,,,,,,,0.0,0.0,233.10000610351562,232.8000030517578,234.5,0.0,0.0,0.0,0.0,899.0,0.0,0.0,0,0,2026-05-29 12:33:00
14050201101500,11049711096651,,,,,2026-04-21 10:15:00,1405-02-01 10:15:00,,faham,0.0,,,,,,,,,,,,,,,0.0,0.0,230.89999389648438,230.6999969482422,232.1999969482422,0.0,0.0,0.0,0.0,951.0,0.0,0.0,0,0,2026-05-29 12:39:00
14050201103000,11049711096651,,,,,2026-04-21 10:30:00,1405-02-01 10:30:00,,faham,0.0,,,,,,,,,,,,,,,0.0,0.0,232.89999389648438,232.60000610351562,234.3000030517578,0.0,0.0,0.0,0.0,905.0,0.0,0.0,0,0,2026-05-29 12:39:00
14050201104500,11049711096651,,,,,2026-04-21 10:45:00,1405-02-01 10:45:00,,faham,0.0,,,,,,,,,,,,,,,0.0,0.0,232.6999969482422,232.3000030517578,233.89999389648438,0.0,0.0,0.0,0.0,932.0,0.0,0.0,0,0,2026-05-29 12:43:00
14050201110000,11049711096651,,,,,2026-04-21 11:00:00,1405-02-01 11:00:00,,faham,0.0,,,,,,,,,,,,,,,0.0,0.0,232.60000610351562,232.10000610351562,233.8000030517578,0.0,0.0,0.0,0.0,877.0,0.0,0.0,0,0,2026-05-29 12:43:00
14050201111500,11049711096651,,,,,2026-04-21 11:15:00,1405-02-01 11:15:00,,faham,0.0,,,,,,,,,,,,,,,0.0,0.0,232.89999389648438,232.5,234.0,0.0,0.0,0.0,0.0,469.0,0.0,0.0,0,0,2026-05-29 12:49:00
14050201113000,11049711096651,,,,,2026-04-21 11:30:00,1405-02-01 11:30:00,,faham,0.0,,,,,,,,,,,,,,,0.0,0.0,232.6999969482422,232.3000030517578,233.89999389648438,0.0,0.0,0.0,0.0,513.0,0.0,0.0,0,0,2026-05-29 12:49:00
14050201114500,11049711096651,,,,,2026-04-21 11:45:00,1405-02-01 11:45:00,,faham,0.0,,,,,,,,,,,,,,,0.0,0.0,232.8000030517578,232.1999969482422,233.8000030517578,0.0,0.0,0.0,0.0,580.0,0.0,0.0,0,0,2026-05-29 12:53:00
14050201120000,11049711096651,,,,,2026-04-21 12:00:00,1405-02-01 12:00:00,,faham,0.0,,,,,,,,,,,,,,,0.0,0.0,233.39999389648438,232.89999389648438,234.60000610351562,0.0,0.0,0.0,0.0,922.0,0.0,0.0,0,0,2026-05-29 12:53:00
14050201121500,11049711096651,,,,,2026-04-21 12:15:00,1405-02-01 12:15:00,,faham,0.0,,,,,,,,,,,,,,,0.0,0.0,233.8000030517578,233.3000030517578,235.10000610351562,0.0,0.0,0.0,0.0,590.0,0.0,0.0,0,0,2026-05-29 12:58:00
14050201123000,11049711096651,,,,,2026-04-21 12:30:00,1405-02-01 12:30:00,,faham,0.0,,,,,,,,,,,,,,,0.0,0.0,233.0,232.39999389648438,234.1999969482422,0.0,0.0,0.0,0.0,511.0,0.0,0.0,0,0,2026-05-29 12:58:00
14050201124500,11049711096651,,,,,2026-04-21 12:45:00,1405-02-01 12:45:00,,faham,0.0,,,,,,,,,,,,,,,0.0,0.0,232.10000610351562,231.60000610351562,233.3000030517578,0.0,0.0,0.0,0.0,488.0,0.0,0.0,0,0,2026-05-29 13:03:00
14050201130000,11049711096651,,,,,2026-04-21 13:00:00,1405-02-01 13:00:00,,faham,0.0,,,,,,,,,,,,,,,0.0,0.0,232.39999389648438,231.8000030517578,233.60000610351562,0.0,0.0,0.0,0.0,442.0,0.0,0.0,0,0,2026-05-29 13:03:00
14050201131500,11049711096651,,,,,2026-04-21 13:15:00,1405-02-01 13:15:00,,faham,0.0,,,,,,,,,,,,,,,0.0,0.0,233.3000030517578,232.8000030517578,234.3000030517578,0.0,0.0,0.0,0.0,486.0,0.0,0.0,0,0,2026-05-29 13:09:00
14050201133000,11049711096651,,,,,2026-04-21 13:30:00,1405-02-01 13:30:00,,faham,0.0,,,,,,,,,,,,,,,0.0,0.0,232.6999969482422,232.0,233.89999389648438,0.0,0.0,0.0,0.0,936.0,0.0,0.0,0,0,2026-05-29 13:09:00
14050201134500,11049711096651,,,,,2026-04-21 13:45:00,1405-02-01 13:45:00,,faham,0.0,,,,,,,,,,,,,,,0.0,0.0,231.39999389648438,230.5,232.8000030517578,0.0,0.0,0.0,0.0,648.0,0.0,0.0,0,0,2026-05-29 13:13:00
14050201140000,11049711096651,,,,,2026-04-21 14:00:00,1405-02-01 14:00:00,,faham,0.0,,,,,,,,,,,,,,,0.0,0.0,231.89999389648438,231.10000610351562,233.3000030517578,0.0,0.0,0.0,0.0,778.0,0.0,0.0,0,0,2026-05-29 13:13:00
14050201141500,11049711096651,,,,,2026-04-21 14:15:00,1405-02-01 14:15:00,,faham,0.0,,,,,,,,,,,,,,,0.0,0.0,232.3000030517578,231.5,233.8000030517578,0.0,0.0,0.0,0.0,477.0,0.0,0.0,0,0,2026-05-29 13:19:00
14050201143000,11049711096651,,,,,2026-04-21 14:30:00,1405-02-01 14:30:00,,faham,0.0,,,,,,,,,,,,,,,0.0,0.0,233.0,232.10000610351562,234.3000030517578,0.0,0.0,0.0,0.0,598.0,0.0,0.0,0,0,2026-05-29 13:19:00
14050201144500,11049711096651,,,,,2026-04-21 14:45:00,1405-02-01 14:45:00,,faham,0.0,,,,,,,,,,,,,,,0.0,0.0,233.5,232.60000610351562,235.0,0.0,0.0,0.0,0.0,652.0,0.0,0.0,0,0,2026-05-29 13:24:00
14050201150000,11049711096651,,,,,2026-04-21 15:00:00,1405-02-01 15:00:00,,faham,0.0,,,,,,,,,,,,,,,0.0,0.0,233.6999969482422,232.8000030517578,235.10000610351562,0.0,0.0,0.0,0.0,591.0,0.0,0.0,0,0,2026-05-29 13:24:00
14050201151500,11049711096651,,,,,2026-04-21 15:15:00,1405-02-01 15:15:00,,faham,0.0,,,,,,,,,,,,,,,0.0,0.0,233.39999389648438,232.5,234.89999389648438,0.0,0.0,0.0,0.0,705.0,0.0,0.0,0,0,2026-05-29 13:30:00
14050201153000,11049711096651,,,,,2026-04-21 15:30:00,1405-02-01 15:30:00,,faham,0.0,,,,,,,,,,,,,,,0.0,0.0,233.39999389648438,232.5,234.89999389648438,0.0,0.0,0.0,0.0,458.0,0.0,0.0,0,0,2026-05-29 13:30:00
14050201154500,11049711096651,,,,,2026-04-21 15:45:00,1405-02-01 15:45:00,,faham,0.0,,,,,,,,,,,,,,,0.0,0.0,233.3000030517578,232.39999389648438,234.6999969482422,0.0,0.0,0.0,0.0,638.0,0.0,0.0,0,0,2026-05-29 13:34:00
14050201160000,11049711096651,,,,,2026-04-21 16:00:00,1405-02-01 16:00:00,,faham,0.0,,,,,,,,,,,,,,,0.0,0.0,233.60000610351562,232.8000030517578,235.1999969482422,0.0,0.0,0.0,0.0,658.0,0.0,0.0,0,0,2026-05-29 13:34:00
14050201161500,11049711096651,,,,,2026-04-21 16:15:00,1405-02-01 16:15:00,,faham,0.0,,,,,,,,,,,,,,,0.0,0.0,234.10000610351562,233.3000030517578,235.5,0.0,0.0,0.0,0.0,529.0,0.0,0.0,0,0,2026-05-29 13:39:00
14050201163000,11049711096651,,,,,2026-04-21 16:30:00,1405-02-01 16:30:00,,faham,0.0,,,,,,,,,,,,,,,0.0,0.0,233.10000610351562,232.5,234.60000610351562,0.0,0.0,0.0,0.0,706.0,0.0,0.0,0,0,2026-05-29 13:39:00
14050201164500,11049711096651,,,,,2026-04-21 16:45:00,1405-02-01 16:45:00,,faham,0.0,,,,,,,,,,,,,,,0.0,0.0,232.1999969482422,231.5,233.6999969482422,0.0,0.0,0.0,0.0,603.0,0.0,0.0,0,0,2026-05-29 13:43:00
14050201170000,11049711096651,,,,,2026-04-21 17:00:00,1405-02-01 17:00:00,,faham,0.0,,,,,,,,,,,,,,,0.0,0.0,230.6999969482422,230.60000610351562,232.60000610351562,0.0,0.0,0.0,0.0,470.0,0.0,0.0,0,0,2026-05-29 13:43:00
14050201171500,11049711096651,,,,,2026-04-21 17:15:00,1405-02-01 17:15:00,,faham,0.0,,,,,,,,,,,,,,,0.0,0.0,233.0,232.3000030517578,234.60000610351562,0.0,0.0,0.0,0.0,744.0,0.0,0.0,0,0,2026-05-29 13:48:00
14050201173000,11049711096651,,,,,2026-04-21 17:30:00,1405-02-01 17:30:00,,faham,0.0,,,,,,,,,,,,,,,0.0,0.0,233.1999969482422,232.60000610351562,234.89999389648438,0.0,0.0,0.0,0.0,608.0,0.0,0.0,0,0,2026-05-29 13:48:00
14050201174500,11049711096651,,,,,2026-04-21 17:45:00,1405-02-01 17:45:00,,faham,0.0,,,,,,,,,,,,,,,0.0,0.0,233.39999389648438,232.8000030517578,235.0,0.0,0.0,0.0,0.0,708.0,0.0,0.0,0,0,2026-05-29 13:53:00
14050201180000,11049711096651,,,,,2026-04-21 18:00:00,1405-02-01 18:00:00,,faham,0.0,,,,,,,,,,,,,,,0.0,0.0,232.3,232.2,234.0,0.0,0.0,0.0,0.0,532.0,0.0,0.0,0,0,
14050201181500,11049711096651,,,,,2026-04-21 18:15:00,1405-02-01 18:15:00,,faham,0.0,,,,,,,,,,,,,,,0.0,0.0,233.1999969482422,233.39999389648438,234.6999969482422,0.0,0.0,0.0,0.0,942.0,0.0,0.0,0,0,2026-05-29 13:56:00
14050201183000,11049711096651,,,,,2026-04-21 18:30:00,1405-02-01 18:30:00,,faham,0.0,,,,,,,,,,,,,,,0.0,0.0,231.8000030517578,231.5,233.1999969482422,0.0,0.0,0.0,0.0,941.0,0.0,0.0,0,0,2026-05-29 13:56:00
14050201184500,11049711096651,,,,,2026-04-21 18:45:00,1405-02-01 18:45:00,,faham,0.0,,,,,,,,,,,,,,,0.0,0.0,230.3000030517578,229.6999969482422,231.6999969482422,0.0,0.0,0.0,0.0,630.0,0.0,0.0,0,0,2026-05-29 14:46:00
14050201190000,11049711096651,,,,,2026-04-21 19:00:00,1405-02-01 19:00:00,,faham,0.0,,,,,,,,,,,,,,,0.0,0.0,230.0,229.39999389648438,231.39999389648438,0.0,0.0,0.0,0.0,931.0,0.0,0.0,0,0,2026-05-29 14:46:00
14050201191500,11049711096651,,,,,2026-04-21 19:15:00,1405-02-01 19:15:00,,faham,0.0,,,,,,,,,,,,,,,0.0,0.0,231.39999389648438,230.89999389648438,232.89999389648438,0.0,0.0,0.0,0.0,569.0,0.0,0.0,0,0,2026-05-29 14:51:00
14050201193000,11049711096651,,,,,2026-04-21 19:30:00,1405-02-01 19:30:00,,faham,0.0,,,,,,,,,,,,,,,0.0,0.0,233.6999969482422,233.1999969482422,235.10000610351562,0.0,0.0,0.0,0.0,937.0,0.0,0.0,0,0,2026-05-29 14:51:00
14050201194500,11049711096651,,,,,2026-04-21 19:45:00,1405-02-01 19:45:00,,faham,0.0,,,,,,,,,,,,,,,0.0,0.0,233.5,233.0,235.0,0.0,0.0,0.0,0.0,917.0,0.0,0.0,0,0,2026-05-29 14:56:00
14050201200000,11049711096651,,,,,2026-04-21 20:00:00,1405-02-01 20:00:00,,faham,0.0,,,,,,,,,,,,,,,0.0,0.0,233.8000030517578,233.3000030517578,235.3000030517578,0.0,0.0,0.0,0.0,589.0,0.0,0.0,0,0,2026-05-29 14:56:00
14050201201500,11049711096651,,,,,2026-04-21 20:15:00,1405-02-01 20:15:00,,faham,0.0,,,,,,,,,,,,,,,0.0,0.0,234.10000610351562,233.60000610351562,235.6999969482422,0.0,0.0,0.0,0.0,935.0,0.0,0.0,0,0,2026-05-29 15:01:00
14050201203000,11049711096651,,,,,2026-04-21 20:30:00,1405-02-01 20:30:00,,faham,0.0,,,,,,,,,,,,,,,0.0,0.0,234.0,233.60000610351562,235.6999969482422,0.0,0.0,0.0,0.0,946.0,0.0,0.0,0,0,2026-05-29 15:01:00
14050201204500,11049711096651,,,,,2026-04-21 20:45:00,1405-02-01 20:45:00,,faham,0.0,,,,,,,,,,,,,,,0.0,0.0,234.1999969482422,233.6999969482422,235.6999969482422,0.0,0.0,0.0,0.0,563.0,0.0,0.0,0,0,2026-05-29 15:06:00
14050201210000,11049711096651,,,,,2026-04-21 21:00:00,1405-02-01 21:00:00,,faham,0.0,,,,,,,,,,,,,,,0.0,0.0,233.89999389648438,233.5,235.5,0.0,0.0,0.0,0.0,722.0,0.0,0.0,0,0,2026-05-29 15:06:00
14050201211500,11049711096651,,,,,2026-04-21 21:15:00,1405-02-01 21:15:00,,faham,0.0,,,,,,,,,,,,,,,0.0,0.0,234.3000030517578,233.89999389648438,235.89999389648438,0.0,0.0,0.0,0.0,931.0,0.0,0.0,0,0,2026-05-29 15:11:00
14050201213000,11049711096651,,,,,2026-04-21 21:30:00,1405-02-01 21:30:00,,faham,0.0,,,,,,,,,,,,,,,0.0,0.0,234.60000610351562,234.10000610351562,236.10000610351562,0.0,0.0,0.0,0.0,482.0,0.0,0.0,0,0,2026-05-29 15:11:00
14050201214500,11049711096651,,,,,2026-04-21 21:45:00,1405-02-01 21:45:00,,faham,0.0,,,,,,,,,,,,,,,0.0,0.0,233.6999969482422,233.3000030517578,235.10000610351562,0.0,0.0,0.0,0.0,728.0,0.0,0.0,0,0,2026-05-29 15:17:00
14050201220000,11049711096651,,,,,2026-04-21 22:00:00,1405-02-01 22:00:00,,faham,0.0,,,,,,,,,,,,,,,0.0,0.0,233.6999969482422,233.1999969482422,235.10000610351562,0.0,0.0,0.0,0.0,843.0,0.0,0.0,0,0,2026-05-29 15:17:00
14050201221500,11049711096651,,,,,2026-04-21 22:15:00,1405-02-01 22:15:00,,faham,0.0,,,,,,,,,,,,,,,0.0,0.0,234.10000610351562,233.6999969482422,235.60000610351562,0.0,0.0,0.0,0.0,478.0,0.0,0.0,0,0,2026-05-29 15:23:00
14050201223000,11049711096651,,,,,2026-04-21 22:30:00,1405-02-01 22:30:00,,faham,0.0,,,,,,,,,,,,,,,0.0,0.0,232.5,232.10000610351562,233.89999389648438,0.0,0.0,0.0,0.0,779.0,0.0,0.0,0,0,2026-05-29 15:23:00
14050201224500,11049711096651,,,,,2026-04-21 22:45:00,1405-02-01 22:45:00,,faham,0.0,,,,,,,,,,,,,,,0.0,0.0,231.5,231.10000610351562,232.89999389648438,0.0,0.0,0.0,0.0,538.0,0.0,0.0,0,0,2026-05-29 15:28:00
14050201230000,11049711096651,,,,,2026-04-21 23:00:00,1405-02-01 23:00:00,,faham,0.0,,,,,,,,,,,,,,,0.0,0.0,232.10000610351562,231.60000610351562,233.39999389648438,0.0,0.0,0.0,0.0,735.0,0.0,0.0,0,0,2026-05-29 15:28:00
14050201231500,11049711096651,,,,,2026-04-21 23:15:00,1405-02-01 23:15:00,,faham,0.0,,,,,,,,,,,,,,,0.0,0.0,232.3000030517578,231.60000610351562,233.39999389648438,0.0,0.0,0.0,0.0,902.0,0.0,0.0,0,0,2026-05-29 15:33:00
14050201233000,11049711096651,,,,,2026-04-21 23:30:00,1405-02-01 23:30:00,,faham,0.0,,,,,,,,,,,,,,,0.0,0.0,232.3000030517578,231.60000610351562,233.39999389648438,0.0,0.0,0.0,0.0,904.0,0.0,0.0,0,0,2026-05-29 15:33:00
14050201234500,11049711096651,,,,,2026-04-21 23:45:00,1405-02-01 23:45:00,,faham,0.0,,,,,,,,,,,,,,,0.0,0.0,232.8000030517578,232.10000610351562,233.8000030517578,0.0,0.0,0.0,0.0,921.0,0.0,0.0,0,0,2026-05-29 15:39:00
14050201000000,11049711103453,,,,,2026-04-21 00:00:00,1405-02-01 00:00:00,,faham,0.0,,,,,,,,,,,,,,,,,220.6999969482422,221.60000610351562,220.89999389648438,0.0,0.0,0.0,,823.0,,,,0,2026-05-29 10:51:00
14050201001500,11049711103453,,,,,2026-04-21 00:15:00,1405-02-01 00:15:00,,faham,0.0,,,,,,,,,,,,,,,,,220.8000030517578,221.60000610351562,220.8000030517578,0.0,0.0,0.0,,821.0,,,,0,2026-05-29 10:57:00
14050201003000,11049711103453,,,,,2026-04-21 00:30:00,1405-02-01 00:30:00,,faham,0.0,,,,,,,,,,,,,,,,,221.39999389648438,222.1999969482422,221.3000030517578,0.0,0.0,0.0,,808.0,,,,0,2026-05-29 10:57:00
14050201004500,11049711103453,,,,,2026-04-21 00:45:00,1405-02-01 00:45:00,,faham,0.0,,,,,,,,,,,,,,,,,221.6999969482422,222.60000610351562,221.8000030517578,0.0,0.0,0.0,,817.0,,,,0,2026-05-29 11:03:00
14050201010000,11049711103453,,,,,2026-04-21 01:00:00,1405-02-01 01:00:00,,faham,0.0,,,,,,,,,,,,,,,,,222.1999969482422,222.89999389648438,222.10000610351562,0.0,0.0,0.0,,803.0,,,,0,2026-05-29 11:03:00
14050201011500,11049711103453,,,,,2026-04-21 01:15:00,1405-02-01 01:15:00,,faham,0.0,,,,,,,,,,,,,,,,,222.10000610351562,222.6999969482422,221.89999389648438,0.0,0.0,0.0,,813.0,,,,0,2026-05-29 11:09:00
14050201013000,11049711103453,,,,,2026-04-21 01:30:00,1405-02-01 01:30:00,,faham,0.0,,,,,,,,,,,,,,,,,222.39999389648438,223.10000610351562,222.1999969482422,0.0,0.0,0.0,,806.0,,,,0,2026-05-29 11:09:00
14050201014500,11049711103453,,,,,2026-04-21 01:45:00,1405-02-01 01:45:00,,faham,0.0,,,,,,,,,,,,,,,,,222.5,223.10000610351562,222.39999389648438,0.0,0.0,0.0,,805.0,,,,0,2026-05-29 11:14:00
14050201020000,11049711103453,,,,,2026-04-21 02:00:00,1405-02-01 02:00:00,,faham,0.0,,,,,,,,,,,,,,,,,222.60000610351562,223.3000030517578,222.60000610351562,0.0,0.0,0.0,,808.0,,,,0,2026-05-29 11:14:00
14050201021500,11049711103453,,,,,2026-04-21 02:15:00,1405-02-01 02:15:00,,faham,0.0,,,,,,,,,,,,,,,,,222.3000030517578,223.0,222.1999969482422,0.0,0.0,0.0,,818.0,,,,0,2026-05-29 11:19:00
14050201023000,11049711103453,,,,,2026-04-21 02:30:00,1405-02-01 02:30:00,,faham,0.0,,,,,,,,,,,,,,,,,222.1999969482422,223.0,222.1999969482422,0.0,0.0,0.0,,814.0,,,,0,2026-05-29 11:19:00
14050201024500,11049711103453,,,,,2026-04-21 02:45:00,1405-02-01 02:45:00,,faham,0.0,,,,,,,,,,,,,,,,,222.39999389648438,223.1999969482422,222.3000030517578,0.0,0.0,0.0,,813.0,,,,0,2026-05-29 11:24:00
14050201030000,11049711103453,,,,,2026-04-21 03:00:00,1405-02-01 03:00:00,,faham,0.0,,,,,,,,,,,,,,,,,222.5,223.39999389648438,222.60000610351562,0.0,0.0,0.0,,821.0,,,,0,2026-05-29 11:24:00
14050201031500,11049711103453,,,,,2026-04-21 03:15:00,1405-02-01 03:15:00,,faham,0.0,,,,,,,,,,,,,,,,,222.10000610351562,222.89999389648438,222.1999969482422,0.0,0.0,0.0,,821.0,,,,0,2026-05-29 11:28:00
14050201033000,11049711103453,,,,,2026-04-21 03:30:00,1405-02-01 03:30:00,,faham,0.0,,,,,,,,,,,,,,,,,222.1999969482422,223.10000610351562,222.3000030517578,0.0,0.0,0.0,,806.0,,,,0,2026-05-29 11:28:00
14050201034500,11049711103453,,,,,2026-04-21 03:45:00,1405-02-01 03:45:00,,faham,0.0,,,,,,,,,,,,,,,,,222.60000610351562,223.39999389648438,222.6999969482422,0.0,0.0,0.0,,805.0,,,,0,2026-05-29 11:34:00
14050201040000,11049711103453,,,,,2026-04-21 04:00:00,1405-02-01 04:00:00,,faham,0.0,,,,,,,,,,,,,,,,,222.8000030517578,223.6999969482422,223.1999969482422,0.0,0.0,0.0,,804.0,,,,0,2026-05-29 11:34:00
14050201041500,11049711103453,,,,,2026-04-21 04:15:00,1405-02-01 04:15:00,,faham,0.0,,,,,,,,,,,,,,,,,222.8000030517578,223.8000030517578,223.10000610351562,0.0,0.0,0.0,,814.0,,,,0,2026-05-29 11:39:00
14050201043000,11049711103453,,,,,2026-04-21 04:30:00,1405-02-01 04:30:00,,faham,0.0,,,,,,,,,,,,,,,,,222.6999969482422,223.60000610351562,223.0,0.0,0.0,0.0,,802.0,,,,0,2026-05-29 11:39:00
14050201044500,11049711103453,,,,,2026-04-21 04:45:00,1405-02-01 04:45:00,,faham,0.0,,,,,,,,,,,,,,,,,223.10000610351562,224.10000610351562,223.39999389648438,0.0,0.0,0.0,,805.0,,,,0,2026-05-29 11:43:00
14050201050000,11049711103453,,,,,2026-04-21 05:00:00,1405-02-01 05:00:00,,faham,0.0,,,,,,,,,,,,,,,,,223.3000030517578,224.3000030517578,223.8000030517578,0.0,0.0,0.0,,811.0,,,,0,2026-05-29 11:43:00
14050201061500,11049711103453,,,,,2026-04-21 06:15:00,1405-02-01 06:15:00,,faham,0.0,,,,,,,,,,,,,,,,,224.60000610351562,225.6999969482422,224.89999389648438,0.0,0.0,0.0,,815.0,,,,0,2026-05-29 11:58:00
14050201063000,11049711103453,,,,,2026-04-21 06:30:00,1405-02-01 06:30:00,,faham,0.0,,,,,,,,,,,,,,,,,224.6999969482422,225.6999969482422,225.0,0.0,0.0,0.0,,812.0,,,,0,2026-05-29 11:58:00
14050201064500,11049711103453,,,,,2026-04-21 06:45:00,1405-02-01 06:45:00,,faham,0.0,,,,,,,,,,,,,,,,,226.0,227.0,226.39999389648438,0.0,0.0,0.0,,812.0,,,,0,2026-05-29 12:03:00
14050201070000,11049711103453,,,,,2026-04-21 07:00:00,1405-02-01 07:00:00,,faham,0.0,,,,,,,,,,,,,,,,,225.10000610351562,226.10000610351562,225.60000610351562,0.0,0.0,0.0,,819.0,,,,0,2026-05-29 12:03:00
14050201071500,11049711103453,,,,,2026-04-21 07:15:00,1405-02-01 07:15:00,,faham,0.0,,,,,,,,,,,,,,,,,224.1999969482422,225.10000610351562,224.39999389648438,0.0,0.0,0.0,,810.0,,,,0,2026-05-29 12:08:00
14050201073000,11049711103453,,,,,2026-04-21 07:30:00,1405-02-01 07:30:00,,faham,0.0,,,,,,,,,,,,,,,,,224.10000610351562,225.10000610351562,224.39999389648438,0.0,0.0,0.0,,824.0,,,,0,2026-05-29 12:08:00
14050201074500,11049711103453,,,,,2026-04-21 07:45:00,1405-02-01 07:45:00,,faham,0.0,,,,,,,,,,,,,,,,,224.6999969482422,225.60000610351562,225.0,0.0,0.0,0.0,,822.0,,,,0,2026-05-29 12:13:00
14050201080000,11049711103453,,,,,2026-04-21 08:00:00,1405-02-01 08:00:00,,faham,0.0,,,,,,,,,,,,,,,,,224.10000610351562,225.1999969482422,224.5,0.0,0.0,0.0,,813.0,,,,0,2026-05-29 12:13:00
14050201081500,11049711103453,,,,,2026-04-21 08:15:00,1405-02-01 08:15:00,,faham,0.0,,,,,,,,,,,,,,,,,223.8000030517578,225.10000610351562,224.3000030517578,0.0,0.0,0.0,,808.0,,,,0,2026-05-29 12:18:00
14050201083000,11049711103453,,,,,2026-04-21 08:30:00,1405-02-01 08:30:00,,faham,544.0,,,,,,,,,,,,,,,,,222.3000030517578,223.60000610351562,222.8000030517578,0.9599999785423279,1.0,0.9599999785423279,,819.0,,,,0,2026-05-29 12:18:00
14050201084500,11049711103453,,,,,2026-04-21 08:45:00,1405-02-01 08:45:00,,faham,2023.0,,,,,,,,,,,,,,,,,218.6999969482422,219.89999389648438,219.3000030517578,3.5899999141693115,3.7200000286102295,3.609999895095825,,838.0,,,,0,2026-05-29 12:23:00
14050201090000,11049711103453,,,,,2026-04-21 09:00:00,1405-02-01 09:00:00,,faham,2016.0,,,,,,,,,,,,,,,,,219.6999969482422,220.6999969482422,220.1999969482422,3.5799999237060547,3.700000047683716,3.5999999046325684,,835.0,,,,0,2026-05-29 12:23:00
14050201091500,11049711103453,,,,,2026-04-21 09:15:00,1405-02-01 09:15:00,,faham,2016.0,,,,,,,,,,,,,,,,,220.5,221.60000610351562,221.0,3.569999933242798,3.700000047683716,3.5899999141693115,,834.0,,,,0,2026-05-29 12:28:00
14050201093000,11049711103453,,,,,2026-04-21 09:30:00,1405-02-01 09:30:00,,faham,2014.0,,,,,,,,,,,,,,,,,220.10000610351562,221.1999969482422,220.60000610351562,3.569999933242798,3.700000047683716,3.5899999141693115,,834.0,,,,0,2026-05-29 12:28:00
14050201094500,11049711103453,,,,,2026-04-21 09:45:00,1405-02-01 09:45:00,,faham,2010.0,,,,,,,,,,,,,,,,,219.3000030517578,220.3000030517578,219.6999969482422,3.569999933242798,3.690000057220459,3.5899999141693115,,836.0,,,,0,2026-05-29 12:33:00
14050201100000,11049711103453,,,,,2026-04-21 10:00:00,1405-02-01 10:00:00,,faham,2012.0,,,,,,,,,,,,,,,,,218.89999389648438,219.8000030517578,219.3000030517578,3.5799999237060547,3.690000057220459,3.5999999046325684,,838.0,,,,0,2026-05-29 12:33:00
14050201101500,11049711103453,,,,,2026-04-21 10:15:00,1405-02-01 10:15:00,,faham,2017.0,,,,,,,,,,,,,,,,,218.89999389648438,219.89999389648438,219.39999389648438,3.5799999237060547,3.700000047683716,3.5999999046325684,,838.0,,,,0,2026-05-29 12:39:00
14050201103000,11049711103453,,,,,2026-04-21 10:30:00,1405-02-01 10:30:00,,faham,2014.0,,,,,,,,,,,,,,,,,218.60000610351562,219.8000030517578,219.1999969482422,3.569999933242798,3.7100000381469727,3.5999999046325684,,839.0,,,,0,2026-05-29 12:39:00
14050201104500,11049711103453,,,,,2026-04-21 10:45:00,1405-02-01 10:45:00,,faham,2006.0,,,,,,,,,,,,,,,,,218.0,219.10000610351562,218.5,3.569999933242798,3.690000057220459,3.5899999141693115,,839.0,,,,0,2026-05-29 12:43:00
14050201110000,11049711103453,,,,,2026-04-21 11:00:00,1405-02-01 11:00:00,,faham,2011.0,,,,,,,,,,,,,,,,,217.5,218.5,218.10000610351562,3.5799999237060547,3.700000047683716,3.609999895095825,,841.0,,,,0,2026-05-29 12:43:00
14050201111500,11049711103453,,,,,2026-04-21 11:15:00,1405-02-01 11:15:00,,faham,2009.0,,,,,,,,,,,,,,,,,217.60000610351562,218.60000610351562,218.1999969482422,3.569999933242798,3.700000047683716,3.609999895095825,,841.0,,,,0,2026-05-29 12:49:00
14050201113000,11049711103453,,,,,2026-04-21 11:30:00,1405-02-01 11:30:00,,faham,2009.0,,,,,,,,,,,,,,,,,218.1999969482422,219.10000610351562,218.8000030517578,3.569999933242798,3.690000057220459,3.609999895095825,,839.0,,,,0,2026-05-29 12:49:00
14050201114500,11049711103453,,,,,2026-04-21 11:45:00,1405-02-01 11:45:00,,faham,2009.0,,,,,,,,,,,,,,,,,219.3000030517578,220.3000030517578,220.10000610351562,3.549999952316284,3.680000066757202,3.609999895095825,,837.0,,,,0,2026-05-29 12:53:00
14050201120000,11049711103453,,,,,2026-04-21 12:00:00,1405-02-01 12:00:00,,faham,2012.0,,,,,,,,,,,,,,,,,219.0,219.89999389648438,219.6999969482422,3.559999942779541,3.680000066757202,3.619999885559082,,838.0,,,,0,2026-05-29 12:53:00
14050201121500,11049711103453,,,,,2026-04-21 12:15:00,1405-02-01 12:15:00,,faham,2012.0,,,,,,,,,,,,,,,,,219.10000610351562,220.10000610351562,219.6999969482422,3.569999933242798,3.690000057220459,3.609999895095825,,837.0,,,,0,2026-05-29 12:58:00
14050201123000,11049711103453,,,,,2026-04-21 12:30:00,1405-02-01 12:30:00,,faham,2010.0,,,,,,,,,,,,,,,,,219.5,220.39999389648438,220.1999969482422,3.559999942779541,3.680000066757202,3.609999895095825,,837.0,,,,0,2026-05-29 12:58:00
14050201124500,11049711103453,,,,,2026-04-21 12:45:00,1405-02-01 12:45:00,,faham,2004.0,,,,,,,,,,,,,,,,,220.5,221.39999389648438,221.0,3.549999952316284,3.6700000762939453,3.5899999141693115,,833.0,,,,0,2026-05-29 13:03:00
14050201130000,11049711103453,,,,,2026-04-21 13:00:00,1405-02-01 13:00:00,,faham,2012.0,,,,,,,,,,,,,,,,,221.0,221.8000030517578,221.5,3.559999942779541,3.6700000762939453,3.5999999046325684,,833.0,,,,0,2026-05-29 13:03:00
14050201131500,11049711103453,,,,,2026-04-21 13:15:00,1405-02-01 13:15:00,,faham,2015.0,,,,,,,,,,,,,,,,,221.3000030517578,222.1999969482422,221.89999389648438,3.559999942779541,3.680000066757202,3.5999999046325684,,832.0,,,,0,2026-05-29 13:09:00
14050201133000,11049711103453,,,,,2026-04-21 13:30:00,1405-02-01 13:30:00,,faham,2004.0,,,,,,,,,,,,,,,,,221.60000610351562,222.60000610351562,222.3000030517578,3.5399999618530273,3.6700000762939453,3.5799999237060547,,829.0,,,,0,2026-05-29 13:09:00
14050201134500,11049711103453,,,,,2026-04-21 13:45:00,1405-02-01 13:45:00,,faham,2009.0,,,,,,,,,,,,,,,,,221.8000030517578,222.6999969482422,222.3000030517578,3.549999952316284,3.6700000762939453,3.5899999141693115,,830.0,,,,0,2026-05-29 13:13:00
14050201140000,11049711103453,,,,,2026-04-21 14:00:00,1405-02-01 14:00:00,,faham,2018.0,,,,,,,,,,,,,,,,,222.10000610351562,222.89999389648438,222.60000610351562,3.569999933242798,3.680000066757202,3.5999999046325684,,830.0,,,,0,2026-05-29 13:13:00
14050201141500,11049711103453,,,,,2026-04-21 14:15:00,1405-02-01 14:15:00,,faham,2007.0,,,,,,,,,,,,,,,,,219.3000030517578,220.10000610351562,219.8000030517578,3.569999933242798,3.6700000762939453,3.5999999046325684,,837.0,,,,0,2026-05-29 13:19:00
14050201143000,11049711103453,,,,,2026-04-21 14:30:00,1405-02-01 14:30:00,,faham,2003.0,,,,,,,,,,,,,,,,,218.6999969482422,219.5,219.1999969482422,3.559999942779541,3.6700000762939453,3.5999999046325684,,838.0,,,,0,2026-05-29 13:19:00
14050201144500,11049711103453,,,,,2026-04-21 14:45:00,1405-02-01 14:45:00,,faham,2010.0,,,,,,,,,,,,,,,,,218.60000610351562,219.5,219.10000610351562,3.569999933242798,3.690000057220459,3.5999999046325684,,839.0,,,,0,2026-05-29 13:24:00
14050201150000,11049711103453,,,,,2026-04-21 15:00:00,1405-02-01 15:00:00,,faham,2009.0,,,,,,,,,,,,,,,,,218.6999969482422,219.6999969482422,219.1999969482422,3.569999933242798,3.690000057220459,3.5899999141693115,,838.0,,,,0,2026-05-29 13:24:00
14050201151500,11049711103453,,,,,2026-04-21 15:15:00,1405-02-01 15:15:00,,faham,2011.0,,,,,,,,,,,,,,,,,219.0,219.89999389648438,219.5,3.569999933242798,3.690000057220459,3.5999999046325684,,838.0,,,,0,2026-05-29 13:30:00
14050201153000,11049711103453,,,,,2026-04-21 15:30:00,1405-02-01 15:30:00,,faham,2006.0,,,,,,,,,,,,,,,,,219.3000030517578,220.1999969482422,219.89999389648438,3.559999942779541,3.680000066757202,3.5999999046325684,,837.0,,,,0,2026-05-29 13:30:00
14050201154500,11049711103453,,,,,2026-04-21 15:45:00,1405-02-01 15:45:00,,faham,2006.0,,,,,,,,,,,,,,,,,218.89999389648438,219.8000030517578,219.5,3.549999952316284,3.680000066757202,3.5999999046325684,,838.0,,,,0,2026-05-29 13:34:00
14050201160000,11049711103453,,,,,2026-04-21 16:00:00,1405-02-01 16:00:00,,faham,2007.0,,,,,,,,,,,,,,,,,218.89999389648438,220.0,219.6999969482422,3.549999952316284,3.690000057220459,3.5999999046325684,,837.0,,,,0,2026-05-29 13:34:00
14050201161500,11049711103453,,,,,2026-04-21 16:15:00,1405-02-01 16:15:00,,faham,2012.0,,,,,,,,,,,,,,,,,219.60000610351562,220.60000610351562,220.3000030517578,3.549999952316284,3.690000057220459,3.5999999046325684,,837.0,,,,0,2026-05-29 13:39:00
14050201163000,11049711103453,,,,,2026-04-21 16:30:00,1405-02-01 16:30:00,,faham,1032.0,,,,,,,,,,,,,,,,,221.39999389648438,222.60000610351562,222.1999969482422,1.8300000429153442,1.899999976158142,1.850000023841858,,818.0,,,,0,2026-05-29 13:39:00
14050201164500,11049711103453,,,,,2026-04-21 16:45:00,1405-02-01 16:45:00,,faham,0.0,,,,,,,,,,,,,,,,,223.60000610351562,224.8000030517578,224.1999969482422,0.0,0.0,0.0,,813.0,,,,0,2026-05-29 13:43:00
14050201170000,11049711103453,,,,,2026-04-21 17:00:00,1405-02-01 17:00:00,,faham,0.0,,,,,,,,,,,,,,,,,223.5,224.60000610351562,224.1999969482422,0.0,0.0,0.0,,817.0,,,,0,2026-05-29 13:43:00
14050201171500,11049711103453,,,,,2026-04-21 17:15:00,1405-02-01 17:15:00,,faham,0.0,,,,,,,,,,,,,,,,,223.39999389648438,224.39999389648438,224.1999969482422,0.0,0.0,0.0,,821.0,,,,0,2026-05-29 13:48:00
14050201173000,11049711103453,,,,,2026-04-21 17:30:00,1405-02-01 17:30:00,,faham,0.0,,,,,,,,,,,,,,,,,223.1999969482422,224.10000610351562,223.8000030517578,0.0,0.0,0.0,,818.0,,,,0,2026-05-29 13:48:00
14050201174500,11049711103453,,,,,2026-04-21 17:45:00,1405-02-01 17:45:00,,faham,0.0,,,,,,,,,,,,,,,,,223.10000610351562,224.10000610351562,223.89999389648438,0.0,0.0,0.0,,809.0,,,,0,2026-05-29 13:53:00
14050201180000,11049711103453,,,,,2026-04-21 18:00:00,1405-02-01 18:00:00,,faham,0.0,,,,,,,,,,,,,,,0.0,0.0,223.3,224.3,224.0,0.0,0.0,0.0,0.0,815.0,0.0,0.0,0,0,
14050201181500,11049711103453,,,,,2026-04-21 18:15:00,1405-02-01 18:15:00,,faham,0.0,,,,,,,,,,,,,,,,,223.5,224.5,224.3000030517578,0.0,0.0,0.0,,803.0,,,,0,2026-05-29 13:56:00
14050201183000,11049711103453,,,,,2026-04-21 18:30:00,1405-02-01 18:30:00,,faham,0.0,,,,,,,,,,,,,,,,,223.10000610351562,224.1999969482422,224.0,0.0,0.0,0.0,,806.0,,,,0,2026-05-29 13:56:00
14050201184500,11049711103453,,,,,2026-04-21 18:45:00,1405-02-01 18:45:00,,faham,0.0,,,,,,,,,,,,,,,,,221.39999389648438,222.39999389648438,222.10000610351562,0.0,0.0,0.0,,810.0,,,,0,2026-05-29 14:46:00
14050201190000,11049711103453,,,,,2026-04-21 19:00:00,1405-02-01 19:00:00,,faham,0.0,,,,,,,,,,,,,,,,,218.39999389648438,219.3000030517578,219.1999969482422,0.0,0.0,0.0,,813.0,,,,0,2026-05-29 14:46:00
14050201191500,11049711103453,,,,,2026-04-21 19:15:00,1405-02-01 19:15:00,,faham,0.0,,,,,,,,,,,,,,,,,217.5,218.3000030517578,218.1999969482422,0.0,0.0,0.0,,818.0,,,,0,2026-05-29 14:51:00
14050201193000,11049711103453,,,,,2026-04-21 19:30:00,1405-02-01 19:30:00,,faham,0.0,,,,,,,,,,,,,,,,,217.60000610351562,218.5,218.39999389648438,0.0,0.0,0.0,,824.0,,,,0,2026-05-29 14:51:00
14050201194500,11049711103453,,,,,2026-04-21 19:45:00,1405-02-01 19:45:00,,faham,0.0,,,,,,,,,,,,,,,,,217.60000610351562,218.5,218.3000030517578,0.0,0.0,0.0,,815.0,,,,0,2026-05-29 14:56:00
14050201200000,11049711103453,,,,,2026-04-21 20:00:00,1405-02-01 20:00:00,,faham,0.0,,,,,,,,,,,,,,,,,218.1999969482422,219.10000610351562,218.89999389648438,0.0,0.0,0.0,,808.0,,,,0,2026-05-29 14:56:00
14050201201500,11049711103453,,,,,2026-04-21 20:15:00,1405-02-01 20:15:00,,faham,0.0,,,,,,,,,,,,,,,,,219.0,219.89999389648438,219.6999969482422,0.0,0.0,0.0,,814.0,,,,0,2026-05-29 15:01:00
14050201203000,11049711103453,,,,,2026-04-21 20:30:00,1405-02-01 20:30:00,,faham,0.0,,,,,,,,,,,,,,,,,219.10000610351562,220.3000030517578,219.89999389648438,0.0,0.0,0.0,,813.0,,,,0,2026-05-29 15:01:00
14050201204500,11049711103453,,,,,2026-04-21 20:45:00,1405-02-01 20:45:00,,faham,0.0,,,,,,,,,,,,,,,,,219.1999969482422,220.39999389648438,220.0,0.0,0.0,0.0,,807.0,,,,0,2026-05-29 15:06:00
14050201210000,11049711103453,,,,,2026-04-21 21:00:00,1405-02-01 21:00:00,,faham,0.0,,,,,,,,,,,,,,,,,219.60000610351562,220.6999969482422,220.5,0.0,0.0,0.0,,823.0,,,,0,2026-05-29 15:06:00
14050201211500,11049711103453,,,,,2026-04-21 21:15:00,1405-02-01 21:15:00,,faham,0.0,,,,,,,,,,,,,,,,,220.1999969482422,221.10000610351562,220.89999389648438,0.0,0.0,0.0,,809.0,,,,0,2026-05-29 15:11:00
14050201213000,11049711103453,,,,,2026-04-21 21:30:00,1405-02-01 21:30:00,,faham,0.0,,,,,,,,,,,,,,,,,221.0,222.0,221.5,0.0,0.0,0.0,,816.0,,,,0,2026-05-29 15:11:00
14050201214500,11049711103453,,,,,2026-04-21 21:45:00,1405-02-01 21:45:00,,faham,0.0,,,,,,,,,,,,,,,,,221.6999969482422,222.6999969482422,222.3000030517578,0.0,0.0,0.0,,822.0,,,,0,2026-05-29 15:17:00
14050201220000,11049711103453,,,,,2026-04-21 22:00:00,1405-02-01 22:00:00,,faham,0.0,,,,,,,,,,,,,,,,,221.5,222.5,222.1999969482422,0.0,0.0,0.0,,816.0,,,,0,2026-05-29 15:17:00
14050201221500,11049711103453,,,,,2026-04-21 22:15:00,1405-02-01 22:15:00,,faham,0.0,,,,,,,,,,,,,,,,,221.1999969482422,222.39999389648438,221.89999389648438,0.0,0.0,0.0,,815.0,,,,0,2026-05-29 15:23:00
14050201223000,11049711103453,,,,,2026-04-21 22:30:00,1405-02-01 22:30:00,,faham,0.0,,,,,,,,,,,,,,,,,221.3000030517578,222.5,222.10000610351562,0.0,0.0,0.0,,806.0,,,,0,2026-05-29 15:23:00
14050201224500,11049711103453,,,,,2026-04-21 22:45:00,1405-02-01 22:45:00,,faham,0.0,,,,,,,,,,,,,,,,,221.8000030517578,222.89999389648438,222.5,0.0,0.0,0.0,,821.0,,,,0,2026-05-29 15:28:00
14050201230000,11049711103453,,,,,2026-04-21 23:00:00,1405-02-01 23:00:00,,faham,0.0,,,,,,,,,,,,,,,,,222.1999969482422,223.1999969482422,222.8000030517578,0.0,0.0,0.0,,808.0,,,,0,2026-05-29 15:28:00
14050201231500,11049711103453,,,,,2026-04-21 23:15:00,1405-02-01 23:15:00,,faham,0.0,,,,,,,,,,,,,,,,,222.5,223.3000030517578,223.0,0.0,0.0,0.0,,799.0,,,,0,2026-05-29 15:33:00
14050201233000,11049711103453,,,,,2026-04-21 23:30:00,1405-02-01 23:30:00,,faham,0.0,,,,,,,,,,,,,,,,,223.1999969482422,224.0,223.6999969482422,0.0,0.0,0.0,,814.0,,,,0,2026-05-29 15:33:00
14050201234500,11049711103453,,,,,2026-04-21 23:45:00,1405-02-01 23:45:00,,faham,0.0,,,,,,,,,,,,,,,,,223.5,224.39999389648438,224.0,0.0,0.0,0.0,,807.0,,,,0,2026-05-29 15:39:00
14050201000000,11059611047529,,,,,2026-04-21 00:00:00,1405-02-01 00:00:00,,faham,5.0,,,,,,,,,,,,,,,,,63.599998474121094,54.400001525878906,58.29999923706055,0.07999999821186066,0.07999999821186066,0.05000000074505806,,297.0,,,,0,2026-05-29 10:51:00
14050201001500,11059611047529,,,,,2026-04-21 00:15:00,1405-02-01 00:15:00,,faham,5.0,,,,,,,,,,,,,,,,,63.599998474121094,54.400001525878906,58.29999923706055,0.07999999821186066,0.07999999821186066,0.05000000074505806,,314.0,,,,0,2026-05-29 10:57:00
14050201003000,11059611047529,,,,,2026-04-21 00:30:00,1405-02-01 00:30:00,,faham,4.0,,,,,,,,,,,,,,,,,63.099998474121094,53.900001525878906,57.79999923706055,0.07999999821186066,0.07999999821186066,0.05000000074505806,,282.0,,,,0,2026-05-29 10:57:00
14050201004500,11059611047529,,,,,2026-04-21 00:45:00,1405-02-01 00:45:00,,faham,4.0,,,,,,,,,,,,,,,,,63.099998474121094,54.0,57.900001525878906,0.09000000357627869,0.07999999821186066,0.05000000074505806,,311.0,,,,0,2026-05-29 11:03:00
14050201010000,11059611047529,,,,,2026-04-21 01:00:00,1405-02-01 01:00:00,,faham,4.0,,,,,,,,,,,,,,,,,63.20000076293945,54.099998474121094,58.0,0.09000000357627869,0.07999999821186066,0.05000000074505806,,298.0,,,,0,2026-05-29 11:03:00
14050201011500,11059611047529,,,,,2026-04-21 01:15:00,1405-02-01 01:15:00,,faham,5.0,,,,,,,,,,,,,,,,,63.099998474121094,54.0,57.900001525878906,0.09000000357627869,0.07999999821186066,0.05000000074505806,,305.0,,,,0,2026-05-29 11:09:00
14050201013000,11059611047529,,,,,2026-04-21 01:30:00,1405-02-01 01:30:00,,faham,5.0,,,,,,,,,,,,,,,,,63.20000076293945,54.0,57.900001525878906,0.07999999821186066,0.07999999821186066,0.05000000074505806,,322.0,,,,0,2026-05-29 11:09:00
14050201014500,11059611047529,,,,,2026-04-21 01:45:00,1405-02-01 01:45:00,,faham,5.0,,,,,,,,,,,,,,,,,63.400001525878906,54.20000076293945,58.099998474121094,0.07999999821186066,0.07999999821186066,0.05000000074505806,,302.0,,,,0,2026-05-29 11:14:00
14050201020000,11059611047529,,,,,2026-04-21 02:00:00,1405-02-01 02:00:00,,faham,5.0,,,,,,,,,,,,,,,,,63.29999923706055,54.099998474121094,58.0,0.07999999821186066,0.07999999821186066,0.05000000074505806,,319.0,,,,0,2026-05-29 11:14:00
14050201021500,11059611047529,,,,,2026-04-21 02:15:00,1405-02-01 02:15:00,,faham,4.0,,,,,,,,,,,,,,,,,63.29999923706055,54.099998474121094,58.0,0.07999999821186066,0.07999999821186066,0.05000000074505806,,299.0,,,,0,2026-05-29 11:19:00
14050201023000,11059611047529,,,,,2026-04-21 02:30:00,1405-02-01 02:30:00,,faham,5.0,,,,,,,,,,,,,,,,,63.29999923706055,54.099998474121094,58.0,0.07999999821186066,0.07999999821186066,0.05000000074505806,,328.0,,,,0,2026-05-29 11:19:00
14050201024500,11059611047529,,,,,2026-04-21 02:45:00,1405-02-01 02:45:00,,faham,4.0,,,,,,,,,,,,,,,,,63.400001525878906,54.20000076293945,58.099998474121094,0.07999999821186066,0.07999999821186066,0.05000000074505806,,294.0,,,,0,2026-05-29 11:24:00
14050201030000,11059611047529,,,,,2026-04-21 03:00:00,1405-02-01 03:00:00,,faham,5.0,,,,,,,,,,,,,,,,,63.29999923706055,54.099998474121094,58.0,0.07999999821186066,0.07999999821186066,0.05000000074505806,,324.0,,,,0,2026-05-29 11:24:00
14050201031500,11059611047529,,,,,2026-04-21 03:15:00,1405-02-01 03:15:00,,faham,4.0,,,,,,,,,,,,,,,,,63.0,53.79999923706055,57.70000076293945,0.07999999821186066,0.07999999821186066,0.05000000074505806,,309.0,,,,0,2026-05-29 11:28:00
14050201033000,11059611047529,,,,,2026-04-21 03:30:00,1405-02-01 03:30:00,,faham,5.0,,,,,,,,,,,,,,,,,62.900001525878906,53.79999923706055,57.70000076293945,0.07999999821186066,0.07999999821186066,0.05000000074505806,,322.0,,,,0,2026-05-29 11:28:00
14050201034500,11059611047529,,,,,2026-04-21 03:45:00,1405-02-01 03:45:00,,faham,5.0,,,,,,,,,,,,,,,,,63.099998474121094,53.900001525878906,57.79999923706055,0.09000000357627869,0.07999999821186066,0.05000000074505806,,299.0,,,,0,2026-05-29 11:34:00
14050201040000,11059611047529,,,,,2026-04-21 04:00:00,1405-02-01 04:00:00,,faham,5.0,,,,,,,,,,,,,,,,,63.20000076293945,54.0,57.900001525878906,0.07999999821186066,0.07999999821186066,0.05000000074505806,,311.0,,,,0,2026-05-29 11:34:00
14050201041500,11059611047529,,,,,2026-04-21 04:15:00,1405-02-01 04:15:00,,faham,5.0,,,,,,,,,,,,,,,,,63.099998474121094,54.0,57.900001525878906,0.07999999821186066,0.07999999821186066,0.05000000074505806,,307.0,,,,0,2026-05-29 11:39:00
14050201043000,11059611047529,,,,,2026-04-21 04:30:00,1405-02-01 04:30:00,,faham,4.0,,,,,,,,,,,,,,,,,63.20000076293945,54.0,57.900001525878906,0.07999999821186066,0.07999999821186066,0.05000000074505806,,317.0,,,,0,2026-05-29 11:39:00
14050201044500,11059611047529,,,,,2026-04-21 04:45:00,1405-02-01 04:45:00,,faham,4.0,,,,,,,,,,,,,,,,,63.29999923706055,54.099998474121094,58.0,0.07999999821186066,0.07999999821186066,0.05000000074505806,,292.0,,,,0,2026-05-29 11:43:00
14050201050000,11059611047529,,,,,2026-04-21 05:00:00,1405-02-01 05:00:00,,faham,5.0,,,,,,,,,,,,,,,,,63.599998474121094,54.400001525878906,58.29999923706055,0.07000000029802322,0.07999999821186066,0.05000000074505806,,330.0,,,,0,2026-05-29 11:43:00
14050201051500,11059611047529,,,,,2026-04-21 05:15:00,1405-02-01 05:15:00,,faham,5.0,,,,,,,,,,,,,,,,,63.79999923706055,54.599998474121094,58.5,0.07000000029802322,0.07999999821186066,0.05000000074505806,,301.0,,,,0,2026-05-29 11:48:00
14050201053000,11059611047529,,,,,2026-04-21 05:30:00,1405-02-01 05:30:00,,faham,5.0,,,,,,,,,,,,,,,,,63.900001525878906,54.70000076293945,58.599998474121094,0.07000000029802322,0.07999999821186066,0.05000000074505806,,321.0,,,,0,2026-05-29 11:48:00
14050201054500,11059611047529,,,,,2026-04-21 05:45:00,1405-02-01 05:45:00,,faham,4.0,,,,,,,,,,,,,,,,,64.0999984741211,54.79999923706055,58.70000076293945,0.07999999821186066,0.07999999821186066,0.05000000074505806,,257.0,,,,0,2026-05-29 11:53:00
14050201060000,11059611047529,,,,,2026-04-21 06:00:00,1405-02-01 06:00:00,,faham,4.0,,,,,,,,,,,,,,,,,63.900001525878906,54.599998474121094,58.599998474121094,0.07999999821186066,0.07999999821186066,0.05000000074505806,,259.0,,,,0,2026-05-29 11:53:00
14050201061500,11059611047529,,,,,2026-04-21 06:15:00,1405-02-01 06:15:00,,faham,4.0,,,,,,,,,,,,,,,,,63.29999923706055,54.099998474121094,58.0,0.07999999821186066,0.07000000029802322,0.05000000074505806,,238.0,,,,0,2026-05-29 11:58:00
14050201063000,11059611047529,,,,,2026-04-21 06:30:00,1405-02-01 06:30:00,,faham,4.0,,,,,,,,,,,,,,,,,63.0,53.900001525878906,57.70000076293945,0.07999999821186066,0.07000000029802322,0.05000000074505806,,217.0,,,,0,2026-05-29 11:58:00
14050201064500,11059611047529,,,,,2026-04-21 06:45:00,1405-02-01 06:45:00,,faham,4.0,,,,,,,,,,,,,,,,,63.0,53.900001525878906,57.70000076293945,0.09000000357627869,0.07000000029802322,0.05000000074505806,,178.0,,,,0,2026-05-29 12:03:00
14050201070000,11059611047529,,,,,2026-04-21 07:00:00,1405-02-01 07:00:00,,faham,4.0,,,,,,,,,,,,,,,,,63.20000076293945,54.0,58.0,0.09000000357627869,0.07000000029802322,0.05000000074505806,,187.0,,,,0,2026-05-29 12:03:00
14050201071500,11059611047529,,,,,2026-04-21 07:15:00,1405-02-01 07:15:00,,faham,7.0,,,,,,,,,,,,,,,,,62.79999923706055,53.70000076293945,57.599998474121094,0.10000000149011612,0.10000000149011612,0.05000000074505806,,529.0,,,,0,2026-05-29 12:08:00
14050201073000,11059611047529,,,,,2026-04-21 07:30:00,1405-02-01 07:30:00,,faham,17.0,,,,,,,,,,,,,,,,,62.70000076293945,53.599998474121094,57.5,0.12999999523162842,0.17000000178813934,0.07999999821186066,,815.0,,,,0,2026-05-29 12:08:00
14050201074500,11059611047529,,,,,2026-04-21 07:45:00,1405-02-01 07:45:00,,faham,20.0,,,,,,,,,,,,,,,,,62.79999923706055,53.599998474121094,57.599998474121094,0.14000000059604645,0.1899999976158142,0.09000000357627869,,882.0,,,,0,2026-05-29 12:13:00
14050201080000,11059611047529,,,,,2026-04-21 08:00:00,1405-02-01 08:00:00,,faham,24.0,,,,,,,,,,,,,,,,,62.900001525878906,53.79999923706055,57.70000076293945,0.1599999964237213,0.20999999344348907,0.10999999940395355,,884.0,,,,0,2026-05-29 12:13:00
14050201081500,11059611047529,,,,,2026-04-21 08:15:00,1405-02-01 08:15:00,,faham,24.0,,,,,,,,,,,,,,,,,62.70000076293945,53.599998474121094,57.5,0.17000000178813934,0.2199999988079071,0.12999999523162842,,867.0,,,,0,2026-05-29 12:18:00
14050201083000,11059611047529,,,,,2026-04-21 08:30:00,1405-02-01 08:30:00,,faham,29.0,,,,,,,,,,,,,,,,,62.5,53.400001525878906,57.29999923706055,0.1899999976158142,0.25,0.14000000059604645,,910.0,,,,0,2026-05-29 12:18:00
14050201084500,11059611047529,,,,,2026-04-21 08:45:00,1405-02-01 08:45:00,,faham,21.0,,,,,,,,,,,,,,,,,62.5,53.400001525878906,57.400001525878906,0.15000000596046448,0.20000000298023224,0.10999999940395355,,832.0,,,,0,2026-05-29 12:23:00
14050201090000,11059611047529,,,,,2026-04-21 09:00:00,1405-02-01 09:00:00,,faham,11.0,,,,,,,,,,,,,,,,,63.29999923706055,54.099998474121094,58.099998474121094,0.10000000149011612,0.15000000596046448,0.07999999821186066,,669.0,,,,0,2026-05-29 12:23:00
14050201091500,11059611047529,,,,,2026-04-21 09:15:00,1405-02-01 09:15:00,,faham,10.0,,,,,,,,,,,,,,,,,63.20000076293945,54.0,58.0,0.10000000149011612,0.12999999523162842,0.05999999865889549,,695.0,,,,0,2026-05-29 12:28:00
14050201093000,11059611047529,,,,,2026-04-21 09:30:00,1405-02-01 09:30:00,,faham,27.0,,,,,,,,,,,,,,,,,62.5,53.400001525878906,57.400001525878906,0.18000000715255737,0.23000000417232513,0.12999999523162842,,917.0,,,,0,2026-05-29 12:28:00
14050201094500,11059611047529,,,,,2026-04-21 09:45:00,1405-02-01 09:45:00,,faham,18.0,,,,,,,,,,,,,,,,,62.5,53.400001525878906,57.400001525878906,0.12999999523162842,0.17000000178813934,0.09000000357627869,,842.0,,,,0,2026-05-29 12:33:00
14050201100000,11059611047529,,,,,2026-04-21 10:00:00,1405-02-01 10:00:00,,faham,16.0,,,,,,,,,,,,,,,,,62.79999923706055,53.70000076293945,57.599998474121094,0.11999999731779099,0.1599999964237213,0.09000000357627869,,762.0,,,,0,2026-05-29 12:33:00
14050201101500,11059611047529,,,,,2026-04-21 10:15:00,1405-02-01 10:15:00,,faham,27.0,,,,,,,,,,,,,,,,,62.599998474121094,53.5,57.400001525878906,0.18000000715255737,0.23000000417232513,0.12999999523162842,,912.0,,,,0,2026-05-29 12:39:00
14050201103000,11059611047529,,,,,2026-04-21 10:30:00,1405-02-01 10:30:00,,faham,18.0,,,,,,,,,,,,,,,,,62.79999923706055,53.70000076293945,57.70000076293945,0.12999999523162842,0.17000000178813934,0.09000000357627869,,829.0,,,,0,2026-05-29 12:39:00
14050201104500,11059611047529,,,,,2026-04-21 10:45:00,1405-02-01 10:45:00,,faham,25.0,,,,,,,,,,,,,,,,,62.70000076293945,53.599998474121094,57.5,0.17000000178813934,0.2199999988079071,0.11999999731779099,,878.0,,,,0,2026-05-29 12:43:00
14050201110000,11059611047529,,,,,2026-04-21 11:00:00,1405-02-01 11:00:00,,faham,29.0,,,,,,,,,,,,,,,,,62.5,53.400001525878906,57.29999923706055,0.1899999976158142,0.23999999463558197,0.15000000596046448,,900.0,,,,0,2026-05-29 12:43:00
14050201111500,11059611047529,,,,,2026-04-21 11:15:00,1405-02-01 11:15:00,,faham,26.0,,,,,,,,,,,,,,,,,62.400001525878906,53.29999923706055,57.29999923706055,0.18000000715255737,0.25999999046325684,0.18000000715255737,,765.0,,,,0,2026-05-29 12:49:00
14050201113000,11059611047529,,,,,2026-04-21 11:30:00,1405-02-01 11:30:00,,faham,31.0,,,,,,,,,,,,,,,,,62.5,53.400001525878906,57.400001525878906,0.20000000298023224,0.25999999046325684,0.1599999964237213,,901.0,,,,0,2026-05-29 12:49:00
14050201114500,11059611047529,,,,,2026-04-21 11:45:00,1405-02-01 11:45:00,,faham,24.0,,,,,,,,,,,,,,,,,62.79999923706055,53.599998474121094,57.599998474121094,0.17000000178813934,0.20999999344348907,0.11999999731779099,,849.0,,,,0,2026-05-29 12:53:00
14050201120000,11059611047529,,,,,2026-04-21 12:00:00,1405-02-01 12:00:00,,faham,21.0,,,,,,,,,,,,,,,,,63.099998474121094,53.900001525878906,57.900001525878906,0.15000000596046448,0.1899999976158142,0.09000000357627869,,860.0,,,,0,2026-05-29 12:53:00
14050201121500,11059611047529,,,,,2026-04-21 12:15:00,1405-02-01 12:15:00,,faham,30.0,,,,,,,,,,,,,,,,,63.29999923706055,54.099998474121094,58.099998474121094,0.1899999976158142,0.23999999463558197,0.14000000059604645,,925.0,,,,0,2026-05-29 12:58:00
14050201123000,11059611047529,,,,,2026-04-21 12:30:00,1405-02-01 12:30:00,,faham,24.0,,,,,,,,,,,,,,,,,63.20000076293945,54.0,58.0,0.17000000178813934,0.20999999344348907,0.10999999940395355,,857.0,,,,0,2026-05-29 12:58:00
14050201124500,11059611047529,,,,,2026-04-21 12:45:00,1405-02-01 12:45:00,,faham,22.0,,,,,,,,,,,,,,,,,63.20000076293945,54.0,58.0,0.15000000596046448,0.20000000298023224,0.10000000149011612,,872.0,,,,0,2026-05-29 13:03:00
14050201130000,11059611047529,,,,,2026-04-21 13:00:00,1405-02-01 13:00:00,,faham,11.0,,,,,,,,,,,,,,,,,63.29999923706055,54.0,58.099998474121094,0.10999999940395355,0.12999999523162842,0.05999999865889549,,678.0,,,,0,2026-05-29 13:03:00
14050201131500,11059611047529,,,,,2026-04-21 13:15:00,1405-02-01 13:15:00,,faham,9.0,,,,,,,,,,,,,,,,,63.79999923706055,54.5,58.599998474121094,0.10000000149011612,0.12999999523162842,0.05999999865889549,,629.0,,,,0,2026-05-29 13:09:00
14050201133000,11059611047529,,,,,2026-04-21 13:30:00,1405-02-01 13:30:00,,faham,9.0,,,,,,,,,,,,,,,,,63.29999923706055,54.099998474121094,58.099998474121094,0.10000000149011612,0.11999999731779099,0.05000000074505806,,650.0,,,,0,2026-05-29 13:09:00
14050201134500,11059611047529,,,,,2026-04-21 13:45:00,1405-02-01 13:45:00,,faham,16.0,,,,,,,,,,,,,,,,,62.70000076293945,53.599998474121094,57.599998474121094,0.12999999523162842,0.1599999964237213,0.07999999821186066,,767.0,,,,0,2026-05-29 13:13:00
14050201140000,11059611047529,,,,,2026-04-21 14:00:00,1405-02-01 14:00:00,,faham,26.0,,,,,,,,,,,,,,,,,62.5,53.29999923706055,57.29999923706055,0.17000000178813934,0.2199999988079071,0.12999999523162842,,900.0,,,,0,2026-05-29 13:13:00
14050201141500,11059611047529,,,,,2026-04-21 14:15:00,1405-02-01 14:15:00,,faham,21.0,,,,,,,,,,,,,,,,,63.0,53.79999923706055,57.79999923706055,0.15000000596046448,0.20000000298023224,0.10999999940395355,,812.0,,,,0,2026-05-29 13:19:00
14050201143000,11059611047529,,,,,2026-04-21 14:30:00,1405-02-01 14:30:00,,faham,27.0,,,,,,,,,,,,,,,,,62.79999923706055,53.599998474121094,57.599998474121094,0.18000000715255737,0.2199999988079071,0.15000000596046448,,900.0,,,,0,2026-05-29 13:19:00
14050201144500,11059611047529,,,,,2026-04-21 14:45:00,1405-02-01 14:45:00,,faham,21.0,,,,,,,,,,,,,,,,,63.099998474121094,53.900001525878906,57.900001525878906,0.15000000596046448,0.15000000596046448,0.14000000059604645,,857.0,,,,0,2026-05-29 13:24:00
14050201150000,11059611047529,,,,,2026-04-21 15:00:00,1405-02-01 15:00:00,,faham,18.0,,,,,,,,,,,,,,,,,63.400001525878906,54.099998474121094,58.099998474121094,0.12999999523162842,0.12999999523162842,0.11999999731779099,,807.0,,,,0,2026-05-29 13:24:00
14050201151500,11059611047529,,,,,2026-04-21 15:15:00,1405-02-01 15:15:00,,faham,9.0,,,,,,,,,,,,,,,,,63.0,53.79999923706055,57.79999923706055,0.10000000149011612,0.10000000149011612,0.09000000357627869,,624.0,,,,0,2026-05-29 13:30:00
14050201153000,11059611047529,,,,,2026-04-21 15:30:00,1405-02-01 15:30:00,,faham,17.0,,,,,,,,,,,,,,,,,63.0,53.79999923706055,57.79999923706055,0.12999999523162842,0.12999999523162842,0.12999999523162842,,759.0,,,,0,2026-05-29 13:30:00
14050201154500,11059611047529,,,,,2026-04-21 15:45:00,1405-02-01 15:45:00,,faham,15.0,,,,,,,,,,,,,,,,,63.0,53.79999923706055,57.79999923706055,0.12999999523162842,0.12999999523162842,0.10999999940395355,,771.0,,,,0,2026-05-29 13:34:00
14050201160000,11059611047529,,,,,2026-04-21 16:00:00,1405-02-01 16:00:00,,faham,16.0,,,,,,,,,,,,,,,,,63.5,54.20000076293945,58.20000076293945,0.12999999523162842,0.12999999523162842,0.11999999731779099,,766.0,,,,0,2026-05-29 13:34:00
14050201161500,11059611047529,,,,,2026-04-21 16:15:00,1405-02-01 16:15:00,,faham,30.0,,,,,,,,,,,,,,,,,63.900001525878906,54.5,58.599998474121094,0.1899999976158142,0.1899999976158142,0.18000000715255737,,938.0,,,,0,2026-05-29 13:39:00
14050201163000,11059611047529,,,,,2026-04-21 16:30:00,1405-02-01 16:30:00,,faham,12.0,,,,,,,,,,,,,,,,,63.29999923706055,54.099998474121094,58.099998474121094,0.10999999940395355,0.10999999940395355,0.10000000149011612,,717.0,,,,0,2026-05-29 13:39:00
14050201164500,11059611047529,,,,,2026-04-21 16:45:00,1405-02-01 16:45:00,,faham,9.0,,,,,,,,,,,,,,,,,63.099998474121094,53.900001525878906,57.900001525878906,0.10999999940395355,0.09000000357627869,0.09000000357627869,,604.0,,,,0,2026-05-29 13:43:00
14050201170000,11059611047529,,,,,2026-04-21 17:00:00,1405-02-01 17:00:00,,faham,2.0,,,,,,,,,,,,,,,,,63.29999923706055,54.0,58.099998474121094,0.05999999865889549,0.07000000029802322,0.05999999865889549,,317.0,,,,0,2026-05-29 13:43:00
14050201171500,11059611047529,,,,,2026-04-21 17:15:00,1405-02-01 17:15:00,,faham,1.0,,,,,,,,,,,,,,,,,63.5,54.20000076293945,58.29999923706055,0.03999999910593033,0.05999999865889549,0.03999999910593033,,286.0,,,,0,2026-05-29 13:48:00
14050201173000,11059611047529,,,,,2026-04-21 17:30:00,1405-02-01 17:30:00,,faham,1.0,,,,,,,,,,,,,,,,,63.599998474121094,54.29999923706055,58.400001525878906,0.05000000074505806,0.05999999865889549,0.03999999910593033,,277.0,,,,0,2026-05-29 13:48:00
14050201174500,11059611047529,,,,,2026-04-21 17:45:00,1405-02-01 17:45:00,,faham,1.0,,,,,,,,,,,,,,,,,63.900001525878906,54.599998474121094,58.70000076293945,0.05000000074505806,0.05999999865889549,0.05000000074505806,,246.0,,,,0,2026-05-29 13:53:00
14050201180000,11059611047529,,,,,2026-04-21 18:00:00,1405-02-01 18:00:00,,faham,1.0,,,,,,,,,,,,,,,0.0,1.0,63.2,53.9,58.0,0.04,0.05,0.04,2.0,293.0,0.0,0.0,0,0,
14050201181500,11059611047529,,,,,2026-04-21 18:15:00,1405-02-01 18:15:00,,faham,1.0,,,,,,,,,,,,,,,,,62.900001525878906,53.70000076293945,57.70000076293945,0.03999999910593033,0.05000000074505806,0.03999999910593033,,301.0,,,,0,2026-05-29 13:56:00
14050201183000,11059611047529,,,,,2026-04-21 18:30:00,1405-02-01 18:30:00,,faham,1.0,,,,,,,,,,,,,,,,,63.20000076293945,53.900001525878906,57.900001525878906,0.03999999910593033,0.05999999865889549,0.05000000074505806,,266.0,,,,0,2026-05-29 13:56:00
14050201184500,11059611047529,,,,,2026-04-21 18:45:00,1405-02-01 18:45:00,,faham,1.0,,,,,,,,,,,,,,,,,63.20000076293945,53.900001525878906,58.0,0.05000000074505806,0.05999999865889549,0.05000000074505806,,337.0,,,,0,2026-05-29 14:46:00
14050201190000,11059611047529,,,,,2026-04-21 19:00:00,1405-02-01 19:00:00,,faham,1.0,,,,,,,,,,,,,,,,,63.20000076293945,54.0,58.0,0.05999999865889549,0.07000000029802322,0.05000000074505806,,336.0,,,,0,2026-05-29 14:46:00
14050201191500,11059611047529,,,,,2026-04-21 19:15:00,1405-02-01 19:15:00,,faham,2.0,,,,,,,,,,,,,,,,,63.29999923706055,54.0,58.099998474121094,0.07000000029802322,0.07000000029802322,0.05000000074505806,,370.0,,,,0,2026-05-29 14:51:00
14050201193000,11059611047529,,,,,2026-04-21 19:30:00,1405-02-01 19:30:00,,faham,2.0,,,,,,,,,,,,,,,,,63.5,54.099998474121094,58.20000076293945,0.07000000029802322,0.07000000029802322,0.05000000074505806,,336.0,,,,0,2026-05-29 14:51:00
14050201194500,11059611047529,,,,,2026-04-21 19:45:00,1405-02-01 19:45:00,,faham,2.0,,,,,,,,,,,,,,,,,63.400001525878906,54.099998474121094,58.20000076293945,0.05999999865889549,0.07000000029802322,0.05999999865889549,,362.0,,,,0,2026-05-29 14:56:00
14050201200000,11059611047529,,,,,2026-04-21 20:00:00,1405-02-01 20:00:00,,faham,2.0,,,,,,,,,,,,,,,,,63.400001525878906,54.099998474121094,58.20000076293945,0.05999999865889549,0.07000000029802322,0.05000000074505806,,335.0,,,,0,2026-05-29 14:56:00
14050201201500,11059611047529,,,,,2026-04-21 20:15:00,1405-02-01 20:15:00,,faham,2.0,,,,,,,,,,,,,,,,,63.29999923706055,54.0,58.099998474121094,0.05999999865889549,0.07000000029802322,0.05000000074505806,,355.0,,,,0,2026-05-29 15:01:00
14050201203000,11059611047529,,,,,2026-04-21 20:30:00,1405-02-01 20:30:00,,faham,2.0,,,,,,,,,,,,,,,,,63.0,53.79999923706055,57.79999923706055,0.05999999865889549,0.05999999865889549,0.05000000074505806,,341.0,,,,0,2026-05-29 15:01:00
14050201204500,11059611047529,,,,,2026-04-21 20:45:00,1405-02-01 20:45:00,,faham,2.0,,,,,,,,,,,,,,,,,63.0,53.79999923706055,57.79999923706055,0.05999999865889549,0.07000000029802322,0.05000000074505806,,371.0,,,,0,2026-05-29 15:06:00
14050201210000,11059611047529,,,,,2026-04-21 21:00:00,1405-02-01 21:00:00,,faham,2.0,,,,,,,,,,,,,,,,,63.400001525878906,54.099998474121094,58.20000076293945,0.05999999865889549,0.07000000029802322,0.05000000074505806,,338.0,,,,0,2026-05-29 15:06:00
14050201211500,11059611047529,,,,,2026-04-21 21:15:00,1405-02-01 21:15:00,,faham,2.0,,,,,,,,,,,,,,,,,63.400001525878906,54.099998474121094,58.20000076293945,0.07000000029802322,0.07000000029802322,0.05999999865889549,,349.0,,,,0,2026-05-29 15:11:00
14050201213000,11059611047529,,,,,2026-04-21 21:30:00,1405-02-01 21:30:00,,faham,2.0,,,,,,,,,,,,,,,,,63.5,54.20000076293945,58.29999923706055,0.07000000029802322,0.07000000029802322,0.05999999865889549,,352.0,,,,0,2026-05-29 15:11:00
14050201214500,11059611047529,,,,,2026-04-21 21:45:00,1405-02-01 21:45:00,,faham,2.0,,,,,,,,,,,,,,,,,63.70000076293945,54.29999923706055,58.400001525878906,0.07000000029802322,0.07000000029802322,0.05000000074505806,,327.0,,,,0,2026-05-29 15:17:00
14050201220000,11059611047529,,,,,2026-04-21 22:00:00,1405-02-01 22:00:00,,faham,2.0,,,,,,,,,,,,,,,,,63.5,54.20000076293945,58.20000076293945,0.05999999865889549,0.07000000029802322,0.05000000074505806,,352.0,,,,0,2026-05-29 15:17:00
14050201221500,11059611047529,,,,,2026-04-21 22:15:00,1405-02-01 22:15:00,,faham,2.0,,,,,,,,,,,,,,,,,63.599998474121094,54.29999923706055,58.400001525878906,0.07000000029802322,0.07000000029802322,0.05000000074505806,,324.0,,,,0,2026-05-29 15:23:00
14050201223000,11059611047529,,,,,2026-04-21 22:30:00,1405-02-01 22:30:00,,faham,2.0,,,,,,,,,,,,,,,,,63.79999923706055,54.5,58.599998474121094,0.07000000029802322,0.07000000029802322,0.05999999865889549,,323.0,,,,0,2026-05-29 15:23:00
14050201224500,11059611047529,,,,,2026-04-21 22:45:00,1405-02-01 22:45:00,,faham,2.0,,,,,,,,,,,,,,,,,63.79999923706055,54.5,58.5,0.07000000029802322,0.07000000029802322,0.05999999865889549,,346.0,,,,0,2026-05-29 15:28:00
14050201230000,11059611047529,,,,,2026-04-21 23:00:00,1405-02-01 23:00:00,,faham,2.0,,,,,,,,,,,,,,,,,63.5,54.20000076293945,58.29999923706055,0.05999999865889549,0.07000000029802322,0.05000000074505806,,337.0,,,,0,2026-05-29 15:28:00
14050201231500,11059611047529,,,,,2026-04-21 23:15:00,1405-02-01 23:15:00,,faham,2.0,,,,,,,,,,,,,,,,,63.400001525878906,54.099998474121094,58.099998474121094,0.05999999865889549,0.07000000029802322,0.05999999865889549,,357.0,,,,0,2026-05-29 15:33:00
14050201233000,11059611047529,,,,,2026-04-21 23:30:00,1405-02-01 23:30:00,,faham,2.0,,,,,,,,,,,,,,,,,63.29999923706055,54.099998474121094,58.099998474121094,0.05999999865889549,0.07000000029802322,0.05000000074505806,,343.0,,,,0,2026-05-29 15:33:00
14050201234500,11059611047529,,,,,2026-04-21 23:45:00,1405-02-01 23:45:00,,faham,2.0,,,,,,,,,,,,,,,,,63.400001525878906,54.20000076293945,58.20000076293945,0.05999999865889549,0.07000000029802322,0.05000000074505806,,353.0,,,,0,2026-05-29 15:39:00
14050201000000,11059811139247,,,,,2026-04-21 00:00:00,1405-02-01 00:00:00,,faham,6.0,,,,,,,,,,,,,,,2.0,0.0,58.400001525878906,59.0,59.099998474121094,0.05999999865889549,0.09000000357627869,0.10000000149011612,7.0,501.0,0.0,3.0,0,0,2026-05-29 10:51:00
14050201001500,11059811139247,,,,,2026-04-21 00:15:00,1405-02-01 00:15:00,,faham,6.0,,,,,,,,,,,,,,,1.0,0.0,58.5,59.0,59.20000076293945,0.05999999865889549,0.09000000357627869,0.10000000149011612,7.0,506.0,0.0,3.0,0,0,2026-05-29 10:57:00
14050201003000,11059811139247,,,,,2026-04-21 00:30:00,1405-02-01 00:30:00,,faham,6.0,,,,,,,,,,,,,,,1.0,0.0,58.5,59.099998474121094,59.20000076293945,0.05999999865889549,0.09000000357627869,0.10000000149011612,7.0,507.0,0.0,2.0,0,0,2026-05-29 10:57:00
14050201004500,11059811139247,,,,,2026-04-21 00:45:00,1405-02-01 00:45:00,,faham,6.0,,,,,,,,,,,,,,,2.0,0.0,58.599998474121094,59.099998474121094,59.29999923706055,0.05999999865889549,0.09000000357627869,0.10000000149011612,7.0,509.0,0.0,3.0,0,0,2026-05-29 11:03:00
14050201010000,11059811139247,,,,,2026-04-21 01:00:00,1405-02-01 01:00:00,,faham,6.0,,,,,,,,,,,,,,,1.0,0.0,58.599998474121094,59.20000076293945,59.400001525878906,0.05999999865889549,0.09000000357627869,0.10000000149011612,7.0,508.0,0.0,2.0,0,0,2026-05-29 11:03:00
14050201011500,11059811139247,,,,,2026-04-21 01:15:00,1405-02-01 01:15:00,,faham,6.0,,,,,,,,,,,,,,,1.0,0.0,58.599998474121094,59.099998474121094,59.29999923706055,0.05999999865889549,0.09000000357627869,0.10000000149011612,7.0,515.0,0.0,2.0,0,0,2026-05-29 11:09:00
14050201013000,11059811139247,,,,,2026-04-21 01:30:00,1405-02-01 01:30:00,,faham,6.0,,,,,,,,,,,,,,,1.0,0.0,58.599998474121094,59.20000076293945,59.400001525878906,0.05999999865889549,0.09000000357627869,0.10000000149011612,7.0,510.0,0.0,2.0,0,0,2026-05-29 11:09:00
14050201014500,11059811139247,,,,,2026-04-21 01:45:00,1405-02-01 01:45:00,,faham,6.0,,,,,,,,,,,,,,,2.0,0.0,58.70000076293945,59.20000076293945,59.400001525878906,0.05999999865889549,0.09000000357627869,0.10000000149011612,7.0,512.0,0.0,2.0,0,0,2026-05-29 11:14:00
14050201020000,11059811139247,,,,,2026-04-21 02:00:00,1405-02-01 02:00:00,,faham,6.0,,,,,,,,,,,,,,,1.0,0.0,58.5,59.099998474121094,59.29999923706055,0.05999999865889549,0.09000000357627869,0.10000000149011612,7.0,506.0,0.0,3.0,0,0,2026-05-29 11:14:00
14050201021500,11059811139247,,,,,2026-04-21 02:15:00,1405-02-01 02:15:00,,faham,6.0,,,,,,,,,,,,,,,1.0,0.0,57.79999923706055,58.29999923706055,58.5,0.05999999865889549,0.09000000357627869,0.10000000149011612,7.0,493.0,0.0,3.0,0,0,2026-05-29 11:19:00
14050201023000,11059811139247,,,,,2026-04-21 02:30:00,1405-02-01 02:30:00,,faham,6.0,,,,,,,,,,,,,,,1.0,0.0,57.79999923706055,58.29999923706055,58.5,0.05999999865889549,0.09000000357627869,0.10000000149011612,7.0,493.0,0.0,3.0,0,0,2026-05-29 11:19:00
14050201024500,11059811139247,,,,,2026-04-21 02:45:00,1405-02-01 02:45:00,,faham,6.0,,,,,,,,,,,,,,,1.0,0.0,57.79999923706055,58.400001525878906,58.5,0.05999999865889549,0.09000000357627869,0.10000000149011612,7.0,491.0,0.0,3.0,0,0,2026-05-29 11:24:00
14050201030000,11059811139247,,,,,2026-04-21 03:00:00,1405-02-01 03:00:00,,faham,6.0,,,,,,,,,,,,,,,1.0,0.0,57.79999923706055,58.400001525878906,58.599998474121094,0.05999999865889549,0.09000000357627869,0.10000000149011612,7.0,493.0,0.0,3.0,0,0,2026-05-29 11:24:00
14050201031500,11059811139247,,,,,2026-04-21 03:15:00,1405-02-01 03:15:00,,faham,6.0,,,,,,,,,,,,,,,1.0,0.0,57.79999923706055,58.29999923706055,58.5,0.05999999865889549,0.09000000357627869,0.10000000149011612,7.0,495.0,0.0,3.0,0,0,2026-05-29 11:28:00
14050201033000,11059811139247,,,,,2026-04-21 03:30:00,1405-02-01 03:30:00,,faham,6.0,,,,,,,,,,,,,,,1.0,0.0,57.79999923706055,58.29999923706055,58.5,0.05999999865889549,0.09000000357627869,0.10000000149011612,7.0,496.0,0.0,3.0,0,0,2026-05-29 11:28:00
14050201034500,11059811139247,,,,,2026-04-21 03:45:00,1405-02-01 03:45:00,,faham,6.0,,,,,,,,,,,,,,,1.0,0.0,57.900001525878906,58.400001525878906,58.599998474121094,0.05999999865889549,0.09000000357627869,0.10000000149011612,7.0,495.0,0.0,3.0,0,0,2026-05-29 11:34:00
14050201040000,11059811139247,,,,,2026-04-21 04:00:00,1405-02-01 04:00:00,,faham,6.0,,,,,,,,,,,,,,,1.0,0.0,58.0,58.400001525878906,58.70000076293945,0.05999999865889549,0.09000000357627869,0.10000000149011612,7.0,495.0,0.0,3.0,0,0,2026-05-29 11:34:00
14050201041500,11059811139247,,,,,2026-04-21 04:15:00,1405-02-01 04:15:00,,faham,7.0,,,,,,,,,,,,,,,2.0,0.0,58.0,58.400001525878906,58.70000076293945,0.05999999865889549,0.09000000357627869,0.10999999940395355,8.0,542.0,0.0,3.0,0,0,2026-05-29 11:39:00
14050201043000,11059811139247,,,,,2026-04-21 04:30:00,1405-02-01 04:30:00,,faham,7.0,,,,,,,,,,,,,,,2.0,0.0,58.0,58.400001525878906,58.70000076293945,0.05999999865889549,0.09000000357627869,0.10999999940395355,8.0,545.0,0.0,3.0,0,0,2026-05-29 11:39:00
14050201044500,11059811139247,,,,,2026-04-21 04:45:00,1405-02-01 04:45:00,,faham,6.0,,,,,,,,,,,,,,,1.0,0.0,58.0,58.5,58.70000076293945,0.05999999865889549,0.09000000357627869,0.10000000149011612,7.0,494.0,0.0,3.0,0,0,2026-05-29 11:43:00
14050201050000,11059811139247,,,,,2026-04-21 05:00:00,1405-02-01 05:00:00,,faham,7.0,,,,,,,,,,,,,,,2.0,0.0,58.099998474121094,58.5,58.70000076293945,0.05999999865889549,0.09000000357627869,0.10000000149011612,8.0,584.0,0.0,2.0,0,0,2026-05-29 11:43:00
14050201051500,11059811139247,,,,,2026-04-21 05:15:00,1405-02-01 05:15:00,,faham,9.0,,,,,,,,,,,,,,,2.0,0.0,58.20000076293945,58.70000076293945,58.900001525878906,0.05999999865889549,0.09000000357627869,0.10000000149011612,10.0,667.0,0.0,2.0,0,0,2026-05-29 11:48:00
14050201053000,11059811139247,,,,,2026-04-21 05:30:00,1405-02-01 05:30:00,,faham,7.0,,,,,,,,,,,,,,,2.0,0.0,58.20000076293945,58.599998474121094,58.79999923706055,0.05999999865889549,0.09000000357627869,0.09000000357627869,8.0,619.0,0.0,2.0,0,0,2026-05-29 11:48:00
14050201054500,11059811139247,,,,,2026-04-21 05:45:00,1405-02-01 05:45:00,,faham,6.0,,,,,,,,,,,,,,,1.0,0.0,58.0,58.5,58.70000076293945,0.05999999865889549,0.07999999821186066,0.07999999821186066,7.0,554.0,0.0,2.0,0,0,2026-05-29 11:53:00
14050201060000,11059811139247,,,,,2026-04-21 06:00:00,1405-02-01 06:00:00,,faham,19.0,,,,,,,,,,,,,,,5.0,1.0,58.0,58.5,58.70000076293945,0.14000000059604645,0.17000000178813934,0.14000000059604645,20.0,699.0,0.0,2.0,0,0,2026-05-29 11:53:00
14050201061500,11059811139247,,,,,2026-04-21 06:15:00,1405-02-01 06:15:00,,faham,110.0,,,,,,,,,,,,,,,28.0,19.0,57.400001525878906,57.900001525878906,58.099998474121094,0.7900000214576721,0.800000011920929,0.7599999904632568,112.0,830.0,0.0,0.0,0,0,2026-05-29 11:58:00
14050201063000,11059811139247,,,,,2026-04-21 06:30:00,1405-02-01 06:30:00,,faham,146.0,,,,,,,,,,,,,,,37.0,28.0,57.099998474121094,57.5,57.79999923706055,1.0800000429153442,1.090000033378601,1.059999942779541,148.0,797.0,0.0,0.0,0,0,2026-05-29 11:58:00
14050201064500,11059811139247,,,,,2026-04-21 06:45:00,1405-02-01 06:45:00,,faham,205.0,,,,,,,,,,,,,,,52.0,37.0,57.0,57.400001525878906,57.70000076293945,1.4800000190734863,1.5,1.4700000286102295,199.0,810.0,0.0,0.0,0,0,2026-05-29 12:03:00
14050201070000,11059811139247,,,,,2026-04-21 07:00:00,1405-02-01 07:00:00,,faham,208.0,,,,,,,,,,,,,,,52.0,36.0,56.900001525878906,57.29999923706055,57.599998474121094,1.4900000095367432,1.5099999904632568,1.4700000286102295,207.0,818.0,0.0,0.0,0,0,2026-05-29 12:03:00
14050201071500,11059811139247,,,,,2026-04-21 07:15:00,1405-02-01 07:15:00,,faham,210.0,,,,,,,,,,,,,,,53.0,36.0,56.599998474121094,57.099998474121094,57.29999923706055,1.5099999904632568,1.5399999618530273,1.4900000095367432,213.0,816.0,0.0,0.0,0,0,2026-05-29 12:08:00
14050201073000,11059811139247,,,,,2026-04-21 07:30:00,1405-02-01 07:30:00,,faham,215.0,,,,,,,,,,,,,,,54.0,37.0,56.70000076293945,57.099998474121094,57.29999923706055,1.5499999523162842,1.559999942779541,1.5299999713897705,216.0,818.0,0.0,0.0,0,0,2026-05-29 12:08:00
14050201074500,11059811139247,,,,,2026-04-21 07:45:00,1405-02-01 07:45:00,,faham,207.0,,,,,,,,,,,,,,,52.0,36.0,56.599998474121094,57.0,57.20000076293945,1.4900000095367432,1.5099999904632568,1.4800000190734863,210.0,816.0,0.0,0.0,0,0,2026-05-29 12:13:00
14050201080000,11059811139247,,,,,2026-04-21 08:00:00,1405-02-01 08:00:00,,faham,212.0,,,,,,,,,,,,,,,53.0,37.0,57.29999923706055,57.79999923706055,58.0,1.5199999809265137,1.5299999713897705,1.5,213.0,812.0,0.0,0.0,0,0,2026-05-29 12:13:00
14050201081500,11059811139247,,,,,2026-04-21 08:15:00,1405-02-01 08:15:00,,faham,213.0,,,,,,,,,,,,,,,53.0,38.0,57.29999923706055,57.79999923706055,58.0,1.5299999713897705,1.5499999523162842,1.5099999904632568,215.0,809.0,0.0,0.0,0,0,2026-05-29 12:18:00
14050201083000,11059811139247,,,,,2026-04-21 08:30:00,1405-02-01 08:30:00,,faham,202.0,,,,,,,,,,,,,,,51.0,37.0,57.20000076293945,57.599998474121094,57.900001525878906,1.4600000381469727,1.4800000190734863,1.440000057220459,204.0,804.0,0.0,0.0,0,0,2026-05-29 12:18:00
14050201084500,11059811139247,,,,,2026-04-21 08:45:00,1405-02-01 08:45:00,,faham,213.0,,,,,,,,,,,,,,,53.0,38.0,57.099998474121094,57.5,57.79999923706055,1.5399999618530273,1.5499999523162842,1.5099999904632568,214.0,810.0,0.0,0.0,0,0,2026-05-29 12:23:00
14050201090000,11059811139247,,,,,2026-04-21 09:00:00,1405-02-01 09:00:00,,faham,200.0,,,,,,,,,,,,,,,50.0,38.0,57.0,57.400001525878906,57.599998474121094,1.4700000286102295,1.4900000095367432,1.4500000476837158,202.0,794.0,0.0,0.0,0,0,2026-05-29 12:23:00
14050201091500,11059811139247,,,,,2026-04-21 09:15:00,1405-02-01 09:15:00,,faham,183.0,,,,,,,,,,,,,,,46.0,33.0,56.900001525878906,57.29999923706055,57.5,1.3300000429153442,1.350000023841858,1.309999942779541,185.0,808.0,0.0,0.0,0,0,2026-05-29 12:28:00
14050201093000,11059811139247,,,,,2026-04-21 09:30:00,1405-02-01 09:30:00,,faham,207.0,,,,,,,,,,,,,,,52.0,36.0,56.900001525878906,57.29999923706055,57.5,1.4800000190734863,1.5099999904632568,1.4700000286102295,207.0,816.0,0.0,0.0,0,0,2026-05-29 12:28:00
14050201094500,11059811139247,,,,,2026-04-21 09:45:00,1405-02-01 09:45:00,,faham,215.0,,,,,,,,,,,,,,,54.0,37.0,56.70000076293945,57.099998474121094,57.400001525878906,1.5499999523162842,1.5499999523162842,1.5299999713897705,216.0,819.0,0.0,0.0,0,0,2026-05-29 12:33:00
14050201100000,11059811139247,,,,,2026-04-21 10:00:00,1405-02-01 10:00:00,,faham,217.0,,,,,,,,,,,,,,,54.0,39.0,56.70000076293945,57.099998474121094,57.29999923706055,1.590000033378601,1.600000023841858,1.5700000524520874,220.0,805.0,0.0,0.0,0,0,2026-05-29 12:33:00
14050201101500,11059811139247,,,,,2026-04-21 10:15:00,1405-02-01 10:15:00,,faham,216.0,,,,,,,,,,,,,,,54.0,38.0,56.79999923706055,57.20000076293945,57.400001525878906,1.5700000524520874,1.5800000429153442,1.5499999523162842,218.0,810.0,0.0,0.0,0,0,2026-05-29 12:39:00
14050201103000,11059811139247,,,,,2026-04-21 10:30:00,1405-02-01 10:30:00,,faham,206.0,,,,,,,,,,,,,,,52.0,38.0,56.70000076293945,57.099998474121094,57.29999923706055,1.5099999904632568,1.5199999809265137,1.5,207.0,801.0,0.0,0.0,0,0,2026-05-29 12:39:00
14050201104500,11059811139247,,,,,2026-04-21 10:45:00,1405-02-01 10:45:00,,faham,206.0,,,,,,,,,,,,,,,52.0,38.0,57.099998474121094,57.5,57.79999923706055,1.5,1.5099999904632568,1.4900000095367432,208.0,801.0,0.0,0.0,0,0,2026-05-29 12:43:00
14050201110000,11059811139247,,,,,2026-04-21 11:00:00,1405-02-01 11:00:00,,faham,197.0,,,,,,,,,,,,,,,49.0,37.0,57.5,57.900001525878906,58.20000076293945,1.440000057220459,1.4500000476837158,1.4199999570846558,199.0,792.0,0.0,0.0,0,0,2026-05-29 12:43:00
14050201111500,11059811139247,,,,,2026-04-21 11:15:00,1405-02-01 11:15:00,,faham,214.0,,,,,,,,,,,,,,,54.0,40.0,57.5,57.900001525878906,58.099998474121094,1.559999942779541,1.5700000524520874,1.5399999618530273,215.0,797.0,0.0,0.0,0,0,2026-05-29 12:49:00
14050201113000,11059811139247,,,,,2026-04-21 11:30:00,1405-02-01 11:30:00,,faham,218.0,,,,,,,,,,,,,,,55.0,41.0,57.599998474121094,58.099998474121094,58.29999923706055,1.590000033378601,1.600000023841858,1.590000033378601,220.0,792.0,0.0,0.0,0,0,2026-05-29 12:49:00
14050201114500,11059811139247,,,,,2026-04-21 11:45:00,1405-02-01 11:45:00,,faham,215.0,,,,,,,,,,,,,,,54.0,42.0,57.79999923706055,58.20000076293945,58.5,1.5700000524520874,1.600000023841858,1.5700000524520874,217.0,784.0,0.0,0.0,0,0,2026-05-29 12:53:00
14050201120000,11059811139247,,,,,2026-04-21 12:00:00,1405-02-01 12:00:00,,faham,216.0,,,,,,,,,,,,,,,54.0,42.0,57.79999923706055,58.20000076293945,58.5,1.5800000429153442,1.600000023841858,1.5800000429153442,217.0,784.0,0.0,0.0,0,0,2026-05-29 12:53:00
14050201121500,11059811139247,,,,,2026-04-21 12:15:00,1405-02-01 12:15:00,,faham,214.0,,,,,,,,,,,,,,,54.0,42.0,57.900001525878906,58.400001525878906,58.599998474121094,1.5700000524520874,1.600000023841858,1.559999942779541,217.0,780.0,0.0,0.0,0,0,2026-05-29 12:58:00
14050201123000,11059811139247,,,,,2026-04-21 12:30:00,1405-02-01 12:30:00,,faham,203.0,,,,,,,,,,,,,,,51.0,39.0,57.900001525878906,58.400001525878906,58.599998474121094,1.4700000286102295,1.4900000095367432,1.4600000381469727,204.0,790.0,0.0,0.0,0,0,2026-05-29 12:58:00
14050201124500,11059811139247,,,,,2026-04-21 12:45:00,1405-02-01 12:45:00,,faham,217.0,,,,,,,,,,,,,,,54.0,42.0,57.900001525878906,58.29999923706055,58.599998474121094,1.5800000429153442,1.600000023841858,1.5700000524520874,218.0,789.0,0.0,0.0,0,0,2026-05-29 13:03:00
14050201130000,11059811139247,,,,,2026-04-21 13:00:00,1405-02-01 13:00:00,,faham,210.0,,,,,,,,,,,,,,,53.0,39.0,58.0,58.400001525878906,58.70000076293945,1.5099999904632568,1.5199999809265137,1.5,212.0,799.0,0.0,0.0,0,0,2026-05-29 13:03:00
14050201131500,11059811139247,,,,,2026-04-21 13:15:00,1405-02-01 13:15:00,,faham,208.0,,,,,,,,,,,,,,,52.0,39.0,58.099998474121094,58.5,58.79999923706055,1.5,1.5199999809265137,1.4900000095367432,210.0,793.0,0.0,0.0,0,0,2026-05-29 13:09:00
14050201133000,11059811139247,,,,,2026-04-21 13:30:00,1405-02-01 13:30:00,,faham,177.0,,,,,,,,,,,,,,,44.0,36.0,58.099998474121094,58.5,58.79999923706055,1.309999942779541,1.340000033378601,1.2999999523162842,179.0,772.0,0.0,0.0,0,0,2026-05-29 13:09:00
14050201134500,11059811139247,,,,,2026-04-21 13:45:00,1405-02-01 13:45:00,,faham,205.0,,,,,,,,,,,,,,,51.0,39.0,58.20000076293945,58.599998474121094,58.900001525878906,1.4800000190734863,1.5,1.4700000286102295,205.0,788.0,0.0,0.0,0,0,2026-05-29 13:13:00
14050201140000,11059811139247,,,,,2026-04-21 14:00:00,1405-02-01 14:00:00,,faham,102.0,,,,,,,,,,,,,,,26.0,18.0,58.5,59.0,59.20000076293945,0.7400000095367432,0.7400000095367432,0.7099999785423279,109.0,832.0,0.0,0.0,0,0,2026-05-29 13:13:00
14050201141500,11059811139247,,,,,2026-04-21 14:15:00,1405-02-01 14:15:00,,faham,12.0,,,,,,,,,,,,,,,3.0,0.0,58.70000076293945,59.099998474121094,59.400001525878906,0.07999999821186066,0.10999999940395355,0.07999999821186066,13.0,780.0,0.0,1.0,0,0,2026-05-29 13:19:00
14050201143000,11059811139247,,,,,2026-04-21 14:30:00,1405-02-01 14:30:00,,faham,7.0,,,,,,,,,,,,,,,2.0,0.0,58.5,58.900001525878906,59.20000076293945,0.05999999865889549,0.09000000357627869,0.07000000029802322,9.0,711.0,0.0,1.0,0,0,2026-05-29 13:19:00
14050201144500,11059811139247,,,,,2026-04-21 14:45:00,1405-02-01 14:45:00,,faham,5.0,,,,,,,,,,,,,,,2.0,0.0,58.5,58.900001525878906,59.099998474121094,0.05999999865889549,0.09000000357627869,0.07000000029802322,7.0,606.0,0.0,2.0,0,0,2026-05-29 13:24:00
14050201150000,11059811139247,,,,,2026-04-21 15:00:00,1405-02-01 15:00:00,,faham,5.0,,,,,,,,,,,,,,,1.0,0.0,58.5,59.0,59.20000076293945,0.05999999865889549,0.07999999821186066,0.07000000029802322,6.0,519.0,0.0,2.0,0,0,2026-05-29 13:24:00
14050201151500,11059811139247,,,,,2026-04-21 15:15:00,1405-02-01 15:15:00,,faham,3.0,,,,,,,,,,,,,,,1.0,0.0,58.599998474121094,59.0,59.20000076293945,0.05999999865889549,0.07999999821186066,0.07000000029802322,5.0,448.0,0.0,2.0,0,0,2026-05-29 13:30:00
14050201153000,11059811139247,,,,,2026-04-21 15:30:00,1405-02-01 15:30:00,,faham,3.0,,,,,,,,,,,,,,,1.0,0.0,58.5,58.900001525878906,59.20000076293945,0.05999999865889549,0.07999999821186066,0.07999999821186066,5.0,416.0,0.0,2.0,0,0,2026-05-29 13:30:00
14050201154500,11059811139247,,,,,2026-04-21 15:45:00,1405-02-01 15:45:00,,faham,4.0,,,,,,,,,,,,,,,1.0,0.0,58.599998474121094,59.0,59.20000076293945,0.05999999865889549,0.07999999821186066,0.07999999821186066,5.0,431.0,0.0,2.0,0,0,2026-05-29 13:34:00
14050201160000,11059811139247,,,,,2026-04-21 16:00:00,1405-02-01 16:00:00,,faham,4.0,,,,,,,,,,,,,,,1.0,0.0,58.599998474121094,59.0,59.20000076293945,0.05000000074505806,0.07999999821186066,0.07000000029802322,6.0,472.0,0.0,2.0,0,0,2026-05-29 13:34:00
14050201161500,11059811139247,,,,,2026-04-21 16:15:00,1405-02-01 16:15:00,,faham,4.0,,,,,,,,,,,,,,,1.0,0.0,58.70000076293945,59.099998474121094,59.29999923706055,0.05000000074505806,0.07999999821186066,0.07000000029802322,5.0,475.0,0.0,2.0,0,0,2026-05-29 13:39:00
14050201163000,11059811139247,,,,,2026-04-21 16:30:00,1405-02-01 16:30:00,,faham,4.0,,,,,,,,,,,,,,,1.0,0.0,58.70000076293945,59.099998474121094,59.29999923706055,0.05000000074505806,0.07999999821186066,0.07000000029802322,6.0,470.0,0.0,2.0,0,0,2026-05-29 13:39:00
14050201164500,11059811139247,,,,,2026-04-21 16:45:00,1405-02-01 16:45:00,,faham,4.0,,,,,,,,,,,,,,,1.0,0.0,58.70000076293945,59.099998474121094,59.29999923706055,0.05000000074505806,0.07999999821186066,0.07000000029802322,6.0,466.0,0.0,2.0,0,0,2026-05-29 13:43:00
14050201170000,11059811139247,,,,,2026-04-21 17:00:00,1405-02-01 17:00:00,,faham,4.0,,,,,,,,,,,,,,,1.0,0.0,58.5,58.900001525878906,59.20000076293945,0.05000000074505806,0.07999999821186066,0.07000000029802322,6.0,470.0,0.0,2.0,0,0,2026-05-29 13:43:00
14050201171500,11059811139247,,,,,2026-04-21 17:15:00,1405-02-01 17:15:00,,faham,4.0,,,,,,,,,,,,,,,1.0,0.0,58.599998474121094,59.0,59.20000076293945,0.05000000074505806,0.07999999821186066,0.07000000029802322,6.0,473.0,0.0,2.0,0,0,2026-05-29 13:48:00
14050201173000,11059811139247,,,,,2026-04-21 17:30:00,1405-02-01 17:30:00,,faham,5.0,,,,,,,,,,,,,,,1.0,0.0,58.599998474121094,59.0,59.20000076293945,0.05000000074505806,0.09000000357627869,0.07999999821186066,6.0,540.0,0.0,2.0,0,0,2026-05-29 13:48:00
14050201174500,11059811139247,,,,,2026-04-21 17:45:00,1405-02-01 17:45:00,,faham,5.0,,,,,,,,,,,,,,,1.0,0.0,58.599998474121094,59.0,59.20000076293945,0.05000000074505806,0.07999999821186066,0.07000000029802322,6.0,471.0,0.0,2.0,0,0,2026-05-29 13:53:00
14050201180000,11059811139247,,,,,2026-04-21 18:00:00,1405-02-01 18:00:00,,faham,4.0,,,,,,,,,,,,,,,1.0,0.0,58.6,59.0,59.3,0.05,0.08,0.07,6.0,462.0,0.0,2.0,0,0,
14050201181500,11059811139247,,,,,2026-04-21 18:15:00,1405-02-01 18:15:00,,faham,5.0,,,,,,,,,,,,,,,1.0,0.0,58.79999923706055,59.20000076293945,59.5,0.05000000074505806,0.07999999821186066,0.07000000029802322,6.0,458.0,0.0,2.0,0,0,2026-05-29 13:56:00
14050201183000,11059811139247,,,,,2026-04-21 18:30:00,1405-02-01 18:30:00,,faham,4.0,,,,,,,,,,,,,,,1.0,0.0,58.79999923706055,59.20000076293945,59.5,0.05000000074505806,0.07999999821186066,0.07000000029802322,5.0,429.0,0.0,2.0,0,0,2026-05-29 13:56:00
14050201184500,11059811139247,,,,,2026-04-21 18:45:00,1405-02-01 18:45:00,,faham,5.0,,,,,,,,,,,,,,,1.0,0.0,58.70000076293945,59.099998474121094,59.29999923706055,0.05000000074505806,0.09000000357627869,0.09000000357627869,6.0,522.0,0.0,2.0,0,0,2026-05-29 14:46:00
14050201190000,11059811139247,,,,,2026-04-21 19:00:00,1405-02-01 19:00:00,,faham,6.0,,,,,,,,,,,,,,,2.0,0.0,58.400001525878906,58.70000076293945,59.0,0.05000000074505806,0.09000000357627869,0.09000000357627869,7.0,546.0,0.0,2.0,0,0,2026-05-29 14:46:00
14050201191500,11059811139247,,,,,2026-04-21 19:15:00,1405-02-01 19:15:00,,faham,7.0,,,,,,,,,,,,,,,2.0,0.0,58.29999923706055,58.599998474121094,58.900001525878906,0.05999999865889549,0.09000000357627869,0.10000000149011612,7.0,551.0,0.0,2.0,0,0,2026-05-29 14:51:00
14050201193000,11059811139247,,,,,2026-04-21 19:30:00,1405-02-01 19:30:00,,faham,7.0,,,,,,,,,,,,,,,2.0,0.0,58.400001525878906,58.70000076293945,59.0,0.05999999865889549,0.09000000357627869,0.10000000149011612,7.0,553.0,0.0,2.0,0,0,2026-05-29 14:51:00
14050201194500,11059811139247,,,,,2026-04-21 19:45:00,1405-02-01 19:45:00,,faham,7.0,,,,,,,,,,,,,,,2.0,0.0,58.29999923706055,58.70000076293945,58.900001525878906,0.05999999865889549,0.09000000357627869,0.10000000149011612,7.0,546.0,0.0,2.0,0,0,2026-05-29 14:56:00
14050201200000,11059811139247,,,,,2026-04-21 20:00:00,1405-02-01 20:00:00,,faham,7.0,,,,,,,,,,,,,,,2.0,0.0,58.400001525878906,58.79999923706055,59.0,0.05999999865889549,0.09000000357627869,0.10000000149011612,7.0,552.0,0.0,2.0,0,0,2026-05-29 14:56:00
14050201201500,11059811139247,,,,,2026-04-21 20:15:00,1405-02-01 20:15:00,,faham,7.0,,,,,,,,,,,,,,,2.0,0.0,58.5,58.900001525878906,59.20000076293945,0.05000000074505806,0.09000000357627869,0.09000000357627869,7.0,552.0,0.0,2.0,0,0,2026-05-29 15:01:00
14050201203000,11059811139247,,,,,2026-04-21 20:30:00,1405-02-01 20:30:00,,faham,7.0,,,,,,,,,,,,,,,2.0,0.0,58.5,58.900001525878906,59.20000076293945,0.05000000074505806,0.09000000357627869,0.09000000357627869,7.0,558.0,0.0,2.0,0,0,2026-05-29 15:01:00
14050201204500,11059811139247,,,,,2026-04-21 20:45:00,1405-02-01 20:45:00,,faham,7.0,,,,,,,,,,,,,,,2.0,0.0,58.599998474121094,58.900001525878906,59.099998474121094,0.05000000074505806,0.09000000357627869,0.09000000357627869,7.0,549.0,0.0,2.0,0,0,2026-05-29 15:06:00
14050201210000,11059811139247,,,,,2026-04-21 21:00:00,1405-02-01 21:00:00,,faham,6.0,,,,,,,,,,,,,,,2.0,0.0,58.599998474121094,59.0,59.20000076293945,0.05000000074505806,0.09000000357627869,0.09000000357627869,7.0,529.0,0.0,2.0,0,0,2026-05-29 15:06:00
14050201211500,11059811139247,,,,,2026-04-21 21:15:00,1405-02-01 21:15:00,,faham,7.0,,,,,,,,,,,,,,,2.0,0.0,58.70000076293945,59.0,59.29999923706055,0.05999999865889549,0.09000000357627869,0.10000000149011612,7.0,523.0,0.0,2.0,0,0,2026-05-29 15:11:00
14050201213000,11059811139247,,,,,2026-04-21 21:30:00,1405-02-01 21:30:00,,faham,6.0,,,,,,,,,,,,,,,1.0,0.0,58.79999923706055,59.099998474121094,59.400001525878906,0.05999999865889549,0.09000000357627869,0.10000000149011612,6.0,483.0,0.0,2.0,0,0,2026-05-29 15:11:00
14050201214500,11059811139247,,,,,2026-04-21 21:45:00,1405-02-01 21:45:00,,faham,5.0,,,,,,,,,,,,,,,1.0,0.0,58.900001525878906,59.29999923706055,59.5,0.05999999865889549,0.07999999821186066,0.09000000357627869,6.0,461.0,0.0,2.0,0,0,2026-05-29 15:17:00
14050201220000,11059811139247,,,,,2026-04-21 22:00:00,1405-02-01 22:00:00,,faham,5.0,,,,,,,,,,,,,,,1.0,0.0,59.099998474121094,59.400001525878906,59.70000076293945,0.05999999865889549,0.07999999821186066,0.09000000357627869,6.0,462.0,0.0,2.0,0,0,2026-05-29 15:17:00
14050201221500,11059811139247,,,,,2026-04-21 22:15:00,1405-02-01 22:15:00,,faham,5.0,,,,,,,,,,,,,,,1.0,0.0,59.099998474121094,59.400001525878906,59.599998474121094,0.05000000074505806,0.07999999821186066,0.09000000357627869,6.0,462.0,0.0,2.0,0,0,2026-05-29 15:23:00
14050201223000,11059811139247,,,,,2026-04-21 22:30:00,1405-02-01 22:30:00,,faham,5.0,,,,,,,,,,,,,,,1.0,0.0,59.0,59.400001525878906,59.599998474121094,0.05999999865889549,0.09000000357627869,0.10000000149011612,6.0,495.0,0.0,2.0,0,0,2026-05-29 15:23:00
14050201224500,11059811139247,,,,,2026-04-21 22:45:00,1405-02-01 22:45:00,,faham,7.0,,,,,,,,,,,,,,,2.0,0.0,59.099998474121094,59.5,59.79999923706055,0.05999999865889549,0.09000000357627869,0.10000000149011612,8.0,552.0,0.0,2.0,0,0,2026-05-29 15:28:00
14050201230000,11059811139247,,,,,2026-04-21 23:00:00,1405-02-01 23:00:00,,faham,7.0,,,,,,,,,,,,,,,2.0,0.0,58.5,58.900001525878906,59.20000076293945,0.05999999865889549,0.09000000357627869,0.10999999940395355,8.0,554.0,0.0,2.0,0,0,2026-05-29 15:28:00
14050201231500,11059811139247,,,,,2026-04-21 23:15:00,1405-02-01 23:15:00,,faham,6.0,,,,,,,,,,,,,,,1.0,0.0,58.29999923706055,58.70000076293945,59.0,0.05999999865889549,0.09000000357627869,0.10000000149011612,7.0,512.0,0.0,2.0,0,0,2026-05-29 15:33:00
14050201233000,11059811139247,,,,,2026-04-21 23:30:00,1405-02-01 23:30:00,,faham,6.0,,,,,,,,,,,,,,,1.0,0.0,58.29999923706055,58.70000076293945,59.0,0.05999999865889549,0.09000000357627869,0.10000000149011612,7.0,512.0,0.0,2.0,0,0,2026-05-29 15:33:00
14050201234500,11059811139247,,,,,2026-04-21 23:45:00,1405-02-01 23:45:00,,faham,6.0,,,,,,,,,,,,,,,2.0,0.0,58.29999923706055,58.79999923706055,59.099998474121094,0.05999999865889549,0.07999999821186066,0.10000000149011612,7.0,514.0,0.0,2.0,0,0,2026-05-29 15:39:00
14050201000000,11070105265871,,,,,2026-04-21 00:00:00,1405-02-01 00:00:00,,faham,0.0,,,,,,,,,,,,,,,,,228.10000610351562,,,2.0799999237060547,,,,872.0,,,,0,2026-05-29 10:51:00
14050201010000,11070105265871,,,,,2026-04-21 01:00:00,1405-02-01 01:00:00,,faham,0.0,,,,,,,,,,,,,,,,,229.3000030517578,,,0.8600000143051147,,,,890.0,,,,0,2026-05-29 11:03:00
14050201020000,11070105265871,,,,,2026-04-21 02:00:00,1405-02-01 02:00:00,,faham,0.0,,,,,,,,,,,,,,,,,227.1999969482422,,,0.800000011920929,,,,847.0,,,,0,2026-05-29 11:14:00
14050201030000,11070105265871,,,,,2026-04-21 03:00:00,1405-02-01 03:00:00,,faham,0.0,,,,,,,,,,,,,,,,,227.10000610351562,,,0.8899999856948853,,,,912.0,,,,0,2026-05-29 11:24:00
14050201040000,11070105265871,,,,,2026-04-21 04:00:00,1405-02-01 04:00:00,,faham,0.0,,,,,,,,,,,,,,,,,225.1999969482422,,,0.8500000238418579,,,,917.0,,,,0,2026-05-29 11:34:00
14050201050000,11070105265871,,,,,2026-04-21 05:00:00,1405-02-01 05:00:00,,faham,0.0,,,,,,,,,,,,,,,,,225.60000610351562,,,0.8399999737739563,,,,906.0,,,,0,2026-05-29 11:43:00
14050201060000,11070105265871,,,,,2026-04-21 06:00:00,1405-02-01 06:00:00,,faham,0.0,,,,,,,,,,,,,,,,,227.0,,,0.8100000023841858,,,,880.0,,,,0,2026-05-29 11:53:00
14050201070000,11070105265871,,,,,2026-04-21 07:00:00,1405-02-01 07:00:00,,faham,0.0,,,,,,,,,,,,,,,,,225.89999389648438,,,0.8299999833106995,,,,862.0,,,,0,2026-05-29 12:03:00
14050201080000,11070105265871,,,,,2026-04-21 08:00:00,1405-02-01 08:00:00,,faham,0.0,,,,,,,,,,,,,,,,,226.10000610351562,,,1.0,,,,904.0,,,,0,2026-05-29 12:13:00
14050201090000,11070105265871,,,,,2026-04-21 09:00:00,1405-02-01 09:00:00,,faham,0.0,,,,,,,,,,,,,,,,,228.0,,,1.149999976158142,,,,918.0,,,,0,2026-05-29 12:23:00
14050201100000,11070105265871,,,,,2026-04-21 10:00:00,1405-02-01 10:00:00,,faham,0.0,,,,,,,,,,,,,,,,,228.10000610351562,,,1.159999966621399,,,,907.0,,,,0,2026-05-29 12:33:00
14050201110000,11070105265871,,,,,2026-04-21 11:00:00,1405-02-01 11:00:00,,faham,0.0,,,,,,,,,,,,,,,,,226.6999969482422,,,1.100000023841858,,,,923.0,,,,0,2026-05-29 12:43:00
14050201120000,11070105265871,,,,,2026-04-21 12:00:00,1405-02-01 12:00:00,,faham,0.0,,,,,,,,,,,,,,,,,227.6999969482422,,,1.1100000143051147,,,,907.0,,,,0,2026-05-29 12:53:00
14050201130000,11070105265871,,,,,2026-04-21 13:00:00,1405-02-01 13:00:00,,faham,0.0,,,,,,,,,,,,,,,,,227.5,,,0.8999999761581421,,,,893.0,,,,0,2026-05-29 13:03:00
14050201140000,11070105265871,,,,,2026-04-21 14:00:00,1405-02-01 14:00:00,,faham,0.0,,,,,,,,,,,,,,,,,227.5,,,2.930000066757202,,,,845.0,,,,0,2026-05-29 13:13:00
14050201000000,18030270209323,,,,,2026-04-21 00:00:00,1405-02-01 00:00:00,,faham,10.0,,,,,,,,,,,,,,,,,223.6999969482422,232.1999969482422,224.89999389648438,0.07999999821186066,0.03999999910593033,0.03999999910593033,,259.0,,,,0,2026-05-29 10:51:00
14050201001500,18030270209323,,,,,2026-04-21 00:15:00,1405-02-01 00:15:00,,faham,10.0,,,,,,,,,,,,,,,,,224.0,233.0,225.10000610351562,0.07999999821186066,0.03999999910593033,0.05000000074505806,,260.0,,,,0,2026-05-29 10:57:00
14050201003000,18030270209323,,,,,2026-04-21 00:30:00,1405-02-01 00:30:00,,faham,10.0,,,,,,,,,,,,,,,,,223.60000610351562,233.3000030517578,225.6999969482422,0.07999999821186066,0.03999999910593033,0.05000000074505806,,261.0,,,,0,2026-05-29 10:57:00
14050201004500,18030270209323,,,,,2026-04-21 00:45:00,1405-02-01 00:45:00,,faham,10.0,,,,,,,,,,,,,,,,,224.10000610351562,233.1999969482422,225.60000610351562,0.07999999821186066,0.03999999910593033,0.03999999910593033,,260.0,,,,0,2026-05-29 11:03:00
14050201010000,18030270209323,,,,,2026-04-21 01:00:00,1405-02-01 01:00:00,,faham,10.0,,,,,,,,,,,,,,,,,223.60000610351562,232.0,224.5,0.07999999821186066,0.03999999910593033,0.03999999910593033,,258.0,,,,0,2026-05-29 11:03:00
14050201011500,18030270209323,,,,,2026-04-21 01:15:00,1405-02-01 01:15:00,,faham,10.0,,,,,,,,,,,,,,,,,222.39999389648438,230.8000030517578,223.1999969482422,0.07999999821186066,0.03999999910593033,0.03999999910593033,,258.0,,,,0,2026-05-29 11:09:00
14050201013000,18030270209323,,,,,2026-04-21 01:30:00,1405-02-01 01:30:00,,faham,10.0,,,,,,,,,,,,,,,,,222.6999969482422,231.39999389648438,222.5,0.07999999821186066,0.03999999910593033,0.03999999910593033,,258.0,,,,0,2026-05-29 11:09:00
14050201014500,18030270209323,,,,,2026-04-21 01:45:00,1405-02-01 01:45:00,,faham,10.0,,,,,,,,,,,,,,,,,223.6999969482422,231.8000030517578,223.1999969482422,0.07999999821186066,0.03999999910593033,0.03999999910593033,,258.0,,,,0,2026-05-29 11:14:00
14050201020000,18030270209323,,,,,2026-04-21 02:00:00,1405-02-01 02:00:00,,faham,10.0,,,,,,,,,,,,,,,,,223.60000610351562,231.6999969482422,224.5,0.07999999821186066,0.03999999910593033,0.03999999910593033,,258.0,,,,0,2026-05-29 11:14:00
14050201021500,18030270209323,,,,,2026-04-21 02:15:00,1405-02-01 02:15:00,,faham,10.0,,,,,,,,,,,,,,,,,223.3000030517578,232.0,224.60000610351562,0.07999999821186066,0.03999999910593033,0.03999999910593033,,259.0,,,,0,2026-05-29 11:19:00
14050201023000,18030270209323,,,,,2026-04-21 02:30:00,1405-02-01 02:30:00,,faham,10.0,,,,,,,,,,,,,,,,,223.3000030517578,231.6999969482422,224.3000030517578,0.07999999821186066,0.03999999910593033,0.03999999910593033,,259.0,,,,0,2026-05-29 11:19:00
14050201024500,18030270209323,,,,,2026-04-21 02:45:00,1405-02-01 02:45:00,,faham,10.0,,,,,,,,,,,,,,,,,223.10000610351562,230.60000610351562,222.89999389648438,0.07999999821186066,0.03999999910593033,0.03999999910593033,,257.0,,,,0,2026-05-29 11:24:00
14050201030000,18030270209323,,,,,2026-04-21 03:00:00,1405-02-01 03:00:00,,faham,10.0,,,,,,,,,,,,,,,,,221.5,229.89999389648438,221.89999389648438,0.07999999821186066,0.03999999910593033,0.03999999910593033,,257.0,,,,0,2026-05-29 11:24:00
14050201031500,18030270209323,,,,,2026-04-21 03:15:00,1405-02-01 03:15:00,,faham,9.0,,,,,,,,,,,,,,,,,220.89999389648438,229.0,220.60000610351562,0.07999999821186066,0.03999999910593033,0.03999999910593033,,256.0,,,,0,2026-05-29 11:28:00
14050201033000,18030270209323,,,,,2026-04-21 03:30:00,1405-02-01 03:30:00,,faham,9.0,,,,,,,,,,,,,,,,,221.1999969482422,228.1999969482422,221.3000030517578,0.07999999821186066,0.03999999910593033,0.03999999910593033,,255.0,,,,0,2026-05-29 11:28:00
14050201034500,18030270209323,,,,,2026-04-21 03:45:00,1405-02-01 03:45:00,,faham,10.0,,,,,,,,,,,,,,,,,221.39999389648438,228.60000610351562,221.60000610351562,0.07999999821186066,0.03999999910593033,0.03999999910593033,,255.0,,,,0,2026-05-29 11:34:00
14050201040000,18030270209323,,,,,2026-04-21 04:00:00,1405-02-01 04:00:00,,faham,10.0,,,,,,,,,,,,,,,,,221.10000610351562,229.0,222.10000610351562,0.07999999821186066,0.03999999910593033,0.03999999910593033,,256.0,,,,0,2026-05-29 11:34:00
14050201041500,18030270209323,,,,,2026-04-21 04:15:00,1405-02-01 04:15:00,,faham,10.0,,,,,,,,,,,,,,,,,221.3000030517578,229.10000610351562,221.60000610351562,0.07999999821186066,0.03999999910593033,0.03999999910593033,,256.0,,,,0,2026-05-29 11:39:00
14050201043000,18030270209323,,,,,2026-04-21 04:30:00,1405-02-01 04:30:00,,faham,10.0,,,,,,,,,,,,,,,,,221.10000610351562,229.1999969482422,221.3000030517578,0.07999999821186066,0.03999999910593033,0.03999999910593033,,257.0,,,,0,2026-05-29 11:39:00
14050201044500,18030270209323,,,,,2026-04-21 04:45:00,1405-02-01 04:45:00,,faham,10.0,,,,,,,,,,,,,,,,,221.6999969482422,229.60000610351562,221.60000610351562,0.07999999821186066,0.03999999910593033,0.03999999910593033,,256.0,,,,0,2026-05-29 11:43:00
14050201050000,18030270209323,,,,,2026-04-21 05:00:00,1405-02-01 05:00:00,,faham,10.0,,,,,,,,,,,,,,,,,221.6999969482422,229.89999389648438,221.10000610351562,0.07999999821186066,0.03999999910593033,0.03999999910593033,,257.0,,,,0,2026-05-29 11:43:00
14050201051500,18030270209323,,,,,2026-04-21 05:15:00,1405-02-01 05:15:00,,faham,10.0,,,,,,,,,,,,,,,,,222.0,229.0,224.5,0.07999999821186066,0.03999999910593033,0.03999999910593033,,256.0,,,,0,2026-05-29 11:48:00
14050201053000,18030270209323,,,,,2026-04-21 05:30:00,1405-02-01 05:30:00,,faham,10.0,,,,,,,,,,,,,,,,,223.0,228.6999969482422,227.1999969482422,0.07999999821186066,0.03999999910593033,0.03999999910593033,,255.0,,,,0,2026-05-29 11:48:00
14050201054500,18030270209323,,,,,2026-04-21 05:45:00,1405-02-01 05:45:00,,faham,10.0,,,,,,,,,,,,,,,,,223.1999969482422,228.6999969482422,227.5,0.07999999821186066,0.03999999910593033,0.03999999910593033,,255.0,,,,0,2026-05-29 11:53:00
14050201060000,18030270209323,,,,,2026-04-21 06:00:00,1405-02-01 06:00:00,,faham,10.0,,,,,,,,,,,,,,,,,223.1999969482422,228.39999389648438,227.1999969482422,0.07999999821186066,0.03999999910593033,0.03999999910593033,,254.0,,,,0,2026-05-29 11:53:00
14050201061500,18030270209323,,,,,2026-04-21 06:15:00,1405-02-01 06:15:00,,faham,10.0,,,,,,,,,,,,,,,,,222.1999969482422,228.5,226.0,0.07999999821186066,0.03999999910593033,0.03999999910593033,,255.0,,,,0,2026-05-29 11:58:00
14050201063000,18030270209323,,,,,2026-04-21 06:30:00,1405-02-01 06:30:00,,faham,10.0,,,,,,,,,,,,,,,,,221.8000030517578,227.8000030517578,224.60000610351562,0.07999999821186066,0.03999999910593033,0.03999999910593033,,255.0,,,,0,2026-05-29 11:58:00
14050201064500,18030270209323,,,,,2026-04-21 06:45:00,1405-02-01 06:45:00,,faham,10.0,,,,,,,,,,,,,,,,,217.60000610351562,229.1999969482422,224.89999389648438,0.07999999821186066,0.03999999910593033,0.03999999910593033,,261.0,,,,0,2026-05-29 12:03:00
14050201070000,18030270209323,,,,,2026-04-21 07:00:00,1405-02-01 07:00:00,,faham,9.0,,,,,,,,,,,,,,,,,215.8000030517578,226.89999389648438,223.60000610351562,0.07999999821186066,0.03999999910593033,0.03999999910593033,,259.0,,,,0,2026-05-29 12:03:00
14050201071500,18030270209323,,,,,2026-04-21 07:15:00,1405-02-01 07:15:00,,faham,9.0,,,,,,,,,,,,,,,,,216.6999969482422,227.89999389648438,222.39999389648438,0.07999999821186066,0.03999999910593033,0.03999999910593033,,260.0,,,,0,2026-05-29 12:08:00
14050201073000,18030270209323,,,,,2026-04-21 07:30:00,1405-02-01 07:30:00,,faham,9.0,,,,,,,,,,,,,,,,,216.0,227.5,223.5,0.07999999821186066,0.03999999910593033,0.03999999910593033,,261.0,,,,0,2026-05-29 12:08:00
14050201074500,18030270209323,,,,,2026-04-21 07:45:00,1405-02-01 07:45:00,,faham,9.0,,,,,,,,,,,,,,,,,213.60000610351562,227.3000030517578,222.6999969482422,0.07999999821186066,0.03999999910593033,0.03999999910593033,,263.0,,,,0,2026-05-29 12:13:00
14050201080000,18030270209323,,,,,2026-04-21 08:00:00,1405-02-01 08:00:00,,faham,9.0,,,,,,,,,,,,,,,,,215.89999389648438,226.0,221.8000030517578,0.07999999821186066,0.03999999910593033,0.03999999910593033,,258.0,,,,0,2026-05-29 12:13:00
14050201081500,18030270209323,,,,,2026-04-21 08:15:00,1405-02-01 08:15:00,,faham,33.0,,,,,,,,,,,,,,,,,216.0,226.3000030517578,223.10000610351562,0.07999999821186066,0.14000000059604645,0.03999999910593033,,286.0,,,,0,2026-05-29 12:18:00
14050201083000,18030270209323,,,,,2026-04-21 08:30:00,1405-02-01 08:30:00,,faham,474.0,,,,,,,,,,,,,,,,,218.0,227.39999389648438,225.3000030517578,0.07999999821186066,0.03999999910593033,2.0899999141693115,,491.0,,,,0,2026-05-29 12:18:00
14050201084500,18030270209323,,,,,2026-04-21 08:45:00,1405-02-01 08:45:00,,faham,97.0,,,,,,,,,,,,,,,,,218.0,226.89999389648438,225.60000610351562,0.07999999821186066,0.03999999910593033,0.4300000071525574,,317.0,,,,0,2026-05-29 12:23:00
14050201090000,18030270209323,,,,,2026-04-21 09:00:00,1405-02-01 09:00:00,,faham,10.0,,,,,,,,,,,,,,,,,216.10000610351562,225.0,224.89999389648438,0.07999999821186066,0.03999999910593033,0.03999999910593033,,264.0,,,,0,2026-05-29 12:23:00
14050201091500,18030270209323,,,,,2026-04-21 09:15:00,1405-02-01 09:15:00,,faham,809.0,,,,,,,,,,,,,,,,,215.8000030517578,227.1999969482422,222.8000030517578,0.07999999821186066,0.03999999910593033,3.609999895095825,,635.0,,,,0,2026-05-29 12:28:00
14050201093000,18030270209323,,,,,2026-04-21 09:30:00,1405-02-01 09:30:00,,faham,135.0,,,,,,,,,,,,,,,,,216.60000610351562,226.89999389648438,222.8000030517578,0.07999999821186066,0.03999999910593033,0.6200000047683716,,376.0,,,,0,2026-05-29 12:28:00
14050201094500,18030270209323,,,,,2026-04-21 09:45:00,1405-02-01 09:45:00,,faham,116.0,,,,,,,,,,,,,,,,,215.60000610351562,225.89999389648438,222.10000610351562,0.07999999821186066,0.03999999910593033,0.5199999809265137,,375.0,,,,0,2026-05-29 12:33:00
14050201100000,18030270209323,,,,,2026-04-21 10:00:00,1405-02-01 10:00:00,,faham,85.0,,,,,,,,,,,,,,,,,216.10000610351562,225.5,224.10000610351562,0.07999999821186066,0.03999999910593033,0.3799999952316284,,356.0,,,,0,2026-05-29 12:33:00
14050201101500,18030270209323,,,,,2026-04-21 10:15:00,1405-02-01 10:15:00,,faham,9.0,,,,,,,,,,,,,,,,,214.60000610351562,225.39999389648438,221.8000030517578,0.07999999821186066,0.03999999910593033,0.03999999910593033,,266.0,,,,0,2026-05-29 12:39:00
14050201103000,18030270209323,,,,,2026-04-21 10:30:00,1405-02-01 10:30:00,,faham,181.0,,,,,,,,,,,,,,,,,216.0,224.8000030517578,221.1999969482422,0.07999999821186066,0.03999999910593033,0.8100000023841858,,467.0,,,,0,2026-05-29 12:39:00
14050201104500,18030270209323,,,,,2026-04-21 10:45:00,1405-02-01 10:45:00,,faham,168.0,,,,,,,,,,,,,,,,,216.39999389648438,226.1999969482422,221.39999389648438,0.07999999821186066,0.03999999910593033,0.7900000214576721,,377.0,,,,0,2026-05-29 12:43:00
14050201110000,18030270209323,,,,,2026-04-21 11:00:00,1405-02-01 11:00:00,,faham,50.0,,,,,,,,,,,,,,,,,217.39999389648438,227.6999969482422,224.1999969482422,0.07999999821186066,0.03999999910593033,0.2199999988079071,,314.0,,,,0,2026-05-29 12:43:00
14050201111500,18030270209323,,,,,2026-04-21 11:15:00,1405-02-01 11:15:00,,faham,24.0,,,,,,,,,,,,,,,,,218.10000610351562,228.5,220.6999969482422,0.07999999821186066,0.03999999910593033,0.10000000149011612,,286.0,,,,0,2026-05-29 12:49:00
14050201113000,18030270209323,,,,,2026-04-21 11:30:00,1405-02-01 11:30:00,,faham,10.0,,,,,,,,,,,,,,,,,220.0,227.3000030517578,225.8000030517578,0.07999999821186066,0.03999999910593033,0.03999999910593033,,268.0,,,,0,2026-05-29 12:49:00
14050201114500,18030270209323,,,,,2026-04-21 11:45:00,1405-02-01 11:45:00,,faham,161.0,,,,,,,,,,,,,,,,,221.3000030517578,226.8000030517578,226.8000030517578,0.07999999821186066,0.03999999910593033,0.7300000190734863,,409.0,,,,0,2026-05-29 12:53:00
14050201120000,18030270209323,,,,,2026-04-21 12:00:00,1405-02-01 12:00:00,,faham,32.0,,,,,,,,,,,,,,,,,222.39999389648438,228.8000030517578,227.5,0.07999999821186066,0.03999999910593033,0.14000000059604645,,299.0,,,,0,2026-05-29 12:53:00
14050201121500,18030270209323,,,,,2026-04-21 12:15:00,1405-02-01 12:15:00,,faham,162.0,,,,,,,,,,,,,,,,,222.5,228.3000030517578,225.89999389648438,0.07999999821186066,0.03999999910593033,0.7599999904632568,,364.0,,,,0,2026-05-29 12:58:00
14050201123000,18030270209323,,,,,2026-04-21 12:30:00,1405-02-01 12:30:00,,faham,49.0,,,,,,,,,,,,,,,,,221.6999969482422,229.60000610351562,226.1999969482422,0.07999999821186066,0.03999999910593033,0.2199999988079071,,304.0,,,,0,2026-05-29 12:58:00
14050201124500,18030270209323,,,,,2026-04-21 12:45:00,1405-02-01 12:45:00,,faham,11.0,,,,,,,,,,,,,,,,,223.39999389648438,229.60000610351562,226.60000610351562,0.07999999821186066,0.03999999910593033,0.03999999910593033,,289.0,,,,0,2026-05-29 13:03:00
14050201130000,18030270209323,,,,,2026-04-21 13:00:00,1405-02-01 13:00:00,,faham,26.0,,,,,,,,,,,,,,,,,224.10000610351562,228.8000030517578,227.89999389648438,0.07999999821186066,0.03999999910593033,0.10999999940395355,,306.0,,,,0,2026-05-29 13:03:00
14050201131500,18030270209323,,,,,2026-04-21 13:15:00,1405-02-01 13:15:00,,faham,84.0,,,,,,,,,,,,,,,,,223.39999389648438,229.60000610351562,228.6999969482422,0.07999999821186066,0.03999999910593033,0.38999998569488525,,345.0,,,,0,2026-05-29 13:09:00
14050201133000,18030270209323,,,,,2026-04-21 13:30:00,1405-02-01 13:30:00,,faham,786.0,,,,,,,,,,,,,,,,,223.89999389648438,229.1999969482422,228.10000610351562,0.07999999821186066,0.03999999910593033,3.430000066757202,,727.0,,,,0,2026-05-29 13:09:00
14050201134500,18030270209323,,,,,2026-04-21 13:45:00,1405-02-01 13:45:00,,faham,23.0,,,,,,,,,,,,,,,,,222.39999389648438,228.39999389648438,228.60000610351562,0.07999999821186066,0.03999999910593033,0.07000000029802322,,517.0,,,,0,2026-05-29 13:13:00
14050201140000,18030270209323,,,,,2026-04-21 14:00:00,1405-02-01 14:00:00,,faham,17.0,,,,,,,,,,,,,,,,,221.6999969482422,229.10000610351562,228.0,0.07999999821186066,0.03999999910593033,0.05000000074505806,,399.0,,,,0,2026-05-29 13:13:00
14050201141500,18030270209323,,,,,2026-04-21 14:15:00,1405-02-01 14:15:00,,faham,191.0,,,,,,,,,,,,,,,,,219.60000610351562,228.10000610351562,227.89999389648438,0.07999999821186066,0.03999999910593033,0.8799999952316284,,412.0,,,,0,2026-05-29 13:19:00
14050201143000,18030270209323,,,,,2026-04-21 14:30:00,1405-02-01 14:30:00,,faham,10.0,,,,,,,,,,,,,,,,,220.3000030517578,226.8000030517578,225.39999389648438,0.07999999821186066,0.03999999910593033,0.03999999910593033,,267.0,,,,0,2026-05-29 13:19:00
14050201144500,18030270209323,,,,,2026-04-21 14:45:00,1405-02-01 14:45:00,,faham,71.0,,,,,,,,,,,,,,,,,220.6999969482422,226.6999969482422,225.60000610351562,0.07999999821186066,0.03999999910593033,0.3199999928474426,,317.0,,,,0,2026-05-29 13:24:00
14050201150000,18030270209323,,,,,2026-04-21 15:00:00,1405-02-01 15:00:00,,faham,115.0,,,,,,,,,,,,,,,,,220.5,224.3000030517578,225.5,0.07999999821186066,0.03999999910593033,0.5199999809265137,,361.0,,,,0,2026-05-29 13:24:00
14050201151500,18030270209323,,,,,2026-04-21 15:15:00,1405-02-01 15:15:00,,faham,87.0,,,,,,,,,,,,,,,,,220.89999389648438,226.5,223.10000610351562,0.07999999821186066,0.03999999910593033,0.38999998569488525,,347.0,,,,0,2026-05-29 13:30:00
14050201153000,18030270209323,,,,,2026-04-21 15:30:00,1405-02-01 15:30:00,,faham,66.0,,,,,,,,,,,,,,,,,218.3000030517578,227.60000610351562,223.6999969482422,0.07999999821186066,0.03999999910593033,0.28999999165534973,,325.0,,,,0,2026-05-29 13:30:00
14050201154500,18030270209323,,,,,2026-04-21 15:45:00,1405-02-01 15:45:00,,faham,29.0,,,,,,,,,,,,,,,,,218.10000610351562,228.0,224.3000030517578,0.07999999821186066,0.03999999910593033,0.11999999731779099,,293.0,,,,0,2026-05-29 13:34:00
14050201160000,18030270209323,,,,,2026-04-21 16:00:00,1405-02-01 16:00:00,,faham,10.0,,,,,,,,,,,,,,,,,219.10000610351562,228.3000030517578,225.10000610351562,0.07999999821186066,0.03999999910593033,0.03999999910593033,,268.0,,,,0,2026-05-29 13:34:00
14050201161500,18030270209323,,,,,2026-04-21 16:15:00,1405-02-01 16:15:00,,faham,87.0,,,,,,,,,,,,,,,,,220.1999969482422,226.5,224.10000610351562,0.07999999821186066,0.03999999910593033,0.38999998569488525,,344.0,,,,0,2026-05-29 13:39:00
14050201163000,18030270209323,,,,,2026-04-21 16:30:00,1405-02-01 16:30:00,,faham,151.0,,,,,,,,,,,,,,,,,216.89999389648438,225.6999969482422,225.8000030517578,0.07999999821186066,0.03999999910593033,0.6899999976158142,,355.0,,,,0,2026-05-29 13:39:00
14050201164500,18030270209323,,,,,2026-04-21 16:45:00,1405-02-01 16:45:00,,faham,589.0,,,,,,,,,,,,,,,,,219.1999969482422,225.39999389648438,224.6999969482422,0.07999999821186066,0.03999999910593033,2.740000009536743,,591.0,,,,0,2026-05-29 13:43:00
14050201170000,18030270209323,,,,,2026-04-21 17:00:00,1405-02-01 17:00:00,,faham,292.0,,,,,,,,,,,,,,,,,219.6999969482422,227.0,221.0,0.07999999821186066,0.03999999910593033,1.3700000047683716,,437.0,,,,0,2026-05-29 13:43:00
14050201171500,18030270209323,,,,,2026-04-21 17:15:00,1405-02-01 17:15:00,,faham,158.0,,,,,,,,,,,,,,,,,218.89999389648438,227.0,222.0,0.07999999821186066,0.03999999910593033,0.7300000190734863,,376.0,,,,0,2026-05-29 13:48:00
14050201173000,18030270209323,,,,,2026-04-21 17:30:00,1405-02-01 17:30:00,,faham,134.0,,,,,,,,,,,,,,,,,219.1999969482422,224.8000030517578,222.60000610351562,0.07999999821186066,0.15000000596046448,0.5099999904632568,,366.0,,,,0,2026-05-29 13:48:00
14050201174500,18030270209323,,,,,2026-04-21 17:45:00,1405-02-01 17:45:00,,faham,10.0,,,,,,,,,,,,,,,,,218.60000610351562,226.39999389648438,222.5,0.07999999821186066,0.03999999910593033,0.03999999910593033,,264.0,,,,0,2026-05-29 13:53:00
14050201180000,18030270209323,,,,,2026-04-21 18:00:00,1405-02-01 18:00:00,,faham,10.0,,,,,,,,,,,,,,,3.0,3.0,218.2,225.9,222.5,0.08,0.04,0.04,10.0,263.0,0.0,5.0,0,0,
14050201181500,18030270209323,,,,,2026-04-21 18:15:00,1405-02-01 18:15:00,,faham,10.0,,,,,,,,,,,,,,,,,218.5,226.0,221.39999389648438,0.07999999821186066,0.03999999910593033,0.03999999910593033,,263.0,,,,0,2026-05-29 13:56:00
14050201183000,18030270209323,,,,,2026-04-21 18:30:00,1405-02-01 18:30:00,,faham,9.0,,,,,,,,,,,,,,,,,217.6999969482422,224.6999969482422,224.5,0.07999999821186066,0.03999999910593033,0.03999999910593033,,263.0,,,,0,2026-05-29 13:56:00
14050201184500,18030270209323,,,,,2026-04-21 18:45:00,1405-02-01 18:45:00,,faham,10.0,,,,,,,,,,,,,,,,,217.0,228.60000610351562,223.3000030517578,0.07999999821186066,0.03999999910593033,0.03999999910593033,,268.0,,,,0,2026-05-29 14:46:00
14050201190000,18030270209323,,,,,2026-04-21 19:00:00,1405-02-01 19:00:00,,faham,9.0,,,,,,,,,,,,,,,,,215.0,228.6999969482422,218.5,0.07999999821186066,0.03999999910593033,0.03999999910593033,,268.0,,,,0,2026-05-29 14:46:00
14050201191500,18030270209323,,,,,2026-04-21 19:15:00,1405-02-01 19:15:00,,faham,10.0,,,,,,,,,,,,,,,,,217.60000610351562,229.1999969482422,219.8000030517578,0.07999999821186066,0.03999999910593033,0.03999999910593033,,267.0,,,,0,2026-05-29 14:51:00
14050201193000,18030270209323,,,,,2026-04-21 19:30:00,1405-02-01 19:30:00,,faham,10.0,,,,,,,,,,,,,,,,,218.0,229.8000030517578,219.60000610351562,0.07999999821186066,0.03999999910593033,0.03999999910593033,,268.0,,,,0,2026-05-29 14:51:00
14050201194500,18030270209323,,,,,2026-04-21 19:45:00,1405-02-01 19:45:00,,faham,10.0,,,,,,,,,,,,,,,,,217.39999389648438,229.5,219.6999969482422,0.07999999821186066,0.03999999910593033,0.03999999910593033,,267.0,,,,0,2026-05-29 14:56:00
14050201200000,18030270209323,,,,,2026-04-21 20:00:00,1405-02-01 20:00:00,,faham,10.0,,,,,,,,,,,,,,,,,217.60000610351562,229.1999969482422,222.10000610351562,0.07999999821186066,0.03999999910593033,0.03999999910593033,,267.0,,,,0,2026-05-29 14:56:00
14050201201500,18030270209323,,,,,2026-04-21 20:15:00,1405-02-01 20:15:00,,faham,10.0,,,,,,,,,,,,,,,,,218.8000030517578,229.39999389648438,222.3000030517578,0.07999999821186066,0.03999999910593033,0.03999999910593033,,266.0,,,,0,2026-05-29 15:01:00
14050201203000,18030270209323,,,,,2026-04-21 20:30:00,1405-02-01 20:30:00,,faham,10.0,,,,,,,,,,,,,,,,,219.5,229.39999389648438,222.89999389648438,0.07999999821186066,0.03999999910593033,0.03999999910593033,,266.0,,,,0,2026-05-29 15:01:00
14050201204500,18030270209323,,,,,2026-04-21 20:45:00,1405-02-01 20:45:00,,faham,10.0,,,,,,,,,,,,,,,,,220.6999969482422,229.60000610351562,223.0,0.07999999821186066,0.03999999910593033,0.03999999910593033,,268.0,,,,0,2026-05-29 15:06:00
14050201210000,18030270209323,,,,,2026-04-21 21:00:00,1405-02-01 21:00:00,,faham,10.0,,,,,,,,,,,,,,,,,221.39999389648438,230.3000030517578,223.10000610351562,0.07999999821186066,0.03999999910593033,0.03999999910593033,,271.0,,,,0,2026-05-29 15:06:00
14050201211500,18030270209323,,,,,2026-04-21 21:15:00,1405-02-01 21:15:00,,faham,10.0,,,,,,,,,,,,,,,,,221.60000610351562,231.3000030517578,222.5,0.07999999821186066,0.03999999910593033,0.03999999910593033,,273.0,,,,0,2026-05-29 15:11:00
14050201213000,18030270209323,,,,,2026-04-21 21:30:00,1405-02-01 21:30:00,,faham,11.0,,,,,,,,,,,,,,,,,221.6999969482422,231.10000610351562,224.6999969482422,0.07999999821186066,0.03999999910593033,0.03999999910593033,,274.0,,,,0,2026-05-29 15:11:00
14050201214500,18030270209323,,,,,2026-04-21 21:45:00,1405-02-01 21:45:00,,faham,11.0,,,,,,,,,,,,,,,,,222.1999969482422,232.1999969482422,225.10000610351562,0.07999999821186066,0.03999999910593033,0.03999999910593033,,277.0,,,,0,2026-05-29 15:17:00
14050201220000,18030270209323,,,,,2026-04-21 22:00:00,1405-02-01 22:00:00,,faham,11.0,,,,,,,,,,,,,,,,,221.8000030517578,231.1999969482422,225.0,0.07999999821186066,0.03999999910593033,0.03999999910593033,,275.0,,,,0,2026-05-29 15:17:00
14050201221500,18030270209323,,,,,2026-04-21 22:15:00,1405-02-01 22:15:00,,faham,11.0,,,,,,,,,,,,,,,,,222.5,231.39999389648438,225.60000610351562,0.07999999821186066,0.03999999910593033,0.03999999910593033,,278.0,,,,0,2026-05-29 15:23:00
14050201223000,18030270209323,,,,,2026-04-21 22:30:00,1405-02-01 22:30:00,,faham,12.0,,,,,,,,,,,,,,,,,224.1999969482422,232.89999389648438,225.6999969482422,0.07999999821186066,0.03999999910593033,0.03999999910593033,,294.0,,,,0,2026-05-29 15:23:00
14050201224500,18030270209323,,,,,2026-04-21 22:45:00,1405-02-01 22:45:00,,faham,12.0,,,,,,,,,,,,,,,,,224.89999389648438,233.1999969482422,224.89999389648438,0.07999999821186066,0.03999999910593033,0.05000000074505806,,299.0,,,,0,2026-05-29 15:28:00
14050201230000,18030270209323,,,,,2026-04-21 23:00:00,1405-02-01 23:00:00,,faham,12.0,,,,,,,,,,,,,,,,,224.5,231.8000030517578,226.39999389648438,0.07999999821186066,0.03999999910593033,0.05000000074505806,,297.0,,,,0,2026-05-29 15:28:00
14050201231500,18030270209323,,,,,2026-04-21 23:15:00,1405-02-01 23:15:00,,faham,11.0,,,,,,,,,,,,,,,,,223.8000030517578,231.8000030517578,225.8000030517578,0.07999999821186066,0.03999999910593033,0.05000000074505806,,289.0,,,,0,2026-05-29 15:33:00
14050201233000,18030270209323,,,,,2026-04-21 23:30:00,1405-02-01 23:30:00,,faham,12.0,,,,,,,,,,,,,,,,,224.3000030517578,231.1999969482422,225.8000030517578,0.07999999821186066,0.03999999910593033,0.03999999910593033,,294.0,,,,0,2026-05-29 15:33:00
14050201234500,18030270209323,,,,,2026-04-21 23:45:00,1405-02-01 23:45:00,,faham,12.0,,,,,,,,,,,,,,,,,224.60000610351562,232.8000030517578,226.3000030517578,0.07999999821186066,0.03999999910593033,0.05000000074505806,,297.0,,,,0,2026-05-29 15:39:00
