subscriber_type,xsubscriptionid_pk,xsubscriberlastupdatedate,xsubscriberid_pk,xsubscriptionlogid_fk,xsubscriberfirstname,xsubscriberlastname,xsubscribermobile,xsubscriptionpostcode,xsubscribertelno,xsubscribertelno1,xsubscribernationalcode,xsubscribermail,xsubscriptionaddress,xsubscriberisactive,xsubscriptionusageavg,xinstalldate,xgiscode,xsubscriberaddress,xsubscriptionbillid,xmodemno,xcomunicateaddress,xidentityno,xdepartmentcode,xdepartmentname,xfathername,xidno,xisreal,xeconomycode,xcreatedate,xsubscriptiondebit,xreadid_fk,xbillid_fk,xarrivalid_fk,xcastename,xcastecode,xservicelinename,xservicelinecode,xcontractpower,xfaze,xamper,xvoltage,xcontractdate,xexpiredate,xreduceexpiredate,xcounterbuldingno,xcountermultiple,xdigitnum,xdimandmeterdomain,xtimecontrolcode,xtimecontrolname,xcountertypename,xcountertypecode,xtariffoldcode,xtrustedpower,xfamilynum,xregioncode,xregionname,xbranchstatecode,xbranchstatename,xlongitude,xlatitude,xcountrydivisionid_fk,xsubscriptionlevelid_fk,xsubscriptionlevelcode,xsubscriptionlevelname,xpaydelaycount,xbakhshid_fk,xbakhshcode,xbakhshname,xomorid,xomorcode,xomorname,xpostcode,xactivecounterid_fk,xcounterproducerid_fk,xcounterproducername,xcounterproducercode,xbranchtypeid_fk,xusagetypeid_fk,xusagetypename,xusagegroupname,xusagegroupcode,xusagesubgroupname,xusagesubgroupcode,xisic_code,xisic_name,xcheckdigit,xcalc_subscriptionno,xfileno,xprevoutpowercount,xprev3tariffdaynums,xprevsurebillcount,xsubscriptionlogstartdate,xsubscriptionlogapplydate,xsubscriptionlogrescissiondate,xsubseasonstartdate,xsubseasonenddate,xtariffid_fk,xtariffcode,xtariffname,xlicensepower,xlicenseno,xreactivecounterbuldingno,xiscounteractive,xrdigitnum,xrcountermultiple,xConsumerMobile,concatedname,calculatedaddress,Gis_x,Gis_y,ConvertedIdentity,calculatedsubscriptionno,guid,geographicCode,xVillage,xZoneName,xRuralDistrict,xPositionUtm,yPositionUtm,zPositionUtm,IndustrialZoneId,xUsageTypeCode,lastUpdateTime
NON_FAHAM,115298,13800705,20115298,,"", ابراهیم سلطان زاده,,8344197896,00000000000,,0000000000,,خ دکتربهشتی لب جوی گز,t,238.827574604039,1380/07/05,15221010400,خ دکتربهشتی لب جوی گز,7011529802223,,خ دکتربهشتي لب جوي گز,2/6/15/02/21/01/0400,000000,سایر مشترکین,"","",t,"",2001-09-27 00:00:00,1155709,184592704,222933099,117087854,بدون مقدار,00000,فشارضعيف,5,0,1,25,t,1380/07/05,,,0,1,5,,1,تک تعرفه,کنتور مکانیکی,10,1010,0,1,1,شهری,00,فعال,51.625815489096,32.7999362468516,0,B,B,یک بار عدم پرداخت,2,152,02,گز,15,15,شاهین شهر و میمه,,1029,13,کنتورسازى ایران,,1,10101,كليه مصارف خانگي عادي,خانگي,1,خانگی معمولی,00,,,0,0115298/0,2502,,,,1380/07/05,1380/07/05,,00,12,72,1004101,خانگی معمولی,,,,t,5,1,09132097340,'ابراهیم':1 'زاده':3 'سلطان':2,'جوی':4 'خ':1 'دکتربهشتی':2 'لب':3 'گز':5,558593.14350000,3629281.55950000,26150221010400,01152980,5585933629281QU1922350,,,,,558593.1434,3629281.56,39,,1001,2026-04-29 02:02:34.875145
NON_FAHAM,128436,13941028,30128436,,"",فرید سراندی,09133255771,8314974858,00000000000,,1292378891,,سعدی شمالی خ سردارجنگل,t,256.690286704195,1380/07/05,15116092100,سعدی شمالی خ سردارجنگل,7012843602227,,سعدي شمالي خ سردارجنگل,2/6/15/01/16/09/2400,000000,سایر مشترکین,مجتبي,22574,t,"",2001-09-27 00:00:00,867,188053280,226375895,119850565,بدون مقدار,00000,فشارضعيف,5,0,3,25,t,1380/07/05,,,0,1,5,,1,تک تعرفه,کنتور مکانیکی,10,5110,0,1,1,شهری,00,فعال,51.5345197391898,32.8635413159232,0,B,B,یک بار عدم پرداخت,2,151,01,شاهین شهر,15,15,شاهین شهر و میمه,,4021576,13,کنتورسازى ایران,,1,50301,ساير مصارف,ساير مصارف,5,سایرمصارف 1,01,,,3,0128436/3,10364,,,,1394/10/28,1394/10/28,,00,12,99,5014101,سایر موارد1 -کمتر از سی کیلو وات,,,,t,5,1,09133175908,'سراندی':2 'فرید':1,'خ':3 'سردارجنگل':4 'سعدی':1 'شمالی':2,550009.63030000,3636285.67230000,26150116092400,01284363,5500093636285QU1869406,,,,,550009.6302,3636285.872,39,,5101,2026-06-18 02:02:24.914997
NON_FAHAM,151094,13800705,20151094,,"", سعادتمند کریم دوست,,8358145916,00000000000,,0000000000,,اذان,t,158.217949288696,1380/07/05,15422025300,اذان,7015109402225,,اذان,2/6/15/04/22/02/5300,000000,سایر مشترکین,"","",t,"",2001-09-27 00:00:00,-932997,188311886,226800718,101878287,بدون مقدار,00000,فشارضعيف,5,0,1,15,t,1380/07/05,,,0,1,5,,1,تک تعرفه,کنتور مکانیکی,10,1010,0,1,2,روستایی,00,فعال,51.1529245764477,33.4180092632958,1016030002184897,P,P,ممتاز,2,154,04, میمه,15,15,شاهین شهر و میمه,,6386464,13,کنتورسازى ایران,,1,50502,خانگی تحت حمایت کمیته امداد,خانگي,1,خانگی معمولی,00,,,0,0151094/0,5239,,,,1400/11/01,1401/08/14,,00,12,72,1004101,خانگی معمولی,,,,t,5,1,09139097459,'دوست':3 'سعادتمند':1 'کریم':2,'اذان':1,514217.83990000,3697639.49770000,26150422025300,01510940,5142173697639QU1900782,,کلهرود,,مورچه خورت,514217.8399,3697639.498,39,,1006,2026-06-18 02:03:06.608144
NON_FAHAM,160725,13920920,10160725,,"",تعاونی مسکن کارکنان دولت اردستان,,,,,0000000000,,مسکن مهر بلوک 6 واحد 7,t,6.8714014297797,1392/09/20,,مسکن مهر بلوک 6 واحد 7,7016072502220,,مسكن مهر بلوك 6 واحد 7,2/6/17/01/46/02/0530,000000,سایر مشترکین,"","",t,"",2013-12-11 00:00:00,526464,189305794,228995260,119529215,بدون مقدار,00000,فشارضعيف,5,0,1,25,t,1392/09/20,1392/09/20,,2219220224609,1,6,,3,سه تعرفه,Renan2000,22,1010,0,1,1,شهری,00,فعال,52.36741289,33.36480428,1001021396,D,D,دو بار یا بیشتر عدم پرداخت متوالی,0,171,01, اردستان,17,17,اردستان,,6507933,13,کنتورسازى ایران,,1,10101,كليه مصارف خانگي عادي,خانگي,1,خانگی معمولی,00,,,1,0160725/1,28790,,,,1392/09/20,1392/10/21,,00,12,245,1004103,خانگی معمولی-سه زمانه,,,,t,6,1,09122854268,'اردستان':5 'تعاونی':1 'دولت':4 'مسکن':2 'کارکنان':3,'6':4 '7':6 'بلوک':3 'مسکن':1 'مهر':2 'واحد':5,626495.88080000,3691860.41080000,26170146020530,01607251,,,,,,627214.556,3692565.337,39,,1001,2026-05-31 13:29:40.954032
NON_FAHAM,185499,13930929,20185499,,"",روح انگیز موسایی,,0         ,9136812637,,5558839600,,ورنامخواست خ صائب ک محتشم 6 فرعی 5 غربی,t,222.547352429833,1393/02/22,,ورنامخواست خ صائب ک محتشم 6 فرعی 5 غربی,7018549902229,,ورنامخواست خ صائب ك محتشم 6 فرعي 5 غربي,2/6/22/01/06/03/6000,000000,سایر مشترکین,صفي,"",t,"",2014-05-20 10:20:00,2192181,187680899,226008934,118553928,بدون مقدار,00000,فشارضعيف,5,0,1,25,t,1393/02/22,1393/02/24,,2219220713675,1,6,,3,سه تعرفه,Renan2000,22,1010,0,1,1,شهری,00,فعال,51.364678479276,32.3552071675804,1012032504,C,C,دو بار یا بیشتر عدم پرداخت غیرمتوالی,2,221,01, زرین شهر,22,22,لنجان,,6559463,13,کنتورسازى ایران,,1,10101,كليه مصارف خانگي عادي,خانگي,1,خانگی معمولی,00,,,2,0185499/2,51607,,,,1393/09/29,1393/09/29,,00,12,245,1004103,خانگی معمولی-سه زمانه,,,,t,6,1,09131672637,'انگیز':2 'روح':1 'موسایی':3,'5':8 '6':6 'خ':2 'صائب':3 'غربی':9 'فرعی':7 'محتشم':5 'ورنامخواست':1 'ک':4,534312.27650000,3579867.23800000,26220106036000,01854992,5343123579867QU5209098,,,,,534312.4735,3579867.272,39,,1001,2026-06-07 02:02:37.321718
NON_FAHAM,194813,14001123,339025848,,اکبر,یزدانی,09133050407,,03142742317,,5499770476,,علی آباد گلخانه,t,1014.24060858278,1393/04/12,,علی آباد انتهای خ شهید مطهری ,7019481302224,,علی آباد خ شهید مطهری پلاک 557,2/6/19/01/39/04/8250,000000,سایر مشترکین,محمد,12,t,,2014-07-09 08:58:00,-432153,189157821,228678277,119258964,خدمات کشاورزی بجز بوجاری و شالیکوبی,101401100,فشارضعيف,5,0,3,32,t,1393/04/12,1403/10/27,,0488063034,1,6,,3,سه تعرفه,Renan2000,22,3410,0,1,2,روستایی,00,فعال,50.9279277057855,32.8234100869184,1019020001183976,P,P,ممتاز,0,191,01, تیران و کرون,19,19,تیران و کرون,,6578267,13,کنتورسازى ایران,,1,30602,مصارف غير پمپاژ آب كشاورزي واحدهاي توليد گل وگياه,كشاورزي,3,کشاورزی 4,04,,,0,0194813/0,39247,,,,1400/11/20,1400/11/23,,00,12,331,3044103,کشاورزی4 - کمتر از سی کیلووات(گزینه1)-سه زمانه,,,,t,6,1,09133050407,'اکبر':1 'یزدانی':2,'آباد':2 'علی':1 'گلخانه':3,493253.92580000,3631712.74630000,26190139048250,01948130,4932533631712QU2959654,,علي آباد,,رضوانيه,493253.9258,3631712.746,39,,3402,2026-05-17 02:03:23.079
NON_FAHAM,197854,13930728,10197854,,"",حمید شاه چراغی,09133210015,0         ,,,1199308951,,صحرای پودان,t,53.6699636844032,1393/07/28,,صحرای پودان,7019785402225,,صحراي پودان,2/6/23/01/08/09/2000,000000,سایر مشترکین,محمدعلي,"",t,"",2014-10-21 14:57:00,301,187962089,226284762,119799015,بدون مقدار,00000,فشارضعيف,5,0,1,25,t,1393/07/28,1393/07/29,,1219300082757,1,6,,3,سه تعرفه,HEX34,0,1010,0,1,1,شهری,00,فعال,51.8861000000713,32.0278999987874,1009020003,B,B,یک بار عدم پرداخت,0,231,01,شهرضا,23,23,شهرضا,,6626568,13,کنتورسازى ایران,,1,11801,خوش نشین و سکونتگاه غیردایم,خانگي,1,خانگی معمولی,00,,,3,0197854/3,85908,,,,1399/07/08,1399/09/18,,00,12,245,1004103,خانگی معمولی-سه زمانه,,,,t,6,1,09132203304,'حمید':1 'شاه':2 'چراغی':3,'صحرای':1 'پودان':2,583672.99740000,3543871.35500000,26230108092000,01978543,,,,,منظريه,583452.652,3543607.843,39,,1018,2026-06-03 02:05:14.241816
NON_FAHAM,201209,13961228,338757215,,فاطمه,طاهرزاده,09138333485,,09138333485,,1171225733,,محله سی1,t,0.00951363581680198,1393/04/29,,محله سی1مجتمع هسا بلوک شقایق طبقه 3 واحد3,7020120902225,,محله سي1,2/6/22/03/20/06/1780,000000,سایر مشترکین,رحمت اله,3357,t,,2014-08-04 16:18:00,3406787,188395369,226713988,109327335,بدون مقدار,00000,فشارضعيف,5,0,1,25,t,1393/04/29,1393/05/13,,11710350278081,1,6,,3,سه تعرفه,کنتور فهام 2 ویرایش 5(تخت رله دار) JAM200R,11,1010,0,1,1,شهری,00,فعال,51.3849529618945,32.4819376786615,1012032128,D,D,دو بار یا بیشتر عدم پرداخت متوالی,0,223,03, فولا دشهر,22,22,لنجان,,389729398,19,الکترونیک افزار آزما,,1,11901,سکونتگاه خالی از سکنه,خانگي,1,خانگی معمولی,00,,,0,0201209/0,46767,,,,1404/04/10,1404/05/14,,00,12,245,1004103,خانگی معمولی-سه زمانه,,,11710350278081,t,6,1,09133753093,'طاهرزاده':2 'فاطمه':1,'سی1':2 'محله':1,536169.71080000,3593922.18380000,26220320061780,02012090,5361693593922QU5289265,,,,,536169.5038,3593922.139,39,,1019,2026-07-07 02:02:44.106309
NON_FAHAM,207929,13930624,10207929,,"",علی ازادسیچانی,09131338266,8517835834,42659480,,1091118450,,نجف اباد بلوارولیعصر ک علوی نبش بن بست یونس پ11,t,290.513553139581,1393/06/24,,نجف اباد بلوارولیعصر ک علوی نبش بن بست یونس پ11,7020792902223,,نجف اباد بلواروليعصر ک علوي نبش بن بست يونس پ11,2/6/21/01/24/08/0450,000000,سایر مشترکین,حسن,449,t,"",2014-09-17 17:40:00,-8778816,184653331,222993725,119168123,بدون مقدار,00000,فشارضعيف,5,0,1,25,t,1393/06/24,1393/06/31,,1219200266818,1,6,,3,سه تعرفه,HEX34,0,1010,0,1,1,شهری,00,فعال,51.3699000004199,32.6216000000833,0,A,A,دو بار یا بیشتر پرداخت پس از موعد,2,201,01,بخش مرکزی,20,21,نجف آباد,,6610816,13,کنتورسازى ایران,,1,10101,كليه مصارف خانگي عادي,خانگي,1,خانگی معمولی,00,,,1,0207929/1,116295,,,,1395/01/23,1395/02/31,,00,12,245,1004103,خانگی معمولی-سه زمانه,,,,t,6,1,09131338266,'ازادسیچانی':2 'علی':1,'اباد':2 'بست':8 'بلوارولیعصر':3 'بن':7 'علوی':5 'نبش':6 'نجف':1 'پ11':10 'ک':4 'یونس':9,534701.36470000,3609399.14140000,26210124080450,02079291,,,,,,534710.478,3609407.219,39,,1001,2026-06-18 02:04:17.012089
NON_FAHAM,223141,13940431,10223141,,"",حسین هادی زاده سیاه پومی,09131153548,0         ,,,1287547745,,درچه خ نیروگاه روبروی ورودی شهرک عباس پور,t,116.25400410181,1394/04/31,5540273609017QU1588380,درچه خ نیروگاه روبروی ورودی شهرک عباس پور,7022314102222,,درچه خ نيروگاه روبروي ورودي شهرك عباس پور,2/6/24/03/40/11/7850,000000,سایر مشترکین,محمدعلي,"",t,"",2015-07-25 12:28:00,609,189175911,228696363,120520586,بدون مقدار,00000,فشارضعيف,5,0,1,25,t,1394/04/31,1394/05/03,,2219420086997,1,6,,3,سه تعرفه,Renan2000,22,5110,0,1,1,شهری,00,فعال,51.5758568835254,32.6173762760375,0,C,C,دو بار یا بیشتر عدم پرداخت غیرمتوالی,0,243,03, ماربین,24,24,خمینی شهر,,6736101,13,کنتورسازى ایران,,1,50301,ساير مصارف,ساير مصارف,5,سایرمصارف 1,01,,,7,0223141/7,87528,,,,1400/10/30,1401/03/01,,00,12,371,5014103,سایر موارد1 -کمتر از سی کیلو وات-سه زمانه,,,,t,6,1,09131114202,'حسین':1 'زاده':3 'سیاه':4 'هادی':2 'پومی':5,'خ':2 'درچه':1 'روبروی':4 'شهرک':6 'عباس':7 'نیروگاه':3 'ورودی':5 'پور':8,554025.52450000,3609016.88630000,26240340117850,02231417,5540253609016QU1597449,,,,,554025.5245,3609016.886,39,,5101,2026-05-18 02:03:53.170063
NON_FAHAM,241361,13940309,10241361,,"",سعید نادری باغ ابریشمی,09131136023,8478965184,3137442897,,1110494041,,شهر ابریشم باغ ابریشم ک شهید هاشمی ک یاس,t,295.913566462337,1394/03/09,,شهر ابریشم باغ ابریشم ک شهید هاشمی ک یاس,7024136102224,,شهر ابريشم باغ ابريشم ک شهيد هاشمي ک ياس,2/6/16/01/02/13/2750,000000,سایر مشترکین,حسن,578,t,"",2015-06-01 12:34:00,314,187679253,226007291,120133409,بدون مقدار,00000,فشارضعيف,5,0,1,25,t,1394/03/09,1394/03/09,,2219420009878,1,6,,3,سه تعرفه,Renan2000,22,1010,0,1,1,شهری,00,فعال,51.5767978694645,32.5548000100248,100802,C,C,دو بار یا بیشتر عدم پرداخت غیرمتوالی,5,161,01,فلا ورجان,16,16,فلاورجان,,6713338,13,کنتورسازى ایران,,1,10101,كليه مصارف خانگي عادي,خانگي,1,خانگی معمولی,00,,,2,0241361/2,75174,,,,1401/05/05,1401/05/18,,00,12,245,1004103,خانگی معمولی-سه زمانه,,,,t,6,1,09131097830,'ابریشمی':4 'باغ':3 'سعید':1 'نادری':2,"'ابریشم':2,4 'باغ':3 'شهر':1 'شهید':6 'هاشمی':7 'ک':5,8 'یاس':9",554151.41830000,3602080.46450000,26160102132750,02413612,,,,,,554096.452,3602123.102,39,,1001,2026-06-21 02:02:56.360478
NON_FAHAM,244750,13940309,10244750,,"",مجید صائبی,09307752767,8531861313,3142224111,,5499809585,,شهرک بهارستان مسکن مهر بلوک e2 اول شرقی,t,187.711649686116,1394/03/09,,شهرک بهارستان مسکن مهر بلوک e2 اول شرقی,7024475002220,,شهرک بهارستان مسکن مهر بلوک e2 اول شرقي,2/6/19/01/31/01/7050,000000,سایر مشترکین,قدرت اله,8,t,"",2015-05-31 16:31:00,-947913,188901309,228215446,102093321,بدون مقدار,00000,فشارضعيف,5,0,1,25,t,1394/03/09,1394/03/09,,2219420008447,1,6,,3,سه تعرفه,Renan2000,22,1010,0,1,1,شهری,00,فعال,51.144400002112,32.7199018050987,1019010001184072,P,P,ممتاز,2,191,01, تیران و کرون,19,19,تیران و کرون,,6712935,13,کنتورسازى ایران,,1,10101,كليه مصارف خانگي عادي,خانگي,1,خانگی معمولی,00,,,9,0244750/9,41283,,,,1394/03/09,1394/03/10,,00,12,245,1004103,خانگی معمولی-سه زمانه,,,,t,6,1,09901855661,'صائبی':2 'مجید':1,'e2':6 'اول':7 'بلوک':5 'بهارستان':2 'شرقی':8 'شهرک':1 'مسکن':3 'مهر':4,513531.71350000,3620245.14500000,26190131017050,02447509,,,حسن آبادعليا,,کرون سفلي,513523.842,3620248.754,39,,1001,2026-05-05 02:05:57.905971
NON_FAHAM,252328,13931021,10252328,,"",مسکن مهر 7 زرین شهر,,,,,0000000000,,محله ای1 بلوک پاییزان 1,t,160.189848744959,1393/10/21,,محله ای1 بلوک پاییزان 1,7025232802225,,محله اي1 بلوك پاييزان 1,2/6/22/03/28/24/1540,000000,سایر مشترکین,"","",t,"",2015-07-23 10:04:00,722,188508460,227356132,120147479,بدون مقدار,00000,فشارضعيف,5,0,1,25,t,1393/10/21,1393/09/02,,2219320043386,1,6,,3,سه تعرفه,Renan2000,22,1010,0,1,1,شهری,00,فعال,51.3557896392992,32.5186435223701,1012032128,D,D,دو بار یا بیشتر عدم پرداخت متوالی,1,223,03, فولا دشهر,22,22,لنجان,,6734558,13,کنتورسازى ایران,,1,10101,كليه مصارف خانگي عادي,خانگي,1,خانگی معمولی,00,,,0,0252328/0,48279,,,,1393/10/21,1393/10/21,,00,12,245,1004103,خانگی معمولی-سه زمانه,,,,t,6,1,09139254374,'7':3 'زرین':4 'شهر':5 'مسکن':1 'مهر':2,'1':5 'ای1':2 'بلوک':3 'محله':1 'پاییزان':4,533415.88890000,3597981.38230000,26220328241540,02523280,5334153597981QU5261436,,,,,533415.7775,3597981.548,39,,1001,2026-06-30 02:03:59.940509
NON_FAHAM,256246,13940813,10256246,,"",عباس صباحی,09126204479,8711111111,3155448004,,1260704076,,خ امیرکبیر دیزچه  کوچه روبروی آپارتمان های سایپا,t,171.01566152502,1394/08/13,,خ امیرکبیر دیزچه  کوچه روبروی آپارتمان های سایپا,7025624602224,,خ اميرکبير ديزچه  کوچه روبروي آپارتمان هاي سايپا,2/6/30/02/04/13/2800,000000,سایر مشترکین,غلامرضا,199,t,"",2015-11-08 07:58:00,972,187555042,225883115,119597843,بدون مقدار,00000,فشارضعيف,5,0,1,32,t,1394/08/13,1394/11/21,,2219420116591,1,6,,3,سه تعرفه,Renan2000,22,1010,0,1,1,شهری,00,فعال,51.406298924808,33.962401565878,101003,G,G,خوش حساب(یک بار پرداخت پس از موعد),1,302,02, کاشان,30,30,کاشان,,6776521,13,کنتورسازى ایران,,1,10101,كليه مصارف خانگي عادي,خانگي,1,خانگی معمولی,00,,,4,0256246/4,141749,,,,1394/08/13,1394/08/16,,00,12,245,1004103,خانگی معمولی-سه زمانه,,,,t,6,1,09126204479,'صباحی':2 'عباس':1,'آپارتمان':6 'امیرکبیر':2 'خ':1 'دیزچه':3 'روبروی':5 'سایپا':8 'های':7 'کوچه':4,537537.46710000,3758061.50400000,26300204132800,02562464,,,,,,537605.911,3758430.729,39,,1001,2026-06-02 02:03:07.362412
NON_FAHAM,413490,13940928,50413490,,"",مرتضی کمالی دولت ابادی,09131047495,8341757351,3145822323,,1111111111,,دولت اباد خ میثم ک کمال نبش ک نوفل لوشاتو پ67,t,244.119672934494,1380/07/05,,دولت اباد خ میثم ک کمال نبش ک نوفل لوشاتو پ67,7041349002225,,دولت اباد خ ميثم ک کمال نبش ک نوفل لوشاتو پ67,2/6/27/01/18/05/7400,000000,سایر مشترکین,عبداله,64,t,"",2001-09-27 00:00:00,701,188057093,226379708,119815219,بدون مقدار,00000,فشارضعيف,5,0,1,25,t,1380/07/05,,,2219420009907,1,6,,3,سه تعرفه,Renan2000,22,1010,0,1,1,شهری,00,فعال,51.6922978639151,32.7992000122536,1022021400,C,C,دو بار یا بیشتر عدم پرداخت غیرمتوالی,3,271,01,برخوار,27,27,برخوار,,6795698,13,کنتورسازى ایران,,1,10101,كليه مصارف خانگي عادي,خانگي,1,خانگی معمولی,00,,,7,0413490/7,2887,,,,1398/01/15,1398/02/25,,00,12,245,1004103,خانگی معمولی-سه زمانه,,,,t,6,1,09131047495,'ابادی':4 'دولت':3 'مرتضی':1 'کمالی':2,"'اباد':2 'خ':3 'دولت':1 'لوشاتو':10 'میثم':4 'نبش':7 'نوفل':9 'پ67':11 'ک':5,8 'کمال':6",564818.33430000,3629238.72890000,26270118057400,04134907,,,,,,564825.649,3629243.525,39,,1001,2026-06-17 02:03:25.244274
NON_FAHAM,414859,13980912,338876467,,محمود,نظیفی حبیب ابادی,09103008050,8346136515,03145483273,,6609385122,,حبیب اباد محله پایین  7800/03/23,t,247.998506366537,1380/07/05,,حبیب اباد محله پایین  خ اسدابادی پ69,7041485902221,,حبیب اباد محله پایین  خ اسدابادی پ69,2/6/27/01/28/12/7700,000000,سایر مشترکین,حسین,660,t,,2001-09-27 00:00:00,469,188674388,227522045,120166676,بدون مقدار,00000,فشارضعيف,5,0,1,25,t,1380/07/05,,,11119701318429,1,6,,3,سه تعرفه,JAM200,*,1010,0,1,1,شهری,00,فعال,51.7795000006153,32.8259999994994,1022021400,P,P,ممتاز,0,271,01,برخوار,27,27,برخوار,,389141896,14,ا ا گ,,1,10101,كليه مصارف خانگي عادي,خانگي,1,خانگی معمولی,00,,,2,0414859/2,5054,,,,1398/09/12,1398/09/12,,00,12,245,1004103,خانگی معمولی-سه زمانه,,,11119701318429,t,6,1,09103008050,'ابادی':4 'حبیب':3 'محمود':1 'نظیفی':2,'7800/03/23':5 'اباد':2 'حبیب':1 'محله':3 'پایین':4,572961.17250000,3632266.61230000,26270128127700,04148592,,,,,,572956.757,3632269.062,39,,1001,2026-07-07 02:03:47.854531
NON_FAHAM,418431,14000829,339008276,,مرتضی,پوستین دوز,09132033416,0         ,09132033416,,1285440668,,جاده دولت اباد,t,437.793736727226,1380/07/05,,م ص دولت آباد بعداز خ بو علی سینا44,7041843102224,,م ص دولت آباد بعداز خ بو علی سینا44,2/6/27/01/20/01/6600,000000,سایر مشترکین,حسین,441,t,,2001-09-27 00:00:00,32,188356572,226675188,120243232,بدون مقدار,00000,فشارضعيف,5,0,3,25,t,1380/07/05,1300/01/01,,15179135,1,5,,1,تک تعرفه,کنتور مکانیکی,10,4410,0,1,1,شهری,00,فعال,51.7085978648394,32.7664000118811,1022020002173399,B,B,یک بار عدم پرداخت,1,271,01,برخوار,27,27,برخوار,,389243320,13,کنتورسازى ایران,,1,40401,صنعتی انشعابهاي روي فشار ضعيف,صنعتي,4,صنعت ومعدن 4,04,,,9,0418431/9,10739,,,,1400/07/21,1400/08/29,,00,12,524,4044111,صنعتی 4410 - کمتر از سی کیلو وات,,,,t,5,1,09133256823,'دوز':3 'مرتضی':1 'پوستین':2,'اباد':3 'جاده':1 'دولت':2,566368.85050000,3625612.63550000,26270120016600,04184319,,,منطقه صنعتي جاده دولت آباد,,برخوارمرکزي,565666.897,3629971.369,39,,4401,2026-06-26 02:04:04.768483
NON_FAHAM,636694,14010830,339072269,,اسدالله,قدیری قهدریجانی,09134029822,0000000000,03137502514,,1110254873,,قهدریجان خ باهنر جنب حمام نو ک آزادی,t,182.739645237224,1380/07/05,,قهدریجان خ باهنر جنب حمام نو ک آزادی,7063669402225,,قهدریجان خ باهنر جنب حمام نو ک آزادی,2/6/16/02/33/06/0600,000000,سایر مشترکین,حسنعلی,398,t,,2001-09-27 00:00:00,-998538,189020902,228334998,115158114,بدون مقدار,00000,فشارضعيف,5,0,1,15,t,1380/07/05,1500/01/01,,0,1,5,,1,تک تعرفه,کنتور مکانیکی,10,1010,0,1,1,شهری,00,فعال,51.4588999995996,32.581100000081,0,P,P,ممتاز,0,162,02,قهدریجان,16,16,فلاورجان,,670123,13,کنتورسازى ایران,,1,50502,خانگی تحت حمایت کمیته امداد,خانگي,1,خانگی معمولی,00,,,5,0636694/5,1523,,,,1403/03/15,1403/10/01,,00,12,245,1004103,خانگی معمولی-سه زمانه,,,,t,5,1,09134029822,'اسدالله':1 'قدیری':2 'قهدریجانی':3,'آزادی':8 'باهنر':3 'جنب':4 'حمام':5 'خ':2 'قهدریجان':1 'نو':6 'ک':7,543070.14890000,3604942.08810000,26160233060600,06366945,,,,,,542103.024,3605297.787,39,,1006,2026-05-05 02:07:11.928031
NON_FAHAM,646434,13800705,20646434,,"", حسین قسمت,,8361816895,03353623519,,0000000000,,قهدریجان,t,380.078225755172,1380/07/05,,قهدریجان,7064643402223,,قهدريجان,2/6/16/02/12/07/7750,000000,سایر مشترکین,"","",t,"",2001-09-27 00:00:00,43972323,188223962,226546528,118838249,بدون مقدار,00000,فشارضعيف,5,0,1,15,t,1380/07/05,,,0,1,5,,1,تک تعرفه,کنتور مکانیکی,10,1010,0,1,1,شهری,00,فعال,51.4533978689788,32.5780000072231,0,C,C,دو بار یا بیشتر عدم پرداخت غیرمتوالی,0,162,02,قهدریجان,16,16,فلاورجان,,672304,13,کنتورسازى ایران,,1,10101,كليه مصارف خانگي عادي,خانگي,1,خانگی معمولی,00,,,3,0646434/3,3245,,,,1402/12/04,1403/01/21,,00,12,72,1004101,خانگی معمولی,,,,t,5,1,09134427350,'حسین':1 'قسمت':2,'قهدریجان':1,542555.20510000,3604596.22720000,26160212077750,06464343,,,,,,542149.05,3604981.344,39,,1001,2026-06-21 02:03:35.802172
NON_FAHAM,651101,13800705,20651101,,"", عباس عزیزان,,8178917761,00000000000,,0000000000,,یزداباد,t,31.1628588253212,1380/07/05,,یزداباد,7065110102224,,يزداباد,2/6/16/01/29/11/6500,000000,سایر مشترکین,"","",t,"",2001-09-27 00:00:00,472709,188692155,227539812,120138902,بدون مقدار,00000,فشارضعيف,5,0,1,25,t,1380/07/05,,,0,1,5,,1,تک تعرفه,کنتور مکانیکی,10,1010,0,1,1,شهری,00,فعال,51.5749000000181,32.5971000007857,100802,D,D,دو بار یا بیشتر عدم پرداخت متوالی,0,161,01,فلا ورجان,16,16,فلاورجان,,6425750,13,کنتورسازى ایران,,1,10101,كليه مصارف خانگي عادي,خانگي,1,خانگی معمولی,00,,,5,0651101/5,17243,,,,1401/04/16,1401/05/18,,00,12,72,1004101,خانگی معمولی,,,,t,5,1,09133135907,'عباس':1 'عزیزان':2,'یزداباد':1,553947.90470000,3606768.66390000,26160129116500,06511015,,,,,,,,,,1001,2026-06-30 02:04:50.383648
NON_FAHAM,693999,13850101,20693999,,"",حمام همااباد,00000000000,0         ,00000000000,,0000000000,,.,t,41.2544317392548,1376/09/07,,همااباد,7069399902229,,همااباد,2/6/14/01/30/05/1200,391307,اماکن عمومی دهیاری ,"","",t,"",1997-11-28 00:00:00,577651,187787954,226792525,118004981,بدون مقدار,00000,فشارضعيف,5,0,1,25,t,1376/09/07,,,33537871,1,5,,1,تک تعرفه,کنتور مکانیکی,10,2330,0,1,2,روستایی,00,فعال,52.9774999999506,32.7776999992816,1013030004183090,D,D,دو بار یا بیشتر عدم پرداخت متوالی,0,141,01, نائین,14,14,نایین,,657788,13,کنتورسازى ایران,,1,20301,كتابخانه ها,عمومي,2,عمومی 3,03,,,6,0693999/6,14024,,,,1405/02/01,1405/06/04,,00,12,612,2034133,مراکز فرهنگی,,,,t,5,1,09132230177,'حمام':1 'همااباد':2,"",685207.00540000,3628373.91390000,26140130051200,06939996,,,هماآبادعليا,,لاي سياه,684584.927,3625518.156,39,,2301,2026-05-05 02:07:49.754814
NON_FAHAM,703397,13800705,20703397,,"",رحمت اله عامری نیا,,0         ,00000000000,,0000000000,,اردستان روستای چرمهین,t,0.0937425738286972,1380/07/05,,اردستان روستای چرمهین,7070339702229,,اردستان روستاي چرمهين,2/6/17/01/47/07/7700,000000,سایر مشترکین,"","",t,"",2001-09-27 00:00:00,625315,189338801,229028266,113106968,بدون مقدار,00000,فشارضعيف,5,0,1,15,t,1380/07/05,,,0,1,5,,1,تک تعرفه,کنتور مکانیکی,10,1010,0,1,2,روستایی,00,فعال,0,0,1001021396,D,D,دو بار یا بیشتر عدم پرداخت متوالی,1,171,01, اردستان,17,17,اردستان,,4301749,13,کنتورسازى ایران,,1,11801,خوش نشین و سکونتگاه غیردایم,خانگي,1,خانگی معمولی,00,,,4,0703397/4,6546,,,,1380/07/05,1380/07/05,,00,12,72,1004101,خانگی معمولی,,,,t,5,1,09131629689,'اله':2 'رحمت':1 'عامری':3 'نیا':4,'اردستان':1 'روستای':2 'چرمهین':3,630089.16860000,3694632.49220000,26170147077700,07033974,,,,,,,,,,1018,2026-05-19 02:09:28.502369
NON_FAHAM,752491,13800705,40752491,,"",عبدالخالق ایزدی,,0         ,00000000000,,0000000000,,خور,t,263.626132238299,1380/07/05,,خور,7075249102224,,خور,2/6/12/01/05/01/6900,000000,سایر مشترکین,"","",t,"",2001-09-27 00:00:00,177,187549988,225878061,119665266,بدون مقدار,00000,فشارضعيف,5,0,1,15,t,1380/07/05,,,15411005,1,5,,1,تک تعرفه,کنتور مکانیکی,10,1010,0,1,1,شهری,00,فعال,55.0784021551277,33.7759999294133,1023011434,B,B,یک بار عدم پرداخت,3,121,01,خور و بیابانک,12,12,خور و بیابانک,,6479347,13,کنتورسازى ایران,,1,10101,كليه مصارف خانگي عادي,خانگي,1,خانگی معمولی,00,,,9,0752491/9,4353,,,,1392/03/05,1392/08/04,,00,12,72,1004101,خانگی معمولی,,,,t,5,1,09139245866,'ایزدی':2 'عبدالخالق':1,'خور':1,322067.32800000,3738978.94060000,26120105016900,07524919,,,,,,,,,,1001,2026-06-02 02:03:46.963799
NON_FAHAM,752608,13800705,40752608,,"",امیرقلی رحمانی,,0         ,00000000000,,0000000000,,چاه ملک,t,2.68969154018282,1380/07/05,,چاه ملک,7075260802220,,چاه ملک,2/6/12/01/17/02/9100,000000,سایر مشترکین,"","",t,"",2001-09-27 00:00:00,61,187980041,226302697,119886118,بدون مقدار,00000,فشارضعيف,5,0,1,15,t,1380/07/05,,,128778,1,4,,1,تک تعرفه,کنتور مکانیکی,10,1010,0,1,2,روستایی,00,فعال,54.6979021549844,33.7529999350739,10230100011,D,D,دو بار یا بیشتر عدم پرداخت متوالی,1,121,01,خور و بیابانک,12,12,خور و بیابانک,,6479490,13,کنتورسازى ایران,,1,10101,كليه مصارف خانگي عادي,خانگي,1,خانگی معمولی,00,,,3,0752608/3,1374,,,,1392/03/05,1392/08/04,,00,12,72,1004101,خانگی معمولی,,,,t,4,1,09132230996,'امیرقلی':1 'رحمانی':2,'ملک':2 'چاه':1,286770.78330000,3737150.49680000,26120117029100,07526083,,,چاه ملک,,,286569.478,3737229.046,40,,1001,2026-06-10 20:46:09.914263
NON_FAHAM,777227,13800705,30777227,,"",امیرعلی میرزائی,,0         ,00000000000,,0000000000,,خ جوی ابادکهندژ,t,221.060284481166,1380/07/05,5543893616393QU1644815,خ جوی ابادکهندژ,7077722702229,,خ جوي ابادکهندژ,2/6/24/02/43/21/3400,000000,سایر مشترکین,"","",t,"",2001-09-27 00:00:00,5810053,189376820,229066285,118296919,بدون مقدار,00000,فشارضعيف,5,0,1,15,t,1380/07/05,,,0,1,5,,1,تک تعرفه,کنتور مکانیکی,10,1010,0,1,1,شهری,00,فعال,51.5801604950205,32.6838940880548,0,D,D,دو بار یا بیشتر عدم پرداخت متوالی,5,242,02,منظریه,24,24,خمینی شهر,,292453,13,کنتورسازى ایران,,1,10101,كليه مصارف خانگي عادي,خانگي,1,خانگی معمولی,00,,,0,0777227/0,9070,,,,1396/04/17,1396/04/24,,00,12,72,1004101,خانگی معمولی,,,,t,5,1,09136001813,'امیرعلی':1 'میرزائی':2,'ابادکهندژ':3 'جوی':2 'خ':1,554389.00000000,3616393.00000000,26240243213400,07772270,5543893616393QU1644815,,,,,554389,3616393,39,,1001,2026-05-24 02:04:40.011823
NON_FAHAM,810228,13800705,40810228,,"",حسینعلی رفاهیتی,,8513797961,00000000000,,0000000000,,خ امام,t,205.429665065609,1380/07/05,,خ امام,7081022802220,,خ امام,2/6/21/01/13/05/2500,000000,سایر مشترکین,"","",t,"",2001-09-27 00:00:00,3669190,188177613,226500183,117865776,بدون مقدار,00000,فشارضعيف,5,0,1,15,t,1380/07/05,,,0,1,5,,1,تک تعرفه,کنتور مکانیکی,10,1010,0,1,1,شهری,00,فعال,51.3649000001903,32.6429999991961,0,C,C,دو بار یا بیشتر عدم پرداخت غیرمتوالی,3,201,01,بخش مرکزی,20,21,نجف آباد,,372408,13,کنتورسازى ایران,,1,10101,كليه مصارف خانگي عادي,خانگي,1,خانگی معمولی,00,,,7,0810228/7,17285,,,,1395/01/27,1395/02/31,,00,12,72,1004101,خانگی معمولی,,,,t,5,1,09139792016,'حسینعلی':1 'رفاهیتی':2,'امام':2 'خ':1,534224.15060000,3611769.80660000,26210113052500,08102287,,,,,,535444.317,3611369.981,39,,1001,2026-06-10 20:46:36.668544
NON_FAHAM,818198,13921018,50818198,,"",شریعتی  علی,,8514757666,00000000000,,0000000000,,خ شریعتی,t,217.752480849455,1380/07/05,,خ شریعتی,7081819802225,,خ شريعتي,2/6/21/01/10/03/6000,000000,سایر مشترکین,"","",t,"",2001-09-27 00:00:00,-123788,188191767,226514333,120064144,بدون مقدار,00000,فشارضعيف,5,0,1,15,t,1380/07/05,,,12723783,1,5,,1,تک تعرفه,کنتور مکانیکی,10,1010,0,1,1,شهری,00,فعال,51.3771021326667,32.6397999926305,0,B,B,یک بار عدم پرداخت,1,201,01,بخش مرکزی,20,21,نجف آباد,,6506221,13,کنتورسازى ایران,,1,10101,كليه مصارف خانگي عادي,خانگي,1,خانگی معمولی,00,,,5,0818198/5,26112,,,,1395/01/18,1395/02/31,,00,12,72,1004101,خانگی معمولی,,,,t,5,1,09132307124,'شریعتی':1 'علی':2,'خ':1 'شریعتی':2,535369.86080000,3611419.06800000,26210110036000,08181985,,,,,,535361.153,3611409.027,39,,1001,2026-06-10 19:57:41.887471
NON_FAHAM,846071,13800705,40846071,,"",محمدعلی فقیهی,,0         ,00000000000,,0000000000,,خ امام پ 90,t,335.476761411189,1380/07/05,,خ امام پ 90,7084607102222,,خ امام پ 90,2/6/21/01/41/01/5850,000000,سایر مشترکین,"","",t,"",2001-09-27 00:00:00,24936988,189118138,228638600,119300312,بدون مقدار,00000,فشارضعيف,5,0,1,25,t,1380/07/05,,,2219520035148,1,6,,3,سه تعرفه,Renan2000,22,1010,0,1,1,شهری,00,فعال,51.3606021326044,32.6357999941937,0,C,C,دو بار یا بیشتر عدم پرداخت غیرمتوالی,5,201,01,بخش مرکزی,20,21,نجف آباد,,6985089,14,ا ا گ,,1,10101,كليه مصارف خانگي عادي,خانگي,1,خانگی معمولی,00,,,0,0846071/0,3006,,,,1404/04/18,1404/05/12,,00,12,245,1004103,خانگی معمولی-سه زمانه,,,2219520035148,t,6,1,09139307957,'فقیهی':2 'محمدعلی':1,'90':4 'امام':2 'خ':1 'پ':3,533823.75860000,3610970.27610000,26210141015850,08460710,,,,,,,,,,1001,2026-05-27 02:04:51.088673
NON_FAHAM,846697,13800705,40846697,,"",علی محمد جعفری,,0         ,00000000000,,0000000000,,جوزدان,t,227.559474467311,1380/07/05,,جوزدان,7084669702226,,جوزدان,2/6/21/03/23/21/5900,000000,سایر مشترکین,"","",t,"",2001-09-27 00:00:00,469,188354202,226672818,120041520,بدون مقدار,00000,فشارضعيف,5,0,1,25,t,1380/07/05,,,0,1,5,,1,تک تعرفه,کنتور مکانیکی,10,1010,0,1,2,روستایی,00,فعال,51.3728999920163,32.5572981956752,0,B,B,یک بار عدم پرداخت,3,203,03,بخش مرکزی,20,21,نجف آباد,,417076,13,کنتورسازى ایران,,1,10101,كليه مصارف خانگي عادي,خانگي,1,خانگی معمولی,00,,,1,0846697/1,37400,,,,1395/01/24,1395/02/31,,00,12,72,1004101,خانگی معمولی,,,,t,5,1,09132319358,'جعفری':3 'علی':1 'محمد':2,'جوزدان':1,535007.79190000,3602272.02480000,26210323215900,08466971,,,,,,535294.137,3601857.839,39,,1001,2026-06-26 02:05:10.000971
NON_FAHAM,848775,13930806,50848775,,"",رحیمی شوکت,,0         ,00000000000,,0000000000,,یزدانشهر,t,225.277236019102,1380/07/05,,یزدانشهر,7084877502222,,يزدانشهر,2/6/21/02/17/18/6600,000000,سایر مشترکین,"","",t,"",2001-09-27 00:00:00,176,188183287,227669747,119885548,بدون مقدار,00000,فشارضعيف,5,0,1,25,t,1380/07/05,,,1219200265495,1,6,,3,سه تعرفه,HEX34,0,1010,0,1,1,شهری,00,فعال,51.3085006648965,32.62770171326,1014020002810540,D,D,دو بار یا بیشتر عدم پرداخت متوالی,1,202,02,بخش مرکزی,20,21,نجف آباد,,6629935,13,کنتورسازى ایران,,1,10101,كليه مصارف خانگي عادي,خانگي,1,خانگی معمولی,00,,,8,0848775/8,36394,,,,1393/08/06,1393/08/06,,00,12,245,1004103,خانگی معمولی-سه زمانه,,,,t,6,1,09134361784,'رحیمی':1 'شوکت':2,'یزدانشهر':1,528939.33010000,3610057.15800000,26210217186600,08487758,,,ناحيه صنعتي نهضت آباد,,صادقيه,531566.683,3612380.254,39,,1001,2026-06-10 20:47:06.774028
NON_FAHAM,859159,13930408,50859159,,"",پروانه کیماسی,09136969464,8519637181,00000000000,,1129728341,,یزدانشهر خ سوم غربی,t,336.74616837023,1377/07/15,,یزدانشهر خ سوم غربی,7085915902228,,يزدانشهر خ سوم غربي,2/6/21/02/32/17/9250,000000,سایر مشترکین,رسول,"",t,"",1998-10-07 00:00:00,22554598,188917618,228231757,119315566,بدون مقدار,00000,فشارضعيف,5,0,1,25,t,1377/07/15,,,11070250036078,1,6,,3,سه تعرفه,کنتور فهام 2 ویرایش 5(تخت رله دار) JAM200R,11,1010,0,1,1,شهری,00,فعال,51.3058021328677,32.636199994741,1014020002184232,D,D,دو بار یا بیشتر عدم پرداخت متوالی,6,202,02,بخش مرکزی,20,21,نجف آباد,,389773843,19,الکترونیک افزار آزما,,1,10101,كليه مصارف خانگي عادي,خانگي,1,خانگی معمولی,00,,,8,0859159/8,49416,,,,1404/09/10,1404/09/11,,00,12,245,1004103,خانگی معمولی-سه زمانه,,,11070250036078,t,6,1,09136969464,'پروانه':1 'کیماسی':2,'خ':2 'سوم':3 'غربی':4 'یزدانشهر':1,528683.47820000,3610998.49680000,26210232179250,08591598,,,همت آباد,,صادقيه,528672.715,3610647.375,39,,1001,2026-07-07 02:05:03.411484
NON_FAHAM,877787,13930626,40877787,,"",محمدحسین دادخواه,,0         ,00000000000,,0000000000,,خ ولیعصر,t,143.885486023328,1380/07/05,,خ ولیعصر,7087778702227,,خ وليعصر,2/6/19/01/03/02/2700,000000,سایر مشترکین,"","",t,"",2001-09-27 00:00:00,73,187735772,227672305,119607373,بدون مقدار,00000,فشارضعيف,5,0,1,5,t,1380/07/05,,,8538184377,1,5,,1,تک تعرفه,کنتور مکانیکی,10,1010,0,1,1,شهری,00,فعال,51.1482021335192,32.7025999976337,1019020001176570,C,C,دو بار یا بیشتر عدم پرداخت غیرمتوالی,5,191,01, تیران و کرون,19,19,تیران و کرون,,6610620,13,کنتورسازى ایران,,1,10101,كليه مصارف خانگي عادي,خانگي,1,خانگی معمولی,00,,,0,0877787/0,3880,,,,1393/06/26,1393/06/26,,00,12,72,1004101,خانگی معمولی,,,,t,5,1,09908672406,'دادخواه':2 'محمدحسین':1,'خ':1 'ولیعصر':2,513890.69230000,3618327.64270000,26190103022700,08777870,,,جعفرآباد,,رضوانيه,513890.137,3618316.619,39,,1001,2026-05-26 02:10:26.071402
NON_FAHAM,919710,13800705,20919710,,"",سیدخدابخش کاظمی,,0         ,00000000000,,0000000000,,بلوارمنتظری,t,219.087549541482,1380/07/05,5518153612308QU1429854,بلوارمنتظری,7091971002221,,بلوارمنتظري,2/6/24/03/47/02/3150,000000,سایر مشترکین,"","",t,"",2001-09-27 00:00:00,317,189368385,229057850,120623568,بدون مقدار,00000,فشارضعيف,5,0,1,15,t,1380/07/05,,,0,1,5,,1,تک تعرفه,کنتور مکانیکی,10,1010,0,1,1,شهری,00,فعال,51.5524783199164,32.647169547766,0,A,A,دو بار یا بیشتر پرداخت پس از موعد,1,243,03, ماربین,24,24,خمینی شهر,,523243,13,کنتورسازى ایران,,1,10101,كليه مصارف خانگي عادي,خانگي,1,خانگی معمولی,00,,,9,0919710/9,7892,,,,1400/11/19,1401/03/01,,00,12,72,1004101,خانگی معمولی,,,,t,5,1,09055385261,'سیدخدابخش':1 'کاظمی':2,'بلوارمنتظری':1,551815.00000000,3612308.00000000,26240347023150,09197109,5518153612308QU1429854,,,,,551815,3612308,39,,1001,2026-05-25 02:04:17.616527
NON_FAHAM,921778,13800705,20921778,,"",بتول عابدی,,0         ,00000000000,,0000000000,,درچه,t,43.1330761677425,1380/07/05,5521993607856QU1519012,درچه,7092177802228,,درچه,2/6/24/03/22/10/3800,000000,سایر مشترکین,"","",t,"",2001-09-27 00:00:00,-501532,186512451,224817693,120102508,بدون مقدار,00000,فشارضعيف,5,0,1,15,t,1380/07/05,,,0,1,5,,1,تک تعرفه,کنتور مکانیکی,10,1010,0,1,1,شهری,00,فعال,51.5563240521135,32.606992242645,0,D,D,دو بار یا بیشتر عدم پرداخت متوالی,2,243,03, ماربین,24,24,خمینی شهر,,524747,13,کنتورسازى ایران,,1,10101,كليه مصارف خانگي عادي,خانگي,1,خانگی معمولی,00,,,9,0921778/9,2897,,,,1401/02/16,1401/03/01,,00,12,72,1004101,خانگی معمولی,,,,t,5,1,09133044471,'بتول':1 'عابدی':2,'درچه':1,552199.00000000,3607856.00000000,26240322103800,09217789,5521993607856QU1519012,,,,,552199,3607856,39,,1001,2026-06-18 02:09:54.517935
NON_FAHAM,925818,13800705,20925818,,"",صادق کریمی,,8431635376,00000000000,,0000000000,,درچه ک لورک,t,97.3367171965721,1380/07/05,5516723608907QU1486932,درچه ک لورک,7092581802223,,درچه ک لورک,2/6/24/03/02/08/0600,000000,سایر مشترکین,"","",t,"",2001-09-27 00:00:00,617,187686123,226014158,119650632,بدون مقدار,00000,فشارضعيف,5,0,1,15,t,1380/07/05,,,0,1,5,,1,تک تعرفه,کنتور مکانیکی,10,1010,0,1,1,شهری,00,فعال,51.5507657603973,32.6165060443905,0,C,C,دو بار یا بیشتر عدم پرداخت غیرمتوالی,0,243,03, ماربین,24,24,خمینی شهر,,527664,13,کنتورسازى ایران,,1,10101,كليه مصارف خانگي عادي,خانگي,1,خانگی معمولی,00,,,3,0925818/3,12332,,,,1401/02/27,1401/03/01,,00,12,72,1004101,خانگی معمولی,,,,t,5,1,09137097122,'صادق':1 'کریمی':2,'درچه':1 'لورک':3 'ک':2,551672.00350000,3608907.94080000,26240302080600,09258183,5516723608907QU1486932,,,,,551672.0035,3608907.941,39,,1001,2026-06-03 02:10:21.120306
NON_FAHAM,992873,13800705,20992873,,"",علیمیرزائی بیژن,,8494144763,00000000000,,0000000000,,مبارکه شهرک صفائیه محله 8,t,337.278999164368,1380/07/05,,مبارکه شهرک صفائیه محله 8,7099287302225,,مبارکه شهرک صفائيه محله 8,2/6/26/01/05/11/3000,000000,سایر مشترکین,"","",t,"",2001-09-27 00:00:00,565,187582687,225910770,119562509,بدون مقدار,00000,فشارضعيف,5,0,1,32,t,1380/07/05,,,2219420268740,1,6,,3,سه تعرفه,کنتور دیجیتالی,02,1010,0,1,1,شهری,00,فعال,51.4752000002698,32.3575999995213,0,A,A,دو بار یا بیشتر پرداخت پس از موعد,2,261,01,مبارکه,26,26,مبارکه,,6853654,14,ا ا گ,,1,10101,كليه مصارف خانگي عادي,خانگي,1,خانگی معمولی,00,,,1,0992873/1,21476,,,,1404/09/04,1404/10/17,,00,12,245,1004103,خانگی معمولی-سه زمانه,0,,2219420268740,t,6,1,09161113509,'بیژن':2 'علیمیرزائی':1,'8':5 'شهرک':2 'صفائیه':3 'مبارکه':1 'محله':4,544710.31900000,3580173.30860000,26260105113000,09928731,,,,,,544700.547,3580180.632,39,,1001,2026-05-31 13:34:26.838986
NON_FAHAM,993616,13800705,20993616,,"",نوروزعلی صادقی,,8481854617,03355252079,,0000000000,,قهنویه خ شهیدضیایی,t,24.2107424445194,1380/07/05,,قهنویه خ شهیدضیایی,7099361602228,,قهنويه خ شهيدضيايي,2/6/26/01/19/06/2800,000000,سایر مشترکین,"","",t,"",2001-09-27 00:00:00,25,188477788,227060277,120308189,بدون مقدار,00000,فشارضعيف,5,0,1,15,t,1380/07/05,,,0,1,5,,1,تک تعرفه,کنتور مکانیکی,10,5110,0,1,1,شهری,00,فعال,51.5193999999401,32.3431999995696,101701,D,D,دو بار یا بیشتر عدم پرداخت متوالی,1,261,01,مبارکه,26,26,مبارکه,,4106447,13,کنتورسازى ایران,,1,50301,ساير مصارف,ساير مصارف,5,سایرمصارف 1,01,,,5,0993616/5,20545,,,,1380/07/05,1380/07/05,,00,12,99,5014101,سایر موارد1 -کمتر از سی کیلو وات,,,,t,5,1,09139905579,'صادقی':2 'نوروزعلی':1,'خ':2 'شهیدضیایی':3 'قهنویه':1,548876.77100000,3578596.37940000,26260119062800,09936165,,,,,,546727.58,3578800.759,39,,5101,2026-06-18 02:10:38.869034
NON_FAHAM,1034599,13800705,21034599,,"",علی رحیمی,,8476136396,00000000000,,0000000000,,خ باغبادران خ امام کوی برومندپ 13,t,86.0464174464846,1380/07/05,,خ باغبادران خ امام کوی برومندپ 13,7103459902227,,خ باغبادران خ امام کوي برومندپ 13,2/6/22/02/29/06/7900,000000,سایر مشترکین,"","",t,"",2001-09-27 00:00:00,-532196,188538099,227385769,108529948,بدون مقدار,00000,فشارضعيف,5,0,1,5,t,1380/07/05,1500/01/01,,0,1,4,,1,تک تعرفه,کنتور مکانیکی,10,1010,0,1,1,شهری,00,فعال,51.1885000033809,32.3797018041323,1012011429,P,P,ممتاز,0,222,02, باغبهادران,22,22,لنجان,,4276135,13,کنتورسازى ایران,,1,50502,خانگی تحت حمایت کمیته امداد,خانگي,1,خانگی معمولی,00,,,5,1034599/5,519,,,,1403/01/01,1403/10/01,,00,12,245,1004103,خانگی معمولی-سه زمانه,,,,t,4,1,09382065495,'رحیمی':2 'علی':1,"'13':7 'امام':4 'باغبادران':2 'برومندپ':6 'خ':1,3 'کوی':5",517731.08090000,3582539.65690000,26220229067900,10345995,,,,,,535891.112,3584441.385,39,,1006,2026-04-28 02:10:22.307666
NON_FAHAM,1092820,13800705,21092820,,"",عباسعلی خاقانپور,,0         ,00000000000,,0000000000,,خ 40متری ک ج کارگاه,t,214.515537190145,1380/07/05,,خ 40متری ک ج کارگاه,7109282002229,,خ 40متري ک ج کارگاه,2/6/23/01/42/03/3800,000000,سایر مشترکین,"","",t,"",2001-09-27 00:00:00,58,189244045,228764450,120487620,بدون مقدار,00000,فشارضعيف,5,0,1,15,t,1380/07/05,,,0,1,5,,1,تک تعرفه,کنتور مکانیکی,10,1010,0,1,1,شهری,00,فعال,51.8784999998939,32.0309000000711,1009020003,A,A,دو بار یا بیشتر پرداخت پس از موعد,0,231,01,شهرضا,23,23,شهرضا,,6028636,13,کنتورسازى ایران,,1,10101,كليه مصارف خانگي عادي,خانگي,1,خانگی معمولی,00,,,6,1092820/6,27349,,,,1380/07/05,1380/07/05,,00,12,72,1004101,خانگی معمولی,,,,t,5,1,09132209226,'خاقانپور':2 'عباسعلی':1,'40متری':2 'ج':4 'خ':1 'ک':3 'کارگاه':5,582952.61230000,3544198.03980000,26230142033800,10928206,,,,,منظريه,582963.619,3544199.988,39,,1001,2026-05-12 02:10:03.319011
NON_FAHAM,1104436,13930429,31104436,,"",مهرنسا رجائیان,,0         ,00000000000,,0000000000,,قمشه هونجان,t,71.4549374360034,1380/07/05,,قمشه هونجان,7110443602220,,قمشه هونجان,2/6/23/02/12/02/2200,000000,سایر مشترکین,"","",t,"",2001-09-27 00:00:00,2818525,187951896,226274588,113434528,بدون مقدار,00000,فشارضعيف,5,0,1,15,t,1380/07/05,,,1819513012298,1,6,,3,سه تعرفه,MTF200F,0,1010,0,1,2,روستایی,00,فعال,51.8717000001993,31.6122999989735,1009020001178220,D,D,دو بار یا بیشتر عدم پرداخت متوالی,0,232,02,رامشر و اسفرجان,23,23,شهرضا,,6904898,14,ا ا گ,,1,11801,خوش نشین و سکونتگاه غیردایم,خانگي,1,خانگی معمولی,00,,,0,1104436/0,25285,,,,1399/09/13,1399/09/18,,00,12,245,1004103,خانگی معمولی-سه زمانه,,,1819513012298,t,6,1,09136495119,'رجائیان':2 'مهرنسا':1,'قمشه':1 'هونجان':2,582682.74540000,3497793.08690000,26230212022200,11044360,,,ابکاه,,اسفرجان,582567.868,3497696.334,39,,1018,2026-06-03 02:12:05.991699
NON_FAHAM,1130443,13800705,21130443,,"",منوچهر نادری,,0         ,00000000000,,0000000000,,سمیرم روستای قره قاچ,t,66.9827447084507,1380/07/05,,سمیرم روستای قره قاچ,7113044302220,,سميرم روستاي قره قاچ,2/6/18/01/02/13/4300,000000,سایر مشترکین,"","",t,"",2001-09-27 00:00:00,383,187703111,226031147,120131962,بدون مقدار,00000,فشارضعيف,5,0,1,15,t,1380/07/05,,,0,1,5,,1,تک تعرفه,کنتور مکانیکی,10,1010,0,1,2,روستایی,00,فعال,51.6238000000332,31.4569000004377,1005040002176280,D,D,دو بار یا بیشتر عدم پرداخت متوالی,4,181,01, سمیرم,18,18,سمیرم,,211916,13,کنتورسازى ایران,,1,10101,كليه مصارف خانگي عادي,خانگي,1,خانگی معمولی,00,,,5,1130443/5,8468,,,,1380/07/05,1380/07/05,,00,12,72,1004101,خانگی معمولی,,,,t,5,1,09911914214,'منوچهر':1 'نادری':2,'روستای':2 'سمیرم':1 'قاچ':4 'قره':3,559266.43810000,3480408.09750000,26180102134300,11304435,,,قره قاچ,,دره شور,559254.484,3480392.998,39,,1001,2026-05-26 02:12:57.243962
NON_FAHAM,1130758,13800705,21130758,,"",قدیراله صابری,,8661658117,00000000000,,0000000000,,خ سمیرم,t,175.642908807965,1380/07/05,,خ سمیرم,7113075802220,,خ سميرم,2/6/18/01/04/11/7300,000000,سایر مشترکین,"","",t,"",2001-09-27 00:00:00,886,187653761,227694913,119637348,بدون مقدار,00000,فشارضعيف,5,0,1,5,t,1380/07/05,,,0,1,4,,1,تک تعرفه,کنتور مکانیکی,10,1010,0,1,1,شهری,00,فعال,51.5648021042129,31.4196999914026,1005021414,C,C,دو بار یا بیشتر عدم پرداخت غیرمتوالی,1,181,01, سمیرم,18,18,سمیرم,,212255,13,کنتورسازى ایران,,1,10101,كليه مصارف خانگي عادي,خانگي,1,خانگی معمولی,00,,,2,1130758/2,1023,,,,1380/07/05,1380/07/05,,00,12,72,1004101,خانگی معمولی,,,,t,4,1,09135434137,'صابری':2 'قدیراله':1,'خ':1 'سمیرم':2,553682.23570000,3476254.68590000,26180104117300,11307582,,,,,,553708.626,3476040.302,39,,1001,2026-05-25 02:04:41.627066
NON_FAHAM,1150946,13800705,21150946,,"",محمدحسن ضعیفی,,8641984663,00000000000,,0000000000,,محله ارباب دهاقان,t,210.508686831521,1380/07/05,5619663534014QU1151622,محله ارباب دهاقان,7115094602227,,محله ارباب دهاقان,2/6/25/01/08/01/2300,000000,سایر مشترکین,"","",t,"",2001-09-27 00:00:00,117,187986858,226309473,119854373,بدون مقدار,00000,فشارضعيف,5,0,1,15,t,1380/07/05,,,0,1,5,,1,تک تعرفه,کنتور مکانیکی,10,1010,0,1,1,شهری,00,فعال,51.6556045920576,31.9403722669255,1021010002178421,A,A,دو بار یا بیشتر پرداخت پس از موعد,2,251,01,دهاقان,25,25,دهاقان,,707752,13,کنتورسازى ایران,,1,10101,كليه مصارف خانگي عادي,خانگي,1,خانگی معمولی,00,,,0,1150946/0,5964,,,,1380/07/05,1380/07/05,,00,12,72,1004101,خانگی معمولی,,,,t,5,1,09139214083,'ضعیفی':2 'محمدحسن':1,'ارباب':2 'دهاقان':3 'محله':1,561966.00000000,3534014.00000000,26250108012300,11509460,5619663534014QU1151622,,گنج قباد,,قمبوان,561966,3534014,39,,1001,2026-06-15 02:05:57.856083
NON_FAHAM,1173934,13800705,21173934,,"",خانم معصومه غفوری,,0         ,00000000000,,0000000000,,روستای تتماح,t,108.791710526385,1380/07/05,,روستای تتماح,7117393402229,,روستاي تتماح,2/6/30/02/22/17/2800,000000,سایر مشترکین,"","",t,"",2001-09-27 00:00:00,4653285,188320991,226639619,112159260,بدون مقدار,00000,فشارضعيف,5,0,1,5,t,1380/07/05,,,546546523,1,5,,1,تک تعرفه,کنتور مکانیکی,10,1010,0,1,2,روستایی,00,فعال,51.6220000007497,33.69079999974,1010030004179645,D,D,دو بار یا بیشتر عدم پرداخت متوالی,6,302,02, کاشان,30,30,کاشان,,389384723,13,کنتورسازى ایران,,1,10101,كليه مصارف خانگي عادي,خانگي,1,خانگی معمولی,00,,,2,1173934/2,30885,,,,1400/09/28,1400/10/03,,00,12,72,1004101,خانگی معمولی,,,,t,4,1,09121570931,'خانم':1 'غفوری':3 'معصومه':2,'تتماح':2 'روستای':1,557648.07230000,3728046.93640000,26300222172800,11739342,,,تتماچ,,خرم دشت,539624.183,3759963.528,39,,1001,2026-06-18 02:12:47.178284
NON_FAHAM,1179858,13800705,21179858,,"",بشیرجمالی,,0         ,00000000000,,0000000000,,خ کاشان ابوزیداباد,t,232.899800391377,1380/07/05,,خ کاشان ابوزیداباد,7117985802220,,خ کاشان ابوزيداباد,2/6/31/01/05/06/6000,000000,سایر مشترکین,"","",t,"",2001-09-27 00:00:00,-119662,187683285,226011320,120653040,بدون مقدار,00000,فشارضعيف,5,0,1,15,t,1380/07/05,,,0,1,5,,1,تک تعرفه,کنتور مکانیکی,10,1010,0,1,1,شهری,00,فعال,51.7726978366827,33.9011000142622,0,G,G,خوش حساب(یک بار پرداخت پس از موعد),1,311,01,اران و بیدگل,31,31,آران و بیدگل,,6202178,13,کنتورسازى ایران,,1,10101,كليه مصارف خانگي عادي,خانگي,1,خانگی معمولی,00,,,6,1179858/6,15155,,,,1398/01/05,1398/02/25,,00,12,72,1004101,خانگی معمولی,,,,t,5,1,09130322440,'بشیرجمالی':1,'ابوزیداباد':3 'خ':1 'کاشان':2,571440.38580000,3751458.92980000,26310105066000,11798586,,,,,,571439.099,3751453.188,39,,1001,2026-05-26 02:13:38.734973
NON_FAHAM,1187809,13960912,338736153,,محمود,رفائی,09133612809,8716839551,03155232333,,1261798759,,خ نطنزکشیشه,t,230.265142334923,1380/07/05,,-,7118780902228,,خ نطنزکشيشه,2/6/30/02/23/01/4800,000000,سایر مشترکین,عباسعلی,1005,t,,2001-09-27 00:00:00,976,188436541,226755158,120108712,بدون مقدار,00000,فشارضعيف,5,0,1,15,t,1380/07/05,,,0,1,5,,1,تک تعرفه,کنتور مکانیکی,10,1010,0,1,1,شهری,00,فعال,51.4646989096406,33.9750984411894,101003,C,C,دو بار یا بیشتر عدم پرداخت غیرمتوالی,1,302,02, کاشان,30,30,کاشان,,32034,13,کنتورسازى ایران,,1,10101,كليه مصارف خانگي عادي,خانگي,1,خانگی معمولی,00,,,1,1187809/1,15282,,,,1396/09/12,1396/09/12,,00,12,72,1004101,خانگی معمولی,,,,t,5,1,09133612809,'رفائی':2 'محمود':1,'خ':1 'نطنزکشیشه':2,542926.63330000,3759492.22990000,26300223014800,11878091,,,,,,542976.971,3759878.382,39,,1001,2026-06-18 02:13:15.65714
NON_FAHAM,1200184,13800705,41200184,,"",روح ا.. طالبی بادی,,0         ,,,0000000000,,خ کمربندی م وزارت راه,t,299.003124495431,1380/07/05,,خ کمربندی م وزارت راه,7120018402220,,خ کمربندي م وزارت راه,2/6/30/02/34/08/2100,000000,سایر مشترکین,"","",t,"",2001-09-27 00:00:00,17349327,188938786,228252924,112562297,بدون مقدار,00000,فشارضعيف,5,0,1,15,t,1380/07/05,,,0,1,5,,1,تک تعرفه,کنتور مکانیکی,10,5110,0,1,1,شهری,00,فعال,51.4741000000088,33.9750999994643,101003,D,D,دو بار یا بیشتر عدم پرداخت متوالی,2,302,02, کاشان,30,30,کاشان,,45908,13,کنتورسازى ایران,,1,50301,ساير مصارف,ساير مصارف,5,سایرمصارف 1,01,,,3,1200184/3,33329,,,,1388/08/27,1388/08/27,,00,12,99,5014101,سایر موارد1 -کمتر از سی کیلو وات,,,,t,5,1,09132639366,'..':3 'ا':2 'بادی':5 'روح':1 'طالبی':4,'خ':1 'راه':5 'م':3 'وزارت':4 'کمربندی':2,543795.06710000,3759496.37870000,26300234082100,12001843,,,,,,539619.526,3759997.482,39,,5101,2026-05-05 02:13:46.840094
NON_FAHAM,1213331,13770312,21213331,,"",هادی زاده  علی اقا,,0         ,00000000000,,0000000000,,جمال اباد,t,399.111297444584,1377/03/12,,جمال اباد,7121333102223,,جمال اباد,2/6/30/02/19/07/0600,000000,سایر مشترکین,"","",t,"",1998-06-02 01:00:00,428,188452443,226771059,119958010,بدون مقدار,00000,فشارضعيف,5,0,1,25,t,1377/03/12,,,76656594,1,5,,1,تک تعرفه,کنتور مکانیکی,10,1010,0,1,1,شهری,00,فعال,51.4344021653117,33.9885999934188,101003,G,G,خوش حساب(یک بار پرداخت پس از موعد),0,302,02, کاشان,30,30,کاشان,,59284,13,کنتورسازى ایران,,1,10101,كليه مصارف خانگي عادي,خانگي,1,خانگی معمولی,00,,,6,1213331/6,42972,,,,1377/03/12,1377/03/12,,00,12,72,1004101,خانگی معمولی,,,,t,5,1,09132765214,'اقا':4 'زاده':2 'علی':3 'هادی':1,'اباد':2 'جمال':1,540121.60180000,3760976.99550000,26300219070600,12133316,,,,,,540113.301,3760988.211,39,,1001,2026-06-28 02:07:22.43404
NON_FAHAM,1236849,13750305,21236849,,"",علیرضا فینی,,8741745476,00000000000,,0000000000,,خ معین اباد,t,343.144299426852,1375/03/05,,خ معین اباد,7123684902229,,خ معين اباد,2/6/31/01/01/03/8850,000000,سایر مشترکین,"","",t,"",1996-05-25 01:00:00,2296481,187675205,226003246,118745494,بدون مقدار,00000,فشارضعيف,5,0,1,15,t,1375/03/05,,,22799524,1,5,,1,تک تعرفه,کنتور مکانیکی,10,1010,0,1,1,شهری,00,فعال,51.4952000002105,34.0524000001831,0,B,B,یک بار عدم پرداخت,0,311,01,اران و بیدگل,31,31,آران و بیدگل,,6227225,13,کنتورسازى ایران,,1,10101,كليه مصارف خانگي عادي,خانگي,1,خانگی معمولی,00,,,6,1236849/6,16882,,,,1397/09/08,1398/02/25,,00,12,72,1004101,خانگی معمولی,,,,t,5,1,09132602834,'علیرضا':1 'فینی':2,'اباد':3 'خ':1 'معین':2,545702.76140000,3768076.60330000,26310101038850,12368496,,,,,,545698.89,3768071.441,39,,1001,2026-06-15 02:06:32.710718
NON_FAHAM,1253154,13931028,61253154,,"",محمد محمدی,09132646408,8714847943,3155575502,,1260545415,,میدان شورا شیرینی فروشی,t,303.034123465117,1380/07/05,,میدان شورا شیرینی فروشی,7125315402223,,خ مدرس ميدان شورا,2/6/30/02/47/22/7400,401201,مصارف اشتراکی واحد های مسکونی,سيد محمود,2931,t,"",2001-09-27 00:00:00,457,187437896,225769765,119957911,بدون مقدار,00000,فشارضعيف,5,0,3,32,t,1380/07/05,1393/10/29,,30399337,1,6,,3,سه تعرفه,JAM300,*,2210,0,1,1,شهری,00,فعال,51.4260978347968,33.98680000745,1010031425,C,C,دو بار یا بیشتر عدم پرداخت غیرمتوالی,1,302,02, کاشان,30,30,کاشان,,6661497,13,کنتورسازى ایران,,1,20214,مصارف اشتراکي واحدهاي مسکوني,عمومي,2,عمومی 2,02,,,0,1253154/0,12676,,,,1393/10/28,1393/11/01,,00,12,263,2024103,عمومی2 - کمتر از سی کیلووات-سه زمانه,,,,t,6,1,09194446283,'محمد':1 'محمدی':2,'شورا':2 'شیرینی':3 'فروشی':4 'میدان':1,539355.43400000,3760774.19510000,26300247227400,12531540,,,,,,539628.725,3759991.335,39,,2216,2026-05-24 02:06:57.931091
NON_FAHAM,1256831,13800705,21256831,,"",حسین بهروززاده,,0         ,00000000000,,0000000000,,استرک,t,396.268073488298,1380/07/05,,استرک,7125683102221,,استرک,2/6/30/03/08/21/7350,000000,سایر مشترکین,"","",t,"",2001-09-27 00:00:00,2688899,188111157,226433772,119145489,بدون مقدار,00000,فشارضعيف,5,0,1,15,t,1380/07/05,,,0,1,5,,1,تک تعرفه,کنتور مکانیکی,10,1010,0,1,2,روستایی,00,فعال,51.2408999991271,34.0195000003467,101004,C,C,دو بار یا بیشتر عدم پرداخت غیرمتوالی,1,303,03, راوند,30,30,کاشان,,613772,13,کنتورسازى ایران,,1,10101,كليه مصارف خانگي عادي,خانگي,1,خانگی معمولی,00,,,2,1256831/2,23301,,,,1398/03/01,1398/09/17,,00,12,72,1004101,خانگی معمولی,,,,t,5,1,09192044271,'بهروززاده':2 'حسین':1,'استرک':1,522241.53270000,3764344.26200000,26300308217350,12568312,,,,,,522235.464,3764327.85,39,,1001,2026-06-03 02:14:03.877868
NON_FAHAM,1257011,13800705,21257011,,"",فتح اله گندمی,,0         ,00000000000,,0000000000,,خ راوندخ مشهدک باغ خان,t,127.199813611669,1380/07/05,,خ راوندخ مشهدک باغ خان,7125701102226,,خ راوندخ مشهدک باغ خان,2/6/30/03/27/20/8100,000000,سایر مشترکین,"","",t,"",2001-09-27 00:00:00,946,188562976,227410643,120275809,بدون مقدار,00000,فشارضعيف,5,0,1,5,t,1380/07/05,,,0,1,4,,1,تک تعرفه,کنتور مکانیکی,10,1010,0,1,1,شهری,00,فعال,51.3433978337949,34.01310000582,1010032657,C,C,دو بار یا بیشتر عدم پرداخت غیرمتوالی,0,303,03, راوند,30,30,کاشان,,613971,13,کنتورسازى ایران,,1,10101,كليه مصارف خانگي عادي,خانگي,1,خانگی معمولی,00,,,2,1257011/2,2392,,,,1380/07/05,1380/07/05,,00,12,72,1004101,خانگی معمولی,,,,t,4,1,09223624875,'اله':2 'فتح':1 'گندمی':3,'باغ':4 'خ':1 'خان':5 'راوندخ':2 'مشهدک':3,531707.24830000,3763661.63330000,26300327208100,12570112,,,,,,531705.774,3763651.806,39,,1001,2026-05-03 02:06:58.641723
NON_FAHAM,1264169,13940521,31264169,,"",رحمان کریمی,,8714865586,00000000000,,0000000000,,خ زیدی اول کحمام,t,287.070092683083,1380/07/05,,خ زیدی اول کحمام,7126416902223,,خ زيدي اول کحمام,2/6/30/02/17/22/1650,000000,سایر مشترکین,"","",t,"",2001-09-27 00:00:00,516,188034544,226357160,119792849,بدون مقدار,00000,فشارضعيف,5,0,1,15,t,1380/07/05,,,2219420093297,1,6,,3,سه تعرفه,Renan2000,22,1010,0,1,1,شهری,00,فعال,51.4257021650348,33.9933999929109,1010031425,B,B,یک بار عدم پرداخت,1,302,02, کاشان,30,30,کاشان,,6743641,13,کنتورسازى ایران,,1,11901,سکونتگاه خالی از سکنه,خانگي,1,خانگی معمولی,00,,,9,1264169/9,7142,,,,1399/09/23,1399/11/11,,00,12,245,1004103,خانگی معمولی-سه زمانه,,,,t,6,1,09371643359,'رحمان':1 'کریمی':2,'اول':3 'خ':1 'زیدی':2 'کحمام':4,539315.84900000,3761505.84300000,26300217221650,12641699,,,,,,539277.032,3761445.411,39,,1019,2026-06-15 02:06:38.685566
NON_FAHAM,1274254,13800705,21274254,,"",سیدعلی صدیقی,,0         ,00000000000,,0000000000,,خ امیرکبیرکصاحب قدم,t,348.198420351159,1380/07/05,,خ امیرکبیرکصاحب قدم,7127425402221,,خ اميرکبيرکصاحب قدم,2/6/30/02/27/07/9900,000000,سایر مشترکین,"","",t,"",2001-09-27 00:00:00,889,188492340,227340014,120276501,بدون مقدار,00000,فشارضعيف,5,0,1,25,t,1380/07/05,,,0,1,5,,1,تک تعرفه,کنتور مکانیکی,10,1010,0,1,1,شهری,00,فعال,51.4358021657671,33.9874999931616,101003,A,A,دو بار یا بیشتر پرداخت پس از موعد,1,302,02, کاشان,30,30,کاشان,,82475,13,کنتورسازى ایران,,1,10101,كليه مصارف خانگي عادي,خانگي,1,خانگی معمولی,00,,,1,1274254/1,6675,,,,1380/07/05,1380/07/05,,00,12,72,1004101,خانگی معمولی,,,,t,5,1,09132627151,'سیدعلی':1 'صدیقی':2,'امیرکبیرکصاحب':2 'خ':1 'قدم':3,540251.42610000,3760855.57750000,26300227079900,12742541,,,,,,539627.957,3760008.787,39,,1001,2026-07-07 02:07:08.281818
NON_FAHAM,1282483,13800705,21282483,,"",علی خوبی,,0         ,00000000000,,0000000000,,پرورشگاه,t,176.54244542459,1380/07/05,,پرورشگاه,7128248302226,,پرورشگاه,2/6/30/02/38/07/9400,000000,سایر مشترکین,"","",t,"",2001-09-27 00:00:00,575,189059125,228579591,120585579,بدون مقدار,00000,فشارضعيف,5,0,1,25,t,1380/07/05,,,0,1,5,,1,تک تعرفه,کنتور مکانیکی,10,1010,0,1,1,شهری,00,فعال,51.4265989098604,33.9839984413243,101003,D,D,دو بار یا بیشتر عدم پرداخت متوالی,2,302,02, کاشان,30,30,کاشان,,88149,13,کنتورسازى ایران,,1,10101,كليه مصارف خانگي عادي,خانگي,1,خانگی معمولی,00,,,1,1282483/1,26453,,,,1380/07/05,1380/07/05,,00,12,72,1004101,خانگی معمولی,,,,t,5,1,09133635245,'خوبی':2 'علی':1,'پرورشگاه':1,539403.00770000,3760463.75300000,26300238079400,12824831,,,,,,539397.689,3760455.439,39,,1001,2026-05-12 02:11:48.718607
NON_FAHAM,1312708,13800705,21312708,,"",علی خودکار,,0         ,00000000000,,0000000000,,خ نطنزمحله سرشگ,t,130.905936597599,1380/07/05,5710283694623QU1361082,خ نطنزمحله سرشگ,7131270802225,,خ نطنزمحله سرشگ,2/6/34/01/16/01/9900,000000,سایر مشترکین,"","",t,"",2001-09-27 00:00:00,137,188034150,226356765,119823040,بدون مقدار,00000,فشارضعيف,5,0,1,15,t,1380/07/05,,,76130988,1,5,,1,تک تعرفه,کنتور مکانیکی,10,1010,0,1,1,شهری,00,فعال,51.7637009161799,33.3885496891635,1015012754,B,B,یک بار عدم پرداخت,0,341,01, نطنز,34,34,نطنز,,337184,13,کنتورسازى ایران,,1,11801,خوش نشین و سکونتگاه غیردایم,خانگي,1,خانگی معمولی,00,,,5,1312708/5,1213,,,,1399/09/18,1399/11/11,,00,12,72,1004101,خانگی معمولی,,,,t,5,1,09198410635,'خودکار':2 'علی':1,'خ':1 'سرشگ':3 'نطنزمحله':2,587036.88410000,3707020.02350000,26340116019900,13127085,5710283694623QU1361082,,,,,571028.2512,3694623.457,39,,1018,2026-06-15 02:06:52.123652
NON_FAHAM,1318068,13940423,41318068,,"",رضا پورنوری,09128966099,0         ,09128966099,,0000000000,,کوچه امت,t,271.478216177578,1380/07/05,5939403728548QU1325016,بادرودمحله کربلـائیها,7131806802223,,بادرودمحله کربلـائیها,2/6/34/02/30/07/3400,000000,سایر مشترکین,"","",t,"",2001-09-27 00:00:00,-2685138,188505213,227352887,120223754,بدون مقدار,00000,فشارضعيف,5,0,1,15,t,1380/07/05,,,0,1,5,,1,تک تعرفه,کنتور مکانیکی,10,1010,0,1,1,شهری,00,فعال,52.0135801566277,33.6927260026806,1015021441,A,A,دو بار یا بیشتر پرداخت پس از موعد,2,342,02, بادرود,34,34,نطنز,,267779,13,کنتورسازى ایران,,1,10101,كليه مصارف خانگي عادي,خانگي,1,خانگی معمولی,00,,,7,1318068/7,2122,,,,1398/10/09,1398/10/09,,00,12,72,1004101,خانگی معمولی,,,,t,5,1,09128966099,'رضا':1 'پورنوری':2,'امت':2 'کوچه':1,593939.51000000,3728547.86390000,26340230073400,13180687,5939403728548QU1325016,,,,,593939.51,3728547.864,39,,1001,2026-07-07 02:07:19.889978
NON_FAHAM,1324416,13820401,21324416,,"",نانوایی ابیانه,09130000000,0         ,00000000000,,0000000000,,نطنزابیانه زیارتگاه,t,173.308400199334,1380/07/05,5598363716335QU1249627,نطنزابیانه زیارتگاه,7132441602226,,نطنزابیانه زیارتگاه,2/6/34/01/02/03/4000,401101,نانوایی سنتی,"","",t,"",2001-09-27 00:00:00,351,187598406,225926487,119605997,نان تافتون سنتی,115451400,فشارضعيف,5,0,1,25,t,1380/07/05,,,80704273,1,5,,1,تک تعرفه,کنتور مکانیکی,10,2710,0,1,2,روستایی,00,فعال,51.6448165066401,33.5850485110026,1015010003184925,D,D,دو بار یا بیشتر عدم پرداخت متوالی,4,341,01, نطنز,34,34,نطنز,,346839,13,کنتورسازى ایران,,1,20701,نانواييهاي سنتي,عمومي,2,عمومی 7,07,,,2,1324416/2,14643,,,,1400/02/29,1400/02/29,,00,12,89,2074101,عمومی7 - کمتر از سی کیلووات,,,,t,5,1,09133624509,'ابیانه':2 'نانوایی':1,'زیارتگاه':2 'نطنزابیانه':1,554743.93700000,3716461.04940000,26340102034000,13244162,5598363716335QU1249627,,مزده,,طرق رود,559835.8803,3716334.79,39,,2701,2026-05-31 13:35:56.019606
NON_FAHAM,1868494,13800705,21868494,,"",اسداله نیکبخت,,8784137638,03723422056,,0000000000,,خ کنجدجان,t,264.152640446995,1380/07/05,,خ کنجدجان,7186849402228,,خ کنجدجان,2/6/40/03/27/01/3700,000000,سایر مشترکین,"","",t,"",2001-09-27 00:00:00,213,188573000,227420666,120479416,بدون مقدار,00000,فشارضعيف,5,0,1,15,t,1380/07/05,,,0,1,5,,1,تک تعرفه,کنتور مکانیکی,10,1010,0,1,1,شهری,00,فعال,50.4674000003629,33.5128000008475,0,A,A,دو بار یا بیشتر پرداخت پس از موعد,2,403,03,گلشهر,40,40,گلپایگان,,359503,13,کنتورسازى ایران,,1,10101,كليه مصارف خانگي عادي,خانگي,1,خانگی معمولی,00,,,2,1868494/2,7240,,,,1380/07/05,1380/07/05,,00,12,72,1004101,خانگی معمولی,,,,t,5,1,09139712428,'اسداله':1 'نیکبخت':2,'خ':1 'کنجدجان':2,450536.25130000,3708265.27990000,26400327013700,18684942,,,,,,451098.58,3707900.474,39,,1001,2026-06-30 02:10:29.741662
NON_FAHAM,1894585,13800705,21894585,,"",ماشااله چلوئی,,8791663647,00000000000,,0000000000,,چهارباغ سراسیاب,t,28.3970408115556,1380/07/05,,چهارباغ سراسیاب,7189458502227,,چهارباغ سراسياب,2/6/41/01/16/06/0300,000000,سایر مشترکین,"","",t,"",2001-09-27 00:00:00,774,188057980,226380594,119762812,بدون مقدار,00000,فشارضعيف,5,0,1,15,t,1380/07/05,,,0,1,5,,1,تک تعرفه,کنتور مکانیکی,10,1010,0,1,1,شهری,00,فعال,50.3167000002549,33.239099999624,1004011413,B,B,یک بار عدم پرداخت,4,411,01, خوانسار,41,41,خوانسار,,4335444,13,کنتورسازى ایران,,1,10101,كليه مصارف خانگي عادي,خانگي,1,خانگی معمولی,00,,,1,1894585/1,8648,,,,1396/09/08,1396/10/18,,00,12,72,1004101,خانگی معمولی,,,,t,5,1,09139263342,'ماشااله':1 'چلوئی':2,'سراسیاب':2 'چهارباغ':1,436338.75340000,3678558.65890000,26410116060300,18945851,,,,,,436819.954,3677719.937,39,,1001,2026-06-28 02:08:03.884923
NON_FAHAM,1914957,13910807,41914957,,"",مسجد دهق,,0         ,00000000000,,0000000000,,خ دهق,t,54.4197472616617,1380/07/05,,خ دهق,7191495702222,,خ دهق,2/6/21/05/22/01/7100,321301,مساجد,"","",t,"",2001-09-27 00:00:00,-156663,188397709,226716327,56954422,بدون مقدار,00000,فشارضعيف,5,0,1,25,t,1380/07/05,1391/08/06,,2219520042487,1,6,,3,سه تعرفه,Renan2000,22,2310,0,1,1,شهری,00,فعال,50.9516000006752,33.1086000001718,0,P,P,ممتاز,0,205,05,دهق,20,21,نجف آباد,,7008007,14,ا ا گ,,1,20320,مساجد,عمومي,2,عمومی 3,03,,,9,1914957/9,13325,,,,1397/01/22,1397/01/22,,00,12,269,2034103,عمومی3 - کمتر از سی کیلووات-سه زمانه,,,2219520042487,t,6,1,09014130503,'دهق':2 'مسجد':1,'خ':1 'دهق':2,495484.22070000,3663327.49710000,26210522017100,19149579,,,,,,495519.384,3663414.18,39,,2319,2026-06-18 02:16:23.974863
NON_FAHAM,1916037,13930925,31916037,,"",قدرت ا--ه راعی,,8541813631,00000000000,,0000000000,,خ اول جاده دهق,t,139.814040949566,1380/07/05,,خ اول جاده دهق,7191603702226,,خ اول جاده دهق,2/6/21/05/21/01/2100,000000,سایر مشترکین,"","",t,"",2001-09-27 00:00:00,1382120,188401632,227719682,119485964,بدون مقدار,00000,فشارضعيف,5,0,1,15,t,1380/07/05,,,12561499,1,5,,1,تک تعرفه,کنتور مکانیکی,10,1010,0,1,1,شهری,00,فعال,50.9545999999188,33.1051000000836,0,D,D,دو بار یا بیشتر عدم پرداخت متوالی,1,205,05,دهق,20,21,نجف آباد,,6647717,13,کنتورسازى ایران,,1,10101,كليه مصارف خانگي عادي,خانگي,1,خانگی معمولی,00,,,8,1916037/8,14196,,,,1396/03/11,1396/04/21,,00,12,72,1004101,خانگی معمولی,,,,t,5,1,09136273235,'ا':2 'راعی':4 'قدرت':1 'ه':3,'اول':2 'جاده':3 'خ':1 'دهق':4,495763.95640000,3662939.35490000,26210521012100,19160378,,,,,,495906.474,3662843.912,39,,1001,2026-06-18 02:16:23.974863
NON_FAHAM,1963266,13800705,21963266,,"",حیدر قاسمی,,8565136535,00000000000,,0000000000,,میاندشت,t,42.1402893144397,1380/07/05,,میاندشت,7196326602229,,مياندشت,2/6/43/01/17/01/1700,000000,سایر مشترکین,"","",t,"",2001-09-27 00:00:00,78563,186232272,224532225,105860291,بدون مقدار,00000,فشارضعيف,5,0,1,15,t,1380/07/05,,,16215329,1,5,,1,تک تعرفه,کنتور مکانیکی,10,1010,0,1,1,شهری,00,فعال,50.157797857407,33.0787999854492,102401,D,D,دو بار یا بیشتر عدم پرداخت متوالی,0,422,01,بوئین میاندشت,43,43,بویین میاندشت,,389123265,13,کنتورسازى ایران,,1,10101,كليه مصارف خانگي عادي,خانگي,1,خانگی معمولی,00,,,0,1963266/0,918,,,,1397/11/13,1397/11/13,,00,12,72,1004101,خانگی معمولی,,,,t,5,1,09132710483,'حیدر':1 'قاسمی':2,'میاندشت':1,421393.84230000,3660338.10390000,26430117011700,19632660,,,,,,421399.845,3660347.21,39,,1001,2026-06-10 20:52:17.843855
NON_FAHAM,1967176,13960908,338735513,,ثانی, منظری,09132332319,0         ,09132332319,,6219404327,,قریه داشکسن,t,49.3674189945804,1380/07/05,,قریه داشکسن,7196717602223,,قريه داشکسن,2/6/43/01/40/01/6300,000000,سایر مشترکین,حشمت الله,613,t,,2001-09-27 00:00:00,700595,189071605,228592071,119351193,بدون مقدار,00000,فشارضعيف,5,0,1,15,t,1380/07/05,,,15439433,1,5,,1,تک تعرفه,کنتور مکانیکی,10,1010,0,1,2,روستایی,00,فعال,50.1667999993315,33.0382999999702,0,D,D,دو بار یا بیشتر عدم پرداخت متوالی,0,422,01,بوئین میاندشت,43,43,بویین میاندشت,,4097258,13,کنتورسازى ایران,,1,10101,كليه مصارف خانگي عادي,خانگي,1,خانگی معمولی,00,,,3,1967176/3,2599,,,,1396/09/08,1396/09/08,,00,12,72,1004101,خانگی معمولی,,,,t,5,1,09132332319,'ثانی':1 'منظری':2,'داشکسن':2 'قریه':1,422198.64950000,3655841.36500000,26430140016300,19671763,,,,,,422201.912,3655832.133,39,,1001,2026-05-17 02:07:03.174154
NON_FAHAM,2109085,13790616,22109085,,"",محمدباقربابایی,,8331614488,00000000000,,0000000000,,مورچه خورت بنیادمسکن نبش فرعی 5,t,40.9416203151056,1379/06/16,15135122000,مورچه خورت بنیادمسکن نبش فرعی 5,7210908502221,,مورچه خورت بنيادمسکن نبش فرعي 5,2/6/15/01/35/12/2000,000000,سایر مشترکین,"","",t,"",2000-09-06 01:00:00,677665,188840559,228154698,119282047,بدون مقدار,00000,فشارضعيف,5,0,1,15,t,1379/06/16,,,79355542,1,5,,1,تک تعرفه,کنتور مکانیکی,10,1010,0,1,2,روستایی,00,فعال,51.4799355453383,33.0805875300954,0,D,D,دو بار یا بیشتر عدم پرداخت متوالی,0,151,01,شاهین شهر,15,15,شاهین شهر و میمه,,4036994,13,کنتورسازى ایران,,1,10101,كليه مصارف خانگي عادي,خانگي,1,خانگی معمولی,00,,,9,2109085/9,32607,,,,1394/03/27,1394/03/27,,00,12,72,1004101,خانگی معمولی,,,,t,5,1,09139098236,'محمدباقربابایی':1,'5':6 'بنیادمسکن':3 'خورت':2 'فرعی':5 'مورچه':1 'نبش':4,544792.99010000,3660323.34170000,26150135122000,21090859,5447923660323QU2043694,,,,,544792.99,3660323.342,39,,1001,2026-05-24 02:07:44.507807
NON_FAHAM,2110064,13791111,22110064,,"",مرتضی خسروی,,0000000000,00000000000,,0000000000,,جهاداباد ک بعداز گلزار شهدا,t,486.833133366492,1379/11/11,15143125300,جهاداباد ک بعداز گلزار شهدا,7211006402220,,جهاداباد ک بعداز گلزار شهدا,2/6/15/01/43/12/5300,000000,سایر مشترکین,"","",t,"",2001-01-30 00:00:00,-13478622,187476623,228940165,120633931,بدون مقدار,00000,فشارضعيف,5,0,1,32,t,1379/11/11,,,11070002932867,1,6,,3,سه تعرفه,Renan2000,22,1010,0,1,2,روستایی,00,فعال,51.3701067622464,32.8634516127091,0,A,A,دو بار یا بیشتر پرداخت پس از موعد,2,151,01,شاهین شهر,15,15,شاهین شهر و میمه,,389534613,13,کنتورسازى ایران,,1,10101,كليه مصارف خانگي عادي,خانگي,1,خانگی معمولی,00,,,1,2110064/1,33727,,,,1403/04/19,1403/04/23,,00,12,245,1004103,خانگی معمولی-سه زمانه,,,11070002932867,t,6,1,09134012836,'خسروی':2 'مرتضی':1,'بعداز':3 'جهاداباد':1 'شهدا':5 'ک':2 'گلزار':4,534627.08990000,3636210.03070000,26150143125300,21100641,5346273636210QU1901255,,,,,534627.0898,3636210.031,39,,1001,2026-05-19 02:17:17.289468
NON_FAHAM,2110624,13800123,32110624,,"",صیدال حاتمی,,0000000000,00000000000,,0000000000,,ردانی پور قطعه 527,t,246.664418546112,1380/01/23,15132045100,ردانی پور قطعه 527,7211062402225,,رداني پور قطعه 527,2/6/15/01/32/04/5100,000000,سایر مشترکین,"","",t,"",2001-04-12 01:00:00,10427131,188895928,228210066,119796940,بدون مقدار,00000,فشارضعيف,5,0,1,25,t,1380/01/23,,,14186581,1,5,,1,تک تعرفه,کنتور مکانیکی,10,1010,0,1,1,شهری,00,فعال,51.5723297121796,32.8372084875173,0,D,D,دو بار یا بیشتر عدم پرداخت متوالی,2,151,01,شاهین شهر,15,15,شاهین شهر و میمه,,4038622,13,کنتورسازى ایران,,1,10101,كليه مصارف خانگي عادي,خانگي,1,خانگی معمولی,00,,,0,2110624/0,34302,,,,1386/12/13,1386/12/13,,00,12,72,1004101,خانگی معمولی,,,,t,5,1,09162894426,'حاتمی':2 'صیدال':1,'527':4 'ردانی':1 'قطعه':3 'پور':2,553562.99450000,3633385.16430000,26150132045100,21106240,5535623633385QU2056752,,,,,553562.9945,3633385.164,39,,1001,2026-05-05 02:16:59.511229
NON_FAHAM,2217013,13780613,32217013,,"",طلعت ملک زاده,,8413785351,00000000000,,0000000000,,بلوارمنتظری,t,142.927392695828,1378/06/13,5490473617176QU1528942,بلوارمنتظری,7221701302224,,بلوارمنتظري,2/6/24/02/13/11/2450,000000,سایر مشترکین,"","",t,"",1999-09-04 01:00:00,2780063,188169045,226491617,117613313,بدون مقدار,00000,فشارضعيف,5,0,1,25,t,1378/06/13,,,78152753,1,5,,1,تک تعرفه,کنتور مکانیکی,10,1010,0,1,1,شهری,00,فعال,51.5232214189047,32.6912076546169,0,D,D,دو بار یا بیشتر عدم پرداخت متوالی,2,242,02,منظریه,24,24,خمینی شهر,,585707,13,کنتورسازى ایران,,1,10101,كليه مصارف خانگي عادي,خانگي,1,خانگی معمولی,00,,,9,2217013/9,41366,,,,1390/05/06,1390/05/06,,00,12,72,1004101,خانگی معمولی,,,,t,5,1,09131127443,'زاده':3 'طلعت':1 'ملک':2,'بلوارمنتظری':1,549047.00000000,3617176.00000000,26240213112450,22170139,5490473617176QU1528942,,,,,549047,3617176,39,,1001,2026-06-10 20:53:04.531832
NON_FAHAM,2401759,13940125,42401759,,"",ناهید خلیلی,,8491665497,00000000000,,0000000000,,ب  1 ورودی 372پ 713,t,144.634855725451,1376/02/26,,ب  1 ورودی 372پ 713,7240175902224,,ب 1 ورودي 372پ 713,2/6/22/03/17/02/5400,000000,سایر مشترکین,"","",t,"",1997-05-16 01:00:00,3663714,188159207,227736457,116035899,بدون مقدار,00000,فشارضعيف,5,0,1,15,t,1376/02/26,,,3104043,1,6,,1,تک تعرفه,کنتور مکانیکی,10,1010,0,1,1,شهری,00,فعال,51.4069195840441,32.4825590442264,1012032128,D,D,دو بار یا بیشتر عدم پرداخت متوالی,4,223,03, فولا دشهر,22,22,لنجان,,6262555,13,کنتورسازى ایران,,1,10101,كليه مصارف خانگي عادي,خانگي,1,خانگی معمولی,00,,,1,2401759/1,4489,,,,1394/01/25,1394/01/25,,00,12,72,1004101,خانگی معمولی,,,,t,6,1,09386794763,'خلیلی':2 'ناهید':1,'1':2 '372پ':4 '713':5 'ب':1 'ورودی':3,538233.03470000,3593998.56700000,26220317025400,24017591,5382333593998QU5190118,,,,,538233.2007,3593998.678,39,,1001,2026-06-10 20:53:14.700764
NON_FAHAM,2405181,13940125,52405181,,"",آیت اله صادقی,,0         ,00000000000,,0000000000,,آ3,t,160.730824238289,1376/02/26,,آ3,7240518102229,,آ3,2/6/22/03/31/01/2200,000000,سایر مشترکین,علي,"",t,"",1997-05-16 01:00:00,169,188950019,228264153,120356279,بدون مقدار,00000,فشارضعيف,5,0,1,15,t,1376/02/26,,,2104769,1,4,,1,تک تعرفه,کنتور مکانیکی,10,1010,0,1,1,شهری,00,فعال,51.4199564604377,32.4868592782219,1012032128,G,G,خوش حساب(یک بار پرداخت پس از موعد),2,223,03, فولا دشهر,22,22,لنجان,,6572333,13,کنتورسازى ایران,,1,10101,كليه مصارف خانگي عادي,خانگي,1,خانگی معمولی,00,,,1,2405181/1,8129,,,,1394/01/25,1394/01/25,,00,12,72,1004101,خانگی معمولی,,,,t,4,1,09139893301,'آیت':1 'اله':2 'صادقی':3,'آ3':1,539456.44440000,3594480.15070000,26220331012200,24051811,5394563594480QU5262149,,,,,539456.2474,3594480.116,39,,1001,2026-05-10 02:08:34.22008
NON_FAHAM,2408326,13961228,338757231,,فرشاد,عبدا... پور,09139540197,0         ,09139540197,,1100159770,,محله ب  6 ورودی 328پ 211,t,162.615637767978,1379/03/09,,محله ب  6 ورودی 328پ 211,7240832602228,,محله ب 6 ورودي 328پ 211,2/6/22/03/39/03/4950,000000,سایر مشترکین,منصور,1100159770,t,,2000-05-29 01:00:00,64,189154696,228675152,120465584,بدون مقدار,00000,فشارضعيف,5,0,1,25,t,1379/03/09,,,78031753,1,5,,1,تک تعرفه,کنتور مکانیکی,10,1010,0,1,1,شهری,00,فعال,51.4036060500901,32.4926926177842,1012032128,D,D,دو بار یا بیشتر عدم پرداخت متوالی,6,223,03, فولا دشهر,22,22,لنجان,,6272488,13,کنتورسازى ایران,,1,10101,كليه مصارف خانگي عادي,خانگي,1,خانگی معمولی,00,,,8,2408326/8,10652,,,,1396/12/28,1396/12/28,,00,12,72,1004101,خانگی معمولی,,,,t,5,1,09182411509,'عبدا':2 'فرشاد':1 'پور':3,'211':6 '328پ':5 '6':3 'ب':2 'محله':1 'ورودی':4,537917.75990000,3595120.68540000,26220339034950,24083268,5379173595120QU5239202,,,,,537917.6164,3595120.825,39,,1001,2026-05-17 02:07:21.830478
NON_FAHAM,7009860,14040521,339224752,,تهمینه,رمضانپور اردستانی,09132776360,8441615841,09132776360,"",1189335174,,اردستان خیابان کاوخ جنب دفتر پلیس 10+,t,1097.68798828125,1403/12/25,0,اردستان خیابان کاوخ جنب دفتر پلیس 10+,7700986002224,,اردستان خیابان کاوخ جنب دفتر پلیس 10+,2/6/17/01/25/01/2410,000000,سایر مشترکین,حسن,,t,,2025-08-12 15:26:00,590,188502759,227350432,120234231,تخلیه و بدون کاربری مشخص,400000000,فشارضعيف,5,0,3,32,t,1403/08/21,1405/08/04,,11030313668019,1,6,,3,سه تعرفه,کنتور هوشمند فهام,11,5110,0,1,1,شهری,00,فعال,52.380769303645,33.3765311461994,0,A,A,دو بار یا بیشتر پرداخت پس از موعد,0,171,01, اردستان,17,17,اردستان,,389731745,19,الکترونیک افزار آزما,,1,50301,ساير مصارف,ساير مصارف,5,سایرمصارف 1,01,,,1,7009860/1,37473,0,0,,1403/12/25,1404/05/21,,01,12,371,5014103,سایر موارد1 -کمتر از سی کیلو وات-سه زمانه,0,05675,11030313668019,t,6,1,09132776360,'اردستانی':3 'تهمینه':1 'رمضانپور':2,'10':7 'اردستان':1 'جنب':4 'خیابان':2 'دفتر':5 'پلیس':6 'کاوخ':3,628440.00000000,3693882.00000000,26170125012410,70098601,,,,,,,,,,5101,2026-07-07 02:09:38.63529
NON_FAHAM,7026159,14041023,339248414,,داود,سبحانی,09131145898,8531811111,03136671462,"",4621164961,,تیران گروه شهرک کارگاهی صنعتگران مبتکر تیران,t,987,1404/10/01,0,تیران گروه شهرک کارگاهی صنعتگران مبتکر تیران,7702615902225,,تیران گروه شهرک کارگاهی صنعتگران مبتکر تیران,2/6/19/01/01/01/1270,000000,سایر مشترکین,الیاس,,t,,2026-01-13 10:14:00,192,187731044,226059080,119586013,سوله سازی,128112400,فشارضعيف,5,0,3,32,t,1404/03/12,1404/02/18,,11030413748283,1,6,,3,سه تعرفه,فهام 1 سه فاز مستقیم JAM3000/DC,11,5110,0,1,1,شهری,00,فعال,50.708131,32.827274,0,B,B,یک بار عدم پرداخت,0,191,01, تیران و کرون,19,19,تیران و کرون,,389791670,19,الکترونیک افزار آزما,,1,50301,ساير مصارف,ساير مصارف,5,سایرمصارف 1,01,,,6,7026159/6,51299,0,0,,1404/10/01,1404/10/23,,01,12,371,5014103,سایر موارد1 -کمتر از سی کیلو وات-سه زمانه,0,1359,11030413748283,t,6,1,09131145898,'داود':1 'سبحانی':2,"'تیران':1,7 'شهرک':3 'صنعتگران':5 'مبتکر':6 'کارگاهی':4 'گروه':2",,,26190101011270,70261596,,,,,,,,,,5101,2026-07-07 02:11:03.895096
NON_FAHAM,7036040,14050311,339264906,,علي,عرب خزائل مهابادي,09128666692,8443157881,09128666692,"",1290634076,,مهاباددشت مهابادروبروی چاه شهید سجاد,t,432,1405/03/09,0,مهاباددشت مهابادروبروی چاه شهید سجاد,7703604002229,,مهاباددشت مهابادروبروی چاه شهید سجاد,2/6/17/01/12/05/6275,000000,سایر مشترکین,حسين,,t,,2026-06-01 07:18:00,808,187831762,226154642,119773703,تخلیه و بدون کاربری مشخص,400000000,فشارضعيف,5,0,1,32,t,1405/01/09,1406/02/25,,11610520230023,1,6,,3,سه تعرفه,کنتور هوشمند فهام یک,11,5110,0,1,1,شهری,00,فعال,52.241299,33.52223,0,P,P,ممتاز,0,171,01, اردستان,17,17,اردستان,,389841668,19,الکترونیک افزار آزما,,1,50301,ساير مصارف,ساير مصارف,5,سایرمصارف 1,01,,,3,7036040/3,38057,0,0,,1405/03/09,1405/03/11,,01,12,371,5014103,سایر موارد1 -کمتر از سی کیلو وات-سه زمانه,0,4591,11610520230023,t,6,1,09128666692,'خزائل':3 'عرب':2 'علی':1 'مهابادی':4,'سجاد':5 'شهید':4 'مهاباددشت':1 'مهابادروبروی':2 'چاه':3,,,26170112056275,70360403,,,,,,,,,,5101,2026-06-02 02:01:50.862309
NON_FAHAM,7041644,14050428,339277233,,مجيد,جزائري,09133137087,8464137111,09133137087,"",1111459371,,فلاورجان لارگان بوستان خ اصلی خ شهید اسفندیار امینی,t,576,1405/03/12,0,فلاورجان لارگان بوستان خ اصلی خ شهید اسفندیار امینی,7704164402226,,فلاورجان لارگان بوستان خ اصلی خ شهید اسفندیار امینی,2/6/16/01/14/08/1274,000000,سایر مشترکین,حسين,,t,,2026-07-19 12:07:00,-465000,187347230,,119857774,بدون مقدار,00000,فشارضعيف,5,0,1,32,t,1404/10/17,1405/12/28,,18700523288276,1,5,,3,سه تعرفه,کنتور هوشمند فهام یک,11,1010,0,1,1,شهری,00,فعال,51.5134498408116,32.494991245169,0,P,P,ممتاز,0,161,01,فلا ورجان,16,16,فلاورجان,,389870533,19,الکترونیک افزار آزما,,1,10101,كليه مصارف خانگي عادي,خانگي,1,خانگی معمولی,00,,,1,7041644/1,92139,0,0,,1405/03/12,1405/04/28,,01,12,245,1004103,خانگی معمولی-سه زمانه,0,614011025,18700523288276,t,5,1,09133137087,'جزائری':2 'مجید':1,"'اسفندیار':8 'اصلی':5 'امینی':9 'بوستان':3 'خ':4,6 'شهید':7 'فلاورجان':1 'لارگان':2",,,26160114081274,70416441,,,,,,,,,,,
NON_FAHAM,8662268,13801213,28662268,,"",شرکت سازه فن,,8771341761,00000000000,,0000000000,,شهرک الوند مجتمع مسکونی 60 واحدی بلوک 13,t,78.681222402115,1380/12/13,,شهرک الوند مجتمع مسکونی 60 واحدی بلوک 13,7866226802226,,شهرک الوند مجتمع مسکوني 60 واحدي بلوک 13,2/6/40/01/42/07/4650,000000,سایر مشترکین,"","",t,"",2002-03-04 00:00:00,-288195,189250101,228770481,91772588,بدون مقدار,00000,فشارضعيف,5,0,1,25,t,1380/12/13,,,80702379,1,5,,1,تک تعرفه,کنتور مکانیکی,10,1010,0,1,1,شهری,00,فعال,50.2534021523813,33.4702000136733,1011010003180849,P,P,ممتاز,6,401,01, گلپایگان,40,40,گلپایگان,,4251974,13,کنتورسازى ایران,,1,50502,خانگی تحت حمایت کمیته امداد,خانگي,1,خانگی معمولی,00,,,8,8662268/8,27198,,,,1400/11/01,1401/08/14,,00,12,72,1004101,خانگی معمولی,,,,t,5,1,09132712199,'سازه':2 'شرکت':1 'فن':3,'13':8 '60':5 'الوند':2 'بلوک':7 'شهرک':1 'مجتمع':3 'مسکونی':4 'واحدی':6,430627.45140000,3703664.61150000,26400142074650,86622688,,,وانشان,,نيوان,430635.249,3703668.882,39,,1006,2026-05-19 02:22:34.628439
NON_FAHAM,8672054,13801209,38672054,,"",جزینی مصطفی,,0         ,00000000000,,0000000000,,درچه نواب صفوی,t,233.973795271797,1380/12/09,5517163608262QU1604304,درچه نواب صفوی,7867205402224,,درچه نواب صفوي,2/6/24/03/16/08/5800,000000,سایر مشترکین,"","",t,"",2002-02-28 00:00:00,722,188233250,226555816,119858255,بدون مقدار,00000,فشارضعيف,5,0,1,25,t,1380/12/09,,,77784242,1,5,,1,تک تعرفه,کنتور مکانیکی,10,5110,0,1,1,شهری,00,فعال,51.5512091292467,32.6106798919815,0,A,A,دو بار یا بیشتر پرداخت پس از موعد,2,243,03, ماربین,24,24,خمینی شهر,,539991,13,کنتورسازى ایران,,1,50301,ساير مصارف,ساير مصارف,5,سایرمصارف 1,01,,,0,8672054/0,24699,,,,1401/02/07,1401/03/01,,00,12,99,5014101,سایر موارد1 -کمتر از سی کیلو وات,,,,t,5,1,09138752446,'جزینی':1 'مصطفی':2,'درچه':1 'صفوی':3 'نواب':2,551716.94920000,3608262.29590000,26240316085800,86720540,5517163608262QU1604304,,,,,551716.9492,3608262.296,39,,5101,2026-06-15 02:12:42.425391
NON_FAHAM,8689039,13991219,338963365,,زهرا,نظیمی آرانی,09133631245,0         ,09132621883,,1260472558,,ناجی اباد فاز 2,t,94.5363855204202,1381/01/31,,ناجی اباد فاز 2,7868903902227,,ناجی اباد فاز 2,2/6/30/02/17/21/6620,000000,سایر مشترکین,حبیب اله,48254,t,,2002-04-20 01:00:00,1213368,188078963,226401577,118775322,بدون مقدار,00000,فشارضعيف,5,0,1,25,t,1381/01/31,,,78806083,1,5,,1,تک تعرفه,کنتور مکانیکی,10,1010,0,1,1,شهری,00,فعال,51.4059006769867,33.9853017136524,1010031425,C,C,دو بار یا بیشتر عدم پرداخت غیرمتوالی,6,302,02, کاشان,30,30,کاشان,,100200,13,کنتورسازى ایران,,1,10101,كليه مصارف خانگي عادي,خانگي,1,خانگی معمولی,00,,,9,8689039/9,54443,,,,1399/11/18,1399/12/19,,00,12,72,1004101,خانگی معمولی,,,,t,5,1,09133631245,'آرانی':3 'زهرا':1 'نظیمی':2,'2':4 'اباد':2 'فاز':3 'ناجی':1,537490.62110000,3760600.49460000,26300217216620,86890399,,,,,,537478.993,3760599.599,39,,1001,2026-06-15 02:12:48.705113
NON_FAHAM,8715229,13810907,28715229,,"",یداله  خانی,,8741134458,00000000000,,0000000000,,ب  عاملی مقابل کارخانه چینی,t,260.532738454558,1381/09/07,,ب  عاملی مقابل کارخانه چینی,7871522902221,,ب عاملي مقابل کارخانه چيني,2/6/31/01/10/10/0300,000000,سایر مشترکین,"","",t,"",2002-11-28 00:00:00,479,188093937,226416553,119917143,بدون مقدار,00000,فشارضعيف,5,0,1,25,t,1381/09/07,,,81499059,1,5,,1,تک تعرفه,کنتور مکانیکی,10,1010,0,1,1,شهری,00,فعال,51.4738999999336,34.0546000001503,0,B,B,یک بار عدم پرداخت,1,311,01,اران و بیدگل,31,31,آران و بیدگل,,6234191,13,کنتورسازى ایران,,1,10101,كليه مصارف خانگي عادي,خانگي,1,خانگی معمولی,00,,,4,8715229/4,21630,,,,1398/01/15,1398/02/25,,00,12,72,1004101,خانگی معمولی,,,,t,5,1,09132602987,'خانی':2 'یداله':1,'ب':1 'عاملی':2 'مقابل':3 'چینی':5 'کارخانه':4,543735.80490000,3768311.23080000,26310110100300,87152294,,,,,,543741.135,3768305.708,39,,1001,2026-06-22 02:13:35.210198
NON_FAHAM,8787351,13820912,28787351,,"",مغازه شماره 18  بالـا,,8771951884,00000000000,,0000000000,,خ امام خمینی,t,0.655276946810431,1382/09/12,,خ امام خمینی,7878735102223,,خ امام خميني,2/6/40/01/01/01/8750,000000,سایر مشترکین,"","",t,"",2003-12-03 00:00:00,463724,187671948,225999991,115569225,بدون مقدار,00000,فشارضعيف,5,0,1,25,t,1382/09/12,,,82336974,1,5,,1,تک تعرفه,کنتور مکانیکی,10,5110,0,1,1,شهری,00,فعال,50.2889979306804,33.4553004954175,1011012511,D,D,دو بار یا بیشتر عدم پرداخت متوالی,6,401,01, گلپایگان,40,40,گلپایگان,,4253947,13,کنتورسازى ایران,,1,50301,ساير مصارف,ساير مصارف,5,سایرمصارف 1,01,,,0,8787351/0,28733,,,,1401/08/08,1401/08/08,,00,12,99,5014101,سایر موارد1 -کمتر از سی کیلو وات,,,,t,5,1,09123865870,'18':3 'بالـا':4 'شماره':2 'مغازه':1,'امام':2 'خ':1 'خمینی':3,433923.71290000,3701989.47200000,26400101018750,87873510,,,,,,433915.515,3702037.328,39,,5101,2026-05-26 02:25:03.056821
NON_FAHAM,8970324,13930429,38970324,,"",ابراهیم مسلمیان,09353771952,8318713876,00000000000,,1816776769,,عطاربین 12و13غربی,t,267.197502544515,1384/11/30,15126035170,عطاربین 12و13غربی,7897032402220,,عطاربين 12و13غربي,2/6/15/01/26/03/5190,000000,سایر مشترکین,ديوان,"",t,"",2006-02-19 00:00:00,6834401,188499623,227347296,119360361,بدون مقدار,00000,فشارضعيف,5,0,1,25,t,1384/11/30,,,8437735571,1,5,,1,تک تعرفه,کنتور مکانیکی,10,1010,0,1,1,شهری,00,فعال,51.5593200814292,32.8463247570127,0,D,D,دو بار یا بیشتر عدم پرداخت متوالی,5,151,01,شاهین شهر,15,15,شاهین شهر و میمه,,4055505,13,کنتورسازى ایران,,1,10101,كليه مصارف خانگي عادي,خانگي,1,خانگی معمولی,00,,,7,8970324/7,47959,,,,1394/12/16,1394/12/16,,00,12,72,1004101,خانگی معمولی,,,,t,5,1,09330175711,'ابراهیم':1 'مسلمیان':2,'12و13غربی':2 'عطاربین':1,552340.21280000,3634389.42430000,26150126035190,89703247,5523403634389QU2068251,,,,,552340.0868,3634389.269,39,,1001,2026-06-01 02:09:17.873066
NON_FAHAM,8977372,13841214,28977372,,"",اسماعیل  یزدانی,,0         ,00000000000,,0000000000,,کهریزسنگ خ ولیعصر,t,409.024996636275,1384/12/14,,کهریزسنگ خ ولیعصر,7897737202220,,کهريزسنگ خ وليعصر,2/6/21/03/25/24/4800,000000,سایر مشترکین,"","",t,"",2006-03-05 00:00:00,926,188666623,227514280,120216482,بدون مقدار,00000,فشارضعيف,5,0,1,25,t,1384/12/14,,,11710450548923,1,6,,3,سه تعرفه,کنتور فهام 2 ویرایش 5(تخت رله دار) JAM200R,11,1010,0,1,1,شهری,00,فعال,51.481902131982,32.6366999921452,0,A,A,دو بار یا بیشتر پرداخت پس از موعد,1,203,03,بخش مرکزی,20,21,نجف آباد,,389807733,19,الکترونیک افزار آزما,,1,10101,كليه مصارف خانگي عادي,خانگي,1,خانگی معمولی,00,,,5,8977372/5,128148,,,,1404/11/14,1404/11/26,,00,12,245,1004103,خانگی معمولی-سه زمانه,,,11710450548923,t,6,1,09138019453,'اسماعیل':1 'یزدانی':2,'خ':2 'ولیعصر':3 'کهریزسنگ':1,545201.10220000,3611115.15990000,26210325244800,89773725,,,,,,535876.395,3610519.176,39,,1001,2026-07-07 02:14:48.300668
NON_FAHAM,8990418,13850302,28990418,,"",داریوش  رهبری,,0         ,00000000000,,0000000000,,قهنویه خ ش ضیاییها ک ش بهروز صفایی,t,256.701377730557,1385/03/02,,قهنویه خ ش ضیاییها ک ش بهروز صفایی,7899041802225,,قهنويه خ ش ضياييها ک ش بهروز صفايي,2/6/26/01/20/06/2250,000000,سایر مشترکین,"","",t,"",2006-05-23 00:00:00,917,188315477,226634105,120219363,بدون مقدار,00000,فشارضعيف,5,0,1,25,t,1385/03/02,,,37965841,1,5,,1,تک تعرفه,کنتور مکانیکی,10,1010,0,1,1,شهری,00,فعال,51.5202978745454,32.3402000078493,101701,B,B,یک بار عدم پرداخت,2,261,01,مبارکه,26,26,مبارکه,,4146366,13,کنتورسازى ایران,,1,10101,كليه مصارف خانگي عادي,خانگي,1,خانگی معمولی,00,,,8,8990418/8,39051,,,,1385/03/02,1385/03/02,,00,12,72,1004101,خانگی معمولی,,,,t,5,1,09361178301,'داریوش':1 'رهبری':2,"'بهروز':7 'خ':2 'ش':3,6 'صفایی':8 'ضیاییها':4 'قهنویه':1 'ک':5",548962.87970000,3578264.23920000,26260120062250,89904188,,,,,,548679.644,3578544.503,39,,1001,2026-06-28 02:16:56.438381
NON_FAHAM,9001957,13850415,29001957,,"",اله کرم  احمدی,,0         ,00000000000,,0000000000,,روستای مازه ابول,t,117.415870106972,1385/04/15,,روستای مازه ابول,7900195702221,,روستاي مازه ابول,2/6/44/01/26/03/0700,000000,سایر مشترکین,"","",t,"",2006-07-06 00:00:00,942,186641278,227267004,119057953,بدون مقدار,00000,فشارضعيف,5,0,1,15,t,1385/04/15,,,8937965961,1,5,,1,تک تعرفه,کنتور مکانیکی,10,1010,0,1,2,روستایی,00,فعال,49.9553000000078,32.8993999991482,1007010004,D,D,دو بار یا بیشتر عدم پرداخت متوالی,3,441,01,فریدون شهر,44,44,فریدونشهر,,702830,13,کنتورسازى ایران,,1,11801,خوش نشین و سکونتگاه غیردایم,خانگي,1,خانگی معمولی,00,,,0,9001957/0,9378,,,,1398/10/09,1398/10/09,,00,12,72,1004101,خانگی معمولی,,,,t,5,1,09130101715,'احمدی':3 'اله':1 'کرم':2,'ابول':3 'روستای':1 'مازه':2,402295.64030000,3640618.36240000,26440126030700,90019570,,,,,چشمه لنگان,418652.635,3645083.693,39,,1018,2026-04-28 02:21:51.437537
NON_FAHAM,9013957,13850604,39013957,,"",اله یار  مغانی,,0         ,00000000000,,0000000000,,روستای گل افشان,t,110.220106518202,1385/06/04,,روستای گل افشان,7901395702222,,سميرم روستاي گل افشان,2/6/18/01/44/14/0100,000000,سایر مشترکین,"","",t,"",2006-08-26 00:00:00,-671491,185455073,228842752,119418535,بدون مقدار,00000,فشارضعيف,5,0,1,15,t,1385/06/04,,,38108890,1,5,,1,تک تعرفه,کنتور مکانیکی,10,1010,0,1,2,روستایی,00,فعال,51.7757000005044,31.243499999638,1005020001404672,A,A,دو بار یا بیشتر پرداخت پس از موعد,0,181,01, سمیرم,18,18,سمیرم,,232758,13,کنتورسازى ایران,,1,10101,كليه مصارف خانگي عادي,خانگي,1,خانگی معمولی,00,,,6,9013957/6,18037,,,,1390/09/12,1390/09/12,,00,12,72,1004101,خانگی معمولی,,,,t,5,1,09138924420,'اله':1 'مغانی':3 'یار':2,'افشان':3 'روستای':1 'گل':2,573865.23650000,3456847.71450000,26180144140100,90139576,,,گل افشان,,حنا,569682.599,3451228.16,39,,1001,2026-05-27 02:13:25.241863
NON_FAHAM,9047511,13850929,39047511,,"",احمدرضا  عظیمی,,0         ,00000000000,,0000000000,,دستگردقداده ک بعثت کوی توحید,t,253.883569679248,1385/09/29,5519573617725QU1513078,دستگردقداده ک بعثت کوی توحید,7904751102226,,دستگردقداده ک بعثت کوي توحيد,2/6/24/02/22/24/9800,000000,سایر مشترکین,"","",t,"",2006-12-20 00:00:00,26,188463014,226781620,120112234,بدون مقدار,00000,فشارضعيف,5,0,1,25,t,1385/09/29,,,38254910,1,5,,1,تک تعرفه,کنتور مکانیکی,10,1010,0,1,1,شهری,00,فعال,51.5543028482047,32.6960342460808,0,C,C,دو بار یا بیشتر عدم پرداخت غیرمتوالی,0,242,02,منظریه,24,24,خمینی شهر,,320749,13,کنتورسازى ایران,,1,10101,كليه مصارف خانگي عادي,خانگي,1,خانگی معمولی,00,,,8,9047511/8,51093,,,,1396/03/20,1396/04/24,,00,12,72,1004101,خانگی معمولی,,,,t,5,1,09383277501,'احمدرضا':1 'عظیمی':2,'بعثت':3 'توحید':5 'دستگردقداده':1 'ک':2 'کوی':4,551957.82750000,3617725.85870000,26240222249800,90475118,5519573617725QU1513078,,,,,551957.8275,3617725.859,39,,1001,2026-06-18 02:28:11.322021
NON_FAHAM,9091131,13860404,39091131,,"",داود  حاج حیدری,,0         ,00000000000,,0000000000,,خ شریعتی شمالی جوی گاردر,t,224.759231100468,1386/04/04,5503723616881QU1425405,خ شریعتی شمالی جوی گاردر,7909113102229,,خ شريعتي شمالي جوي گاردر,2/6/24/02/43/20/4610,000000,سایر مشترکین,"","",t,"",2007-06-25 00:00:00,525,189351889,229041354,120582062,بدون مقدار,00000,فشارضعيف,5,0,1,25,t,1386/04/04,,,85069898,1,5,,3,سه تعرفه,ACE2000,68,1010,0,1,1,شهری,00,فعال,51.5373351241419,32.6884781827009,0,C,C,دو بار یا بیشتر عدم پرداخت غیرمتوالی,0,242,02,منظریه,24,24,خمینی شهر,,321321,13,کنتورسازى ایران,,1,10101,كليه مصارف خانگي عادي,خانگي,1,خانگی معمولی,00,,,7,9091131/7,51415,,,,1396/04/18,1396/04/24,,00,12,245,1004103,خانگی معمولی-سه زمانه,,,,t,5,1,09131177706,'حاج':2 'حیدری':3 'داود':1,'جوی':4 'خ':1 'شریعتی':2 'شمالی':3 'گاردر':5,550371.57350000,3616880.03370000,26240243204610,90911317,5503713616880QU1487295,,,,,550371.5735,3616880.034,39,,1001,2026-05-24 02:14:20.207128
NON_FAHAM,9102428,13860604,29102428,,"",مهدی  محمدی,,8315658478,00000000000,,0000000000,,گلدیس خ غدیر5غربی ق 16976,t,220.766392551996,1386/06/04,15123107125,گلدیس خ غدیر5غربی ق 16976,7910242802227,,گلديس خ غدير5غربي ق 16976,2/6/15/01/23/10/7125,000000,سایر مشترکین,"","",t,"",2007-08-26 00:00:00,-10942221,184636419,222976816,118908748,بدون مقدار,00000,فشارضعيف,5,0,1,25,t,1386/06/04,,,1219200273237,1,6,,3,سه تعرفه,Renan2000,22,1010,0,1,1,شهری,00,فعال,51.5298779311498,32.892173111686,0,B,B,یک بار عدم پرداخت,3,151,01,شاهین شهر,15,15,شاهین شهر و میمه,,389771528,13,کنتورسازى ایران,,1,10101,كليه مصارف خانگي عادي,خانگي,1,خانگی معمولی,00,,,4,9102428/4,52720,,,,1404/08/27,1404/09/08,,00,12,245,1004103,خانگی معمولی-سه زمانه,,,1219200273237,t,6,1,09016817683,'محمدی':2 'مهدی':1,'16976':5 'خ':2 'غدیر5غربی':3 'ق':4 'گلدیس':1,549559.40230000,3639457.80090000,26150123107125,91024284,5495593639457QU2076951,,,,,549559.4023,3639457.801,39,,1001,2026-07-07 02:15:23.92534
NON_FAHAM,9160719,13870807,29160719,,"",بخشعلی  بکانی خراجی,,0         ,00000000000,,0000000000,,خ صاحب  الزمان جنب  کوچه ایتام,t,58.7101283434832,1387/01/17,,خ صاحب  الزمان جنب  کوچه ایتام,7916071902226,,خ صاحب الزمان جنب کوچه ايتام,2/6/23/01/26/01/4350,000000,سایر مشترکین,"","",t,"",2008-04-05 01:00:00,-840781,186693854,227299545,120231462,بدون مقدار,00000,فشارضعيف,5,0,1,25,t,1387/01/17,,,86237436,1,5,,3,سه تعرفه,ACE2000,68,1010,0,1,1,شهری,00,فعال,51.8617013335106,32.0106014026459,1009020003,A,A,دو بار یا بیشتر پرداخت پس از موعد,0,231,01,شهرضا,23,23,شهرضا,,6064166,13,کنتورسازى ایران,,1,11901,سکونتگاه خالی از سکنه,خانگي,1,خانگی معمولی,00,,,0,9160719/0,63903,,,,1399/09/30,1399/11/11,,00,12,245,1004103,خانگی معمولی-سه زمانه,,,,t,5,1,09137100418,'بخشعلی':1 'بکانی':2 'خراجی':3,'الزمان':3 'ایتام':6 'جنب':4 'خ':1 'صاحب':2 'کوچه':5,581384.28440000,3541935.19640000,26230126014350,91607190,,,,,منظريه,581387.901,3541927.324,39,,1019,2026-07-07 02:15:44.328105
NON_FAHAM,9176806,13870308,29176806,,"",طوبی  ایرانپورمبارکه,,0         ,00000000000,,0000000000,,کوی عدالت  کوچه شهیدقاصربن بست  سعادت,t,238.863143483413,1387/03/08,,کوی عدالت  کوچه شهیدقاصربن بست  سعادت,7917680602227,,کوي عدالت کوچه شهيدقاصربن بست سعادت,2/6/26/01/03/06/9050,000000,سایر مشترکین,"","",t,"",2008-05-28 01:00:00,2904306,187585515,225913596,118869246,بدون مقدار,00000,فشارضعيف,5,0,1,25,t,1387/03/08,,,87013922,1,5,,3,سه تعرفه,ACE2000,68,1010,0,1,1,شهری,00,فعال,51.5086000007177,32.3388999996622,0,D,D,دو بار یا بیشتر عدم پرداخت متوالی,1,261,01,مبارکه,26,26,مبارکه,,4150395,13,کنتورسازى ایران,,1,10101,كليه مصارف خانگي عادي,خانگي,1,خانگی معمولی,00,,,2,9176806/2,43842,,,,1387/03/08,1387/03/08,,00,12,245,1004103,خانگی معمولی-سه زمانه,,,,t,5,1,09162331290,'ایرانپورمبارکه':2 'طوبی':1,'بست':5 'سعادت':6 'شهیدقاصربن':4 'عدالت':2 'کوچه':3 'کوی':1,547862.71740000,3578114.84520000,26260103069050,91768062,,,,,,542445.753,3578800.247,39,,1001,2026-06-22 02:15:41.007406
NON_FAHAM,9192222,13870424,29192222,,"",هوشنگ  مرادیان,,8777143899,00000000000,,0000000000,,روستای هنده محله بالـا,t,229.172767581262,1387/04/24,,روستای هنده محله بالـا,7919222202220,,روستاي هنده محله بالـا,2/6/40/01/43/06/2400,000000,سایر مشترکین,"","",t,"",2008-07-14 01:00:00,12478384,189278724,228968191,117369857,بدون مقدار,00000,فشارضعيف,5,0,1,25,t,1387/04/24,,,187013125,1,6,,3,سه تعرفه,ACE2000,68,1010,0,1,2,روستایی,00,فعال,50.0162000004254,33.3977000009337,1011010003180849,B,B,یک بار عدم پرداخت,1,401,01, گلپایگان,40,40,گلپایگان,,4260050,13,کنتورسازى ایران,,1,10101,كليه مصارف خانگي عادي,خانگي,1,خانگی معمولی,00,,,3,9192222/3,34346,,,,1387/04/24,1387/04/24,,00,12,245,1004103,خانگی معمولی-سه زمانه,,,,t,6,1,09138159297,'مرادیان':2 'هوشنگ':1,'بالـا':4 'روستای':1 'محله':3 'هنده':2,408510.24050000,3695809.79590000,26400143062400,91922223,,,وانشان,,نيوان,434410.909,3701803.449,39,,1001,2026-05-27 02:14:20.533495
NON_FAHAM,9209856,13870709,29209856,,"",رشید  رجبی,,0         ,00000000000,,0000000000,,مورکان جنب  مسجدجامع 09133340345,t,95.6645659188518,1387/07/09,,مورکان جنب  مسجدجامع 09133340345,7920985602228,,مورکان جنب مسجدجامع 09133340345,2/6/22/02/06/08/9900,000000,سایر مشترکین,"","",t,"",2008-09-30 00:00:00,578820,187654058,225982119,118472294,بدون مقدار,00000,فشارضعيف,5,0,1,25,t,1387/07/09,,,587109168,1,5,,3,سه تعرفه,ACE2000,68,1010,0,1,2,روستایی,00,فعال,51.1546058579243,32.3991032078321,1012030001181571,C,C,دو بار یا بیشتر عدم پرداخت غیرمتوالی,5,222,02, باغبهادران,22,22,لنجان,,4292420,13,کنتورسازى ایران,,1,10101,كليه مصارف خانگي عادي,خانگي,1,خانگی معمولی,00,,,7,9209856/7,19948,,,,1399/11/05,1399/12/25,,00,12,245,1004103,خانگی معمولی-سه زمانه,,,,t,5,1,09133340345,'رجبی':2 'رشید':1,'09133340345':4 'جنب':2 'مسجدجامع':3 'مورکان':1,514539.74670000,3584685.17990000,26220206089900,92098567,5145393584685QU5163118,,مجتمع صنايع دفاع اصفهان,,اشيان,514539.7467,3584685.18,39,,1001,2026-05-31 13:43:28.594428
NON_FAHAM,9213661,13870720,29213661,,"",محمدحسین  قربانعلیزاده جمال,,0         ,00000000000,,0000000000,,خ امام -ک محمدی,t,32.5225697668681,1387/07/20,,خ امام -ک محمدی,7921366102225,,خ امام -ک محمدي,2/6/30/02/04/01/8810,000000,سایر مشترکین,"","",t,"",2008-10-11 00:00:00,1967247,185665956,229210003,116193487,توقفگاه (پارکینگ),393050901,فشارضعيف,5,0,1,25,t,1387/07/20,,,687145558,1,5,,3,سه تعرفه,کنتور دیجیتالی,02,5110,0,1,1,شهری,00,فعال,51.4645989087405,33.9869984413679,101003,D,D,دو بار یا بیشتر عدم پرداخت متوالی,2,302,02, کاشان,30,30,کاشان,,131051,13,کنتورسازى ایران,,1,50301,ساير مصارف,ساير مصارف,5,سایرمصارف 1,01,,,2,9213661/2,85015,,,,1399/05/11,1399/05/20,,00,12,371,5014103,سایر موارد1 -کمتر از سی کیلو وات-سه زمانه,,,,t,5,1,09354239137,'جمال':3 'قربانعلیزاده':2 'محمدحسین':1,'امام':2 'خ':1 'محمدی':4 'ک':3,542911.41550000,3760811.64880000,26300204018810,92136612,,,,,,543012.855,3760919.835,39,,5101,2026-05-26 02:29:15.420246
NON_FAHAM,9243831,13871109,29243831,,"",جواد  صادقی,,0         ,00000000000,,0000000000,,دهکده عمران زاینده رودزون 1 پ 10,t,85.0201228858513,1387/11/09,4684573624227QU1064211,دهکده عمران زاینده رودزون 1 پ 10,7924383102220,,دهکده عمران زاينده رودزون 1 پ 10,2/6/45/01/15/04/1350,000000,سایر مشترکین,"","",t,"",2009-01-28 00:00:00,561,188112858,226435472,119862416,بدون مقدار,00000,فشارضعيف,5,0,1,25,t,1387/11/09,,,87284481,1,5,,3,سه تعرفه,ACE2000,68,1210,0,1,1,شهری,00,فعال,50.6632644480316,32.7554518924595,1020022352,C,C,دو بار یا بیشتر عدم پرداخت غیرمتوالی,1,451,01,چادگان,45,45,چادگان,,4365444,13,کنتورسازى ایران,,1,11801,خوش نشین و سکونتگاه غیردایم,خانگي,1,خوشنشین ها و اقامتگاه های غیردائم,02,,,7,9243831/7,12310,,,,1404/07/01,1404/08/14,,00,12,930,1024103,خوش نشین ها و اقامتگاه های غیردائم,,,,t,5,1,09133250626,'جواد':1 'صادقی':2,'1':5 '10':7 'دهکده':1 'رودزون':4 'زاینده':3 'عمران':2 'پ':6,468456.90270000,3624226.82530000,26450115041350,92438317,4684573624227QU1012460,,,,,468457,3624227,39,,1018,2026-06-10 21:01:57.402116
NON_FAHAM,9269522,13880313,79269522,,"",مجتبی سیف,,0         ,0,,0000000000,,خور شهرک فاطمیه فاز 2,t,260.047518518699,1388/03/13,,خور شهرک فاطمیه فاز 2,7926952202222,,خور شهرک فاطميه فاز 2,2/6/12/01/29/01/6520,000000,سایر مشترکین,"","",t,"",2009-06-03 01:00:00,56,186688716,224988531,119893905,بدون مقدار,00000,فشارضعيف,5,0,1,25,t,1388/03/13,,,0687150249,1,5,,3,سه تعرفه,ACE2000,68,1010,0,1,1,شهری,00,فعال,55.0747999995688,33.7712999992542,1023011434,D,D,دو بار یا بیشتر عدم پرداخت متوالی,5,121,01,خور و بیابانک,12,12,خور و بیابانک,,6487327,13,کنتورسازى ایران,,1,10101,كليه مصارف خانگي عادي,خانگي,1,خانگی معمولی,00,,,0,9269522/0,9158,,,,1392/03/05,1392/08/04,,00,12,245,1004103,خانگی معمولی-سه زمانه,,,,t,5,1,09902430282,'سیف':2 'مجتبی':1,'2':5 'خور':1 'شهرک':2 'فاز':4 'فاطمیه':3,321723.99420000,3738463.95580000,26120129016520,92695220,,,,,,,,,,1001,2026-04-28 02:24:10.793826
NON_FAHAM,9337014,13890913,29337014,,"",نوروز محمدی,2215897    ,-         ,09133219224,,1209330490,,خ شهید چاوشی حدفاصل ک 5 و 7,t,79.8824874072132,1389/09/13,,خ شهید چاوشی حدفاصل ک 5 و 7,7933701402229,,خ شهيد چاوشي حدفاصل ك 5 و 7,2/6/23/01/11/05/0835,000000,سایر مشترکین,تيمور,997,t,"",2010-12-04 00:00:00,129,187910324,226233141,119788169,بدون مقدار,00000,فشارضعيف,5,0,1,25,t,1389/09/13,,,11110002661178,1,6,,3,سه تعرفه,JAM200,*,1010,0,1,1,شهری,00,فعال,51.8474999997994,32.0204000008846,1009020003,A,A,دو بار یا بیشتر پرداخت پس از موعد,1,231,01,شهرضا,23,23,شهرضا,,389418906,19,الکترونیک افزار آزما,,1,10101,كليه مصارف خانگي عادي,خانگي,1,خانگی معمولی,00,,,7,9337014/7,71074,,,,1400/12/19,1401/02/18,,00,12,245,1004103,خانگی معمولی-سه زمانه,,,11110002661178,t,6,1,09133219224,'محمدی':2 'نوروز':1,'5':6 '7':8 'حدفاصل':4 'خ':1 'شهید':2 'و':7 'چاوشی':3 'ک':5,580034.46300000,3543010.74650000,26230111050835,93370147,,,,,منظريه,580031.919,3543004.988,39,,1001,2026-06-07 02:15:48.676747
NON_FAHAM,9357829,13980426,338848131,,فاطمه,شجاعی,09103551527,0         ,09103551527,,1260444333,,بلوار شهداء کوچه اذر پیوند,t,376.041234471798,1389/12/22,,بلوار شهداء کوچه اذر پیوند,7935782902223,,بلوار شهداء کوچه اذر پیوند,2/6/30/02/09/17/7705,000000,سایر مشترکین,عین اله,45428,t,,2011-03-13 00:00:00,537,186050034,229366424,118700397,بدون مقدار,00000,فشارضعيف,5,0,1,25,t,1389/12/22,,,11119801476957,1,6,,3,سه تعرفه,کنتور مکانیکی,10,1010,0,1,1,شهری,00,فعال,51.4776021647359,33.9625999921377,101003,A,A,دو بار یا بیشتر پرداخت پس از موعد,0,302,02, کاشان,30,30,کاشان,,389627495,16,کنتور دیجیتالى,,1,10101,كليه مصارف خانگي عادي,خانگي,1,خانگی معمولی,00,,,5,9357829/5,95904,,,,1403/06/09,1403/06/11,,00,12,245,1004103,خانگی معمولی-سه زمانه,,,11119801476957,t,6,1,09103551527,'شجاعی':2 'فاطمه':1,'اذر':4 'بلوار':1 'شهداء':2 'پیوند':5 'کوچه':3,544125.03840000,3758111.89300000,26300209177705,93578295,,,,,,544065.676,3758248.513,39,,1001,2026-06-12 02:11:58.407418
NON_FAHAM,9382329,13891007,29382329,,"",محمداسمعیل صحرائی کاشانی,09131626154,-         ,4457569,,1262183561,,خ رجایی -خ شریعتی,t,7.05638876680593,1389/10/07,,خ رجایی -خ شریعتی,7938232902225,,خ رجايي -خ شريعتي,2/6/30/02/04/03/3390,000000,سایر مشترکین,اكبر,63,t,"",2010-12-28 00:00:00,199412,187624836,225952915,111166294,بدون مقدار,00000,فشارضعيف,5,0,1,25,t,1389/10/07,,,88562807,1,6,,3,سه تعرفه,کنتور دیجیتال تکفاز,02,5110,0,1,1,شهری,00,فعال,51.4444000006612,33.9925999993013,101003,D,D,دو بار یا بیشتر عدم پرداخت متوالی,4,302,02, کاشان,30,30,کاشان,,389627223,14,ا ا گ,,1,50301,ساير مصارف,ساير مصارف,5,سایرمصارف 1,01,,,0,9382329/0,105197,,,,1403/04/31,1403/06/10,,00,12,371,5014103,سایر موارد1 -کمتر از سی کیلو وات-سه زمانه,,,88562807,t,6,1,09377906190,'صحرائی':2 'محمداسمعیل':1 'کاشانی':3,"'خ':1,3 'رجایی':2 'شریعتی':4",541043.09060000,3761424.47150000,26300204033390,93823290,,,,,,541041.496,3761441.519,39,,5101,2026-05-26 02:32:20.192521
NON_FAHAM,9393625,13900512,39393625,,"",علی جمشیدی,,84518     ,09138765570,,4171471737,,فلاورجان چهل دستگاه ک اخر,t,229.079076546313,1390/05/12,,فلاورجان چهل دستگاه ک اخر,7939362502225,,فلاورجان چهل دستگاه ك اخر,2/6/16/01/47/02/5650,000000,سایر مشترکین,خدارحم,469,t,"",2011-08-03 01:00:00,5449488,189432973,229122432,119724055,بدون مقدار,00000,فشارضعيف,5,0,1,25,t,1390/05/12,,,390031302,1,5,,3,سه تعرفه,کنتور دیجیتالی,02,1010,0,1,1,شهری,00,فعال,51.5034006480255,32.5600982817771,100802,D,D,دو بار یا بیشتر عدم پرداخت متوالی,4,161,01,فلا ورجان,16,16,فلاورجان,,6467528,13,کنتورسازى ایران,,1,10101,كليه مصارف خانگي عادي,خانگي,1,خانگی معمولی,00,,,6,9393625/6,59049,,,,1401/04/23,1401/05/01,,00,12,245,1004103,خانگی معمولی-سه زمانه,,,,t,5,1,09138765570,'جمشیدی':2 'علی':1,'اخر':5 'دستگاه':3 'فلاورجان':1 'چهل':2 'ک':4,547257.82140000,3602632.84500000,26160147025650,93936256,,,,,,565396.189,3616835.816,39,,1001,2026-05-19 02:32:06.832776
NON_FAHAM,9404242,14050326,339270758,,مهدی,شریف زاده,09051295934,0         ,03152430000,,1160479089,"",سده خ امام خ ش سیف اله معتمدی ک اصحاب,t,102.682181567062,1390/06/17,,سده لنجان خ امام کوچه شهید سیف الله معتمدی مصلای قدیم,7940424202221,,سده لنجان خ امام کوچه شهید سیف الله معتمدی مصلای قدیم,2/6/22/01/28/06/8510,000000,سایر مشترکین,نبی الله,1160479089,t,0,2011-09-08 01:00:00,896,188584369,227432033,120280181,بدون مقدار,00000,فشارضعيف,5,0,1,25,t,1390/06/17,,,11119801320630,1,6,,3,سه تعرفه,JAM200,*,1010,0,1,1,شهری,00,فعال,51.3129732013194,32.3757198414487,1012032504,D,D,دو بار یا بیشتر عدم پرداخت متوالی,0,221,01, زرین شهر,22,22,لنجان,,389678890,19,الکترونیک افزار آزما,,1,10101,كليه مصارف خانگي عادي,خانگي,1,خانگی معمولی,00,,,9,9404242/9,43984,,,,1405/02/04,1405/03/26,,00,12,245,1004103,خانگی معمولی-سه زمانه,,,11119801320630,t,6,1,09051295934,'زاده':3 'شریف':2 'مهدی':1,"'اصحاب':10 'اله':7 'امام':3 'خ':2,4 'سده':1 'سیف':6 'ش':5 'معتمدی':8 'ک':9",529440.80120000,3582125.50920000,26220128068510,94042429,5294403582125QU5133699,,,,,529440.87,3582125.697,39,,1001,2026-06-17 02:14:52.212719
NON_FAHAM,9410636,13900703,49410636,,"",علی ابیار,09136417377,-         ,2256486,,1828979945,,ویلاشهر انتهای  بلوار امام علی,t,137.339935195781,1390/07/03,,ویلاشهر انتهای  بلوار امام علی,7941063602226,,ويلاشهر انتهاي  بلوار امام علي,2/6/21/03/09/27/6800,000000,سایر مشترکین,محمد,352,t,"",2011-09-25 00:00:00,940,188113686,226436301,120150938,بدون مقدار,00000,فشارضعيف,5,0,1,25,t,1390/07/03,,,690039899,1,5,,3,سه تعرفه,ACE2000,68,1010,0,1,1,شهری,00,فعال,51.4332021327001,32.6725999920912,0,B,B,یک بار عدم پرداخت,4,203,03,بخش مرکزی,20,21,نجف آباد,,479330,13,کنتورسازى ایران,,1,10101,كليه مصارف خانگي عادي,خانگي,1,خانگی معمولی,00,,,2,9410636/2,98625,,,,1394/10/27,1394/10/27,,00,12,245,1004103,خانگی معمولی-سه زمانه,,,,t,5,1,09131832272,'ابیار':2 'علی':1,'امام':4 'انتهای':2 'بلوار':3 'علی':5 'ویلاشهر':1,540616.90070000,3615075.19150000,26210309276800,94106362,,,,,,540680.074,3615298.593,39,,1001,2026-06-10 20:07:40.168382
NON_FAHAM,9419206,13900710,29419206,,"",نوید مومن پور سهرابی,09138959601,0000000000,5244702,,-         ,,حافظ شمالی 5شرقی,t,171.353063756469,1390/07/10,15140081025,حافظ شمالی 5شرقی,7941920602228,,حافظ شمالي 5شرقي,2/6/15/01/40/08/1025,000000,سایر مشترکین,داراب,180,t,"",2011-10-02 00:00:00,5436996,189135728,228656184,116324281,بدون مقدار,00000,فشارضعيف,5,0,1,25,t,1390/07/10,,,690046720,1,6,,3,سه تعرفه,کنتور دیجیتالی,02,1010,0,1,1,شهری,00,فعال,51.541323270607,32.863953252471,0,D,D,دو بار یا بیشتر عدم پرداخت متوالی,3,151,01,شاهین شهر,15,15,شاهین شهر و میمه,,4077996,13,کنتورسازى ایران,,1,10101,كليه مصارف خانگي عادي,خانگي,1,خانگی معمولی,00,,,4,9419206/4,69758,,,,1390/07/10,1390/07/10,,00,12,245,1004103,خانگی معمولی-سه زمانه,,,,t,6,1,09140368156,'سهرابی':4 'مومن':2 'نوید':1 'پور':3,'5شرقی':3 'حافظ':1 'شمالی':2,550645.94190000,3636334.98250000,26150140081025,94192064,5506453636334QU1839882,,,,,550645.9419,3636334.782,39,,1001,2026-05-19 02:32:45.82754
NON_FAHAM,9428977,13880403,29428977,,"",محسن قرائتی,,,,,0000000000,,بیمارستان بهشتی,t,909.14811533584,1388/04/03,,بیمارستان بهشتی,7942897702224,,بيمارستان بهشتي,2/6/30/02/42/18/2200,000000,سایر مشترکین,"","",t,"",2009-06-24 01:00:00,35931639,189204066,228724491,119513040,انبارداری، نگهداری آهن آلات و ابزار آلات,363021600,فشارضعيف,5,0,1,25,t,1388/04/03,,,0987263022,1,5,,3,سه تعرفه,ACE2000,68,5110,0,1,1,شهری,00,فعال,51.4061989095393,34.0123984411358,1010031425,C,C,دو بار یا بیشتر عدم پرداخت غیرمتوالی,4,302,02, کاشان,30,30,کاشان,,154117,13,کنتورسازى ایران,,1,50301,ساير مصارف,ساير مصارف,5,سایرمصارف 1,01,,,7,9428977/7,89213,,,,1399/06/19,1399/06/23,,00,12,371,5014103,سایر موارد1 -کمتر از سی کیلو وات-سه زمانه,,,,t,5,1,09388952141,'قرائتی':2 'محسن':1,'بهشتی':2 'بیمارستان':1,537506.25650000,3763605.06310000,26300242182200,94289777,,,,,,541572.453,3761826.291,39,,5101,2026-05-27 02:16:27.596697
NON_FAHAM,9435882,13900921,49435882,,"",عبداله کسمائی,0913234644 ,8514834854,2743303,,1091072086,,ن خ شریعتی شرقی ک ش کسمائی بن رضوان,t,263.582027514261,1390/09/21,,ن خ شریعتی شرقی ک ش کسمائی بن رضوان,7943588202221,,ن خ شريعتي شرقي ك ش كسمائي بن رضوان,2/6/21/01/32/02/8150,000000,سایر مشترکین,نعمت اله,830,t,"",2011-12-12 00:00:00,590,188930510,228244648,120539722,بدون مقدار,00000,فشارضعيف,5,0,1,25,t,1390/09/21,,,690064258,1,5,,3,سه تعرفه,کنتور دیجیتالی,02,1010,0,1,1,شهری,00,فعال,51.3824021312774,32.6357999939987,0,B,B,یک بار عدم پرداخت,1,201,01,بخش مرکزی,20,21,نجف آباد,,481782,13,کنتورسازى ایران,,1,10101,كليه مصارف خانگي عادي,خانگي,1,خانگی معمولی,00,,,5,9435882/5,100284,,,,1395/02/01,1395/02/31,,00,12,245,1004103,خانگی معمولی-سه زمانه,,,,t,5,1,09135967288,'عبداله':1 'کسمائی':2,'بن':8 'خ':2 'رضوان':9 'ش':6 'شرقی':4 'شریعتی':3 'ن':1 'ک':5 'کسمائی':7,535868.56730000,3610977.42640000,26210132028150,94358825,,,,,,535866.391,3610969.843,39,,1001,2026-05-10 02:17:10.947942
NON_FAHAM,9436910,13881029,29436910,,"",محمد معرفت نوش ابادی,09132601101,8746144633,2824051,,6199858670,,نوش ابادخ کمربندی کوچه شهیدنیک سرشت,t,386.224810587747,1388/10/29,,نوش ابادخ کمربندی کوچه شهیدنیک سرشت,7943691002222,,نوش ابادخ كمربندي كوچه شهيدنيك سرشت,2/6/31/01/14/12/0350,000000,سایر مشترکین,غلامحسين,32,t,"",2010-01-19 00:00:00,368,188242465,226564931,119873558,بدون مقدار,00000,فشارضعيف,5,0,1,25,t,1388/10/29,,,87333586,1,5,,3,سه تعرفه,ACE2000,68,1010,0,1,1,شهری,00,فعال,51.4422021685822,34.0799999918899,0,B,B,یک بار عدم پرداخت,6,311,01,اران و بیدگل,31,31,آران و بیدگل,,6251845,13,کنتورسازى ایران,,1,10101,كليه مصارف خانگي عادي,خانگي,1,خانگی معمولی,00,,,0,9436910/0,100330,,,,1398/01/05,1398/02/25,,00,12,245,1004103,خانگی معمولی-سه زمانه,,,,t,5,1,09132601101,'ابادی':4 'محمد':1 'معرفت':2 'نوش':3,'ابادخ':2 'سرشت':6 'شهیدنیک':5 'نوش':1 'کمربندی':3 'کوچه':4,540798.24170000,3771114.49730000,26310114120350,94369100,,,,,,540671.023,3771147.808,39,,1001,2026-07-01 02:12:38.811414
NON_FAHAM,9437212,13881226,29437212,,"",محمد جاویدی قراچه,09138750823,.         ,3662311,,1209166151,,روستای چهارراه,t,194.398406352068,1388/12/26,,روستای چهارراه,7943721202221,,روستاي چهارراه,2/6/18/01/33/12/9310,000000,سایر مشترکین,محمد علي,224,t,"",2010-03-17 00:00:00,26,187008477,228055590,119095193,بدون مقدار,00000,فشارضعيف,5,0,1,15,t,1388/12/26,,,788428623,1,5,,3,سه تعرفه,ACE2000,68,1010,0,1,2,روستایی,00,فعال,51.3860000004434,31.1764000004287,1005010001175951,B,B,یک بار عدم پرداخت,0,181,01, سمیرم,18,18,سمیرم,,237911,13,کنتورسازى ایران,,1,10101,كليه مصارف خانگي عادي,خانگي,1,خانگی معمولی,00,,,7,9437212/7,21563,,,,1388/12/26,1388/12/26,,00,12,245,1004103,خانگی معمولی-سه زمانه,,,,t,5,1,09137885960,'جاویدی':2 'قراچه':3 'محمد':1,'روستای':1 'چهارراه':2,536782.02210000,3449215.89230000,26180133129310,94372127,,,چهارراه,,پادناسفلي,536784.712,3449212.308,39,,1001,2026-05-10 02:17:16.282307
NON_FAHAM,9443849,13921222,59443849,,"",عزیز محمد منجی,09133653879,8319669687,,,6279367095,,کارگر بلوار کوثر نیم فرعی17غربی,t,274.016288637457,1390/10/29,15144153075,کارگر بلوار کوثر نیم فرعی17غربی,7944384902220,,کارگر بلوار کوثر نيم فرعي17غربي,2/6/15/01/44/15/3075,000000,سایر مشترکین,حسن,"",t,"",2012-01-19 00:00:00,113,189380315,229069779,120598621,بدون مقدار,00000,فشارضعيف,5,0,1,25,t,1390/10/29,,,1819512994079,1,6,,3,سه تعرفه,MTF200F,0,1010,0,1,1,شهری,00,فعال,51.5375427355556,32.8505503491625,0,B,B,یک بار عدم پرداخت,1,151,01,شاهین شهر,15,15,شاهین شهر و میمه,,6870362,14,ا ا گ,,1,10101,كليه مصارف خانگي عادي,خانگي,1,خانگی معمولی,00,,,7,9443849/7,71509,,,,1395/06/02,1395/06/10,,00,12,245,1004103,خانگی معمولی-سه زمانه,,,1819512994079,t,6,1,09171412863,'عزیز':1 'محمد':2 'منجی':3,'بلوار':2 'فرعی17غربی':5 'نیم':4 'کارگر':1 'کوثر':3,550299.79590000,3634847.13510000,26150144153075,94438497,5502993634847QU2005720,,,,,550299.7959,3634847.135,39,,1001,2026-05-24 02:17:32.726098
NON_FAHAM,9449301,13901129,39449301,,"",اله یار قاسمی,0          ,0         ,09132353497,,6209794971,,چرمهین بلور ابشار خیابان 14 متری,t,419.754078336659,1390/11/29,,چرمهین بلور ابشار خیابان 14 متری,7944930102222,,چرمهين بلوار  آبشار جنب مدرسه امين راستين كوچه 6 متـــري,2/6/22/02/29/10/1300,000000,سایر مشترکین,محمود,9,t,"",2012-02-18 00:00:00,163,188577153,227424819,120240179,بدون مقدار,00000,فشارضعيف,5,0,1,25,t,1390/11/29,,,90158985,1,5,,3,سه تعرفه,EVAN 1010,70,1010,0,1,1,شهری,00,فعال,51.1830195041682,32.3298695740274,1012012121,B,B,یک بار عدم پرداخت,2,222,02, باغبهادران,22,22,لنجان,,4294914,13,کنتورسازى ایران,,1,10101,كليه مصارف خانگي عادي,خانگي,1,خانگی معمولی,00,,,3,9449301/3,22454,,,,1399/09/20,1399/12/25,,00,12,245,1004103,خانگی معمولی-سه زمانه,,,,t,5,1,09132353497,'اله':1 'قاسمی':3 'یار':2,'14':5 'ابشار':3 'بلور':2 'خیابان':4 'متری':6 'چرمهین':1,517225.00480000,3577014.91280000,26220229101300,94493013,5172253577014QU5215741,,,,,517225.0048,3577014.913,39,,1001,2026-06-10 20:29:51.906479
NON_FAHAM,9456727,13901222,29456727,,"",مهدی ضیائی,,8344189533,5723602,,5110653313,,بهشتی ک هادیان بن حکیم پ25,t,104.640743113401,1390/12/22,,بهشتی ک هادیان بن حکیم پ25,7945672702224,,بهشتي ك هاديان بن حكيم پ25,2/6/15/02/21/01/2425,000000,سایر مشترکین,حسنعلي,446,t,"",2012-03-12 00:00:00,180,186510164,227808326,119092444,بدون مقدار,00000,فشارضعيف,5,0,1,25,t,1390/12/22,,,11119701113704,1,6,,3,سه تعرفه,JAM200,*,1010,0,1,1,شهری,00,فعال,51.6267258104023,32.8001230991016,0,D,D,دو بار یا بیشتر عدم پرداخت متوالی,2,152,02,گز,15,15,شاهین شهر و میمه,,7059359,14,ا ا گ,,1,10101,كليه مصارف خانگي عادي,خانگي,1,خانگی معمولی,00,,,0,9456727/0,72943,,,,1397/04/13,1397/04/20,,00,12,245,1004103,خانگی معمولی-سه زمانه,,,11119701113704,t,6,1,09138984468,'ضیائی':2 'مهدی':1,'بن':4 'بهشتی':1 'حکیم':5 'هادیان':3 'پ25':6 'ک':2,558678.25270000,3629302.77850000,26150221012425,94567270,5586783629302QU1706051,,,,,558678.2527,3629302.778,39,,1001,2026-06-18 02:35:12.076379
NON_FAHAM,9460847,13910120,29460847,,"",ابوطالب صالحی برد شاهی,09132035023,0         ,,,1142218759,,خ کهندز خ اشرفی پاسارگاز جنوبی,t,219.566021446482,1391/01/20,5544723615796QU1639524,خ کهندز خ اشرفی پاسارگاز جنوبی,7946084702222,,خ كهندز خ اشرفي پاسارگاز جنوبي,2/6/24/03/02/15/1650,000000,سایر مشترکین,مراد,"",t,"",2012-04-08 01:00:00,356,187705682,227808953,119614963,بدون مقدار,00000,فشارضعيف,5,0,1,25,t,1391/01/20,,,1719093,1,5,,3,سه تعرفه,JAM200,*,1010,0,1,1,شهری,00,فعال,51.5810109375758,32.6785048282642,0,A,A,دو بار یا بیشتر پرداخت پس از موعد,2,243,03, ماربین,24,24,خمینی شهر,,331873,13,کنتورسازى ایران,,1,10101,كليه مصارف خانگي عادي,خانگي,1,خانگی معمولی,00,,,3,9460847/3,61917,,,,1401/02/20,1401/03/01,,00,12,245,1004103,خانگی معمولی-سه زمانه,,,,t,5,1,09134590615,'ابوطالب':1 'برد':3 'شاهی':4 'صالحی':2,"'اشرفی':4 'جنوبی':6 'خ':1,3 'پاسارگاز':5 'کهندز':2",554472.00000000,3615796.00000000,26240302151650,94608473,5544723615796QU1639524,,,,,554472,3615796,39,,1001,2026-06-07 02:17:15.138305
NON_FAHAM,9472327,13910403,29472327,,"",ملیحه پوررضاپی,09133096647,0         ,3626385,,1130238687,,خ شهرداری پشت قبرستان,t,131.544339173225,1391/04/03,5493143615731QU1633634,خ شهرداری پشت قبرستان,7947232702225,,خ شهرداري پشت قبرستان,2/6/24/02/31/17/3800,000000,سایر مشترکین,اكبر,0,t,"",2012-06-23 01:00:00,-857936,189025459,228339551,99057191,بدون مقدار,00000,فشارضعيف,5,0,1,25,t,1391/04/03,,,890065612,1,5,,3,سه تعرفه,EVAN 1010,70,1010,0,1,1,شهری,00,فعال,51.5259931874085,32.6781611896239,0,P,P,ممتاز,0,242,02,منظریه,24,24,خمینی شهر,,603497,13,کنتورسازى ایران,,1,50502,خانگی تحت حمایت کمیته امداد,خانگي,1,خانگی معمولی,00,,,2,9472327/2,64804,,,,1400/11/01,1401/08/14,,00,12,245,1004103,خانگی معمولی-سه زمانه,,,,t,5,1,09130140228,'ملیحه':1 'پوررضاپی':2,'خ':1 'شهرداری':2 'قبرستان':4 'پشت':3,549314.00000000,3615731.00000000,26240231173800,94723272,5493143615731QU1633634,,,,,549314,3615731,39,,1006,2026-05-05 02:34:17.861655
NON_FAHAM,9492043,13910526,49492043,,"",اسفندیار سورانی,09137098805,-         ,,,4622797860,,امیر اباد خ منتظری شمالی,t,33.6876018160929,1391/05/26,,امیر اباد خ منتظری شمالی,7949204302222,,امير اباد خ منتظري شمالي,2/6/21/02/35/13/0650,000000,سایر مشترکین,طهماسب,62,t,"",2012-08-16 01:00:00,79,188974334,228288459,120516742,بدون مقدار,00000,فشارضعيف,5,0,1,25,t,1391/05/26,,,591107253,1,5,,3,سه تعرفه,EVAN 1010,70,1010,0,1,1,شهری,00,فعال,51.3341989280619,32.644498440535,1014020002184232,D,D,دو بار یا بیشتر عدم پرداخت متوالی,2,202,02,بخش مرکزی,20,21,نجف آباد,,487623,13,کنتورسازى ایران,,1,10101,كليه مصارف خانگي عادي,خانگي,1,خانگی معمولی,00,,,4,9492043/4,104963,,,,1391/06/20,1391/06/20,,00,12,245,1004103,خانگی معمولی-سه زمانه,,,,t,5,1,09136459058,'اسفندیار':1 'سورانی':2,'اباد':2 'امیر':1 'خ':3 'شمالی':5 'منتظری':4,531344.14490000,3611926.43980000,26210235130650,94920434,,,همت آباد,,صادقيه,531294.767,3611920.134,39,,1001,2026-05-05 02:34:55.469658
NON_FAHAM,9522925,13910817,49522925,,"",الهه هاشم زاده شورجه,09137901208,0         ,,,1090294336,,ن خ منتظری جنوبی ک دلنواز,t,12.0293914784703,1391/08/17,,ن خ منتظری جنوبی ک دلنواز,7952292502229,,ن خ منتظري جنوبي ك دلنواز,2/6/21/01/11/07/5150,000000,سایر مشترکین,نعمت اله,29625,t,"",2012-11-07 00:00:00,2619615,188180221,226502789,113478042,بدون مقدار,00000,فشارضعيف,5,0,3,25,t,1391/08/17,,,91035540,1,6,,3,سه تعرفه,Renan2000,22,5110,0,1,1,شهری,00,فعال,51.363099999409,32.6248999998031,0,D,D,دو بار یا بیشتر عدم پرداخت متوالی,3,201,01,بخش مرکزی,20,21,نجف آباد,,488985,13,کنتورسازى ایران,,1,50301,ساير مصارف,ساير مصارف,5,سایرمصارف 1,01,,,5,9522925/5,106230,,,,1395/01/17,1395/02/31,,00,12,371,5014103,سایر موارد1 -کمتر از سی کیلو وات-سه زمانه,,,,t,6,1,09132329023,'الهه':1 'زاده':3 'شورجه':4 'هاشم':2,'جنوبی':4 'خ':2 'دلنواز':6 'منتظری':3 'ن':1 'ک':5,534062.18390000,3609762.76090000,26210111075150,95229255,,,,,,533955.44,3609655.295,39,,5101,2026-06-03 02:31:24.668972
NON_FAHAM,9531836,13911026,39531836,,"",اکرم محمدخانی,,0         ,9139711021,,1229698868,,دامنه خ شهدای شرقی ک شهید رجائی منزل سید رضا باقری,t,160.764800575214,1391/10/26,,دامنه خ شهدای شرقی ک شهید رجائی منزل سید رضا باقری,7953183602228,,دامنه خ شهداي شرقي ک شهيد رجائي منزل سيد رضا باقري,2/6/42/01/20/07/9150,000000,سایر مشترکین,محمدابراهيم,29,t,"",2013-01-15 00:00:00,1305497,188428526,227816893,118891378,بدون مقدار,00000,فشارضعيف,5,0,1,25,t,1391/10/26,,,11119701325147,1,6,,3,سه تعرفه,JAM200,*,1010,0,1,1,شهری,00,فعال,50.495700000372,33.0175000002227,1006032251,C,C,دو بار یا بیشتر عدم پرداخت غیرمتوالی,2,421,01,فریدن,42,42,فریدن,,7093561,14,ا ا گ,,1,10101,كليه مصارف خانگي عادي,خانگي,1,خانگی معمولی,00,,,3,9531836/3,25079,,,,1397/08/13,1397/08/28,,00,12,245,1004103,خانگی معمولی-سه زمانه,,,11119701325147,t,6,1,09139711021,'اکرم':1 'محمدخانی':2,'باقری':11 'خ':2 'دامنه':1 'رجائی':7 'رضا':10 'سید':9 'شرقی':4 'شهدای':3 'شهید':6 'منزل':8 'ک':5,452899.44850000,3653339.94730000,26420120079150,95318363,,,,,,460120.117,3633395.861,39,,1001,2026-06-23 02:19:05.456024
NON_FAHAM,9543567,13921217,39543567,,"",محمدرضا علی محمدی,09133121559,8319669749,,,0532920929,,خانه کارگر بلوارنور3غربی محله5 ق72,t,86.0741797052324,1391/12/14,15146152920,خانه کارگر بلوارنور3غربی محله5 ق72,7954356702220,,خانه کارگر بلوارنور3غربي محله5 ق72,2/6/15/01/46/15/2950,401201,مصارف اشتراکی واحد های مسکونی,احمدقلي,"",t,"",2013-03-04 00:00:00,2584853,189411009,229100473,119531963,بدون مقدار,00000,فشارضعيف,5,0,1,25,t,1391/12/14,,,11110002662653,1,6,,3,سه تعرفه,Renan2000,22,2210,0,1,1,شهری,00,فعال,51.5414162142746,32.8512210004629,0,B,B,یک بار عدم پرداخت,0,151,01,شاهین شهر,15,15,شاهین شهر و میمه,,389460091,13,کنتورسازى ایران,,1,20201,كليه موسسات پژوهشي و مراكز تحقيقاتي داراي پروانه معتبر از مر,عمومي,2,عمومی 2,02,,,0,9543567/0,79883,,,,1401/07/27,1401/07/30,,00,12,263,2024103,عمومی2 - کمتر از سی کیلووات-سه زمانه,,,11110002662653,t,6,1,09132064408,'علی':2 'محمدرضا':1 'محمدی':3,'بلوارنور3غربی':3 'خانه':1 'ق72':5 'محله5':4 'کارگر':2,550662.07450000,3634923.33450000,26150146152950,95435670,5506613634923QU1731088,,,,,550661.8745,3634923.334,39,,2201,2026-06-03 02:31:47.355058
NON_FAHAM,9549188,13920127,29549188,,"",فرهاد کیماسی,09382701966,0         ,0,,1129339084,,یزدانشهر بین خ10و11غربی,t,235.642201357798,1392/01/27,,یزدانشهر بین خ10و11غربی,7954918802222,,يزدانشهر بين خ10و11غربي,2/6/21/02/03/18/3550,000000,سایر مشترکین,حسين,132,t,"",2013-04-16 01:00:00,30557088,187606804,225934884,117095219,بدون مقدار,00000,فشارضعيف,5,0,1,25,t,1392/01/27,,,2219120129505,1,6,,3,سه تعرفه,Renan2000,22,5110,0,1,1,شهری,00,فعال,51.3379018653811,32.6435991264625,0,D,D,دو بار یا بیشتر عدم پرداخت متوالی,5,202,02,بخش مرکزی,20,21,نجف آباد,,491354,13,کنتورسازى ایران,,1,50301,ساير مصارف,ساير مصارف,5,سایرمصارف 1,01,,,0,9549188/0,108630,,,,1392/01/27,1392/07/14,,00,12,371,5014103,سایر موارد1 -کمتر از سی کیلو وات-سه زمانه,,,,t,6,1,09136015338,'فرهاد':1 'کیماسی':2,'بین':2 'خ10و11غربی':3 'یزدانشهر':1,531691.75810000,3611827.84550000,26210203183550,95491880,,,,,,528691.669,3610385.267,39,,5101,2026-05-26 02:37:17.687607
NON_FAHAM,9554626,13920208,29554626,,"",هاشم احمدی,09369804761,8463134774,03117245392,,1111453004,,پیربکران -روستای ونهر کوچه نسیم 27,t,186.194374788512,1392/02/08,,پیربکران -روستای ونهر کوچه نسیم 27,7955462602222,,پيربکران روستاي ونهر کوچه نسيم 27,2/6/16/03/20/13/4440,000000,سایر مشترکین,اکبر,4,t,"",2013-04-28 01:00:00,672,188353284,226671900,119970680,بدون مقدار,00000,فشارضعيف,5,0,1,25,t,1392/02/08,,,221919178852,1,5,,3,سه تعرفه,EVAN 1010,70,1010,0,1,2,روستایی,00,فعال,51.518799999619,32.442500000912,0,P,P,ممتاز,2,163,03,پیربکران,16,16,فلاورجان,,6384712,13,کنتورسازى ایران,,1,10101,كليه مصارف خانگي عادي,خانگي,1,خانگی معمولی,00,,,9,9554626/9,26930,,,,1392/02/08,1392/07/22,,00,12,245,1004103,خانگی معمولی-سه زمانه,,,,t,5,1,09162374593,'احمدی':2 'هاشم':1,'27':6 'روستای':2 'نسیم':5 'ونهر':3 'پیربکران':1 'کوچه':4,548766.91170000,3589603.64010000,26160320134440,95546269,,,,,,552160.278,3591588.645,39,,1001,2026-06-21 02:18:48.502349
NON_FAHAM,9562941,13910727,29562941,,"",تعاونی مسکن مهر ازاد فلاورجان,,1         ,09134060827,,0000000000,,محله ای4 برزن ای,t,205.820099134335,1391/07/27,,محله ای4 برزن ای,7956294102223,,محله اي4 برزن اي,2/6/22/03/45/21/4100,000000,سایر مشترکین,"","",f,"",2012-10-18 00:00:00,1775352,189366753,229056218,119413569,بدون مقدار,00000,فشارضعيف,5,0,1,25,t,1391/07/27,,,221916136044,1,5,,3,سه تعرفه,EVAN 1010,70,1010,0,1,1,شهری,00,فعال,51.3631150876556,32.5157985626081,1012032128,C,C,دو بار یا بیشتر عدم پرداخت غیرمتوالی,1,223,03, فولا دشهر,22,22,لنجان,,6292763,13,کنتورسازى ایران,,1,10101,كليه مصارف خانگي عادي,خانگي,1,خانگی معمولی,00,,,5,9562941/5,40150,,,,1391/07/27,1391/07/27,,00,12,245,1004103,خانگی معمولی-سه زمانه,,,,t,5,1,09140853187,'ازاد':4 'تعاونی':1 'فلاورجان':5 'مسکن':2 'مهر':3,'ای':4 'ای4':2 'برزن':3 'محله':1,534104.76490000,3597668.32320000,26220345214100,95629415,5341043597668QU5271849,,,,,534104.8622,3597668.498,39,,1001,2026-05-19 02:35:44.657194
NON_FAHAM,9575364,13950615,338661139,,فاطمه ,رضایی علی آبادی ,09139600615,0         ,09139600615,,6609826821,,علی آباد پشت مسجد صاحب الزمان003900/03/14,t,37.2219794647438,1392/04/09,,علی آباد ملا علی خ سعدی چ دوم نانوایی ,7957536402223,,علي آباد پشت مسجد صاحب الزمان003900/03/14,2/6/27/01/22/12/3650,000000,سایر مشترکین,عبدالعلی ,27,t,,2013-06-30 01:00:00,-2691720,186570405,224875618,119975517,بدون مقدار,00000,فشارضعيف,5,0,1,25,t,1392/04/09,,,2219220174040,1,5,,3,سه تعرفه,Renan2000,22,5110,0,1,2,روستایی,00,فعال,51.7654021364251,32.8065999878836,1022021400,C,C,دو بار یا بیشتر عدم پرداخت غیرمتوالی,0,271,01,برخوار,27,27,برخوار,,6356062,13,کنتورسازى ایران,,1,50301,ساير مصارف,ساير مصارف,5,سایرمصارف 1,01,,,7,9575364/7,49612,,,,1398/01/05,1398/02/25,,00,12,371,5014103,سایر موارد1 -کمتر از سی کیلو وات-سه زمانه,,,,t,5,1,09139600615,'آبادی':4 'رضایی':2 'علی':3 'فاطمه':1,'آباد':2 'الزمان003900/03/14':6 'صاحب':5 'علی':1 'مسجد':4 'پشت':3,571657.15150000,3630106.26410000,26270122123650,95753647,,,,,,571653.326,3630101.933,39,,5101,2026-06-21 02:19:02.076837
NON_FAHAM,9609393,13950427,338652904,,عباس,مسعودی نیا,09131615814,8711111111,03155319683,"",1260363163,,8متری سلمان کوچه بهاران,t,341.846061529144,1395/04/23,,8متری سلمان کوچه بهاران,7960939302220,,8متری سلمان کوچه بهاران,2/6/30/02/14/13/2966,000000,سایر مشترکین,احمد,,t,,2016-07-17 11:12:00,42,187922338,226245055,119855977,بدون مقدار,00000,فشارضعيف,5,0,1,32,t,1395/03/03,,,2219420269356,1,6,,3,سه تعرفه,Renan2000,22,1110,0,1,1,شهری,00,فعال,51.425399999898,33.9736000002925,101003,D,D,دو بار یا بیشتر عدم پرداخت متوالی,0,302,02, کاشان,30,30,کاشان,8711111111,6858609,14,ا ا گ,,1,10201,جانبازي 25 تا 49درصد,خانگي,1,خانگی جانبازان,01,,,4,9609393/4,145320,0,0,,1395/08/05,1395/08/05,,01,12,247,1014103,خانگی جانبازان و فرزندان شاهد,,,10029,t,6,1,09131615814,'عباس':1 'مسعودی':2 'نیا':3,'8متری':1 'بهاران':4 'سلمان':2 'کوچه':3,539297.05340000,3759310.32620000,26300214132966,96093934,,,,,,538989.242,3759171.378,39,,1002,2026-06-15 02:19:16.070257
NON_FAHAM,9612736,13950523,338657321,,مسعود,گوروئی,09133317844,8511111111,09133317844,"",5759457691,,یزدانشهرشهرک امام علی خ گلستان 12,t,391.580609211338,1395/05/17,,یزدانشهرشهرک امام علی خ گلستان 12,7961273602220,,یزدانشهرشهرک امام علی خ گلستان 12,2/6/21/02/09/17/3300,000000,سایر مشترکین,علینقی,,t,,2016-08-13 15:19:00,698,188149368,226471946,120191590,بدون مقدار,00000,فشارضعيف,5,0,1,25,t,1395/03/22,,,1819512993177,1,6,,3,سه تعرفه,MTF200F,0,1010,0,1,1,شهری,00,فعال,51.3017999992948,32.6345000004909,1014020002810540,B,B,یک بار عدم پرداخت,2,202,02,بخش مرکزی,20,21,نجف آباد,8511111111,6865855,14,ا ا گ,,1,50502,خانگی تحت حمایت کمیته امداد,خانگي,1,خانگی معمولی,00,,,7,9612736/7,123760,0,0,,1402/02/12,1402/03/03,,01,12,245,1004103,خانگی معمولی-سه زمانه,,,1819512993177,t,6,1,09133317844,'مسعود':1 'گوروئی':2,'12':6 'امام':2 'خ':4 'علی':3 'گلستان':5 'یزدانشهرشهرک':1,528308.62190000,3610808.97170000,26210209173300,96127367,,,ناحيه صنعتي نهضت آباد,,صادقيه,529901.593,3608655.854,39,,1006,2026-06-03 02:32:50.45335
NON_FAHAM,9616277,13950621,338662262,,حبیب اله,باقری بداغ آبادی,09378618997,8345111111,09378618997,"",5419467100,,خورزوق  خ ش رضائیان,t,391.02741046687,1395/06/15,,خورزوق  خ ش رضائیان,7961627702227,,خورزوق  خ ش رضائیان,2/6/27/01/28/10/9900,000000,سایر مشترکین,علیرضا,,t,,2016-09-11 15:52:00,11633860,188663595,227511256,119605626,بدون مقدار,00000,فشارضعيف,5,0,1,25,t,1395/04/12,,,1819512985923,1,6,,3,سه تعرفه,MTF200F,0,1010,0,1,1,شهری,00,فعال,51.6550999997421,32.7808000001398,1022021400,C,C,دو بار یا بیشتر عدم پرداخت غیرمتوالی,4,271,01,برخوار,27,27,برخوار,8345111111,6872855,14,ا ا گ,,1,50502,خانگی تحت حمایت کمیته امداد,خانگي,1,خانگی معمولی,00,,,4,9616277/4,58811,0,0,,1401/12/01,1402/01/09,,01,12,245,1004103,خانگی معمولی-سه زمانه,,,1819512985923,t,6,1,09337053286,'آبادی':5 'اله':2 'باقری':3 'بداغ':4 'حبیب':1,'خ':2 'خورزوق':1 'رضائیان':4 'ش':3,561348.14590000,3627176.73030000,26270128109900,96162774,,,,,,561373.125,3627170.744,39,,1006,2026-06-30 02:27:02.237427
NON_FAHAM,9627066,13950923,338678831,,"",شرکت سداد,09132942438,          ,09132942438,"",          ,,مجلسی انتهای بلوارسعدی منازل شرکت سداد,t,11.7520301674614,1394/08/01,,مجلسی انتهای بلوارسعدی منازل شرکت سداد,7962706602226,,مجلسی انتهای بلوارسعدی منازل شرکت سداد,2/6/26/01/35/15/2700,000000,سایر مشترکین,"",,t,,2016-12-13 14:21:00,722460,188912433,228226571,119352878,بدون مقدار,00000,فشارضعيف,5,0,1,25,t,1394/04/07,,,2219420120170,1,6,,3,سه تعرفه,کنتور دیجیتالی,02,1010,0,1,1,شهری,00,فعال,51.5155980922368,32.1948007916371,101701,D,D,دو بار یا بیشتر عدم پرداخت متوالی,6,261,01,مبارکه,26,26,مبارکه,          ,6896706,14,ا ا گ,,1,11901,سکونتگاه خالی از سکنه,خانگي,1,خانگی معمولی,00,,,6,9627066/6,67266,0,0,,1405/06/12,1405/06/16,,01,12,245,1004103,خانگی معمولی-سه زمانه,,,2219420120170,t,6,1,09131045364,'سداد':2 'شرکت':1,'انتهای':2 'بلوارسعدی':3 'سداد':6 'شرکت':5 'مجلسی':1 'منازل':4,548598.03340000,3562144.72950000,26260135152700,96270666,,,,,,548554.821,3562154.059,39,,1019,2026-05-05 02:37:49.698388
NON_FAHAM,9628999,13951012,338681508,,خدایار,براتی سده,09131344762,8474167596,03152235946,"",0053162358,,زرین شهر خ ش مراد ملکی پ 22,t,266.045601692771,1395/09/30,,زرین شهر خ ش مراد ملکی پ 22,7962899902221,,زرین شهر خ ش مراد ملکی پ 22,2/6/22/01/39/01/8660,000000,سایر مشترکین,مرتضی,,t,,2017-01-01 19:43:00,95,189062433,228582898,120491597,بدون مقدار,00000,فشارضعيف,5,0,1,25,t,1395/09/01,,,2219520000440,1,6,,3,سه تعرفه,Renan2000,22,1010,0,1,1,شهری,00,فعال,51.3684536893823,32.396029693313,1012030001181412,B,B,یک بار عدم پرداخت,1,221,01, زرین شهر,22,22,لنجان,8474167596,6900654,14,ا ا گ,,1,10101,كليه مصارف خانگي عادي,خانگي,1,خانگی معمولی,00,,,5,9628999/5,67234,0,0,,1395/09/30,1395/10/12,,01,12,245,1004103,خانگی معمولی-سه زمانه,,,2219520000440,t,6,1,09131344762,'براتی':2 'خدایار':1 'سده':3,'22':8 'خ':3 'زرین':1 'ش':4 'شهر':2 'مراد':5 'ملکی':6 'پ':7,534652.03260000,3584393.47910000,26220139018660,96289995,5346523584393QU5243755,,مبارک آباد,,اشيان,534652.1014,3584393.667,39,,1001,2026-05-27 02:18:41.603854
NON_FAHAM,9640937,13960127,338697148,,محترم,حاج هاشمی,09133697550,8888888888,03133627488,"",1141080370,,خمینی شهرخ جانبازان معلم 24 انتهای کوچه,t,105.31248631217,1396/01/23,0,خمینی شهرخ جانبازان معلم 24 انتهای کوچه,7964093702225,,خمینی شهرخ جانبازان معلم 24 انتهای کوچه,2/6/24/02/10/12/5030,401201,مصارف اشتراکی واحد های مسکونی,احمد,,t,,2017-04-16 09:39:00,673,188177570,226500140,119794089,بدون مقدار,00000,فشارضعيف,5,0,3,25,t,1395/04/31,1396/04/08,,1819530125743,1,6,,3,سه تعرفه,JAM300,*,2210,0,1,1,شهری,00,فعال,51.523348,32.709228,0,B,B,یک بار عدم پرداخت,2,242,02,منظریه,24,24,خمینی شهر,8888888888,6924530,14,ا ا گ,,1,20214,مصارف اشتراکي واحدهاي مسکوني,عمومي,2,عمومی 2,02,,,0,9640937/0,73599,0,0,,1396/01/23,1396/01/27,,01,12,263,2024103,عمومی2 - کمتر از سی کیلووات-سه زمانه,10,0672,1819530125743,t,6,1,09133123948,'حاج':2 'محترم':1 'هاشمی':3,'24':5 'انتهای':6 'جانبازان':3 'خمینی':1 'شهرخ':2 'معلم':4 'کوچه':7,549049.00780000,3619173.73490000,26240210125030,96409370,,,,,,549049.008,3619173.735,39,,2216,2026-06-07 02:19:09.238166
NON_FAHAM,9653072,13960425,338713796,,سیدعبدالرسول,طبائیان,09135487232,8613711111,03153540011,"",1199058531,,خ طالقانی روبروی منبع آب ف29 ط بالا,t,138.001743873186,1396/04/24,,خ طالقانی روبروی منبع آب ف29,7965307202221,,خ طالقانی روبروی منبع آب ف29 ط بالا,2/6/23/01/27/07/7325,000000,سایر مشترکین,سیدحسن,,t,,2017-07-16 14:08:00,-80092,188680358,227528015,120185987,بدون مقدار,00000,فشارضعيف,5,0,1,25,t,1395/10/06,1396/05/21,,2219520006665,1,6,,3,سه تعرفه,کنتور مکانیکی,10,1010,0,1,1,شهری,00,فعال,51.8528000000742,31.9923000003716,1009020003,A,A,دو بار یا بیشتر پرداخت پس از موعد,0,231,01,شهرضا,23,23,شهرضا,8613711111,6955208,16,کنتور دیجیتالى,,1,10101,كليه مصارف خانگي عادي,خانگي,1,خانگی معمولی,00,,,2,9653072/2,92130,0,0,,1396/04/24,1396/04/25,,01,12,245,1004103,خانگی معمولی-سه زمانه,25,9035,2219520006665,t,6,1,09135487232,'سیدعبدالرسول':1 'طبائیان':2,'آب':5 'بالا':8 'خ':1 'روبروی':3 'ط':7 'طالقانی':2 'ف29':6 'منبع':4,580559.56390000,3539899.85610000,26230127077325,96530722,,,,,منظريه,,,,,1001,2026-07-07 02:21:11.788794
NON_FAHAM,9671694,13961004,338739677,,نجمه,اسدی,09129053967,1433633611,03154342889,"",0067336906,,بادرود چاه کشاورزی گلدشت,t,782.653944902669,1396/10/01,95/0246146,بادرود چاه کشاورزی گلدشت,7967169402225,,بادرود چاه کشاورزی گلدشت,2/6/34/02/18/06/9050,000000,سایر مشترکین,مجتبی,,t,,2017-12-25 16:13:00,174,187909622,226232454,119757712,بدون مقدار,00000,فشارضعيف,5,0,1,32,t,1396/07/26,1500/01/01,,1119601413269,1,6,,3,سه تعرفه,JAM200,*,1010,0,1,1,شهری,00,فعال,51.9817701728809,33.6777512379968,0,A,A,دو بار یا بیشتر پرداخت پس از موعد,1,342,02, بادرود,34,34,نطنز,1433633611,7003380,14,ا ا گ,,1,10101,كليه مصارف خانگي عادي,خانگي,1,خانگی معمولی,00,,,0,9671694/0,27895,0,0,,1402/11/21,1402/11/29,,01,12,245,1004103,خانگی معمولی-سه زمانه,,,1119601413269,t,6,1,09129053967,'اسدی':2 'نجمه':1,'بادرود':1 'چاه':2 'کشاورزی':3 'گلدشت':4,591007.00000000,3726859.00010000,26340218069050,96716940,,,,,,591007,3726859,39,,1001,2026-06-23 02:20:39.45711
NON_FAHAM,9702258,13970511,338778884,,شرکت آیینه خانه,1,09303089480,8317973996,09303089480,,1111111111,,پردیس مسکن مهر بلوک 126,t,190.209036561217,1397/04/18,,پردیس مسکن مهر بلوک 126,7970225802224,,پردیس مسکن مهر بلوک 126,2/6/15/01/38/13/5600,000000,سایر مشترکین,1,,f,,2018-08-02 12:28:00,335095,189246688,228767093,119606782,بدون مقدار,00000,فشارضعيف,5,0,1,25,t,1391/10/12,,,11119701110917,1,6,,3,سه تعرفه,JAM200,*,1010,0,1,1,شهری,00,فعال,51.59023539,32.824172,0,A,A,دو بار یا بیشتر پرداخت پس از موعد,5,151,01,شاهین شهر,15,15,شاهین شهر و میمه,,7065083,19,الکترونیک افزار آزما,,1,10101,كليه مصارف خانگي عادي,خانگي,1,خانگی معمولی,00,,,5,9702258/5,108086,0,0,,1397/05/27,1397/05/27,,01,12,245,1004103,خانگی معمولی-سه زمانه,,,11119701110917,t,6,1,09022708771,'1':4 'آیینه':2 'خانه':3 'شرکت':1,'126':5 'بلوک':4 'مسکن':2 'مهر':3 'پردیس':1,555246.84100000,3631949.16470000,26150138135600,97022585,,,,,,555246.841,3631949.165,39,,1001,2026-06-07 02:19:55.346481
NON_FAHAM,9713853,13970722,338794153,,محمد,پناهی درچه,09131123566,8431111111,03133767620,"",1140740504,,درچه خ شریعتی روبه روی اورژانس شیشه بری پناهی-تجاری,t,85.9014971793541,1397/07/18,0,درچه خ شریعتی روبه روی اورژانس شیشه بری پناهی-تجاری,7971385302224,,درچه خ شریعتی روبه روی اورژانس شیشه بری پناهی-تجاری,2/6/24/03/37/10/7550,000000,سایر مشترکین,ابراهیم,,t,,2018-10-14 13:54:00,10769499,189092555,228613020,117155688,بدون مقدار,00000,فشارضعيف,5,0,3,25,t,1396/09/29,,,11139730033324,1,6,,3,سه تعرفه,JAM300,*,5110,0,1,1,شهری,00,فعال,51.5607357658334,32.613747216292,10,D,D,دو بار یا بیشتر عدم پرداخت متوالی,1,243,03, ماربین,24,24,خمینی شهر,8431111111,7083394,19,الکترونیک افزار آزما,,5,50301,ساير مصارف,ساير مصارف,5,سایرمصارف 1,01,,,2,9713853/2,93570,0,0,,1401/01/29,1401/03/01,,01,12,371,5014103,سایر موارد1 -کمتر از سی کیلو وات-سه زمانه,,,11139730033324,t,6,1,09131123566,'درچه':3 'محمد':1 'پناهی':2,'اورژانس':6 'بری':8 'تجاری':11 'خ':2 'درچه':1 'روبه':4 'روی':5 'شریعتی':3 'شیشه':7 'پناهی':10 'پناهی-تجاری':9,552609.00000000,3608607.00000000,26240337107550,97138532,,,,,,552609,3608607,39,,5101,2026-05-12 02:29:20.83775
NON_FAHAM,9727014,13971023,338814195,,عباسعلی,حیدری,09132615183,0000000000,09132615183,"",1189537151,,روستای حسن آبادموغار-دامداریها,t,119.469934018049,1397/10/21,,روستای حسن آبادموغار-دامداریها,7972701402224,,روستای حسن آبادموغار-دامداریها,2/6/17/01/33/05/1948,000000,سایر مشترکین,حبیب,,t,,2019-01-13 16:20:00,554,188840386,228154525,120296695,بدون مقدار,00000,فشارضعيف,5,0,1,25,t,1397/03/08,,,11119701115248,1,6,,3,سه تعرفه,JAM200,*,5110,0,1,2,روستایی,00,فعال,52.23873208,33.58663977,10,D,D,دو بار یا بیشتر عدم پرداخت متوالی,5,171,01, اردستان,17,17,اردستان,0000000000,389117919,14,ا ا گ,,1,50301,ساير مصارف,ساير مصارف,5,سایرمصارف 1,01,,,7,9727014/7,32990,0,0,,1398/04/12,1398/04/12,,01,12,371,5014103,سایر موارد1 -کمتر از سی کیلو وات-سه زمانه,,,11119701115248,t,6,1,09132620250,'حیدری':2 'عباسعلی':1,'آبادموغار':4 'آبادموغار-دامداریها':3 'حسن':2 'دامداریها':5 'روستای':1,614949.01100000,3717012.31280000,26170133051948,97270147,,,,,,614948.841,3717012.419,39,,5101,2026-05-05 02:39:45.615838
NON_FAHAM,9728766,13971107,338816543,,مسیب, بوجار,09133616760,8714864963,09133616760,"",1263344798,,میدان جهاد-خ شهدای زیدی-جنب ساختمان بهشت,t,106.353149748744,1397/11/06,0,میدان جهاد-خ شهدای زیدی-جنب ساختمان بهشت,7972876602226,,میدان جهاد-خ شهدای زیدی-جنب ساختمان بهشت,2/6/30/02/01/22/1078,401201,مصارف اشتراکی واحد های مسکونی,عباس ,,t,,2019-01-27 07:21:00,150,187729803,226057839,120056899,بدون مقدار,00000,فشارضعيف,5,0,3,25,t,1397/10/18,1395/12/05,,11139730066042,1,6,,3,سه تعرفه,JAM300,*,2210,0,1,1,شهری,00,فعال,51.4273978343276,33.9948000068095,0,D,D,دو بار یا بیشتر عدم پرداخت متوالی,6,302,02, کاشان,30,30,کاشان,8714864963,389121488,14,ا ا گ,,1,20214,مصارف اشتراکي واحدهاي مسکوني,عمومي,2,عمومی 2,02,,,0,9728766/0,155226,0,0,,1397/11/06,1397/11/07,,01,12,263,2024103,عمومی2 - کمتر از سی کیلووات-سه زمانه,21,2/8/21/5005,11139730066042,t,6,1,09131622667,'بوجار':2 'مسیب':1,'بهشت':10 'جنب':8 'جهاد':3 'جهاد-خ':2 'خ':4 'زیدی':7 'زیدی-جنب':6 'ساختمان':9 'شهدای':5 'میدان':1,539471.80670000,3761661.72710000,26300201221078,97287660,,,,,,539479,3761653,39,,2216,2026-05-26 02:40:25.462951
NON_FAHAM,9734001,13971215,338823718,,سعید,صفرپوربادجانی,09139714001,8888888888,09139714001,"",1159906602,,داران بادجان بعد از حسینیه ,t,67.0890121355315,1397/12/14,0,داران بادجان,7973400102221,,داران بادجان بعد از حسینیه ,2/6/42/01/14/08/0550,000000,سایر مشترکین,فرهاد,,t,,2019-03-06 14:08:00,1019580,186350824,227839338,115804759,بدون مقدار,00000,فشارضعيف,5,0,1,25,t,1397/10/17,1398/01/31,,11119701521264,1,6,,3,سه تعرفه,JAM200,*,1010,0,1,2,روستایی,00,فعال,50.3488021422976,33.0560000114291,0,D,D,دو بار یا بیشتر عدم پرداخت متوالی,1,421,01,فریدن,42,42,فریدن,8888888888,389133102,14,ا ا گ,,1,10101,كليه مصارف خانگي عادي,خانگي,1,خانگی معمولی,00,,,3,9734001/3,28323,0,0,,1397/12/14,1397/12/15,,01,12,245,1004103,خانگی معمولی-سه زمانه,5,9501,11119701521264,t,6,1,09139714001,'سعید':1 'صفرپوربادجانی':2,'از':4 'بادجان':2 'بعد':3 'حسینیه':5 'داران':1,439205.73340000,3657683.58840000,26420114080550,97340013,,,,,,452022,3653240,39,,1001,2026-06-10 21:10:05.889123
NON_FAHAM,9753289,13980514,338851665,,امین ,رمضانی بلداجی,09120085773,8888888888,09139049303,"",4640014775,,شهرک سیمرغ علامه مجلسی علامه حلی کوچه اطلسی 7 ,t,219.140956920371,1398/05/06,0,شهرک سیمرغ بلوار علامه حلی اطلسی7,7975328902229,,شهرک سیمرغ علامه مجلسی علامه حلی کوچه اطلسی 7 ,2/6/27/01/21/09/9284,000000,سایر مشترکین,حیاتقلی,,t,,2019-08-05 12:29:00,374,188344063,226662682,120445350,بدون مقدار,00000,فشارضعيف,5,0,1,25,t,1398/02/28,1398/05/31,,11119801117132,1,6,,3,سه تعرفه,JAM200,*,1010,0,1,1,شهری,00,فعال,51.6355995123949,32.7822982424479,0,D,D,دو بار یا بیشتر عدم پرداخت متوالی,2,271,01,برخوار,27,27,برخوار,8888888888,389182083,14,ا ا گ,,1,10101,كليه مصارف خانگي عادي,خانگي,1,خانگی معمولی,00,,,3,9753289/3,65353,0,0,,1398/05/06,1398/05/14,,01,12,245,1004103,خانگی معمولی-سه زمانه,30,96006382,11119801117132,t,6,1,09138178173,'امین':1 'بلداجی':3 'رمضانی':2,"'7':9 'اطلسی':8 'حلی':6 'سیمرغ':2 'شهرک':1 'علامه':3,5 'مجلسی':4 'کوچه':7",559520.95450000,3627331.68670000,26270121099284,97532893,,,,,,559504,3627330,39,,1001,2026-06-18 02:42:05.433137
NON_FAHAM,9759212,13980624,338860370,,محمدرضا,رحمتی ها,09133314461,8539111111,09133314461,"",1091045216,,حاجی اباد انتهای خ ازادگان شرقی خ دلگشا,t,78.0030136582835,1398/06/23,0,حاجی اباد انتهای خ ازادگان شرقی خ دلگشا,7975921202225,,حاجی اباد انتهای خ ازادگان شرقی خ دلگشا,2/6/21/02/44/16/9028,000000,سایر مشترکین,حسین,,t,,2019-09-15 21:12:00,3640764,189380623,229070088,119472061,بدون مقدار,00000,فشارضعيف,5,0,1,25,t,1397/10/17,,,11119801320167,1,6,,3,سه تعرفه,JAM200,*,5110,0,1,2,روستایی,00,فعال,51.2505000006085,32.6465000005026,0,A,A,دو بار یا بیشتر پرداخت پس از موعد,0,202,02,بخش مرکزی,20,21,نجف آباد,8539111111,389418470,19,الکترونیک افزار آزما,,5,50301,ساير مصارف,ساير مصارف,5,سایرمصارف 1,01,,,8,9759212/8,142050,0,0,,1401/01/20,1401/02/15,,01,12,371,5014103,سایر موارد1 -کمتر از سی کیلو وات-سه زمانه,,,11119801320169,t,6,1,09133314461,'رحمتی':2 'محمدرضا':1 'ها':3,"'اباد':2 'ازادگان':5 'انتهای':3 'حاجی':1 'خ':4,7 'دلگشا':8 'شرقی':6",523493.56790000,3612126.71460000,26210244169028,97592128,,,,,,523855,3612063,39,,5101,2026-05-24 02:20:58.942507
NON_FAHAM,9764695,13980804,338868948,,ناصر,حق شناس,09133027646,8338137189,03145753047,"",5110537216,,گرگاب خ مطهری کوچه شهید محمد رضا روح الامین پ216,t,119.188563771,1398/08/04,0,گرگاب خ مطهری کوچه شهید محمد رضا روح الامین پ216,7976469502220,,گرگاب خ مطهری کوچه شهید محمد رضا روح الامین پ216,2/6/15/01/13/12/1516,000000,سایر مشترکین,علی,,t,,2019-10-26 15:19:00,810,188043345,227844750,119896071,بدون مقدار,00000,فشارضعيف,5,0,1,25,t,1398/07/09,1396/12/20,,11119801470865,1,6,,3,سه تعرفه,JAM200,*,1010,0,1,1,شهری,00,فعال,51.5966529846191,32.8706436157227,0,C,C,دو بار یا بیشتر عدم پرداخت غیرمتوالی,2,151,01,شاهین شهر,15,15,شاهین شهر و میمه,0000000000,389210475,14,ا ا گ,,1,10101,كليه مصارف خانگي عادي,خانگي,1,خانگی معمولی,00,,,3,9764695/3,115677,0,0,,1398/08/04,1398/08/04,,01,12,245,1004103,خانگی معمولی-سه زمانه,15,2326,11119801470865,t,6,1,09133027646,'حق':2 'شناس':3 'ناصر':1,'الامین':9 'خ':2 'رضا':7 'روح':8 'شهید':5 'محمد':6 'مطهری':3 'پ216':10 'کوچه':4 'گرگاب':1,555818.26250000,3637104.29380000,26150113121516,97646953,,,,,,555818,3637104,39,,1001,2026-06-17 02:18:28.814007
NON_FAHAM,9768672,13980916,338876965,,مریم,قاسمی دشتچی,09138281151,8888888888,09138281151,"",1111096112,,دشتچی جاده کافشان ,t,253.734038706104,1398/09/13,0,دشتچی جاده کاپاچان  باغ,7976867202229,,دشتچی جاده کافشان ,2/6/16/01/02/03/3000,000000,سایر مشترکین,قربانعلی,,t,,2019-12-07 15:40:00,744,185801196,229366605,118967491,بدون مقدار,00000,فشارضعيف,5,0,1,25,t,1397/12/20,,,11119801109789,1,6,,3,سه تعرفه,کنتور دیجیتالی,02,5110,0,1,2,روستایی,00,فعال,51.4990999992319,32.5661999995828,0,C,C,دو بار یا بیشتر عدم پرداخت غیرمتوالی,0,161,01,فلا ورجان,16,16,فلاورجان,8888888888,389229779,14,ا ا گ,,5,50301,ساير مصارف,ساير مصارف,5,سایرمصارف 1,01,,,6,9768672/6,82148,0,0,,1401/04/11,1401/05/01,,01,12,371,5014103,سایر موارد1 -کمتر از سی کیلو وات-سه زمانه,,,11119801109789,t,6,1,09138281151,'دشتچی':3 'قاسمی':2 'مریم':1,'جاده':2 'دشتچی':1 'کافشان':3,546850.91300000,3603307.34470000,26160102033000,97686726,,,,,,546856,3603288,39,,5101,2026-06-30 02:29:04.714121
NON_FAHAM,9798191,13990615,338924964,,محمدعلی,پریشانی فروشانی,09130086773,8888888888,03133573379,"",1130227448,,اصغراباد8 میدان امام علی خ قائم نبش ک سوم,t,63.078650669325,1399/06/10,0,اصغراباد8 میدان امام علی خ قائم نبش ک سوم,7979819102220,,اصغراباد8 میدان امام علی خ قائم نبش ک سوم,2/6/24/03/27/03/9500,000000,سایر مشترکین,عباسعلی,,t,,2020-09-05 10:04:00,-354869,186745988,225045648,120517986,بدون مقدار,00000,فشارضعيف,5,0,1,32,t,1399/02/31,,,11119801780785,1,6,,3,سه تعرفه,JAM200,*,5110,0,1,1,شهری,00,فعال,51.4811451024715,32.6627714206556,0,C,C,دو بار یا بیشتر عدم پرداخت غیرمتوالی,0,243,03, ماربین,24,24,خمینی شهر,8888888888,389291204,19,الکترونیک افزار آزما,,5,50301,ساير مصارف,ساير مصارف,5,سایرمصارف 1,01,,,4,9798191/4,98495,0,0,,1401/02/20,1401/03/01,,01,12,371,5014103,سایر موارد1 -کمتر از سی کیلو وات-سه زمانه,,,11119801780785,t,6,1,09130086773,'فروشانی':3 'محمدعلی':1 'پریشانی':2,'اصغراباد8':1 'امام':3 'خ':5 'سوم':9 'علی':4 'قائم':6 'میدان':2 'نبش':7 'ک':8,545117.00000000,3614005.00010000,26240327039500,97981914,,,,,,545117,3614005,39,,5101,2026-06-30 02:29:25.997369
NON_FAHAM,9813343,13991010,338948702,,محسن ,احمدی اعجمی,09366319666,8888888888,09366319666,"",3540021566,,ویلـاشهر فاز2 خ 125,t,19.646405575511,1399/10/06,0,ویلـاشهر فاز2 خ 125,7981334302225,,ویلـاشهر فاز2 خ 125,2/6/21/03/16/26/4750,401201,مصارف اشتراکی واحد های مسکونی,عبدالعالی,,t,,2020-12-30 09:34:00,391,188105039,226427654,119761301,بدون مقدار,00000,فشارضعيف,5,0,3,25,t,1399/07/09,1397/12/29,,11139830110605,1,6,,3,سه تعرفه,JAM300,*,2210,0,1,1,شهری,00,فعال,51.4238006512903,32.6635982814323,0,A,A,دو بار یا بیشتر پرداخت پس از موعد,0,203,03,بخش مرکزی,20,21,نجف آباد,8888888888,389313691,14,ا ا گ,,1,20214,مصارف اشتراکي واحدهاي مسکوني,عمومي,2,عمومی 2,02,,,7,9813343/7,146408,0,0,,1399/10/06,1399/10/10,,01,12,263,2024103,عمومی2 - کمتر از سی کیلووات-سه زمانه,15,39700101,11139830110605,t,6,1,09355781026,'احمدی':2 'اعجمی':3 'محسن':1,'125':4 'خ':3 'فاز2':2 'ویلـاشهر':1,539739.39800000,3614073.74360000,26210316264750,98133437,,,,,,539725,3614110,39,,2216,2026-06-15 02:21:13.793033
NON_FAHAM,9817164,13991107,338954269,,مصطفی,فروغی,09133729660,8777777777,03157426784,"",1229363742,,گلپایگان بلوار شهید سردار سلیمانی انتهای کوچه 14,t,1421.13955033928,1399/11/07,0,گلپایگان بلوار شهید سردار سلیمانی انتهای کوچه 14,7981716402220,,گلپایگان بلوار شهید سردار سلیمانی انتهای کوچه 14,2/6/40/01/43/01/6680,000000,سایر مشترکین,محمدرضا,,t,,2021-01-26 14:14:00,108031441,189388781,229078246,119472396,بدون مقدار,00000,فشارضعيف,5,0,3,32,t,1399/09/28,1410/05/10,,11630414047104,1,6,,3,سه تعرفه,کنتور هوشمند فهام,11,5110,0,1,1,شهری,00,فعال,50.2979754927516,33.4472208677252,1011010003180849,P,P,ممتاز,0,401,01, گلپایگان,40,40,گلپایگان,8777777777,389803902,19,الکترونیک افزار آزما,,1,50301,ساير مصارف,ساير مصارف,5,سایرمصارف 1,01,,,9,9817164/9,56698,0,0,,1404/10/18,1404/11/19,,01,12,371,5014103,سایر موارد1 -کمتر از سی کیلو وات-سه زمانه,6,123456,11630414047104,t,6,1,09133729660,'فروغی':2 'مصطفی':1,'14':8 'انتهای':6 'بلوار':2 'سردار':4 'سلیمانی':5 'شهید':3 'کوچه':7 'گلپایگان':1,434752.00000000,3701088.00000000,26400143016680,98171649,,,وانشان,,نيوان,434752,3701088,39,,5101,2026-07-07 02:23:04.668579
NON_FAHAM,9838147,14000416,338986011,,مریم,احمدی بیدگلی,09370046075,8741763887,03154721803,"",1250167132,,شهرک گلستان خیابان گلبرگ کوچه گستان5,t,400.861216310359,1400/04/16,0,شهرک گلستان خیابان گلبرگ کوچه گستان5,7983814702226,,شهرک گلستان خیابان گلبرگ کوچه گستان5,2/6/31/01/30/02/3300,000000,سایر مشترکین,ماشااله,,t,,2021-07-07 15:54:00,477,188625327,227472990,120536573,بدون مقدار,00000,فشارضعيف,5,0,1,32,t,1399/12/02,1400/12/18,,11119902109051,1,6,,3,سه تعرفه,JAM200,*,1010,0,1,1,شهری,00,فعال,51.500400000539,34.0527999993537,0,A,A,دو بار یا بیشتر پرداخت پس از موعد,0,311,01,اران و بیدگل,31,31,آران و بیدگل,8741763887,389351459,19,الکترونیک افزار آزما,,1,10101,كليه مصارف خانگي عادي,خانگي,1,خانگی معمولی,00,,,3,9838147/3,123736,0,0,,1400/04/16,1400/04/16,,01,12,245,1004103,خانگی معمولی-سه زمانه,0,9019,11119902109051,t,6,1,09162386820,'احمدی':2 'بیدگلی':3 'مریم':1,'خیابان':3 'شهرک':1 'کوچه':5 'گستان5':6 'گلبرگ':4 'گلستان':2,546182.46500000,3768123.29030000,26310130023300,98381473,,,,,,546181,3768126,39,,1001,2026-06-25 02:18:10.252101
NON_FAHAM,9839617,14000426,338988011,,نجمی,کیوانی,09903692450,8719711111,03155544240,"",1262019583,,خزاق ایستگاه ۲ فرعی آخر را ست,t,248.304765653115,1400/04/23,0,خزاق,7983961702223,,خزاق ایستگاه ۲ فرعی آخر را ست,2/6/30/03/17/20/2470,000000,سایر مشترکین,حسینعلی,,t,,2021-07-17 22:20:00,981,188112172,226434787,119785492,بدون مقدار,00000,فشارضعيف,5,0,1,32,t,1400/03/27,1405/12/29,,11070002387007,1,5,,3,سه تعرفه,JAM200,*,1010,0,1,1,شهری,00,فعال,51.3153021662311,34.0302999950467,0,B,B,یک بار عدم پرداخت,0,303,03, راوند,30,30,کاشان,8719711111,389353661,19,الکترونیک افزار آزما,,1,10101,كليه مصارف خانگي عادي,خانگي,1,خانگی معمولی,00,,,9,9839617/9,159068,0,0,,1400/04/23,1400/04/26,,01,12,245,1004103,خانگی معمولی-سه زمانه,60,99067531,11070002387007,t,5,1,09903692450,'نجمی':1 'کیوانی':2,'آخر':5 'ایستگاه':2 'خزاق':1 'را':6 'ست':7 'فرعی':4 '۲':3,529107.18440000,3765560.41000000,26300317202470,98396179,,,,,,529112,3765567,39,,1001,2026-06-15 02:21:26.415311
NON_FAHAM,9854364,14000903,339009111,,محسن ,بندی ,09138757244,8343135473,09138757244,"",6609946256,,دستگردبرخوار. خیابان قدس,t,231.604066772898,1400/09/01,0,دستگردبرخوار. خیابان قدس,7985436402220,,دستگردبرخوار. خیابان قدس,2/6/27/01/23/06/6850,000000,سایر مشترکین,مرتضی ,,t,,2021-11-24 12:31:00,2420750,188368085,227854370,119121588,بدون مقدار,00000,فشارضعيف,5,0,1,32,t,1400/02/18,1400/10/14,,11070002585292,1,6,,3,سه تعرفه,کنتور هوشمند فهام,11,1010,0,1,1,شهری,00,فعال,51.6704000006399,32.805099999366,0,D,D,دو بار یا بیشتر عدم پرداخت متوالی,0,271,01,برخوار,27,27,برخوار,8343135473,389377945,19,الکترونیک افزار آزما,,1,10101,كليه مصارف خانگي عادي,خانگي,1,خانگی معمولی,00,,,3,9854364/3,71009,0,0,,1400/09/01,1400/09/03,,01,12,245,1004103,خانگی معمولی-سه زمانه,0,1,11070002585292,t,6,1,09131252364,'بندی':2 'محسن':1,'خیابان':2 'دستگردبرخوار':1 'قدس':3,562763.89950000,3629879.59190000,26270123066850,98543643,,,,,,563103,3629320,39,,1001,2026-06-18 02:44:30.469097
NON_FAHAM,9856717,14000921,339012441,,زهرا,ابراهیمی درچه,09137412931,8431714667,03133761050,"",1142394948,,درچه خ شریعتی بن رئوف,t,178.640011544857,1400/09/18,0,درچه خ شریعتی بن رئوف,7985671702222,,درچه خ شریعتی بن رئوف,2/6/24/03/43/10/4930,401201,مصارف اشتراکی واحد های مسکونی,براتعلی,,t,,2021-12-12 10:58:00,5923076,189420966,229110429,119776562,بدون مقدار,00000,فشارضعيف,5,0,1,32,t,1400/04/13,1395/12/28,,11070002807260,1,6,,3,سه تعرفه,JAM200,*,2210,0,1,1,شهری,00,فعال,51.5583274797673,32.6138301108887,0,D,D,دو بار یا بیشتر عدم پرداخت متوالی,0,243,03, ماربین,24,24,خمینی شهر,8431714667,389381929,19,الکترونیک افزار آزما,,1,20214,مصارف اشتراکي واحدهاي مسکوني,عمومي,2,عمومی 2,02,,,8,9856717/8,101774,0,0,,1401/02/15,1401/04/25,,01,12,263,2024103,عمومی2 - کمتر از سی کیلووات-سه زمانه,0,92/30983,11070002807260,t,6,1,09137412931,'ابراهیمی':2 'درچه':3 'زهرا':1,'بن':4 'خ':2 'درچه':1 'رئوف':5 'شریعتی':3,552380.18410000,3608622.69970000,26240343104930,98567178,,,,,,552383,3608615,39,,2216,2026-05-19 02:41:28.107471
NON_FAHAM,9862136,14001104,339021515,,پریسا,بهارلویی,09133325723,8519121496,09133325723,"",1080188525,,نجف آباد ،یزدانشهر ، شهرک امام علی بلوار امام رضا مهستان 47 پلاک 7 شمالی ,t,184.467887789064,1400/10/28,0,نجف آباد ،یزدانشهر ، شهرک امام علی بلوار امام رضا مهستان 47 پلاک 7 شمالی ,7986213602223,,نجف آباد ،یزدانشهر ، شهرک امام علی بلوار امام رضا مهستان 47 پلاک 7 شمالی ,2/6/21/02/20/17/9500,000000,سایر مشترکین,خلیل,,t,,2022-01-24 09:47:00,2095138,188348486,226667105,118891022,بدون مقدار,00000,فشارضعيف,5,0,1,32,t,1400/05/12,1405/03/16,,11070002950103,1,6,,3,سه تعرفه,JAM200,*,1010,0,1,1,شهری,00,فعال,51.297300000108,32.6243999990501,0,C,C,دو بار یا بیشتر عدم پرداخت غیرمتوالی,0,202,02,بخش مرکزی,20,21,نجف آباد,,389393019,19,الکترونیک افزار آزما,,1,10101,كليه مصارف خانگي عادي,خانگي,1,خانگی معمولی,00,,,9,9862136/9,150986,0,0,,1400/10/28,1400/11/04,,01,12,245,1004103,خانگی معمولی-سه زمانه,0,4000003,11070002950103,t,6,1,09133325723,'بهارلویی':2 'پریسا':1,"'47':11 '7':13 'آباد':2 'امام':5,8 'بلوار':7 'رضا':9 'شمالی':14 'شهرک':4 'علی':6 'مهستان':10 'نجف':1 'پلاک':12 'یزدانشهر':3",527889.65620000,3609688.15450000,26210220179500,98621369,,,,,,527879,3609744,39,,1001,2026-06-23 02:22:55.386646
NON_FAHAM,9878213,14010408,339046423,,مجید,منوچهری,09131038164,8567131448,09131038164,"",6219511972,,قلعه اخلاص,t,119.383888841503,1401/04/08,0,قلعه اخلاص,7987821302220,,قلعه اخلاص,2/6/43/01/37/02/5280,000000,سایر مشترکین,حسن,,t,,2022-06-29 14:57:00,630,189079370,228599836,120424167,بدون مقدار,00000,فشارضعيف,5,0,1,32,t,1401/03/21,1402/03/11,,11070105329852,1,5,,3,سه تعرفه,کنتور هوشمند فهام 2,19,1010,0,1,2,روستایی,00,فعال,50.0000087694844,33.1722403826574,10,D,D,دو بار یا بیشتر عدم پرداخت متوالی,0,422,01,بوئین میاندشت,43,43,بویین میاندشت,,389430393,19,الکترونیک افزار آزما,,1,10101,كليه مصارف خانگي عادي,خانگي,1,خانگی معمولی,00,,,3,9878213/3,14453,0,0,,1404/07/29,1404/08/03,,01,12,245,1004103,خانگی معمولی-سه زمانه,9,0172,11070105329852,t,5,1,09131038164,'مجید':1 'منوچهری':2,'اخلاص':2 'قلعه':1,406765.00000000,3670827.00010000,26430137025280,98782133,,,,,,,,,,1001,2026-05-12 02:32:18.200411
NON_FAHAM,9883959,14010519,339054105,,مهدی,حق شناس فینی,09132621969,8718815673,03155302637,"",1262965772,,فین کوچک محله مصلی انتهای کوچه تنبلی,t,341.201952233678,1401/04/29,0,فین کوچک محله مصلی انتهای کوچه تنبلی,7988395902220,,فین کوچک محله مصلی انتهای کوچه تنبلی,2/6/30/02/03/12/3920,000000,سایر مشترکین,رحمت,,t,,2022-08-10 11:20:00,-1271551,185666209,229172728,120065421,بدون مقدار,00000,فشارضعيف,5,0,1,32,t,1401/02/04,1401/10/12,,11070105465552,1,6,,3,سه تعرفه,JAM200,*,1010,0,1,1,شهری,00,فعال,51.3762901770075,33.9451400302079,101003,C,C,دو بار یا بیشتر عدم پرداخت غیرمتوالی,0,302,02, کاشان,30,30,کاشان,,389440834,19,الکترونیک افزار آزما,,1,10101,كليه مصارف خانگي عادي,خانگي,1,خانگی معمولی,00,,,3,9883959/3,168987,0,0,,1401/04/29,1401/05/19,,01,12,245,1004103,خانگی معمولی-سه زمانه,0,1400/5/104/6961,11070105465552,t,6,1,09353770081,'حق':2 'شناس':3 'فینی':4 'مهدی':1,'انتهای':5 'تنبلی':7 'فین':1 'محله':3 'مصلی':4 'کوچه':6 'کوچک':2,534771.93890000,3756149.19320000,26300203123920,98839593,,,,,,,,,,1001,2026-05-26 02:44:11.581852
NON_FAHAM,9894929,14010809,339068766,,اکبر,بدیعی خوزانی,09133013196,8416984345,03153641405,"",1141024071,,خمینی شهر 17 شهریور اسفریز ک شهید اکبر فخاری,t,188.24076970671,1401/08/08,0,خمینی شهر 17 شهریور اسفریز ک شهید اکبر فخاری,7989492902222,,خمینی شهر 17 شهریور اسفریز ک شهید اکبر فخاری,2/6/24/02/37/24/3050,000000,سایر مشترکین,رمضان,,t,,2022-10-31 12:21:00,2013804,189200630,228721063,119271922,بدون مقدار,00000,فشارضعيف,5,0,1,32,t,1401/07/10,1401/07/05,,11070002858221,1,6,,3,سه تعرفه,JAM200A,*,1010,0,1,1,شهری,00,فعال,51.5475853740941,32.692808572715,0,B,B,یک بار عدم پرداخت,0,242,02,منظریه,24,24,خمینی شهر,,389463324,19,الکترونیک افزار آزما,,1,11601,خانگی جانبازان زیر 25 درصد و همسر و فرزندان,خانگي,1,خانگی معمولی,00,,,1,9894929/1,85026,0,0,,1401/08/08,1401/08/09,,01,12,245,1004103,خانگی معمولی-سه زمانه,0,990236801,11070002858221,t,6,1,09913894582,'اکبر':1 'بدیعی':2 'خوزانی':3,'17':3 'اسفریز':5 'اکبر':8 'خمینی':1 'شهر':2 'شهریور':4 'شهید':7 'فخاری':9 'ک':6,551331.57290000,3617364.09150000,26240237243050,98949291,,,,,,,,,,1016,2026-05-17 02:20:33.402045
NON_FAHAM,9931482,14020809,339120973,,مجتبی,بنیادی,09169644869,8715611111,09169644869,"",4160196942,,خ طالقانی خ شهید میرزایی,t,388.03161030286,1402/05/02,0,خ طالقانی خ شهید میرزایی,7993148202227,,خ طالقانی خ شهید میرزایی,2/6/30/02/31/02/0844,000000,سایر مشترکین,ناصر,,t,,2023-10-31 23:49:00,4921222,188931093,228245231,119104451,بدون مقدار,00000,فشارضعيف,5,0,1,32,t,1401/11/01,1402/02/20,,11100133006779,1,6,,3,سه تعرفه,فهام 1 سه فاز مستقیم JAM3000/DC,11,1010,0,1,1,شهری,00,فعال,51.4608818803788,33.9972248947377,0,B,B,یک بار عدم پرداخت,0,302,02, کاشان,30,30,کاشان,,389545008,19,الکترونیک افزار آزما,,1,10101,كليه مصارف خانگي عادي,خانگي,1,خانگی معمولی,00,,,6,9931482/6,172887,0,0,,1402/05/02,1402/08/09,,01,12,245,1004103,خانگی معمولی-سه زمانه,0,1400/5/102/10493,11100133006779,t,6,1,09169644869,'بنیادی':2 'مجتبی':1,"'خ':1,3 'شهید':4 'طالقانی':2 'میرزایی':5",542578.69440000,3761940.74690000,26300231020844,99314826,,,,,,,,,,1001,2026-05-12 02:34:39.360633
NON_FAHAM,9980450,14030821,339185484,,ضرغام,احمدی سعید,09020631771,8474116319,09020631771,"",4689884463,,سده لنجان اراضی تفکیکی جنوب,t,217.287084579468,1403/07/28,0,سده لنجان اراضی تفکیکی جنوب,7998045002221,,سده لنجان اراضی تفکیکی جنوب,2/6/22/01/20/06/5942,000000,سایر مشترکین,قبادعلی,,t,,2024-11-11 08:18:00,408,188304458,227864570,120048101,بدون مقدار,00000,فشارضعيف,5,0,1,25,t,1403/03/16,1405/12/29,,11010303443290,1,5,,3,سه تعرفه,JAM200,*,1010,0,1,1,شهری,00,فعال,51.3080881625016,32.3705203380529,1012032504,C,C,دو بار یا بیشتر عدم پرداخت غیرمتوالی,0,221,01, زرین شهر,22,22,لنجان,,389651461,19,الکترونیک افزار آزما,,1,10101,كليه مصارف خانگي عادي,خانگي,1,خانگی معمولی,00,,,5,9980450/5,76362,0,0,,1403/07/28,1403/08/21,,01,12,245,1004103,خانگی معمولی-سه زمانه,9,2618,11010303443290,t,5,1,09020631771,'احمدی':2 'سعید':3 'ضرغام':1,'اراضی':3 'تفکیکی':4 'جنوب':5 'سده':1 'لنجان':2,528983.00000000,3581548.00000000,26220120065942,99804505,,,,,,,,,,1001,2026-07-07 02:30:17.77281
NON_FAHAM,9996965,14040105,339206980,,اصغر,ضیائی جزی,09133704677,8344188157,03145710000,"",5100032154,,گزخیابان شهید اشراقی ک شهید غیاثی فرعی37,t,109.290283203125,1403/12/29,0,گزخیابان شهید اشراقی ک شهید غیاثی فرعی37,7999696502229,,گزخیابان شهید اشراقی ک شهید غیاثی فرعی37,2/6/15/02/22/01/5180,000000,سایر مشترکین,قدرت اله,,t,,2025-03-25 08:28:00,-2183743,188301437,226620077,118334578,در حال ساخت و ساز,345403000,فشارضعيف,5,0,1,32,t,1403/10/10,1500/01/01,,11700333466388,1,6,,3,سه تعرفه,کنتور ریلی CAM 40 ,11,5110,0,1,1,شهری,00,فعال,51.6283474419247,32.8017677114541,0,C,C,دو بار یا بیشتر عدم پرداخت غیرمتوالی,0,152,02,گز,15,15,شاهین شهر و میمه,,389694641,19,الکترونیک افزار آزما,,1,50301,ساير مصارف,ساير مصارف,5,سایرمصارف 1,01,,,2,9996965/2,131704,0,0,,1403/12/29,1404/01/05,,01,12,371,5014103,سایر موارد1 -کمتر از سی کیلو وات-سه زمانه,0,1540,11700333466388,t,6,1,09133704677,'اصغر':1 'جزی':3 'ضیائی':2,"'اشراقی':3 'شهید':2,5 'غیاثی':6 'فرعی37':7 'ک':4 'گزخیابان':1",558829.00000000,3629486.00000000,26150222015180,99969652,,,,,,,,,,5101,2026-07-07 02:31:49.582801
